"Gesundheitsbereich";"Thema";"Seitenelement";"Textfunktion";"Kontext / Variante";"Deutscher Ausgangstext";"Aktueller Text";"Neuer Text";"Review-Kommentar";"Freigabe durch";"Freigabestatus";"Prüfhinweis";"Platzhalter";"Geschützte Begriffe";"ID (technisch)";"Domain (technisch)";"Sprache (technisch)";"Austauschformat (technisch)";"Quellversion (technisch)";"Zeilen-Hash (technisch)"
"Fragebogen";"Fragebogen";"Fragebogen";"Antwortoption";"Allgemeine Antwortoption für unterstützte Fragen";"Weiss ich nicht";"I do not know";"";"";"Marketing";"Prüfung erforderlich";"";"";"";"questionnaire.common.dont_know";"questionnaire";"en-CH";"3";"v1:d3fd3111d338f5b91a8afe35e5ff9a8bb19678817df79ce37aaec18b6ccdc349";"c988f754fd317ba0b0a8978c4c8c1b21fa7a4ea7b0ab1b3b0a321c60572253db"
"Fragebogen";"Fragebogen";"Fragebogen";"Sicherheitshinweis";"Optionale Fitness-Kurztests, Sicherheitshinweis";"Bei körperlichen Einschränkungen oder Verletzungsrisiken sollte dieser Test nicht durchgeführt werden.";"Do not perform this test if you have physical limitations or are at risk of injury.";"";"";"Marketing, Medizin";"Prüfung erforderlich";"";"";"";"questionnaire.common.fitness_test_safety_note";"questionnaire";"en-CH";"3";"v1:d3fd3111d338f5b91a8afe35e5ff9a8bb19678817df79ce37aaec18b6ccdc349";"769650dd85538fdb2ad0229632a31b06cfb149fcceebe92b1203416f3e93fd99"
"Fragebogen";"Fragebogen";"Fragebogen";"Antwortoption";"Mentale Gesundheit, gemeinsame Zustimmungsskala";"Stimme völlig zu";"Strongly agree";"";"";"Marketing";"Prüfung erforderlich";"";"";"";"questionnaire.common.agreement.fully";"questionnaire";"en-CH";"3";"v1:d3fd3111d338f5b91a8afe35e5ff9a8bb19678817df79ce37aaec18b6ccdc349";"888b8ce8413912be0805ce421edf029fd7397df262ef3f0ba54dcb5e65293569"
"Fragebogen";"Fragebogen";"Fragebogen";"Antwortoption";"Mentale Gesundheit, gemeinsame Zustimmungsskala";"Stimme eher zu";"Somewhat agree";"";"";"Marketing";"Prüfung erforderlich";"";"";"";"questionnaire.common.agreement.mostly";"questionnaire";"en-CH";"3";"v1:d3fd3111d338f5b91a8afe35e5ff9a8bb19678817df79ce37aaec18b6ccdc349";"0873c57984a09662615e147864d904e57cae90a5db9a69dd8490e8775c9d6a2d"
"Fragebogen";"Fragebogen";"Fragebogen";"Antwortoption";"Mentale Gesundheit, gemeinsame Zustimmungsskala";"Stimme eher nicht zu";"Somewhat disagree";"";"";"Marketing";"Prüfung erforderlich";"";"";"";"questionnaire.common.agreement.mostly_not";"questionnaire";"en-CH";"3";"v1:d3fd3111d338f5b91a8afe35e5ff9a8bb19678817df79ce37aaec18b6ccdc349";"f7139acf9b56c970be5385db9a8cc5d23d235b8b2ac5fc929068163fa2fcae53"
"Fragebogen";"Fragebogen";"Fragebogen";"Antwortoption";"Mentale Gesundheit, gemeinsame Zustimmungsskala";"Weder noch";"Neither agree nor disagree";"";"";"Marketing";"Prüfung erforderlich";"";"";"";"questionnaire.common.agreement.neutral";"questionnaire";"en-CH";"3";"v1:d3fd3111d338f5b91a8afe35e5ff9a8bb19678817df79ce37aaec18b6ccdc349";"b9aa1db39fa9ee5eb65aec22cdcb77c82cfb862606755031ad7cfd0f1eee437f"
"Fragebogen";"Fragebogen";"Fragebogen";"Antwortoption";"Mentale Gesundheit, gemeinsame Zustimmungsskala";"Stimme gar nicht zu";"Strongly disagree";"";"";"Marketing";"Prüfung erforderlich";"";"";"";"questionnaire.common.agreement.not_at_all";"questionnaire";"en-CH";"3";"v1:d3fd3111d338f5b91a8afe35e5ff9a8bb19678817df79ce37aaec18b6ccdc349";"8fa962165bb7fc1f04ed9d0e021f33f972e3e43d38eff14a55c898f56e2f9de1"
"Fragebogen";"Fragebogen";"Fragebogen";"Frage";"Frage «Alkohol» · Fragetext";"Wie häufig haben Sie im letzten Monat alkoholische Getränke konsumiert?";"How often did you consume alcoholic drinks in the past month?";"";"";"Marketing, Medizin";"Prüfung erforderlich";"";"";"";"questionnaire.question.alkohol.text";"questionnaire";"en-CH";"3";"v1:d3fd3111d338f5b91a8afe35e5ff9a8bb19678817df79ce37aaec18b6ccdc349";"5d1b6a26838778a6dbd7517565b95f3da4b5e1ed7ed0ae538414dc9bd46b43d9"
"Fragebogen";"Fragebogen";"Fragebogen";"Hilfetext";"Frage «Alkohol» · Hilfetext";"Die Vorstellung, dass ein Glas Wein pro Tag gesund sei, ist ein Mythos, der auf fehlerhaften Studien beruht. Bereits in geringen Mengen erhöht Alkohol das Risiko für Krebs und Herz-Kreislauf-Erkrankungen. Auch das Suchtpotential von Alkohol, selbst bei geringen Mengen und regelmässigem Konsum, wird stark unterschätzt.";"The idea that one glass of wine a day is healthy is a myth based on flawed studies. Even small amounts of alcohol increase the risk of cancer and cardiovascular disease. The potential for dependence is also greatly underestimated, even with small amounts and regular consumption.";"";"";"Marketing, Medizin";"Prüfung erforderlich";"";"";"";"questionnaire.question.alkohol.help";"questionnaire";"en-CH";"3";"v1:d3fd3111d338f5b91a8afe35e5ff9a8bb19678817df79ce37aaec18b6ccdc349";"c31afee8f8ab90f1ab4c80d53aba6888e418afc15e9d8af11f564f4f483fbfac"
"Fragebogen";"Fragebogen";"Fragebogen";"Titel des Hilfetexts";"Frage «Alkohol» · Titel des Hilfetexts";"Haben Sie gewusst?";"Did you know?";"";"";"Marketing";"Prüfung erforderlich";"";"";"";"questionnaire.question.alkohol.help_title";"questionnaire";"en-CH";"3";"v1:d3fd3111d338f5b91a8afe35e5ff9a8bb19678817df79ce37aaec18b6ccdc349";"7872bba71185cbcefd9c121be415fd232ee73f0532ac2e45ae4a692164eda73a"
"Fragebogen";"Fragebogen";"Fragebogen";"Antwortoption";"Frage «Alkohol» · Antwortoption";"Keine Angaben";"Prefer not to say";"";"";"Marketing";"Prüfung erforderlich";"";"";"";"questionnaire.question.alkohol.option.keine_angabe";"questionnaire";"en-CH";"3";"v1:d3fd3111d338f5b91a8afe35e5ff9a8bb19678817df79ce37aaec18b6ccdc349";"f02e807efa124eaf0ec6b801da36b8ea25160854019bee878366e08ffa1fd769"
"Fragebogen";"Fragebogen";"Fragebogen";"Antwortoption";"Frage «Alkohol» · Antwortoption";"2–4 x pro Monat";"2–4 times per month";"";"";"Marketing";"Prüfung erforderlich";"";"";"";"questionnaire.question.alkohol.option.m1_4";"questionnaire";"en-CH";"3";"v1:d3fd3111d338f5b91a8afe35e5ff9a8bb19678817df79ce37aaec18b6ccdc349";"5295285a69855e3a28465684c32b7f0b1787ce74fdd006dfd6cb988a6e10e8f4"
"Fragebogen";"Fragebogen";"Fragebogen";"Antwortoption";"Frage «Alkohol» · Antwortoption";"Nie oder selten";"Never or rarely";"";"";"Marketing";"Prüfung erforderlich";"";"";"";"questionnaire.question.alkohol.option.nie_selten";"questionnaire";"en-CH";"3";"v1:d3fd3111d338f5b91a8afe35e5ff9a8bb19678817df79ce37aaec18b6ccdc349";"24088d193eb801e034d70432598e9a9adec69fcc8e05eb66c40a8fff91182478"
"Fragebogen";"Fragebogen";"Fragebogen";"Antwortoption";"Frage «Alkohol» · Antwortoption";"2–3 x pro Woche";"2–3 times per week";"";"";"Marketing";"Prüfung erforderlich";"";"";"";"questionnaire.question.alkohol.option.w2_3";"questionnaire";"en-CH";"3";"v1:d3fd3111d338f5b91a8afe35e5ff9a8bb19678817df79ce37aaec18b6ccdc349";"8bc968ed71bddbd25ebadd6c0ce15067753b362ebeecab145eeefe7bb09de7d2"
"Fragebogen";"Fragebogen";"Fragebogen";"Antwortoption";"Frage «Alkohol» · Antwortoption";"4 x oder öfter pro Woche";"4 times or more per week";"";"";"Marketing";"Prüfung erforderlich";"";"";"";"questionnaire.question.alkohol.option.w4plus";"questionnaire";"en-CH";"3";"v1:d3fd3111d338f5b91a8afe35e5ff9a8bb19678817df79ce37aaec18b6ccdc349";"f8a7f9da5f9ea01a53f0b57e066f9bdb1485fbae7b9dcffe7300012c2620dc6d"
"Fragebogen";"Fragebogen";"Fragebogen";"Eingabehinweis";"Frage «Alter» · Eingabehinweis";"z. B. 45";"e.g. 45";"";"";"Marketing";"Prüfung erforderlich";"";"";"";"questionnaire.question.alter.placeholder";"questionnaire";"en-CH";"3";"v1:d3fd3111d338f5b91a8afe35e5ff9a8bb19678817df79ce37aaec18b6ccdc349";"fefe9d74d2224298d70aae55fac9fe7d5e57ad046bc10b0848b2336dbcd04df8"
"Fragebogen";"Fragebogen";"Fragebogen";"Einheit";"Frage «Alter» · Einheit";"Jahre";"years";"";"";"Marketing";"Prüfung erforderlich";"";"";"";"questionnaire.question.alter.unit";"questionnaire";"en-CH";"3";"v1:d3fd3111d338f5b91a8afe35e5ff9a8bb19678817df79ce37aaec18b6ccdc349";"57a3b26fa0f40872d21d495fb7d5ec1bfa15d4a1391f7d344e79aee7943a8c11"
"Fragebogen";"Fragebogen";"Fragebogen";"Frage";"Frage «Alter» · Fragetext";"Bitte geben Sie Ihr Alter in Jahren an.";"Please enter your age in years.";"";"";"Marketing, Medizin";"Prüfung erforderlich";"";"";"";"questionnaire.question.alter.text";"questionnaire";"en-CH";"3";"v1:d3fd3111d338f5b91a8afe35e5ff9a8bb19678817df79ce37aaec18b6ccdc349";"0e0be32e3fb86083b77c6665111a1f919a2d9d6f8b7d358bc6aba92ba246efd3"
"Fragebogen";"Fragebogen";"Fragebogen";"Frage";"Frage «Ausdauer intensiv» · Fragetext";"Wie viele Stunden intensive Ausdaueraktivität machen Sie pro Woche?";"How much vigorous-intensity aerobic activity do you do each week?";"";"";"Marketing, Medizin";"Prüfung erforderlich";"";"";"";"questionnaire.question.ausdauer_intensiv.text";"questionnaire";"en-CH";"3";"v1:d3fd3111d338f5b91a8afe35e5ff9a8bb19678817df79ce37aaec18b6ccdc349";"b7adf8291a4c4e44f425d679047e00df3b84a5881cdcc6561ef98cb3559c0649"
"Fragebogen";"Fragebogen";"Fragebogen";"Hilfetext";"Frage «Ausdauer intensiv» · Hilfetext";"Sie geraten ins Schwitzen und können nur noch wenige Worte oder gar nicht mehr sprechen (z. B. Joggen, schnelles Radfahren, intensives Schwimmen).

<b>WHO-Empfehlung:</b> Mindestens 75 Minuten intensive Aktivität pro Woche, wobei jede Aktivitätsdauer zählt.";"You start to sweat and can say only a few words or cannot speak at all (e.g. jogging, fast cycling or vigorous swimming).

<b>WHO recommendation:</b> At least 75 minutes of vigorous-intensity activity per week. Activity of any duration counts.";"";"";"Marketing, Medizin";"Prüfung erforderlich";"";"";"";"questionnaire.question.ausdauer_intensiv.help";"questionnaire";"en-CH";"3";"v1:d3fd3111d338f5b91a8afe35e5ff9a8bb19678817df79ce37aaec18b6ccdc349";"16e1db1be5213a7cea12b8e9e5348e6408272d07e5cacd26121490e3d2452103"
"Fragebogen";"Fragebogen";"Fragebogen";"Titel des Hilfetexts";"Frage «Ausdauer intensiv» · Titel des Hilfetexts";"Was bedeutet intensive Ausdaueraktivität?";"What is vigorous-intensity aerobic activity?";"";"";"Marketing";"Prüfung erforderlich";"";"";"";"questionnaire.question.ausdauer_intensiv.help_title";"questionnaire";"en-CH";"3";"v1:d3fd3111d338f5b91a8afe35e5ff9a8bb19678817df79ce37aaec18b6ccdc349";"f5d6865acb8c34fcfc15451fa7456f49bbb566aba888bfaf0deb8809957274cb"
"Fragebogen";"Fragebogen";"Fragebogen";"Antwortoption";"Frage «Ausdauer intensiv» · Antwortoption";"Keine";"None";"";"";"Marketing";"Prüfung erforderlich";"";"";"";"questionnaire.question.ausdauer_intensiv.option.keine";"questionnaire";"en-CH";"3";"v1:d3fd3111d338f5b91a8afe35e5ff9a8bb19678817df79ce37aaec18b6ccdc349";"271eaf46881941aa9e06254456a04d6156bc97f10205e0e20d9766ba2dfc66d5"
"Fragebogen";"Fragebogen";"Fragebogen";"Antwortoption";"Frage «Ausdauer intensiv» · Antwortoption";"30 min – 1 h 15 min";"30 min–1 h 15 min";"";"";"Marketing";"Prüfung erforderlich";"";"";"";"questionnaire.question.ausdauer_intensiv.option.m30_75";"questionnaire";"en-CH";"3";"v1:d3fd3111d338f5b91a8afe35e5ff9a8bb19678817df79ce37aaec18b6ccdc349";"be7741cc2b84a752dec933553139524bec3c4a49a04f15f3c045c5516dd0d895"
"Fragebogen";"Fragebogen";"Fragebogen";"Antwortoption";"Frage «Ausdauer intensiv» · Antwortoption";"1 h 15 min – 2 h 30 min";"1 h 15 min–2 h 30 min";"";"";"Marketing";"Prüfung erforderlich";"";"";"";"questionnaire.question.ausdauer_intensiv.option.m75_150";"questionnaire";"en-CH";"3";"v1:d3fd3111d338f5b91a8afe35e5ff9a8bb19678817df79ce37aaec18b6ccdc349";"fb3250795cd07cb576075b85f7b712baefd8152fd11b570bb5ee493c0c317f79"
"Fragebogen";"Fragebogen";"Fragebogen";"Antwortoption";"Frage «Ausdauer intensiv» · Antwortoption";"Weniger als 30 min";"Less than 30 min";"";"";"Marketing";"Prüfung erforderlich";"";"";"";"questionnaire.question.ausdauer_intensiv.option.u30";"questionnaire";"en-CH";"3";"v1:d3fd3111d338f5b91a8afe35e5ff9a8bb19678817df79ce37aaec18b6ccdc349";"651ed8c99709022e1ee33e72a7bd1411dac859a9b109403c77c10af86bdc1d57"
"Fragebogen";"Fragebogen";"Fragebogen";"Antwortoption";"Frage «Ausdauer intensiv» · Antwortoption";"2 h 30 min oder mehr";"2 h 30 min or more";"";"";"Marketing";"Prüfung erforderlich";"";"";"";"questionnaire.question.ausdauer_intensiv.option.ue150";"questionnaire";"en-CH";"3";"v1:d3fd3111d338f5b91a8afe35e5ff9a8bb19678817df79ce37aaec18b6ccdc349";"147f49ea731c16766a55d6389edb677fa2a2720dd2b6016bad9166a7c121d99d"
"Fragebogen";"Fragebogen";"Fragebogen";"Frage";"Frage «Ausdauer moderat» · Fragetext";"Wie viele Stunden moderate Ausdaueraktivität machen Sie pro Woche?";"How much moderate-intensity aerobic activity do you do each week?";"";"";"Marketing, Medizin";"Prüfung erforderlich";"";"";"";"questionnaire.question.ausdauer_moderat.text";"questionnaire";"en-CH";"3";"v1:d3fd3111d338f5b91a8afe35e5ff9a8bb19678817df79ce37aaec18b6ccdc349";"cca7748ce0fd7f313404badef0098c1b233c53d3b75cd3f654a4d8bad8916c60"
"Fragebogen";"Fragebogen";"Fragebogen";"Hilfetext";"Frage «Ausdauer moderat» · Hilfetext";"Sie atmen schneller als normal, können sich aber noch unterhalten (z. B. zügiges Gehen, langsames Radfahren, Schwimmen in mässigem Tempo).

<b>WHO-Empfehlung:</b> Mindestens 150 Minuten moderate Aktivität pro Woche, wobei jede Aktivitätsdauer zählt.";"You breathe faster than usual but can still hold a conversation (e.g. brisk walking, leisurely cycling or swimming at a moderate pace).

<b>WHO recommendation:</b> At least 150 minutes of moderate-intensity activity per week. Activity of any duration counts.";"";"";"Marketing, Medizin";"Prüfung erforderlich";"";"";"";"questionnaire.question.ausdauer_moderat.help";"questionnaire";"en-CH";"3";"v1:d3fd3111d338f5b91a8afe35e5ff9a8bb19678817df79ce37aaec18b6ccdc349";"93e612ab282fff6afac7b18823cbefb342168427265208b8876e580e4ff26a4c"
"Fragebogen";"Fragebogen";"Fragebogen";"Titel des Hilfetexts";"Frage «Ausdauer moderat» · Titel des Hilfetexts";"Was bedeutet moderate Ausdaueraktivität?";"What is moderate-intensity aerobic activity?";"";"";"Marketing";"Prüfung erforderlich";"";"";"";"questionnaire.question.ausdauer_moderat.help_title";"questionnaire";"en-CH";"3";"v1:d3fd3111d338f5b91a8afe35e5ff9a8bb19678817df79ce37aaec18b6ccdc349";"05f5398ad1a53b122b0221dbb55a7fb553f04a8b3a4d14fcfb973a9989799e7d"
"Fragebogen";"Fragebogen";"Fragebogen";"Antwortoption";"Frage «Ausdauer moderat» · Antwortoption";"2 h 30 min – 5 h";"2 h 30 min–5 h";"";"";"Marketing";"Prüfung erforderlich";"";"";"";"questionnaire.question.ausdauer_moderat.option.m150_300";"questionnaire";"en-CH";"3";"v1:d3fd3111d338f5b91a8afe35e5ff9a8bb19678817df79ce37aaec18b6ccdc349";"9144d65b54c2e6cc80bddc91f52d172bcb5c69c72d0232b8e467e978187e835a"
"Fragebogen";"Fragebogen";"Fragebogen";"Antwortoption";"Frage «Ausdauer moderat» · Antwortoption";"30 min – 1 h 15 min";"30 min–1 h 15 min";"";"";"Marketing";"Prüfung erforderlich";"";"";"";"questionnaire.question.ausdauer_moderat.option.m30_75";"questionnaire";"en-CH";"3";"v1:d3fd3111d338f5b91a8afe35e5ff9a8bb19678817df79ce37aaec18b6ccdc349";"05e25330ca27b98b87d1970eafc2882f2ced10d2dbf9918821f8f4ee61b8c7d2"
"Fragebogen";"Fragebogen";"Fragebogen";"Antwortoption";"Frage «Ausdauer moderat» · Antwortoption";"1 h 15 min – 2 h 30 min";"1 h 15 min–2 h 30 min";"";"";"Marketing";"Prüfung erforderlich";"";"";"";"questionnaire.question.ausdauer_moderat.option.m75_150";"questionnaire";"en-CH";"3";"v1:d3fd3111d338f5b91a8afe35e5ff9a8bb19678817df79ce37aaec18b6ccdc349";"a6a5815ad70f5cff1cb06879a9ae2ef1f2ced6e0e0651325373b10e281f3db15"
"Fragebogen";"Fragebogen";"Fragebogen";"Antwortoption";"Frage «Ausdauer moderat» · Antwortoption";"Weniger als 30 min";"Less than 30 min";"";"";"Marketing";"Prüfung erforderlich";"";"";"";"questionnaire.question.ausdauer_moderat.option.u30";"questionnaire";"en-CH";"3";"v1:d3fd3111d338f5b91a8afe35e5ff9a8bb19678817df79ce37aaec18b6ccdc349";"86e2a5d2808722f6fafeafaf673c95e37aa8c9922d5997a0674e28cb86faddea"
"Fragebogen";"Fragebogen";"Fragebogen";"Antwortoption";"Frage «Ausdauer moderat» · Antwortoption";"5 h oder mehr";"5 h or more";"";"";"Marketing";"Prüfung erforderlich";"";"";"";"questionnaire.question.ausdauer_moderat.option.ue300";"questionnaire";"en-CH";"3";"v1:d3fd3111d338f5b91a8afe35e5ff9a8bb19678817df79ce37aaec18b6ccdc349";"e5c74311535d5930dc7ab341d4f1ccd2de5e611678ffdd8c60a3b5938256ef31"
"Fragebogen";"Fragebogen";"Fragebogen";"Eingabehinweis";"Frage «Bauchumfang» · Eingabehinweis";"z. B. 92";"e.g. 92";"";"";"Marketing";"Prüfung erforderlich";"";"";"";"questionnaire.question.bauchumfang.placeholder";"questionnaire";"en-CH";"3";"v1:d3fd3111d338f5b91a8afe35e5ff9a8bb19678817df79ce37aaec18b6ccdc349";"e0df7480e4ffcba24a2d1b166981d11bb01810f3982cd6063804706ac039b877"
"Fragebogen";"Fragebogen";"Fragebogen";"Einheit";"Frage «Bauchumfang» · Einheit";"cm";"cm";"";"";"Marketing";"Prüfung erforderlich";"";"";"";"questionnaire.question.bauchumfang.unit";"questionnaire";"en-CH";"3";"v1:d3fd3111d338f5b91a8afe35e5ff9a8bb19678817df79ce37aaec18b6ccdc349";"78b4bcd55a64c414d21555d5279abe26384bc785c271eb4be13c1defc31f623d"
"Fragebogen";"Fragebogen";"Fragebogen";"Frage";"Frage «Bauchumfang» · Fragetext";"Kennen Sie Ihren Taillenumfang?";"Do you know your waist circumference?";"";"";"Marketing, Medizin";"Prüfung erforderlich";"";"";"";"questionnaire.question.bauchumfang.text";"questionnaire";"en-CH";"3";"v1:d3fd3111d338f5b91a8afe35e5ff9a8bb19678817df79ce37aaec18b6ccdc349";"6802a81864fa25d74faadd168fea5269ce586830458630dfbd1ba97511d3e5df"
"Fragebogen";"Fragebogen";"Fragebogen";"Hilfetext";"Frage «Bauchumfang» · Hilfetext";"Messen Sie nach normalem Ausatmen ungefähr auf halber Strecke zwischen der untersten tastbaren Rippe und der Oberkante des Beckenkamms. Bauchfett ist stoffwechselaktiv – das Verhältnis von Taille zu Körpergrösse ist oft aussagekräftiger als das Gewicht allein. Wenn Sie den Wert nicht kennen, lassen Sie das Feld einfach leer.";"After breathing out normally, measure approximately halfway between your lowest palpable rib and the top of your hip bone. Abdominal fat is metabolically active, and the ratio of waist circumference to height is often more informative than weight alone. If you do not know the value, simply leave the field blank.";"";"";"Marketing, Medizin";"Prüfung erforderlich";"";"";"";"questionnaire.question.bauchumfang.help";"questionnaire";"en-CH";"3";"v1:d3fd3111d338f5b91a8afe35e5ff9a8bb19678817df79ce37aaec18b6ccdc349";"76881dc0a70a47bdb3171193e519523f44abce1edc082a82953bb09aa4b9f3ca"
"Fragebogen";"Fragebogen";"Fragebogen";"Frage";"Frage «Belastbarkeit» · Fragetext";"Ich bewahre auch in schwierigen Situationen den Überblick und Ruhe.";"I remain calm and keep a clear overview, even in difficult situations.";"";"";"Marketing, Medizin";"Prüfung erforderlich";"";"";"";"questionnaire.question.belastbarkeit.text";"questionnaire";"en-CH";"3";"v1:d3fd3111d338f5b91a8afe35e5ff9a8bb19678817df79ce37aaec18b6ccdc349";"f1c558fda60db954a09aed2247d73278ba4c303a943b0cc6b72a8aeaafadc58c"
"Fragebogen";"Fragebogen";"Fragebogen";"Frage";"Frage «Beweglichkeit» · Fragetext";"Wie schwer fällt es Ihnen, ohne Hilfe vom Boden aufzustehen?";"How difficult is it for you to get up from the floor without assistance?";"";"";"Marketing, Medizin";"Prüfung erforderlich";"";"";"";"questionnaire.question.beweglichkeit.text";"questionnaire";"en-CH";"3";"v1:d3fd3111d338f5b91a8afe35e5ff9a8bb19678817df79ce37aaec18b6ccdc349";"55cd038212d979c3c4252d30d3246de762a4acbba75f1e2b06e16283c3af7460"
"Fragebogen";"Fragebogen";"Fragebogen";"Antwortoption";"Frage «Beweglichkeit» · Antwortoption";"Überhaupt nicht schwer";"Not difficult at all";"";"";"Marketing";"Prüfung erforderlich";"";"";"";"questionnaire.question.beweglichkeit.option.gar_nicht";"questionnaire";"en-CH";"3";"v1:d3fd3111d338f5b91a8afe35e5ff9a8bb19678817df79ce37aaec18b6ccdc349";"999917a52e9f8c96b13b41814a4a9140869f9ee19c3b5332759386f04b1dbbea"
"Fragebogen";"Fragebogen";"Fragebogen";"Antwortoption";"Frage «Beweglichkeit» · Antwortoption";"Mässig schwer";"Moderately difficult";"";"";"Marketing";"Prüfung erforderlich";"";"";"";"questionnaire.question.beweglichkeit.option.maessig";"questionnaire";"en-CH";"3";"v1:d3fd3111d338f5b91a8afe35e5ff9a8bb19678817df79ce37aaec18b6ccdc349";"fc6c6137f0db5dcc7e03074ea33923993bf25dc5ec4e457551f5752ff951d5fa"
"Fragebogen";"Fragebogen";"Fragebogen";"Antwortoption";"Frage «Beweglichkeit» · Antwortoption";"Unmöglich";"Impossible";"";"";"Marketing";"Prüfung erforderlich";"";"";"";"questionnaire.question.beweglichkeit.option.nicht";"questionnaire";"en-CH";"3";"v1:d3fd3111d338f5b91a8afe35e5ff9a8bb19678817df79ce37aaec18b6ccdc349";"15645f5215a4cb620baf69853abd2200e560c43548f4db85725660cfe8587ae4"
"Fragebogen";"Fragebogen";"Fragebogen";"Antwortoption";"Frage «Beweglichkeit» · Antwortoption";"Wenig schwer";"Slightly difficult";"";"";"Marketing";"Prüfung erforderlich";"";"";"";"questionnaire.question.beweglichkeit.option.wenig";"questionnaire";"en-CH";"3";"v1:d3fd3111d338f5b91a8afe35e5ff9a8bb19678817df79ce37aaec18b6ccdc349";"87e9fca02f08550931d55bf5abf3bbe470bc0e36989f8f3d14f0fc48e0cbb1d7"
"Fragebogen";"Fragebogen";"Fragebogen";"Antwortoption";"Frage «Beweglichkeit» · Antwortoption";"Sehr schwer";"Very difficult";"";"";"Marketing";"Prüfung erforderlich";"";"";"";"questionnaire.question.beweglichkeit.option.ziemlich";"questionnaire";"en-CH";"3";"v1:d3fd3111d338f5b91a8afe35e5ff9a8bb19678817df79ce37aaec18b6ccdc349";"8bad82407be9525f9db2a14ed4996599ff9426c8ec0b6e3f179b225e1f1ceba9"
"Fragebogen";"Fragebogen";"Fragebogen";"Frage";"Frage «Bluthochdruck» · Fragetext";"Wurde bei Ihnen ärztlich Bluthochdruck festgestellt oder nehmen Sie Blutdruckmedikamente?";"Have you been diagnosed with high blood pressure by a doctor, or do you take blood pressure medication?";"";"";"Marketing, Medizin";"Prüfung erforderlich";"";"";"";"questionnaire.question.bluthochdruck.text";"questionnaire";"en-CH";"3";"v1:d3fd3111d338f5b91a8afe35e5ff9a8bb19678817df79ce37aaec18b6ccdc349";"4abf4f14b09fa078365563598cf619b2c7fc0932ec5efb1c3c2f4de65bf946e7"
"Fragebogen";"Fragebogen";"Fragebogen";"Hilfetext";"Frage «Bluthochdruck» · Hilfetext";"Bluthochdruck (ab ca. 140/90 mmHg) verläuft oft unbemerkt, lässt sich aber gut behandeln. Wenn Sie unsicher sind, lohnt sich eine Messung.";"High blood pressure (from around 140/90 mmHg) often goes unnoticed but can be treated effectively. If you are unsure, it is worth having it measured.";"";"";"Marketing, Medizin";"Prüfung erforderlich";"";"";"";"questionnaire.question.bluthochdruck.help";"questionnaire";"en-CH";"3";"v1:d3fd3111d338f5b91a8afe35e5ff9a8bb19678817df79ce37aaec18b6ccdc349";"fbb8655e57b2811e4c590082e8989d642aea215b104907bb0355e7b2885db4d3"
"Fragebogen";"Fragebogen";"Fragebogen";"Antwortoption";"Frage «Bluthochdruck» · Antwortoption";"Ja";"Yes";"";"";"Marketing";"Prüfung erforderlich";"";"";"";"questionnaire.question.bluthochdruck.option.ja";"questionnaire";"en-CH";"3";"v1:d3fd3111d338f5b91a8afe35e5ff9a8bb19678817df79ce37aaec18b6ccdc349";"26e16f4801e6646e8279f9535bcc7d5de3f93311d205781148469c3568513327"
"Fragebogen";"Fragebogen";"Fragebogen";"Antwortoption";"Frage «Bluthochdruck» · Antwortoption";"Nein";"No";"";"";"Marketing";"Prüfung erforderlich";"";"";"";"questionnaire.question.bluthochdruck.option.nein";"questionnaire";"en-CH";"3";"v1:d3fd3111d338f5b91a8afe35e5ff9a8bb19678817df79ce37aaec18b6ccdc349";"f98cfe51ee1735f23123c09343bdc797cd1c831a086d080050f23ca5625416cf"
"Fragebogen";"Fragebogen";"Fragebogen";"Antwortoption";"Frage «Bluthochdruck» · Antwortoption";"Weiss ich nicht";"I do not know";"";"";"Marketing";"Prüfung erforderlich";"";"";"";"questionnaire.question.bluthochdruck.option.weiss_nicht";"questionnaire";"en-CH";"3";"v1:d3fd3111d338f5b91a8afe35e5ff9a8bb19678817df79ce37aaec18b6ccdc349";"0e7034cc3313f883ae2d4919094a91d9be736591f2ba2d51bc44846ac00e2a9c"
"Fragebogen";"Fragebogen";"Fragebogen";"Frage";"Frage «Coping» · Fragetext";"Ich finde auch in belastenden Situationen Wege, die mir helfen, klarzukommen.";"Even in stressful situations, I find ways to cope.";"";"";"Marketing, Medizin";"Prüfung erforderlich";"";"";"";"questionnaire.question.coping.text";"questionnaire";"en-CH";"3";"v1:d3fd3111d338f5b91a8afe35e5ff9a8bb19678817df79ce37aaec18b6ccdc349";"9d1bc3df8c6fc4386486138747895cce4432dd6eca0180b38334127268fbcc7e"
"Fragebogen";"Fragebogen";"Fragebogen";"Eingabehinweis";"Frage «Einbeinstand» · Eingabehinweis";"z. B. 30";"e.g. 30";"";"";"Marketing";"Prüfung erforderlich";"";"";"";"questionnaire.question.einbeinstand.placeholder";"questionnaire";"en-CH";"3";"v1:d3fd3111d338f5b91a8afe35e5ff9a8bb19678817df79ce37aaec18b6ccdc349";"1c6835e7138b5c5df4a02fab4b01274bc8e5b5297475bcd776cb6a2409c8b063"
"Fragebogen";"Fragebogen";"Fragebogen";"Einheit";"Frage «Einbeinstand» · Einheit";"Sekunden";"seconds";"";"";"Marketing";"Prüfung erforderlich";"";"";"";"questionnaire.question.einbeinstand.unit";"questionnaire";"en-CH";"3";"v1:d3fd3111d338f5b91a8afe35e5ff9a8bb19678817df79ce37aaec18b6ccdc349";"7c5ccb44c456c083a68f34f715c4d857c0047897a7246fc56571e5ca6dfb0f81"
"Fragebogen";"Fragebogen";"Fragebogen";"Frage";"Frage «Einbeinstand» · Fragetext";"Wie lange können Sie auf einem Bein stehen, ohne sich festzuhalten? (optional)";"How long can you stand on one leg without holding on to anything? (optional)";"";"";"Marketing, Medizin";"Prüfung erforderlich";"";"";"";"questionnaire.question.einbeinstand.text";"questionnaire";"en-CH";"3";"v1:d3fd3111d338f5b91a8afe35e5ff9a8bb19678817df79ce37aaec18b6ccdc349";"a76f1ae05e37604b67f52865f79d562e9225458ad6960414d71b35a7034d9f4e"
"Fragebogen";"Fragebogen";"Fragebogen";"Hilfetext";"Frage «Einbeinstand» · Hilfetext";"1 – Stellen Sie sich aufrecht hin, Füsse hüftbreit.
2 – Fixieren Sie Ihre Augen auf einen Punkt.
3 – Heben Sie ein Bein so an, dass der Fuss den Boden nicht berührt.
4 – Halten Sie das Gleichgewicht so lange wie möglich.

Stoppen Sie die Zeit, sobald der angehobene Fuss den Boden berührt.

Wiederholen Sie den Test mit jedem Bein und notieren Sie Ihren besten Wert. Ein grosser Unterschied zwischen den Beinen kann auf einen trainierbaren Unterschied hinweisen.

<b>Was der Einbeinstand-Test verrät:</b>
Der Test gibt unter den beschriebenen Bedingungen mit offenen Augen einen orientierenden Hinweis auf Ihr statisches Gleichgewicht und Ihre Koordination. Regelmässiges Üben kann die Balance verbessern und zu sicheren Alltagsbewegungen beitragen. Der Test ersetzt keine medizinische Untersuchung.";"1 – Stand upright with your feet hip-width apart.
2 – Focus your eyes on one point.
3 – Lift one leg so that your foot is no longer touching the floor.
4 – Maintain your balance for as long as possible.

Stop the timer as soon as the raised foot touches the floor.

Repeat the test with each leg and record your best result. A large difference between the two legs may indicate a trainable difference.

<b>What the single-leg stance test shows:</b>
Under the described eyes-open conditions, this test provides a guide to your static balance and coordination. Regular practice can help improve balance and make everyday movements safer. The test does not replace a medical assessment.";"";"";"Marketing, Medizin";"Prüfung erforderlich";"";"";"";"questionnaire.question.einbeinstand.help";"questionnaire";"en-CH";"3";"v1:d3fd3111d338f5b91a8afe35e5ff9a8bb19678817df79ce37aaec18b6ccdc349";"0ee662d6e82774abcbc63401ae4a9c8875acacb9dfb8c22cc93317a408974cbe"
"Fragebogen";"Fragebogen";"Fragebogen";"Titel des Hilfetexts";"Frage «Einbeinstand» · Titel des Hilfetexts";"So führen Sie den Einbeinstand-Test korrekt aus";"How to perform the single-leg stance test correctly";"";"";"Marketing";"Prüfung erforderlich";"";"";"";"questionnaire.question.einbeinstand.help_title";"questionnaire";"en-CH";"3";"v1:d3fd3111d338f5b91a8afe35e5ff9a8bb19678817df79ce37aaec18b6ccdc349";"0a1c599d992de86c41ce64b5d992f78e336e352619ac1f4bbfc70f6b1d0b1e23"
"Fragebogen";"Fragebogen";"Fragebogen";"Frage";"Frage «Einkaufstaschen» · Fragetext";"Wie schwer fällt es Ihnen, zwei volle Einkaufstaschen zu tragen?";"How difficult is it for you to carry two full shopping bags?";"";"";"Marketing, Medizin";"Prüfung erforderlich";"";"";"";"questionnaire.question.einkaufstaschen.text";"questionnaire";"en-CH";"3";"v1:d3fd3111d338f5b91a8afe35e5ff9a8bb19678817df79ce37aaec18b6ccdc349";"05f1dc59f28977b519538cb05ffd845f6532813acf8278d48deca380a3629bbd"
"Fragebogen";"Fragebogen";"Fragebogen";"Antwortoption";"Frage «Einkaufstaschen» · Antwortoption";"Überhaupt nicht schwer";"Not difficult at all";"";"";"Marketing";"Prüfung erforderlich";"";"";"";"questionnaire.question.einkaufstaschen.option.gar_nicht";"questionnaire";"en-CH";"3";"v1:d3fd3111d338f5b91a8afe35e5ff9a8bb19678817df79ce37aaec18b6ccdc349";"4d039cfbae4d64e97b495b3234a585305cc971caae4cac83514c7945aa56679d"
"Fragebogen";"Fragebogen";"Fragebogen";"Antwortoption";"Frage «Einkaufstaschen» · Antwortoption";"Mässig schwer";"Moderately difficult";"";"";"Marketing";"Prüfung erforderlich";"";"";"";"questionnaire.question.einkaufstaschen.option.maessig";"questionnaire";"en-CH";"3";"v1:d3fd3111d338f5b91a8afe35e5ff9a8bb19678817df79ce37aaec18b6ccdc349";"9da22d5f4905b6f5290093eb9c200071a58aee6e5041745d318bbbce5583eed2"
"Fragebogen";"Fragebogen";"Fragebogen";"Antwortoption";"Frage «Einkaufstaschen» · Antwortoption";"Unmöglich";"Impossible";"";"";"Marketing";"Prüfung erforderlich";"";"";"";"questionnaire.question.einkaufstaschen.option.nicht";"questionnaire";"en-CH";"3";"v1:d3fd3111d338f5b91a8afe35e5ff9a8bb19678817df79ce37aaec18b6ccdc349";"ba8151b7afd762450b00ebe48d66e4820c8add14b69583546641edb74dc278eb"
"Fragebogen";"Fragebogen";"Fragebogen";"Antwortoption";"Frage «Einkaufstaschen» · Antwortoption";"Wenig schwer";"Slightly difficult";"";"";"Marketing";"Prüfung erforderlich";"";"";"";"questionnaire.question.einkaufstaschen.option.wenig";"questionnaire";"en-CH";"3";"v1:d3fd3111d338f5b91a8afe35e5ff9a8bb19678817df79ce37aaec18b6ccdc349";"7eeb222354f6717b6f1b994f24194dfc4a073dce9ef7687e4e402e4a7eb9309f"
"Fragebogen";"Fragebogen";"Fragebogen";"Antwortoption";"Frage «Einkaufstaschen» · Antwortoption";"Sehr schwer";"Very difficult";"";"";"Marketing";"Prüfung erforderlich";"";"";"";"questionnaire.question.einkaufstaschen.option.ziemlich";"questionnaire";"en-CH";"3";"v1:d3fd3111d338f5b91a8afe35e5ff9a8bb19678817df79ce37aaec18b6ccdc349";"ce67d481e5d3213f68d6b03fc4caab2c19daff3bab595c4f3d594722e2a47cce"
"Fragebogen";"Fragebogen";"Fragebogen";"Frage";"Frage «Familie hk» · Fragetext";"Gibt es in Ihrer nahen Familie (Eltern, Geschwister) Herz-Kreislauf-Erkrankungen, Diabetes oder erblich bedingte Erkrankungen?";"Do any close family members (parents or siblings) have cardiovascular disease, diabetes or a hereditary condition?";"";"";"Marketing, Medizin";"Prüfung erforderlich";"";"";"";"questionnaire.question.familie_hk.text";"questionnaire";"en-CH";"3";"v1:d3fd3111d338f5b91a8afe35e5ff9a8bb19678817df79ce37aaec18b6ccdc349";"c40e1711577b70ed98ca71f789cc1696b2a32ea612bc82dc60a5ce7e043bb4dd"
"Fragebogen";"Fragebogen";"Fragebogen";"Hilfetext";"Frage «Familie hk» · Hilfetext";"Besonders relevant sind früh aufgetretene Erkrankungen (Männer vor 55, Frauen vor 65 Jahren). Eine familiäre Vorbelastung ist kein Schicksal – sie ist ein Grund, Vorsorge ernst zu nehmen.";"Conditions that occurred at a young age are particularly relevant (men before the age of 55 and women before the age of 65). A family history does not determine your future, but it is a good reason to take preventive care seriously.";"";"";"Marketing, Medizin";"Prüfung erforderlich";"";"";"";"questionnaire.question.familie_hk.help";"questionnaire";"en-CH";"3";"v1:d3fd3111d338f5b91a8afe35e5ff9a8bb19678817df79ce37aaec18b6ccdc349";"ce58c44bbacfef507d46bfb18864afc9280bfe0acf835589833fa5654172bc5d"
"Fragebogen";"Fragebogen";"Fragebogen";"Antwortoption";"Frage «Familie hk» · Antwortoption";"Ja";"Yes";"";"";"Marketing";"Prüfung erforderlich";"";"";"";"questionnaire.question.familie_hk.option.ja";"questionnaire";"en-CH";"3";"v1:d3fd3111d338f5b91a8afe35e5ff9a8bb19678817df79ce37aaec18b6ccdc349";"f6aec28fea6ff6fc25611ee807258544ef1288eebdd9d6909765fafa74b1f80d"
"Fragebogen";"Fragebogen";"Fragebogen";"Antwortoption";"Frage «Familie hk» · Antwortoption";"Nein";"No";"";"";"Marketing";"Prüfung erforderlich";"";"";"";"questionnaire.question.familie_hk.option.nein";"questionnaire";"en-CH";"3";"v1:d3fd3111d338f5b91a8afe35e5ff9a8bb19678817df79ce37aaec18b6ccdc349";"ef4a020ad9ec671930bda8c1d2d33e4becadbda7c4004232e9b7f244a4cbf4d9"
"Fragebogen";"Fragebogen";"Fragebogen";"Antwortoption";"Frage «Familie hk» · Antwortoption";"Weiss ich nicht";"I do not know";"";"";"Marketing";"Prüfung erforderlich";"";"";"";"questionnaire.question.familie_hk.option.weiss_nicht";"questionnaire";"en-CH";"3";"v1:d3fd3111d338f5b91a8afe35e5ff9a8bb19678817df79ce37aaec18b6ccdc349";"909928f9e36dfab64421564bb0559f4e2da9c2ec2b412804dc006be844139146"
"Fragebogen";"Fragebogen";"Fragebogen";"Frage";"Frage «Familienwissen» · Fragetext";"Wie gut wissen Sie über mögliche Krebs- oder Herz-Kreislauferkrankungen in Ihrer Familie Bescheid?";"How well informed are you about possible cancer or cardiovascular disease in your family?";"";"";"Marketing, Medizin";"Prüfung erforderlich";"";"";"";"questionnaire.question.familienwissen.text";"questionnaire";"en-CH";"3";"v1:d3fd3111d338f5b91a8afe35e5ff9a8bb19678817df79ce37aaec18b6ccdc349";"b97da1ab5b0489fdb0f6bac0375412ffc2bd3371f8208642863858a584715227"
"Fragebogen";"Fragebogen";"Fragebogen";"Hilfetext";"Frage «Familienwissen» · Hilfetext";"Das Bewusstsein über familiäre Krebs- und Herz-Kreislauferkrankungen macht eine gezielte Vorsorge möglich. Wer seine familiäre Vorbelastung kennt, kann frühzeitig den persönlichen Risikofaktoren entgegensteuern und mit gezielten Vorsorgeuntersuchungen die Früherkennung fördern.";"Knowing about cancer and cardiovascular disease in your family enables targeted preventive care. If you know your family history, you can address personal risk factors early and support early detection through appropriate screening.";"";"";"Marketing, Medizin";"Prüfung erforderlich";"";"";"";"questionnaire.question.familienwissen.help";"questionnaire";"en-CH";"3";"v1:d3fd3111d338f5b91a8afe35e5ff9a8bb19678817df79ce37aaec18b6ccdc349";"1b56adccd498d87a6963c5d2576b15161a342e1a19b8025cc1cd392c8d066412"
"Fragebogen";"Fragebogen";"Fragebogen";"Titel des Hilfetexts";"Frage «Familienwissen» · Titel des Hilfetexts";"Haben Sie gewusst?";"Did you know?";"";"";"Marketing";"Prüfung erforderlich";"";"";"";"questionnaire.question.familienwissen.help_title";"questionnaire";"en-CH";"3";"v1:d3fd3111d338f5b91a8afe35e5ff9a8bb19678817df79ce37aaec18b6ccdc349";"7255f2ed1b28b2cb59311daf9ca7cee3e724ae15d147c8227ce018c8b042fcdd"
"Fragebogen";"Fragebogen";"Fragebogen";"Antwortoption";"Frage «Familienwissen» · Antwortoption";"Gar nicht";"Not at all";"";"";"Marketing";"Prüfung erforderlich";"";"";"";"questionnaire.question.familienwissen.option.gar_nicht";"questionnaire";"en-CH";"3";"v1:d3fd3111d338f5b91a8afe35e5ff9a8bb19678817df79ce37aaec18b6ccdc349";"bbe2f6b0b2bda8b3c123c84571c5fc99bace5b12a7d0f0c685e72086c48c799b"
"Fragebogen";"Fragebogen";"Fragebogen";"Antwortoption";"Frage «Familienwissen» · Antwortoption";"Gut";"Well";"";"";"Marketing";"Prüfung erforderlich";"";"";"";"questionnaire.question.familienwissen.option.gut";"questionnaire";"en-CH";"3";"v1:d3fd3111d338f5b91a8afe35e5ff9a8bb19678817df79ce37aaec18b6ccdc349";"8a3354ed53e3cf032a779cb2106be361c0b42bcae49c834c65bc3246fab7a2d4"
"Fragebogen";"Fragebogen";"Fragebogen";"Antwortoption";"Frage «Familienwissen» · Antwortoption";"Sehr gut";"Very well";"";"";"Marketing";"Prüfung erforderlich";"";"";"";"questionnaire.question.familienwissen.option.sehr_gut";"questionnaire";"en-CH";"3";"v1:d3fd3111d338f5b91a8afe35e5ff9a8bb19678817df79ce37aaec18b6ccdc349";"76f31b167657e1a21e3d177c2dabdad0af1e8ed9721fc8cda95b8ee848236e37"
"Fragebogen";"Fragebogen";"Fragebogen";"Antwortoption";"Frage «Familienwissen» · Antwortoption";"Teilweise";"To some extent";"";"";"Marketing";"Prüfung erforderlich";"";"";"";"questionnaire.question.familienwissen.option.teilweise";"questionnaire";"en-CH";"3";"v1:d3fd3111d338f5b91a8afe35e5ff9a8bb19678817df79ce37aaec18b6ccdc349";"c2385915475db08f9909b26b6e46e01c86f6ecc512326f2beb44fbfa54ba261d"
"Fragebogen";"Fragebogen";"Fragebogen";"Antwortoption";"Frage «Familienwissen» · Antwortoption";"Wenig";"A little";"";"";"Marketing";"Prüfung erforderlich";"";"";"";"questionnaire.question.familienwissen.option.wenig";"questionnaire";"en-CH";"3";"v1:d3fd3111d338f5b91a8afe35e5ff9a8bb19678817df79ce37aaec18b6ccdc349";"0ff10f52ac9111e364649c2cb3e2e3e9d994b06c67283f134cdee683bb08043e"
"Fragebogen";"Fragebogen";"Fragebogen";"Frage";"Frage «Geschlecht» · Fragetext";"Bitte wählen Sie Ihr biologisches Geschlecht aus.";"Please select your biological sex.";"";"";"Marketing, Medizin";"Prüfung erforderlich";"";"";"";"questionnaire.question.geschlecht.text";"questionnaire";"en-CH";"3";"v1:d3fd3111d338f5b91a8afe35e5ff9a8bb19678817df79ce37aaec18b6ccdc349";"aebf8af1090274f197eac9a384edffca59fb9ef2bf358137efe6c42df73956aa"
"Fragebogen";"Fragebogen";"Fragebogen";"Antwortoption";"Frage «Geschlecht» · Antwortoption";"Intersex";"Intersex";"";"";"Marketing";"Prüfung erforderlich";"";"";"";"questionnaire.question.geschlecht.option.intersex";"questionnaire";"en-CH";"3";"v1:d3fd3111d338f5b91a8afe35e5ff9a8bb19678817df79ce37aaec18b6ccdc349";"22c86a5674562b24cf2f3d0e0ee54aca151bcf791923be6dc7a586f06c18a1ca"
"Fragebogen";"Fragebogen";"Fragebogen";"Antwortoption";"Frage «Geschlecht» · Antwortoption";"Männlich";"Male";"";"";"Marketing";"Prüfung erforderlich";"";"";"";"questionnaire.question.geschlecht.option.maennlich";"questionnaire";"en-CH";"3";"v1:d3fd3111d338f5b91a8afe35e5ff9a8bb19678817df79ce37aaec18b6ccdc349";"837a56cfce35a7cfc96535b801320b25d331de75b1f831b560cb3e56b556eee9"
"Fragebogen";"Fragebogen";"Fragebogen";"Antwortoption";"Frage «Geschlecht» · Antwortoption";"Weiblich";"Female";"";"";"Marketing";"Prüfung erforderlich";"";"";"";"questionnaire.question.geschlecht.option.weiblich";"questionnaire";"en-CH";"3";"v1:d3fd3111d338f5b91a8afe35e5ff9a8bb19678817df79ce37aaec18b6ccdc349";"bf51d584db18f57dab67ba62369861ef937bcf345be1893ef366bea278dc3da3"
"Fragebogen";"Fragebogen";"Fragebogen";"Eingabehinweis";"Frage «Gewicht» · Eingabehinweis";"z. B. 78";"e.g. 78";"";"";"Marketing";"Prüfung erforderlich";"";"";"";"questionnaire.question.gewicht.placeholder";"questionnaire";"en-CH";"3";"v1:d3fd3111d338f5b91a8afe35e5ff9a8bb19678817df79ce37aaec18b6ccdc349";"3223fd2a391e19ea8763fd301b7e8bec8aaa1b4f21ffd0ef45086b59c7d7b4ec"
"Fragebogen";"Fragebogen";"Fragebogen";"Einheit";"Frage «Gewicht» · Einheit";"kg";"kg";"";"";"Marketing";"Prüfung erforderlich";"";"";"";"questionnaire.question.gewicht.unit";"questionnaire";"en-CH";"3";"v1:d3fd3111d338f5b91a8afe35e5ff9a8bb19678817df79ce37aaec18b6ccdc349";"c5f37e67b13e485aa5d5e8324578727237b2090a64aec724635a5ad0d9b86c6c"
"Fragebogen";"Fragebogen";"Fragebogen";"Frage";"Frage «Gewicht» · Fragetext";"Bitte geben Sie Ihr Gewicht in Kilogramm an.";"Please enter your weight in kilograms.";"";"";"Marketing, Medizin";"Prüfung erforderlich";"";"";"";"questionnaire.question.gewicht.text";"questionnaire";"en-CH";"3";"v1:d3fd3111d338f5b91a8afe35e5ff9a8bb19678817df79ce37aaec18b6ccdc349";"539d88a279e15eda8de043ae52c2b0100d2181df4e50732455b980eea15e991a"
"Fragebogen";"Fragebogen";"Fragebogen";"Eingabehinweis";"Frage «Groesse» · Eingabehinweis";"z. B. 175";"e.g. 175";"";"";"Marketing";"Prüfung erforderlich";"";"";"";"questionnaire.question.groesse.placeholder";"questionnaire";"en-CH";"3";"v1:d3fd3111d338f5b91a8afe35e5ff9a8bb19678817df79ce37aaec18b6ccdc349";"82d45c9d4af726a1ff2e98eabe78ccead8cbe3772e7fa18b2f7d4ce8fe26ab06"
"Fragebogen";"Fragebogen";"Fragebogen";"Einheit";"Frage «Groesse» · Einheit";"cm";"cm";"";"";"Marketing";"Prüfung erforderlich";"";"";"";"questionnaire.question.groesse.unit";"questionnaire";"en-CH";"3";"v1:d3fd3111d338f5b91a8afe35e5ff9a8bb19678817df79ce37aaec18b6ccdc349";"b440323ae3ed43fac3f4178d1d0a258973f479aec3d4c0c803cf95e5a1f840f1"
"Fragebogen";"Fragebogen";"Fragebogen";"Frage";"Frage «Groesse» · Fragetext";"Bitte geben Sie Ihre Grösse in Zentimetern an.";"Please enter your height in centimetres.";"";"";"Marketing, Medizin";"Prüfung erforderlich";"";"";"";"questionnaire.question.groesse.text";"questionnaire";"en-CH";"3";"v1:d3fd3111d338f5b91a8afe35e5ff9a8bb19678817df79ce37aaec18b6ccdc349";"5e5854b4e1c8e85777b0bfb16341068ea482f100b3b6a3c350527e0fa0d71255"
"Fragebogen";"Fragebogen";"Fragebogen";"Frage";"Frage «Krafttraining» · Fragetext";"An wie vielen Tagen pro Woche machen Sie Krafttraining?";"On how many days per week do you do strength training?";"";"";"Marketing, Medizin";"Prüfung erforderlich";"";"";"";"questionnaire.question.krafttraining.text";"questionnaire";"en-CH";"3";"v1:d3fd3111d338f5b91a8afe35e5ff9a8bb19678817df79ce37aaec18b6ccdc349";"7513d3b66a0017d064411006b892b919a16ec8a1a523845ba40ebe971a77086b"
"Fragebogen";"Fragebogen";"Fragebogen";"Hilfetext";"Frage «Krafttraining» · Hilfetext";"Muskelkräftigende Übungen mit Gewichten, Geräten oder dem eigenen Körpergewicht (z. B. Liegestütze, Kniebeugen oder Hanteltraining).

<b>WHO-Empfehlung:</b> Mindestens zweimal pro Woche für alle wichtigen Muskelgruppen.";"Exercises that strengthen the muscles using weights, equipment or your own body weight (e.g. push-ups, squats or weight training).

<b>WHO recommendation:</b> At least twice a week for all major muscle groups.";"";"";"Marketing, Medizin";"Prüfung erforderlich";"";"";"";"questionnaire.question.krafttraining.help";"questionnaire";"en-CH";"3";"v1:d3fd3111d338f5b91a8afe35e5ff9a8bb19678817df79ce37aaec18b6ccdc349";"ea3c595305fb58e28e19a481a21dfb9e69d9d7006bbf0bef4b6fd03d70d6935f"
"Fragebogen";"Fragebogen";"Fragebogen";"Titel des Hilfetexts";"Frage «Krafttraining» · Titel des Hilfetexts";"Was ist Krafttraining?";"What is strength training?";"";"";"Marketing";"Prüfung erforderlich";"";"";"";"questionnaire.question.krafttraining.help_title";"questionnaire";"en-CH";"3";"v1:d3fd3111d338f5b91a8afe35e5ff9a8bb19678817df79ce37aaec18b6ccdc349";"864fa4f63ea26c64ad6f5c7fcc88484ae3db1a2b326431d899fb50a75b48cda3"
"Fragebogen";"Fragebogen";"Fragebogen";"Antwortoption";"Frage «Krafttraining» · Antwortoption";"0 Tage";"0 days";"";"";"Marketing";"Prüfung erforderlich";"";"";"";"questionnaire.question.krafttraining.option.tage0";"questionnaire";"en-CH";"3";"v1:d3fd3111d338f5b91a8afe35e5ff9a8bb19678817df79ce37aaec18b6ccdc349";"9e775461f1c27e8ef333fcf4c9593c92eb531de664860f5aa87ebb27ff02d00e"
"Fragebogen";"Fragebogen";"Fragebogen";"Antwortoption";"Frage «Krafttraining» · Antwortoption";"1 Tag";"1 day";"";"";"Marketing";"Prüfung erforderlich";"";"";"";"questionnaire.question.krafttraining.option.tage1";"questionnaire";"en-CH";"3";"v1:d3fd3111d338f5b91a8afe35e5ff9a8bb19678817df79ce37aaec18b6ccdc349";"8e73dfff16912696fca45ae32a81901a209f3d18379cb102bc88a1a397f9c072"
"Fragebogen";"Fragebogen";"Fragebogen";"Antwortoption";"Frage «Krafttraining» · Antwortoption";"2 Tage";"2 days";"";"";"Marketing";"Prüfung erforderlich";"";"";"";"questionnaire.question.krafttraining.option.tage2";"questionnaire";"en-CH";"3";"v1:d3fd3111d338f5b91a8afe35e5ff9a8bb19678817df79ce37aaec18b6ccdc349";"c2b356bc0c5c0874adcf249a2d14e4e2baec8c58ff951549193c0be058aab724"
"Fragebogen";"Fragebogen";"Fragebogen";"Antwortoption";"Frage «Krafttraining» · Antwortoption";"3 Tage oder mehr";"3 days or more";"";"";"Marketing";"Prüfung erforderlich";"";"";"";"questionnaire.question.krafttraining.option.tage3plus";"questionnaire";"en-CH";"3";"v1:d3fd3111d338f5b91a8afe35e5ff9a8bb19678817df79ce37aaec18b6ccdc349";"775b8ed84d16e73a0e4503c1751ce5dc77812de61c33855bd4d22373d3bf137d"
"Fragebogen";"Fragebogen";"Fragebogen";"Eingabehinweis";"Frage «Liegestuetze» · Eingabehinweis";"z. B. 15";"e.g. 15";"";"";"Marketing";"Prüfung erforderlich";"";"";"";"questionnaire.question.liegestuetze.placeholder";"questionnaire";"en-CH";"3";"v1:d3fd3111d338f5b91a8afe35e5ff9a8bb19678817df79ce37aaec18b6ccdc349";"0f000ae9707811b04b838834fe1db97493e035acfb75f66ea6b445ace065d605"
"Fragebogen";"Fragebogen";"Fragebogen";"Einheit";"Frage «Liegestuetze» · Einheit";"Wiederholungen";"repetitions";"";"";"Marketing";"Prüfung erforderlich";"";"";"";"questionnaire.question.liegestuetze.unit";"questionnaire";"en-CH";"3";"v1:d3fd3111d338f5b91a8afe35e5ff9a8bb19678817df79ce37aaec18b6ccdc349";"ee6e7f52654d68369df3a26b24ffcb81837a49915f6aa94bb184256ed293d0bb"
"Fragebogen";"Fragebogen";"Fragebogen";"Frage";"Frage «Liegestuetze» · Fragetext";"Wie viele Liegestütze können Sie ohne Unterbrechung korrekt ausführen? (optional)";"How many push-ups can you perform correctly without a break? (optional)";"";"";"Marketing, Medizin";"Prüfung erforderlich";"";"";"";"questionnaire.question.liegestuetze.text";"questionnaire";"en-CH";"3";"v1:d3fd3111d338f5b91a8afe35e5ff9a8bb19678817df79ce37aaec18b6ccdc349";"a822d0e51a7c74de9dd0dbe016ba18c64087e2f1adddefe8bca1ac8806641ec4"
"Fragebogen";"Fragebogen";"Fragebogen";"Hilfetext";"Frage «Liegestuetze» · Hilfetext";"1 – Auf den Bauch legen, Hände unter die Schultern.
2 – Arme strecken und Körper vom Boden abheben.
3 – Körper, Hüfte und Beine in einer Linie halten.
4 – Körper absenken, bis die Brust fast den Boden berührt.
5 – Wieder hochdrücken in die Ausgangsposition.

Ohne Pause wiederholen, bis es nicht mehr geht.

<b>Was der Liegestütz-Test verrät:</b>
Liegestütze messen die Kraft von Brust, Schultern, Armen und Rumpf. Starke Oberkörpermuskeln sind wichtig für Alltagstätigkeiten wie Tragen oder Aufstehen und helfen, Sturzverletzungen zu vermeiden.";"1 – Lie face down with your hands beneath your shoulders.
2 – Straighten your arms and lift your body off the floor.
3 – Keep your body, hips and legs in a straight line.
4 – Lower your body until your chest almost touches the floor.
5 – Push back up to the starting position.

Repeat without a break until you cannot continue.

<b>What the push-up test shows:</b>
Push-ups measure the strength of your chest, shoulders, arms and core. Strong upper-body muscles are important for everyday activities such as carrying or getting up and help prevent injuries from falls.";"";"";"Marketing, Medizin";"Prüfung erforderlich";"";"";"";"questionnaire.question.liegestuetze.help";"questionnaire";"en-CH";"3";"v1:d3fd3111d338f5b91a8afe35e5ff9a8bb19678817df79ce37aaec18b6ccdc349";"58f2b1ee26914b5fe12ec2d1dc2f7cce5ce3a0d91092231b4710227e425cbc14"
"Fragebogen";"Fragebogen";"Fragebogen";"Titel des Hilfetexts";"Frage «Liegestuetze» · Titel des Hilfetexts";"So führen Sie den Liegestütz-Test korrekt aus";"How to perform the push-up test correctly";"";"";"Marketing";"Prüfung erforderlich";"";"";"";"questionnaire.question.liegestuetze.help_title";"questionnaire";"en-CH";"3";"v1:d3fd3111d338f5b91a8afe35e5ff9a8bb19678817df79ce37aaec18b6ccdc349";"c9d4603be8415f974e421729bc22664879cb65ec4f38b1c3a34d000f39a25a8a"
"Fragebogen";"Fragebogen";"Fragebogen";"Frage";"Frage «Omega3» · Fragetext";"Wie oft pro Woche essen Sie fettreichen Fisch (z. B. Lachs, Makrele, Hering) oder nehmen Omega-3 als Nahrungsergänzung ein?";"How often per week do you eat oily fish (e.g. salmon, mackerel or herring) or take an omega-3 supplement?";"";"";"Marketing, Medizin";"Prüfung erforderlich";"";"";"";"questionnaire.question.omega3.text";"questionnaire";"en-CH";"3";"v1:d3fd3111d338f5b91a8afe35e5ff9a8bb19678817df79ce37aaec18b6ccdc349";"d76c9d37949dcf45920a70e65fa03c72f7fb9339ad559e6fdf536bd18a8e8da2"
"Fragebogen";"Fragebogen";"Fragebogen";"Hilfetext";"Frage «Omega3» · Hilfetext";"Omega-3-Fettsäuren aus maritimen Quellen unterstützen Ihr Gehirn, Ihr Herz und wirken stark entzündungshemmend im ganzen Körper. Da der Körper sie nicht ausreichend selbst bildet, ist ihre regelmässige Zufuhr über Lebensmittel entscheidend. Algenöl ist eine sehr gute vegane Alternative zu Fisch. Ihr Körper kann diese sofort nutzen, im Gegensatz zu Omega-3-Vorstufen aus anderen Pflanzenölen.";"Omega-3 fatty acids from marine sources support your brain and heart and have a strong anti-inflammatory effect throughout the body. Because the body cannot produce enough of them itself, it is important to obtain them regularly through food. Algal oil is an excellent vegan alternative to fish. Your body can use it directly, unlike omega-3 precursors from other plant oils.";"";"";"Marketing, Medizin";"Prüfung erforderlich";"";"";"";"questionnaire.question.omega3.help";"questionnaire";"en-CH";"3";"v1:d3fd3111d338f5b91a8afe35e5ff9a8bb19678817df79ce37aaec18b6ccdc349";"b0cd8c29b54643ec4510e13d4f139a7c6daed5c299b832d10e0215cb20b60fc9"
"Fragebogen";"Fragebogen";"Fragebogen";"Titel des Hilfetexts";"Frage «Omega3» · Titel des Hilfetexts";"Warum ist Omega-3 wichtig?";"Why is omega-3 important?";"";"";"Marketing";"Prüfung erforderlich";"";"";"";"questionnaire.question.omega3.help_title";"questionnaire";"en-CH";"3";"v1:d3fd3111d338f5b91a8afe35e5ff9a8bb19678817df79ce37aaec18b6ccdc349";"1ab3585f0fe37967030c9aee066d42361e39bb7d05160ed6d357f812efe95958"
"Fragebogen";"Fragebogen";"Fragebogen";"Antwortoption";"Frage «Omega3» · Antwortoption";"Nie";"Never";"";"";"Marketing";"Prüfung erforderlich";"";"";"";"questionnaire.question.omega3.option.nie";"questionnaire";"en-CH";"3";"v1:d3fd3111d338f5b91a8afe35e5ff9a8bb19678817df79ce37aaec18b6ccdc349";"7f5963e98699cb14d92dd5dfff5efb475984d40f18d98c1469ea468691803f48"
"Fragebogen";"Fragebogen";"Fragebogen";"Antwortoption";"Frage «Omega3» · Antwortoption";"Seltener als 1x pro Woche";"Less than once per week";"";"";"Marketing";"Prüfung erforderlich";"";"";"";"questionnaire.question.omega3.option.u1woche";"questionnaire";"en-CH";"3";"v1:d3fd3111d338f5b91a8afe35e5ff9a8bb19678817df79ce37aaec18b6ccdc349";"6cbee9e0836f2a44c02650464494998933fe9055dc37ff5acfd2b857b687fa76"
"Fragebogen";"Fragebogen";"Fragebogen";"Antwortoption";"Frage «Omega3» · Antwortoption";"Mehr als 2x pro Woche";"More than twice per week";"";"";"Marketing";"Prüfung erforderlich";"";"";"";"questionnaire.question.omega3.option.ue2";"questionnaire";"en-CH";"3";"v1:d3fd3111d338f5b91a8afe35e5ff9a8bb19678817df79ce37aaec18b6ccdc349";"587317fe9c73693b3db956305b450a323ac897ee7ae8d3ef6b509b41aed28798"
"Fragebogen";"Fragebogen";"Fragebogen";"Antwortoption";"Frage «Omega3» · Antwortoption";"1x pro Woche";"Once per week";"";"";"Marketing";"Prüfung erforderlich";"";"";"";"questionnaire.question.omega3.option.w1";"questionnaire";"en-CH";"3";"v1:d3fd3111d338f5b91a8afe35e5ff9a8bb19678817df79ce37aaec18b6ccdc349";"ab6c16fa99a4cce40e7f6ab56574a6b3a69fa277f54deba50312e7bd6dbc6bb6"
"Fragebogen";"Fragebogen";"Fragebogen";"Antwortoption";"Frage «Omega3» · Antwortoption";"2x pro Woche";"Twice per week";"";"";"Marketing";"Prüfung erforderlich";"";"";"";"questionnaire.question.omega3.option.w2";"questionnaire";"en-CH";"3";"v1:d3fd3111d338f5b91a8afe35e5ff9a8bb19678817df79ce37aaec18b6ccdc349";"c645a73ebd6baf37051e79f7dbce63ea3b23168b0191fe4e4b857484cf6b900d"
"Fragebogen";"Fragebogen";"Fragebogen";"Frage";"Frage «Pflanzenvielfalt» · Fragetext";"Wie viele verschiedene pflanzliche Lebensmittel haben Sie in der letzten Woche gegessen?";"How many different plant foods did you eat in the past week?";"";"";"Marketing, Medizin";"Prüfung erforderlich";"";"";"";"questionnaire.question.pflanzenvielfalt.text";"questionnaire";"en-CH";"3";"v1:d3fd3111d338f5b91a8afe35e5ff9a8bb19678817df79ce37aaec18b6ccdc349";"dc2d2d81c0a1793e7f0da9fac5812a976bced46c14cbf31b3972a8655df45c38"
"Fragebogen";"Fragebogen";"Fragebogen";"Hilfetext";"Frage «Pflanzenvielfalt» · Hilfetext";"<b>Gemüse &amp; Salate:</b> Spinat, Brokkoli, Karotten, Tomaten, Gurken, Paprika, Zwiebeln, Knoblauch
<b>Früchte:</b> Äpfel, Bananen, Beeren, Orangen, Trauben, Avocado
<b>Getreide &amp; Pseudogetreide:</b> Hafer, Quinoa, Hirse, Buchweizen, Gerste, Vollkornreis
<b>Samen:</b> Chiasamen, Leinsamen, Kürbiskerne, Sonnenblumenkerne, Sesam
<b>Hülsenfrüchte &amp; Nüsse:</b> Linsen, Kichererbsen, Bohnen, Mandeln, Walnüsse
<b>Gewürze &amp; Kräuter:</b> Basilikum, Oregano, Kurkuma, Ingwer, Zimt, Pfeffer
<b>Pilze:</b> Champignons, Shiitake, Austernpilze

<b>Warum ist pflanzliche Vielfalt wichtig?</b>
Eine bunte Auswahl an Pflanzen liefert Nährstoffe, Antioxidantien und Ballaststoffe. Jede Pflanze enthält eigene bioaktive Stoffe, die verschiedene Funktionen im Körper unterstützen. Vielfalt stärkt besonders das Darmmikrobiom und fördert so eine gesunde Darmflora.";"<b>Vegetables &amp; salads:</b> spinach, broccoli, carrots, tomatoes, cucumbers, peppers, onions, garlic
<b>Fruit:</b> apples, bananas, berries, oranges, grapes, avocado
<b>Grains &amp; pseudograins:</b> oats, quinoa, millet, buckwheat, barley, brown rice
<b>Seeds:</b> chia seeds, linseeds, pumpkin seeds, sunflower seeds, sesame seeds
<b>Legumes &amp; nuts:</b> lentils, chickpeas, beans, almonds, walnuts
<b>Spices &amp; herbs:</b> basil, oregano, turmeric, ginger, cinnamon, pepper
<b>Mushrooms:</b> button mushrooms, shiitake, oyster mushrooms

<b>Why is plant diversity important?</b>
A colourful variety of plants provides nutrients, antioxidants and fibre. Each plant contains its own bioactive compounds that support different functions in the body. Diversity particularly supports the gut microbiome and thereby promotes a healthy intestinal flora.";"";"";"Marketing, Medizin";"Prüfung erforderlich";"";"";"";"questionnaire.question.pflanzenvielfalt.help";"questionnaire";"en-CH";"3";"v1:d3fd3111d338f5b91a8afe35e5ff9a8bb19678817df79ce37aaec18b6ccdc349";"d787543e644aabcce30479de11f0157f11e4464032f370a6f7bf262ebe0d6c39"
"Fragebogen";"Fragebogen";"Fragebogen";"Titel des Hilfetexts";"Frage «Pflanzenvielfalt» · Titel des Hilfetexts";"Was zählt beispielsweise als pflanzliches Lebensmittel?";"What counts as a plant food, for example?";"";"";"Marketing";"Prüfung erforderlich";"";"";"";"questionnaire.question.pflanzenvielfalt.help_title";"questionnaire";"en-CH";"3";"v1:d3fd3111d338f5b91a8afe35e5ff9a8bb19678817df79ce37aaec18b6ccdc349";"a338d076921f5ef9af7ba5b76d40b51c7b54f95c2577174ebba155d682e00ec2"
"Fragebogen";"Fragebogen";"Fragebogen";"Antwortoption";"Frage «Pflanzenvielfalt» · Antwortoption";"Weniger als 10";"Fewer than 10";"";"";"Marketing";"Prüfung erforderlich";"";"";"";"questionnaire.question.pflanzenvielfalt.option.u10";"questionnaire";"en-CH";"3";"v1:d3fd3111d338f5b91a8afe35e5ff9a8bb19678817df79ce37aaec18b6ccdc349";"b571e70a81c6aabca1c5ababf47b8d8d26780bf39e4d7bd861e27d9db7506f27"
"Fragebogen";"Fragebogen";"Fragebogen";"Antwortoption";"Frage «Pflanzenvielfalt» · Antwortoption";"35 oder mehr";"35 or more";"";"";"Marketing";"Prüfung erforderlich";"";"";"";"questionnaire.question.pflanzenvielfalt.option.ue35";"questionnaire";"en-CH";"3";"v1:d3fd3111d338f5b91a8afe35e5ff9a8bb19678817df79ce37aaec18b6ccdc349";"0d24bb9a62f778cb33a998d56312c3380aa2e36fbd7ea2738c01bc6fa46eb3dc"
"Fragebogen";"Fragebogen";"Fragebogen";"Antwortoption";"Frage «Pflanzenvielfalt» · Antwortoption";"10–17";"10–17";"";"";"Marketing";"Prüfung erforderlich";"";"";"";"questionnaire.question.pflanzenvielfalt.option.v10_17";"questionnaire";"en-CH";"3";"v1:d3fd3111d338f5b91a8afe35e5ff9a8bb19678817df79ce37aaec18b6ccdc349";"b623f37c05eb62f8e6be7554be3e3bdccb236b3a082fbedfa11d1081bc1dc46f"
"Fragebogen";"Fragebogen";"Fragebogen";"Antwortoption";"Frage «Pflanzenvielfalt» · Antwortoption";"18–25";"18–25";"";"";"Marketing";"Prüfung erforderlich";"";"";"";"questionnaire.question.pflanzenvielfalt.option.v18_25";"questionnaire";"en-CH";"3";"v1:d3fd3111d338f5b91a8afe35e5ff9a8bb19678817df79ce37aaec18b6ccdc349";"ee5f0cd1132ef292094131b861851d339fef589d413d00fc389cda186c09c80f"
"Fragebogen";"Fragebogen";"Fragebogen";"Antwortoption";"Frage «Pflanzenvielfalt» · Antwortoption";"26–34";"26–34";"";"";"Marketing";"Prüfung erforderlich";"";"";"";"questionnaire.question.pflanzenvielfalt.option.v26_34";"questionnaire";"en-CH";"3";"v1:d3fd3111d338f5b91a8afe35e5ff9a8bb19678817df79ce37aaec18b6ccdc349";"c8b44d56a90a47fc4411ae819bf5a4758f1fdfa2fce4f2cc9ab3b16735016974"
"Fragebogen";"Fragebogen";"Fragebogen";"Frage";"Frage «Positive emotionen» · Fragetext";"Ich erlebe in meinem Alltag regelmässig Momente der Freude oder Dankbarkeit.";"I regularly experience moments of joy or gratitude in my daily life.";"";"";"Marketing, Medizin";"Prüfung erforderlich";"";"";"";"questionnaire.question.positive_emotionen.text";"questionnaire";"en-CH";"3";"v1:d3fd3111d338f5b91a8afe35e5ff9a8bb19678817df79ce37aaec18b6ccdc349";"cbb95fbeefed7a78cd7b85b61e1cf72761eca862ab422ad4e3254f58139a95d1"
"Fragebogen";"Fragebogen";"Fragebogen";"Frage";"Frage «Protein» · Fragetext";"Wie häufig gelingt es Ihnen, über den Tag verteilt zu mindestens drei Mahlzeiten oder Snacks eine klare Proteinquelle einzuplanen (z. B. Hülsenfrüchte, Tofu, Eier, Milchprodukte, Fisch oder Fleisch)?";"How often do you manage to include a clear source of protein in at least three meals or snacks spread throughout the day (e.g. legumes, tofu, eggs, dairy products, fish or meat)?";"";"";"Marketing, Medizin";"Prüfung erforderlich";"";"";"";"questionnaire.question.protein.text";"questionnaire";"en-CH";"3";"v1:d3fd3111d338f5b91a8afe35e5ff9a8bb19678817df79ce37aaec18b6ccdc349";"4f1c87c279400ed5896a5ae808cb17af14089832490971c2e3accbb65286b23d"
"Fragebogen";"Fragebogen";"Fragebogen";"Hilfetext";"Frage «Protein» · Hilfetext";"Diese Frage erfasst, wie regelmässig Sie Proteinquellen einbauen. Sie berechnet <b>nicht</b>, wie viele Gramm Protein Sie tatsächlich pro Tag und Kilogramm Körpergewicht aufnehmen.

<b>Geeignete Proteinquellen sind zum Beispiel:</b>
• Hülsenfrüchte wie Linsen, Bohnen oder Kichererbsen
• Tofu, Tempeh, Eier, Quark, Joghurt oder Hüttenkäse
• Fisch oder Fleisch
<b>Orientierung bei regelmässigem Krafttraining:</b>
Für gesunde Erwachsene sind etwa 1,4–1,6 g Protein pro kg Körpergewicht und Tag eine praktische Orientierung. In einer grossen Meta-Analyse flachten die durchschnittlichen zusätzlichen Vorteile für den Aufbau fettfreier Masse ab rund 1,6 g/kg/Tag deutlich ab. Das ist keine harte biologische Grenze.

Bis etwa 2,0 g/kg/Tag können bei sehr hoher Trainingsbelastung oder einem gezielten Energiedefizit als individueller Spielraum sinnvoll sein. Für die meisten Menschen ist diese Menge nicht nötig; das Alter allein begründet kein Ziel von 2,0 g/kg/Tag. Krafttraining setzt den Trainingsreiz, Protein liefert die Bausteine. Proteinpulver ist nicht automatisch erforderlich.

Für Personen unter 18 Jahren sowie bei einer Nierenerkrankung oder medizinisch verordneter Ernährung sollte die passende Menge fachlich geklärt werden.";"This question assesses how regularly you include sources of protein. It does <b>not</b> calculate how many grams of protein you actually consume per day and per kilogram of body weight.

<b>Suitable sources of protein include:</b>
• Legumes such as lentils, beans or chickpeas
• Tofu, tempeh, eggs, quark, yoghurt or cottage cheese
• Fish or meat
<b>Guidance for regular strength training:</b>
For healthy adults, around 1.4–1.6 g of protein per kg of body weight per day is a practical guide. In a large meta-analysis, the average additional benefits for building lean mass levelled off markedly from around 1.6 g/kg/day. This is not a strict biological limit.

Up to around 2.0 g/kg/day may be appropriate on an individual basis during very high training loads or a deliberate energy deficit. Most people do not need this amount, and age alone is not a reason to aim for 2.0 g/kg/day. Strength training provides the training stimulus; protein provides the building blocks. Protein powder is not automatically necessary.

People under the age of 18 and those with kidney disease or a medically prescribed diet should discuss the appropriate amount with a healthcare professional.";"";"";"Marketing, Medizin";"Prüfung erforderlich";"";"";"";"questionnaire.question.protein.help";"questionnaire";"en-CH";"3";"v1:d3fd3111d338f5b91a8afe35e5ff9a8bb19678817df79ce37aaec18b6ccdc349";"ab11d316f5486e9a37c8f9d22f030f240bc9fae0344262e7c40a4eec1f153a52"
"Fragebogen";"Fragebogen";"Fragebogen";"Titel des Hilfetexts";"Frage «Protein» · Titel des Hilfetexts";"Was misst diese Frage – und welche Menge ist sinnvoll?";"What does this question measure, and how much is appropriate?";"";"";"Marketing";"Prüfung erforderlich";"";"";"";"questionnaire.question.protein.help_title";"questionnaire";"en-CH";"3";"v1:d3fd3111d338f5b91a8afe35e5ff9a8bb19678817df79ce37aaec18b6ccdc349";"5cc29e943c9904359efbca6e7c676bef916eb02c02dc41bdd35902073e6f725a"
"Fragebogen";"Fragebogen";"Fragebogen";"Antwortoption";"Frage «Protein» · Antwortoption";"Fast immer";"Almost always";"";"";"Marketing";"Prüfung erforderlich";"";"";"";"questionnaire.question.protein.option.fast_immer";"questionnaire";"en-CH";"3";"v1:d3fd3111d338f5b91a8afe35e5ff9a8bb19678817df79ce37aaec18b6ccdc349";"ca5cab79d7ba36a0f07b95544629727a9f37167d62e87614a1ae16677b5beac8"
"Fragebogen";"Fragebogen";"Fragebogen";"Antwortoption";"Frage «Protein» · Antwortoption";"Etwa die Hälfte der Zeit";"About half the time";"";"";"Marketing";"Prüfung erforderlich";"";"";"";"questionnaire.question.protein.option.haelfte";"questionnaire";"en-CH";"3";"v1:d3fd3111d338f5b91a8afe35e5ff9a8bb19678817df79ce37aaec18b6ccdc349";"396c3aa303d27db0d88397d08c9454791ff0fb6ddf340cd21cc4c6a53e8f9d86"
"Fragebogen";"Fragebogen";"Fragebogen";"Antwortoption";"Frage «Protein» · Antwortoption";"Manchmal";"Sometimes";"";"";"Marketing";"Prüfung erforderlich";"";"";"";"questionnaire.question.protein.option.manchmal";"questionnaire";"en-CH";"3";"v1:d3fd3111d338f5b91a8afe35e5ff9a8bb19678817df79ce37aaec18b6ccdc349";"baa98f01662ccaee9d4dfb98eedb892ca55b05f9933bdb672103df3efe301ee2"
"Fragebogen";"Fragebogen";"Fragebogen";"Antwortoption";"Frage «Protein» · Antwortoption";"Meistens";"Most of the time";"";"";"Marketing";"Prüfung erforderlich";"";"";"";"questionnaire.question.protein.option.meistens";"questionnaire";"en-CH";"3";"v1:d3fd3111d338f5b91a8afe35e5ff9a8bb19678817df79ce37aaec18b6ccdc349";"b715525278ca57a22d6c6d7b8e555a56f6a6959274a04cff2efd8d0568aeeadb"
"Fragebogen";"Fragebogen";"Fragebogen";"Antwortoption";"Frage «Protein» · Antwortoption";"Selten";"Rarely";"";"";"Marketing";"Prüfung erforderlich";"";"";"";"questionnaire.question.protein.option.selten";"questionnaire";"en-CH";"3";"v1:d3fd3111d338f5b91a8afe35e5ff9a8bb19678817df79ce37aaec18b6ccdc349";"efd7c66dcf5ef63d45608ee1b57b82759731060b64192406eb8f85dd84b4f9eb"
"Fragebogen";"Fragebogen";"Fragebogen";"Frage";"Frage «Rauchen» · Fragetext";"Rauchen Sie oder haben Sie in der Vergangenheit geraucht? (z. B. Zigaretten, Vapes, Shisha)";"Do you smoke, or have you smoked in the past? (e.g. cigarettes, vapes or shisha)";"";"";"Marketing, Medizin";"Prüfung erforderlich";"";"";"";"questionnaire.question.rauchen.text";"questionnaire";"en-CH";"3";"v1:d3fd3111d338f5b91a8afe35e5ff9a8bb19678817df79ce37aaec18b6ccdc349";"fb419cbaf815125ff95f0407587fb223d22157b4d45a9e5d4b8461261159eb4d"
"Fragebogen";"Fragebogen";"Fragebogen";"Hilfetext";"Frage «Rauchen» · Hilfetext";"Ein Rauchstopp lohnt sich immer und in jedem Alter. Bereits nach einem Tag werden Atemwegsreizungen reduziert, in wenigen Monaten verbessert sich Ihr Kreislauf und Ihre Lungenfunktion. Nach etwa einem Jahr ist das Risiko für eine koronare Herzkrankheit ungefähr halb so hoch wie bei weiterem Rauchen. Ausserdem erholt sich Ihr Geruchssinn, das Essen schmeckt besser und Sie fühlen sich leistungsfähiger.";"Stopping smoking is worthwhile at any age. After just one day, irritation of the airways begins to decrease; within a few months, circulation and lung function improve. After about one year, the risk of coronary heart disease is approximately half that of someone who continues to smoke. Your sense of smell also recovers, food tastes better and you feel more capable.";"";"";"Marketing, Medizin";"Prüfung erforderlich";"";"";"";"questionnaire.question.rauchen.help";"questionnaire";"en-CH";"3";"v1:d3fd3111d338f5b91a8afe35e5ff9a8bb19678817df79ce37aaec18b6ccdc349";"954cc6fe35d118ed13c577d5d04765ccbb1e4d6998200ebfe22eeb3f8ee270de"
"Fragebogen";"Fragebogen";"Fragebogen";"Titel des Hilfetexts";"Frage «Rauchen» · Titel des Hilfetexts";"Haben Sie gewusst?";"Did you know?";"";"";"Marketing";"Prüfung erforderlich";"";"";"";"questionnaire.question.rauchen.help_title";"questionnaire";"en-CH";"3";"v1:d3fd3111d338f5b91a8afe35e5ff9a8bb19678817df79ce37aaec18b6ccdc349";"c75bca2c8602a299aea59442a7a9dbeffd2bdf29ded30f2aedc8a1bcf4a95d37"
"Fragebogen";"Fragebogen";"Fragebogen";"Antwortoption";"Frage «Rauchen» · Antwortoption";"Nicht mehr";"Not any more";"";"";"Marketing";"Prüfung erforderlich";"";"";"";"questionnaire.question.rauchen.option.frueher";"questionnaire";"en-CH";"3";"v1:d3fd3111d338f5b91a8afe35e5ff9a8bb19678817df79ce37aaec18b6ccdc349";"b79e685f88a4605242cd634a58cf15a0edb508e0efbd37a1038b4dcad14f1af1"
"Fragebogen";"Fragebogen";"Fragebogen";"Antwortoption";"Frage «Rauchen» · Antwortoption";"Ja, manchmal";"Yes, sometimes";"";"";"Marketing";"Prüfung erforderlich";"";"";"";"questionnaire.question.rauchen.option.ja_gelegentlich";"questionnaire";"en-CH";"3";"v1:d3fd3111d338f5b91a8afe35e5ff9a8bb19678817df79ce37aaec18b6ccdc349";"f12d1030ece7bc3c5a467e0edc4d1e487b131fb294a4d2ab97cfa892357e5676"
"Fragebogen";"Fragebogen";"Fragebogen";"Antwortoption";"Frage «Rauchen» · Antwortoption";"Ja, regelmässig";"Yes, regularly";"";"";"Marketing";"Prüfung erforderlich";"";"";"";"questionnaire.question.rauchen.option.ja_regelmaessig";"questionnaire";"en-CH";"3";"v1:d3fd3111d338f5b91a8afe35e5ff9a8bb19678817df79ce37aaec18b6ccdc349";"3014a463f88db1e9a8f488919b2583e54c46a42d00c9fd02cd17a49384898f69"
"Fragebogen";"Fragebogen";"Fragebogen";"Antwortoption";"Frage «Rauchen» · Antwortoption";"Keine Angaben";"Prefer not to say";"";"";"Marketing";"Prüfung erforderlich";"";"";"";"questionnaire.question.rauchen.option.keine_angabe";"questionnaire";"en-CH";"3";"v1:d3fd3111d338f5b91a8afe35e5ff9a8bb19678817df79ce37aaec18b6ccdc349";"9dff59a4f120bf72c5fa95d0f12c4557982409d4e2b06a7cfbca8075251f3a3c"
"Fragebogen";"Fragebogen";"Fragebogen";"Antwortoption";"Frage «Rauchen» · Antwortoption";"Nein, nie";"No, never";"";"";"Marketing";"Prüfung erforderlich";"";"";"";"questionnaire.question.rauchen.option.nie";"questionnaire";"en-CH";"3";"v1:d3fd3111d338f5b91a8afe35e5ff9a8bb19678817df79ce37aaec18b6ccdc349";"f016f514d9a39adac998283f319535a86898007f0a91413f17a70eab41be6e78"
"Fragebogen";"Fragebogen";"Fragebogen";"Frage";"Frage «Saettigung» · Fragetext";"Wie häufig fühlen Sie sich nach Ihren Hauptmahlzeiten für etwa vier Stunden satt, ohne Bedürfnis nach einem Snack?";"How often do you feel full for around four hours after your main meals, without wanting a snack?";"";"";"Marketing, Medizin";"Prüfung erforderlich";"";"";"";"questionnaire.question.saettigung.text";"questionnaire";"en-CH";"3";"v1:d3fd3111d338f5b91a8afe35e5ff9a8bb19678817df79ce37aaec18b6ccdc349";"252dc7d6a14b7013bef02b47a10e2008570331efd5212a375dc179ed3cf56d88"
"Fragebogen";"Fragebogen";"Fragebogen";"Antwortoption";"Frage «Saettigung» · Antwortoption";"Fast immer";"Almost always";"";"";"Marketing";"Prüfung erforderlich";"";"";"";"questionnaire.question.saettigung.option.fast_immer";"questionnaire";"en-CH";"3";"v1:d3fd3111d338f5b91a8afe35e5ff9a8bb19678817df79ce37aaec18b6ccdc349";"34815e5fd5784d6e6f2ceca81f45c6ddbc181483f82c488139d46b76a0040307"
"Fragebogen";"Fragebogen";"Fragebogen";"Antwortoption";"Frage «Saettigung» · Antwortoption";"Manchmal";"Sometimes";"";"";"Marketing";"Prüfung erforderlich";"";"";"";"questionnaire.question.saettigung.option.manchmal";"questionnaire";"en-CH";"3";"v1:d3fd3111d338f5b91a8afe35e5ff9a8bb19678817df79ce37aaec18b6ccdc349";"8fd23990e677c127c61080332963196f858b4cfcad7e8c6ae34f6f2ab747df88"
"Fragebogen";"Fragebogen";"Fragebogen";"Antwortoption";"Frage «Saettigung» · Antwortoption";"Nie";"Never";"";"";"Marketing";"Prüfung erforderlich";"";"";"";"questionnaire.question.saettigung.option.nie";"questionnaire";"en-CH";"3";"v1:d3fd3111d338f5b91a8afe35e5ff9a8bb19678817df79ce37aaec18b6ccdc349";"c066fef5e91683735f874e39267110f340f752a9768487903ae6e67d07f80dfd"
"Fragebogen";"Fragebogen";"Fragebogen";"Antwortoption";"Frage «Saettigung» · Antwortoption";"Oft";"Often";"";"";"Marketing";"Prüfung erforderlich";"";"";"";"questionnaire.question.saettigung.option.oft";"questionnaire";"en-CH";"3";"v1:d3fd3111d338f5b91a8afe35e5ff9a8bb19678817df79ce37aaec18b6ccdc349";"53467a68dfa237b7332560dba5ebabd54fa3f0ce8b16ee5aecb8348d668436f1"
"Fragebogen";"Fragebogen";"Fragebogen";"Antwortoption";"Frage «Saettigung» · Antwortoption";"Selten";"Rarely";"";"";"Marketing";"Prüfung erforderlich";"";"";"";"questionnaire.question.saettigung.option.selten";"questionnaire";"en-CH";"3";"v1:d3fd3111d338f5b91a8afe35e5ff9a8bb19678817df79ce37aaec18b6ccdc349";"6b1896beee783a3b5e41529bd1fe5fe360c0fa4453109376e1babd19e2beb76d"
"Fragebogen";"Fragebogen";"Fragebogen";"Frage";"Frage «Schlaf auswirkung» · Fragetext";"Wie stark hat Ihr Schlaf im letzten Monat Ihren Alltag beeinträchtigt? (z. B. reduzierte Leistungsfähigkeit, Konzentration, Stimmung, Energie, soziale Aktivitäten)";"How much did your sleep affect your daily life in the past month? (e.g. reduced performance, concentration, mood, energy or social activities)";"";"";"Marketing, Medizin";"Prüfung erforderlich";"";"";"";"questionnaire.question.schlaf_auswirkung.text";"questionnaire";"en-CH";"3";"v1:d3fd3111d338f5b91a8afe35e5ff9a8bb19678817df79ce37aaec18b6ccdc349";"c06c811213e3dd7ca76d24dd170ffb79ceec547d67c4298805a0b1fb5ee245fb"
"Fragebogen";"Fragebogen";"Fragebogen";"Antwortoption";"Frage «Schlaf auswirkung» · Antwortoption";"Deutlich";"Considerably";"";"";"Marketing";"Prüfung erforderlich";"";"";"";"questionnaire.question.schlaf_auswirkung.option.deutlich";"questionnaire";"en-CH";"3";"v1:d3fd3111d338f5b91a8afe35e5ff9a8bb19678817df79ce37aaec18b6ccdc349";"4443811d6e59c1b6dc9b4c733337ae03858ac0df0249dc871ca249f24e1af3b9"
"Fragebogen";"Fragebogen";"Fragebogen";"Antwortoption";"Frage «Schlaf auswirkung» · Antwortoption";"Gar nicht";"Not at all";"";"";"Marketing";"Prüfung erforderlich";"";"";"";"questionnaire.question.schlaf_auswirkung.option.gar_nicht";"questionnaire";"en-CH";"3";"v1:d3fd3111d338f5b91a8afe35e5ff9a8bb19678817df79ce37aaec18b6ccdc349";"477c016e4db7e56011b6fc6e82649434a97b188701dc3c6e5cadb9f388321e37"
"Fragebogen";"Fragebogen";"Fragebogen";"Antwortoption";"Frage «Schlaf auswirkung» · Antwortoption";"Minimal";"Minimally";"";"";"Marketing";"Prüfung erforderlich";"";"";"";"questionnaire.question.schlaf_auswirkung.option.kaum";"questionnaire";"en-CH";"3";"v1:d3fd3111d338f5b91a8afe35e5ff9a8bb19678817df79ce37aaec18b6ccdc349";"8a5816f08b3a66102c21bc387e127663d2afdd5dbfc825a9f5c1359df6d7e328"
"Fragebogen";"Fragebogen";"Fragebogen";"Antwortoption";"Frage «Schlaf auswirkung» · Antwortoption";"Massiv";"Severely";"";"";"Marketing";"Prüfung erforderlich";"";"";"";"questionnaire.question.schlaf_auswirkung.option.massiv";"questionnaire";"en-CH";"3";"v1:d3fd3111d338f5b91a8afe35e5ff9a8bb19678817df79ce37aaec18b6ccdc349";"766919d41355453fcd990587c53ce7d635f17d80b650012386e13958de712f7f"
"Fragebogen";"Fragebogen";"Fragebogen";"Antwortoption";"Frage «Schlaf auswirkung» · Antwortoption";"Spürbar";"Noticeably";"";"";"Marketing";"Prüfung erforderlich";"";"";"";"questionnaire.question.schlaf_auswirkung.option.spuerbar";"questionnaire";"en-CH";"3";"v1:d3fd3111d338f5b91a8afe35e5ff9a8bb19678817df79ce37aaec18b6ccdc349";"50151f3e2ebdf743fbb836229fdc8609551481c5e2bc627d446e9236ad7a8867"
"Fragebogen";"Fragebogen";"Fragebogen";"Frage";"Frage «Schlafdauer» · Fragetext";"Wie viele Stunden haben Sie im letzten Monat durchschnittlich pro Nacht geschlafen (ohne Wachphasen)?";"On average, how many hours per night did you sleep in the past month, excluding periods when you were awake?";"";"";"Marketing, Medizin";"Prüfung erforderlich";"";"";"";"questionnaire.question.schlafdauer.text";"questionnaire";"en-CH";"3";"v1:d3fd3111d338f5b91a8afe35e5ff9a8bb19678817df79ce37aaec18b6ccdc349";"db11fd887ae911f44f6fc2373a4fa8d48d32799cac86c7441e8c72c10dd4bdea"
"Fragebogen";"Fragebogen";"Fragebogen";"Antwortoption";"Frage «Schlafdauer» · Antwortoption";"5–6 h";"5–6 h";"";"";"Marketing";"Prüfung erforderlich";"";"";"";"questionnaire.question.schlafdauer.option.s5_6";"questionnaire";"en-CH";"3";"v1:d3fd3111d338f5b91a8afe35e5ff9a8bb19678817df79ce37aaec18b6ccdc349";"d0cf1b80b184e581316514b1c4f8bb90a0ed1201f007c8c4860492f9476cce1c"
"Fragebogen";"Fragebogen";"Fragebogen";"Antwortoption";"Frage «Schlafdauer» · Antwortoption";"6–7 h";"6–7 h";"";"";"Marketing";"Prüfung erforderlich";"";"";"";"questionnaire.question.schlafdauer.option.s6_7";"questionnaire";"en-CH";"3";"v1:d3fd3111d338f5b91a8afe35e5ff9a8bb19678817df79ce37aaec18b6ccdc349";"e799a171c5fbc3370b9f381f7e5b880f9ef3edd8d24dff6e09b24508c936943d"
"Fragebogen";"Fragebogen";"Fragebogen";"Antwortoption";"Frage «Schlafdauer» · Antwortoption";"7–9 h";"7–9 h";"";"";"Marketing";"Prüfung erforderlich";"";"";"";"questionnaire.question.schlafdauer.option.s7_9";"questionnaire";"en-CH";"3";"v1:d3fd3111d338f5b91a8afe35e5ff9a8bb19678817df79ce37aaec18b6ccdc349";"7e2931e8a61cced446a8ea4eb481c0c133d8d7a8127686fb55bd3d4dbf0e1ec3"
"Fragebogen";"Fragebogen";"Fragebogen";"Antwortoption";"Frage «Schlafdauer» · Antwortoption";"Weniger als 5 h";"Less than 5 h";"";"";"Marketing";"Prüfung erforderlich";"";"";"";"questionnaire.question.schlafdauer.option.u5";"questionnaire";"en-CH";"3";"v1:d3fd3111d338f5b91a8afe35e5ff9a8bb19678817df79ce37aaec18b6ccdc349";"8b8b28f69b02b6685a477eda2c6600c7514cb409d3253cee5035b9d5e3c7cec8"
"Fragebogen";"Fragebogen";"Fragebogen";"Antwortoption";"Frage «Schlafdauer» · Antwortoption";"Mehr als 9 h";"More than 9 h";"";"";"Marketing";"Prüfung erforderlich";"";"";"";"questionnaire.question.schlafdauer.option.ue9";"questionnaire";"en-CH";"3";"v1:d3fd3111d338f5b91a8afe35e5ff9a8bb19678817df79ce37aaec18b6ccdc349";"1cbcea530bfe451489ebec93699594865ac0a0c6a8d63b9970503c1da2ca6391"
"Fragebogen";"Fragebogen";"Fragebogen";"Frage";"Frage «Schlafqualitaet» · Fragetext";"Wie gut oder schlecht haben Sie im letzten Monat insgesamt geschlafen?";"Overall, how well or poorly did you sleep in the past month?";"";"";"Marketing, Medizin";"Prüfung erforderlich";"";"";"";"questionnaire.question.schlafqualitaet.text";"questionnaire";"en-CH";"3";"v1:d3fd3111d338f5b91a8afe35e5ff9a8bb19678817df79ce37aaec18b6ccdc349";"93b76f37c93a650539e458e51777079206738568c7f2d2198ce0d10f7c35eb0a"
"Fragebogen";"Fragebogen";"Fragebogen";"Antwortoption";"Frage «Schlafqualitaet» · Antwortoption";"Durchschnittlich";"Average";"";"";"Marketing";"Prüfung erforderlich";"";"";"";"questionnaire.question.schlafqualitaet.option.durchschnittlich";"questionnaire";"en-CH";"3";"v1:d3fd3111d338f5b91a8afe35e5ff9a8bb19678817df79ce37aaec18b6ccdc349";"f159469c8bd4b627c376600811efe6e0aa628dbc19789ea898505d61f5e29cdb"
"Fragebogen";"Fragebogen";"Fragebogen";"Antwortoption";"Frage «Schlafqualitaet» · Antwortoption";"Gut";"Good";"";"";"Marketing";"Prüfung erforderlich";"";"";"";"questionnaire.question.schlafqualitaet.option.gut";"questionnaire";"en-CH";"3";"v1:d3fd3111d338f5b91a8afe35e5ff9a8bb19678817df79ce37aaec18b6ccdc349";"b2e110b6ea5a2795cc706c399882246524d55d7cd8a215e9e1412110ffb646ad"
"Fragebogen";"Fragebogen";"Fragebogen";"Antwortoption";"Frage «Schlafqualitaet» · Antwortoption";"Schlecht";"Poor";"";"";"Marketing";"Prüfung erforderlich";"";"";"";"questionnaire.question.schlafqualitaet.option.schlecht";"questionnaire";"en-CH";"3";"v1:d3fd3111d338f5b91a8afe35e5ff9a8bb19678817df79ce37aaec18b6ccdc349";"4cc0a92051b9215a059a8112ccef046e0d39b540ad94989e79a1c1aa4d921633"
"Fragebogen";"Fragebogen";"Fragebogen";"Antwortoption";"Frage «Schlafqualitaet» · Antwortoption";"Sehr gut";"Very good";"";"";"Marketing";"Prüfung erforderlich";"";"";"";"questionnaire.question.schlafqualitaet.option.sehr_gut";"questionnaire";"en-CH";"3";"v1:d3fd3111d338f5b91a8afe35e5ff9a8bb19678817df79ce37aaec18b6ccdc349";"f3594a3f97c885392e104a5f5651e4c12b98cd5c40f7619179ec0141abd0ed13"
"Fragebogen";"Fragebogen";"Fragebogen";"Antwortoption";"Frage «Schlafqualitaet» · Antwortoption";"Sehr schlecht";"Very poor";"";"";"Marketing";"Prüfung erforderlich";"";"";"";"questionnaire.question.schlafqualitaet.option.sehr_schlecht";"questionnaire";"en-CH";"3";"v1:d3fd3111d338f5b91a8afe35e5ff9a8bb19678817df79ce37aaec18b6ccdc349";"5b2e628972c59cd4fc1eee31ac803a57251e0356998bfd52bfab910227055c06"
"Fragebogen";"Fragebogen";"Fragebogen";"Frage";"Frage «Schlafrhythmus» · Fragetext";"Stehen Sie jeden Tag, auch am Wochenende, ungefähr zur gleichen Zeit auf und gehen zur gleichen Zeit ins Bett? (z. B. Sie gehen jeden Tag um 22 Uhr ins Bett und stehen um 6 Uhr auf)";"Do you get up and go to bed at approximately the same time every day, including weekends? (e.g. you go to bed at 10 p.m. and get up at 6 a.m. every day)";"";"";"Marketing, Medizin";"Prüfung erforderlich";"";"";"";"questionnaire.question.schlafrhythmus.text";"questionnaire";"en-CH";"3";"v1:d3fd3111d338f5b91a8afe35e5ff9a8bb19678817df79ce37aaec18b6ccdc349";"e63ac5792ab08646f89a0bc33af7a5dd169e3220a19b868845fa9e9a2ec05f77"
"Fragebogen";"Fragebogen";"Fragebogen";"Antwortoption";"Frage «Schlafrhythmus» · Antwortoption";"Etwas unregelmässig (±1 h Abweichung)";"Somewhat irregular (variation of ±1 h)";"";"";"Marketing";"Prüfung erforderlich";"";"";"";"questionnaire.question.schlafrhythmus.option.etwas_unregelmaessig";"questionnaire";"en-CH";"3";"v1:d3fd3111d338f5b91a8afe35e5ff9a8bb19678817df79ce37aaec18b6ccdc349";"aad577799cafd0a697f68c78acaf7b168e22127943b566bcc36d0ee4488c0645"
"Fragebogen";"Fragebogen";"Fragebogen";"Antwortoption";"Frage «Schlafrhythmus» · Antwortoption";"Regelmässig (±45 min Abweichung)";"Regular (variation of ±45 min)";"";"";"Marketing";"Prüfung erforderlich";"";"";"";"questionnaire.question.schlafrhythmus.option.regelmaessig";"questionnaire";"en-CH";"3";"v1:d3fd3111d338f5b91a8afe35e5ff9a8bb19678817df79ce37aaec18b6ccdc349";"adda39b8b3606b437eefa737ffaf60ff8e25697216e3ec0b47c258a196ffb689"
"Fragebogen";"Fragebogen";"Fragebogen";"Antwortoption";"Frage «Schlafrhythmus» · Antwortoption";"Sehr regelmässig (±30 min Abweichung)";"Very regular (variation of ±30 min)";"";"";"Marketing";"Prüfung erforderlich";"";"";"";"questionnaire.question.schlafrhythmus.option.sehr_regelmaessig";"questionnaire";"en-CH";"3";"v1:d3fd3111d338f5b91a8afe35e5ff9a8bb19678817df79ce37aaec18b6ccdc349";"7473e6aff813b3b29cd44d92538dbf38fc0013aa0a253ead3798d00180de536a"
"Fragebogen";"Fragebogen";"Fragebogen";"Antwortoption";"Frage «Schlafrhythmus» · Antwortoption";"Sehr unregelmässig (mehr als 2 h Abweichung)";"Very irregular (variation of more than 2 h)";"";"";"Marketing";"Prüfung erforderlich";"";"";"";"questionnaire.question.schlafrhythmus.option.sehr_unregelmaessig";"questionnaire";"en-CH";"3";"v1:d3fd3111d338f5b91a8afe35e5ff9a8bb19678817df79ce37aaec18b6ccdc349";"bcb7b5dbab1ac54d0b24c9c51a555bb01afe264e6326c03403365c376e6e4679"
"Fragebogen";"Fragebogen";"Fragebogen";"Antwortoption";"Frage «Schlafrhythmus» · Antwortoption";"Unregelmässig (±1,5 h Abweichung)";"Irregular (variation of ±1.5 h)";"";"";"Marketing";"Prüfung erforderlich";"";"";"";"questionnaire.question.schlafrhythmus.option.unregelmaessig";"questionnaire";"en-CH";"3";"v1:d3fd3111d338f5b91a8afe35e5ff9a8bb19678817df79ce37aaec18b6ccdc349";"f7c9e6328dbfebbcc57d8fd2daed443a8b42e7e381427db4c02b7db405f34790"
"Fragebogen";"Fragebogen";"Fragebogen";"Frage";"Frage «Selbstfuersorge» · Fragetext";"Ich finde auch in hektischen Zeiten Momente der Ruhe und Erholung.";"Even when life is hectic, I find moments of calm and recovery.";"";"";"Marketing, Medizin";"Prüfung erforderlich";"";"";"";"questionnaire.question.selbstfuersorge.text";"questionnaire";"en-CH";"3";"v1:d3fd3111d338f5b91a8afe35e5ff9a8bb19678817df79ce37aaec18b6ccdc349";"dbe66e87c73eb087b1002033c3eadf4d4fb0a477c9b7d2e8f4bec12344133c45"
"Fragebogen";"Fragebogen";"Fragebogen";"Frage";"Frage «Selbstwirksamkeit» · Fragetext";"Ich fühle mich meinem Alltag gewachsen.";"I feel able to manage the demands of daily life.";"";"";"Marketing, Medizin";"Prüfung erforderlich";"";"";"";"questionnaire.question.selbstwirksamkeit.text";"questionnaire";"en-CH";"3";"v1:d3fd3111d338f5b91a8afe35e5ff9a8bb19678817df79ce37aaec18b6ccdc349";"a587a29329be800d356a698d00371c040bc370884569b9d0fd81e517928fadea"
"Fragebogen";"Fragebogen";"Fragebogen";"Frage";"Frage «Sinnhaftigkeit» · Fragetext";"Ich erlebe mein Leben als sinnvoll und erfüllend.";"I experience my life as meaningful and fulfilling.";"";"";"Marketing, Medizin";"Prüfung erforderlich";"";"";"";"questionnaire.question.sinnhaftigkeit.text";"questionnaire";"en-CH";"3";"v1:d3fd3111d338f5b91a8afe35e5ff9a8bb19678817df79ce37aaec18b6ccdc349";"ba29c604bcb4c8b95b6abc5ff6c7facfc96dc9a561aafdcac4103a9d7bef7dd1"
"Fragebogen";"Fragebogen";"Fragebogen";"Frage";"Frage «Sitzzeit» · Fragetext";"Wie viele Stunden verbringen Sie an einem typischen Tag im Sitzen oder Liegen? (z. B. Arbeit/Ausbildung, Essen, Verkehr, Medien/Freizeit, Entspannung, aber ohne Schlaf/Nickerchen)";"How many hours do you spend sitting or lying down on a typical day? (e.g. at work or in education, while eating, travelling, using media, during leisure or while relaxing, but excluding sleep and naps)";"";"";"Marketing, Medizin";"Prüfung erforderlich";"";"";"";"questionnaire.question.sitzzeit.text";"questionnaire";"en-CH";"3";"v1:d3fd3111d338f5b91a8afe35e5ff9a8bb19678817df79ce37aaec18b6ccdc349";"be25e6bf8495f7f373b2655b326680a07d4ce30f548dca14515571bfaf582b48"
"Fragebogen";"Fragebogen";"Fragebogen";"Hilfetext";"Frage «Sitzzeit» · Hilfetext";"Langes Sitzen oder Liegen (ohne Schlaf) erhöht das Risiko für Herz-Kreislauf-Erkrankungen und Diabetes. Bereits eine kurze stündliche Pause (aufstehen, strecken, ein paar Schritte gehen oder die Treppe nehmen) senkt dieses Risiko deutlich.";"Long periods of sitting or lying down, excluding sleep, increase the risk of cardiovascular disease and diabetes. Even a short break every hour, such as standing up, stretching, walking a few steps or taking the stairs, significantly reduces this risk.";"";"";"Marketing, Medizin";"Prüfung erforderlich";"";"";"";"questionnaire.question.sitzzeit.help";"questionnaire";"en-CH";"3";"v1:d3fd3111d338f5b91a8afe35e5ff9a8bb19678817df79ce37aaec18b6ccdc349";"53aba50adbf2002a5109dbc4dc6f6a44f9c22d9bb02fae7d89f16b21b44760f8"
"Fragebogen";"Fragebogen";"Fragebogen";"Titel des Hilfetexts";"Frage «Sitzzeit» · Titel des Hilfetexts";"Haben Sie gewusst?";"Did you know?";"";"";"Marketing";"Prüfung erforderlich";"";"";"";"questionnaire.question.sitzzeit.help_title";"questionnaire";"en-CH";"3";"v1:d3fd3111d338f5b91a8afe35e5ff9a8bb19678817df79ce37aaec18b6ccdc349";"5c0857606f82fe768309f5f767f38759e46eaf277bd89bde4bcd0bd4938c47a1"
"Fragebogen";"Fragebogen";"Fragebogen";"Antwortoption";"Frage «Sitzzeit» · Antwortoption";"4–6 Stunden";"4–6 hours";"";"";"Marketing";"Prüfung erforderlich";"";"";"";"questionnaire.question.sitzzeit.option.s4_6";"questionnaire";"en-CH";"3";"v1:d3fd3111d338f5b91a8afe35e5ff9a8bb19678817df79ce37aaec18b6ccdc349";"70860fa88110e8208580e431e7edaceca7ce17a8c4f711a6a5f9efdc95a8d4c1"
"Fragebogen";"Fragebogen";"Fragebogen";"Antwortoption";"Frage «Sitzzeit» · Antwortoption";"7–8 Stunden";"7–8 hours";"";"";"Marketing";"Prüfung erforderlich";"";"";"";"questionnaire.question.sitzzeit.option.s7_8";"questionnaire";"en-CH";"3";"v1:d3fd3111d338f5b91a8afe35e5ff9a8bb19678817df79ce37aaec18b6ccdc349";"41a5a7e613a17e5fc5d15503b5a9f8c6f6c264336bf4fa9dfd24cc8a62e55fef"
"Fragebogen";"Fragebogen";"Fragebogen";"Antwortoption";"Frage «Sitzzeit» · Antwortoption";"9–10 Stunden";"9–10 hours";"";"";"Marketing";"Prüfung erforderlich";"";"";"";"questionnaire.question.sitzzeit.option.s9_10";"questionnaire";"en-CH";"3";"v1:d3fd3111d338f5b91a8afe35e5ff9a8bb19678817df79ce37aaec18b6ccdc349";"28ce06254b836f9aece39d1049d9d901231bfb788540899dbd77006fb89e12f6"
"Fragebogen";"Fragebogen";"Fragebogen";"Antwortoption";"Frage «Sitzzeit» · Antwortoption";"Weniger als 4 Stunden";"Less than 4 hours";"";"";"Marketing";"Prüfung erforderlich";"";"";"";"questionnaire.question.sitzzeit.option.u4";"questionnaire";"en-CH";"3";"v1:d3fd3111d338f5b91a8afe35e5ff9a8bb19678817df79ce37aaec18b6ccdc349";"2b255bfe768bf399c150fbec35aa8de0b27dc7b52e17195eab9f55725fd6faa6"
"Fragebogen";"Fragebogen";"Fragebogen";"Antwortoption";"Frage «Sitzzeit» · Antwortoption";"Mehr als 10 Stunden";"More than 10 hours";"";"";"Marketing";"Prüfung erforderlich";"";"";"";"questionnaire.question.sitzzeit.option.ue10";"questionnaire";"en-CH";"3";"v1:d3fd3111d338f5b91a8afe35e5ff9a8bb19678817df79ce37aaec18b6ccdc349";"ad79128f7211ff009634b21e68086bccaf1ee548a5ddf50daca12825a2740b2b"
"Fragebogen";"Fragebogen";"Fragebogen";"Frage";"Frage «Socialmedia» · Fragetext";"Verbringen Sie mehr Zeit mit Social Media als Ihnen lieb ist?";"Do you spend more time on social media than you would like?";"";"";"Marketing, Medizin";"Prüfung erforderlich";"";"";"";"questionnaire.question.socialmedia.text";"questionnaire";"en-CH";"3";"v1:d3fd3111d338f5b91a8afe35e5ff9a8bb19678817df79ce37aaec18b6ccdc349";"2dad16fa01168b6935a1ff050bb537b401aea66c7af7ffac6dbb1d9e2894f555"
"Fragebogen";"Fragebogen";"Fragebogen";"Hilfetext";"Frage «Socialmedia» · Hilfetext";"Social Media kann ein Suchtpotenzial darstellen und sowohl die psychische als auch die allgemeine Gesundheit beeinträchtigen. Dazu zählen Schlafstörungen, Depressionen, Angstzustände und soziale Konflikte.";"Social media can be addictive and can affect both mental and general health. Potential effects include sleep problems, depression, anxiety and social conflict.";"";"";"Marketing, Medizin";"Prüfung erforderlich";"";"";"";"questionnaire.question.socialmedia.help";"questionnaire";"en-CH";"3";"v1:d3fd3111d338f5b91a8afe35e5ff9a8bb19678817df79ce37aaec18b6ccdc349";"ab1170787ebd7d7fba61f62da5ca80f36e415a93a09af628ce8b757968ba7337"
"Fragebogen";"Fragebogen";"Fragebogen";"Titel des Hilfetexts";"Frage «Socialmedia» · Titel des Hilfetexts";"Haben Sie gewusst?";"Did you know?";"";"";"Marketing";"Prüfung erforderlich";"";"";"";"questionnaire.question.socialmedia.help_title";"questionnaire";"en-CH";"3";"v1:d3fd3111d338f5b91a8afe35e5ff9a8bb19678817df79ce37aaec18b6ccdc349";"ee5c98f8708bef98123a5fc6b3c9fa2a69bf9e02c4cf8c77c098601abd8b4eed"
"Fragebogen";"Fragebogen";"Fragebogen";"Antwortoption";"Frage «Socialmedia» · Antwortoption";"Manchmal";"Sometimes";"";"";"Marketing";"Prüfung erforderlich";"";"";"";"questionnaire.question.socialmedia.option.manchmal";"questionnaire";"en-CH";"3";"v1:d3fd3111d338f5b91a8afe35e5ff9a8bb19678817df79ce37aaec18b6ccdc349";"1d6e2d3b3ac81025cecc4dc3a0eb2f220ffaff2affff830f8ed0c07736d59de8"
"Fragebogen";"Fragebogen";"Fragebogen";"Antwortoption";"Frage «Socialmedia» · Antwortoption";"Nein";"No";"";"";"Marketing";"Prüfung erforderlich";"";"";"";"questionnaire.question.socialmedia.option.nein";"questionnaire";"en-CH";"3";"v1:d3fd3111d338f5b91a8afe35e5ff9a8bb19678817df79ce37aaec18b6ccdc349";"a16850afb2e25b336845f83eb63c327d02bd4651ba200e0550c73c428484140f"
"Fragebogen";"Fragebogen";"Fragebogen";"Antwortoption";"Frage «Socialmedia» · Antwortoption";"Oft";"Often";"";"";"Marketing";"Prüfung erforderlich";"";"";"";"questionnaire.question.socialmedia.option.oft";"questionnaire";"en-CH";"3";"v1:d3fd3111d338f5b91a8afe35e5ff9a8bb19678817df79ce37aaec18b6ccdc349";"3745fb5761cbc80dfc38e7973ce522ea51e399a98cfed9f2e7bbda07df38db67"
"Fragebogen";"Fragebogen";"Fragebogen";"Antwortoption";"Frage «Socialmedia» · Antwortoption";"Sehr oft";"Very often";"";"";"Marketing";"Prüfung erforderlich";"";"";"";"questionnaire.question.socialmedia.option.sehr_oft";"questionnaire";"en-CH";"3";"v1:d3fd3111d338f5b91a8afe35e5ff9a8bb19678817df79ce37aaec18b6ccdc349";"7298f91ad2047b05ae7e9b2d704463a57181fcfce7583c9f27a04afaccc8c1ad"
"Fragebogen";"Fragebogen";"Fragebogen";"Antwortoption";"Frage «Socialmedia» · Antwortoption";"Selten";"Rarely";"";"";"Marketing";"Prüfung erforderlich";"";"";"";"questionnaire.question.socialmedia.option.selten";"questionnaire";"en-CH";"3";"v1:d3fd3111d338f5b91a8afe35e5ff9a8bb19678817df79ce37aaec18b6ccdc349";"af1dc1d82bf2701eaa49ded0d179831f4c51e8225686999aaa75561abf366108"
"Fragebogen";"Fragebogen";"Fragebogen";"Frage";"Frage «Stabilitaet» · Fragetext";"Wie sicher fühlen Sie sich bei alltäglichen Bewegungen? (z. B. beim Aufstehen vom Boden, beim Gehen auf Waldwegen, beim Heruntersteigen von einem Hocker)";"How confident do you feel during everyday movements? (e.g. getting up from the floor, walking on forest paths or stepping down from a stool)";"";"";"Marketing, Medizin";"Prüfung erforderlich";"";"";"";"questionnaire.question.stabilitaet.text";"questionnaire";"en-CH";"3";"v1:d3fd3111d338f5b91a8afe35e5ff9a8bb19678817df79ce37aaec18b6ccdc349";"74f2d8c949531db1e6f2915f43b7a84e1438794e481b4544c7e4c7c1b39f0838"
"Fragebogen";"Fragebogen";"Fragebogen";"Hilfetext";"Frage «Stabilitaet» · Hilfetext";"Wer einmal gestürzt ist, hat ein hohes Risiko für weitere Stürze. Daher zählen Stürze zu den häufigsten Gesundheitsrisiken im Alter. Schon ein Sturz kann die Selbstständigkeit und Lebensqualität aufgrund von Verletzungen stark beeinträchtigen. Die gute Nachricht: Mit gezieltem Training von Gleichgewicht, Kraft und Beweglichkeit sinkt das Risiko erheblich.";"Someone who has fallen once has a high risk of falling again. Falls are therefore among the most common health risks in older age. A single fall can substantially affect independence and quality of life because of injuries. The good news is that targeted balance, strength and mobility training can significantly reduce the risk.";"";"";"Marketing, Medizin";"Prüfung erforderlich";"";"";"";"questionnaire.question.stabilitaet.help";"questionnaire";"en-CH";"3";"v1:d3fd3111d338f5b91a8afe35e5ff9a8bb19678817df79ce37aaec18b6ccdc349";"48f52c1120c29d27eec29353a55a2e7a4b08bb7cc4bb4fca1df32becd8ae0a41"
"Fragebogen";"Fragebogen";"Fragebogen";"Titel des Hilfetexts";"Frage «Stabilitaet» · Titel des Hilfetexts";"Haben Sie gewusst?";"Did you know?";"";"";"Marketing";"Prüfung erforderlich";"";"";"";"questionnaire.question.stabilitaet.help_title";"questionnaire";"en-CH";"3";"v1:d3fd3111d338f5b91a8afe35e5ff9a8bb19678817df79ce37aaec18b6ccdc349";"b7c8eb01d4d3d60953536b20c465a23e523a2bd7bbe5e0852cac9defe1f94ce5"
"Fragebogen";"Fragebogen";"Fragebogen";"Antwortoption";"Frage «Stabilitaet» · Antwortoption";"Sehr sicher";"Very confident";"";"";"Marketing";"Prüfung erforderlich";"";"";"";"questionnaire.question.stabilitaet.option.sehr_sicher";"questionnaire";"en-CH";"3";"v1:d3fd3111d338f5b91a8afe35e5ff9a8bb19678817df79ce37aaec18b6ccdc349";"39a481c3a6b608669659da4987bf5944fcdad8a593aa0a6172ded477b748e94e"
"Fragebogen";"Fragebogen";"Fragebogen";"Antwortoption";"Frage «Stabilitaet» · Antwortoption";"Sehr unsicher";"Very unconfident";"";"";"Marketing";"Prüfung erforderlich";"";"";"";"questionnaire.question.stabilitaet.option.sehr_unsicher";"questionnaire";"en-CH";"3";"v1:d3fd3111d338f5b91a8afe35e5ff9a8bb19678817df79ce37aaec18b6ccdc349";"540d968fe0c905cbc7d81928120ce96a12c61e0b23d46c59bf628f8e1a5598f3"
"Fragebogen";"Fragebogen";"Fragebogen";"Antwortoption";"Frage «Stabilitaet» · Antwortoption";"Sicher";"Confident";"";"";"Marketing";"Prüfung erforderlich";"";"";"";"questionnaire.question.stabilitaet.option.sicher";"questionnaire";"en-CH";"3";"v1:d3fd3111d338f5b91a8afe35e5ff9a8bb19678817df79ce37aaec18b6ccdc349";"ab5b7e2194c118257b6256529aa63a3aa2f6714e4ee1523759d3471f85dc4f23"
"Fragebogen";"Fragebogen";"Fragebogen";"Antwortoption";"Frage «Stabilitaet» · Antwortoption";"Unsicher";"Unconfident";"";"";"Marketing";"Prüfung erforderlich";"";"";"";"questionnaire.question.stabilitaet.option.unsicher";"questionnaire";"en-CH";"3";"v1:d3fd3111d338f5b91a8afe35e5ff9a8bb19678817df79ce37aaec18b6ccdc349";"02f1b849db8d9b6a30e9695814d86b3ebd28075d0a8e2d076fbf01a13c3819e4"
"Fragebogen";"Fragebogen";"Fragebogen";"Antwortoption";"Frage «Stabilitaet» · Antwortoption";"Weder noch";"Neither confident nor unconfident";"";"";"Marketing";"Prüfung erforderlich";"";"";"";"questionnaire.question.stabilitaet.option.weder";"questionnaire";"en-CH";"3";"v1:d3fd3111d338f5b91a8afe35e5ff9a8bb19678817df79ce37aaec18b6ccdc349";"ae857d45daef1301f996342134b423dc1a6e7cf927c32ced9fbb2c428cf307ce"
"Fragebogen";"Fragebogen";"Fragebogen";"Frage";"Frage «Treppen» · Fragetext";"Kommen Sie ausser Atem, wenn Sie zwei Stockwerke Treppen steigen?";"Do you become short of breath when you climb two flights of stairs?";"";"";"Marketing, Medizin";"Prüfung erforderlich";"";"";"";"questionnaire.question.treppen.text";"questionnaire";"en-CH";"3";"v1:d3fd3111d338f5b91a8afe35e5ff9a8bb19678817df79ce37aaec18b6ccdc349";"b6319e61324502c251dd5fb1ca9e1ca86e8e81aa667e2072fd7d607603dfcd93"
"Fragebogen";"Fragebogen";"Fragebogen";"Antwortoption";"Frage «Treppen» · Antwortoption";"Deutlich";"Considerably";"";"";"Marketing";"Prüfung erforderlich";"";"";"";"questionnaire.question.treppen.option.deutlich";"questionnaire";"en-CH";"3";"v1:d3fd3111d338f5b91a8afe35e5ff9a8bb19678817df79ce37aaec18b6ccdc349";"a554a95727410098afd48ccda90fa5e8eded4aa80677260fbee28fa5bb8719cb"
"Fragebogen";"Fragebogen";"Fragebogen";"Antwortoption";"Frage «Treppen» · Antwortoption";"Etwas";"Somewhat";"";"";"Marketing";"Prüfung erforderlich";"";"";"";"questionnaire.question.treppen.option.etwas";"questionnaire";"en-CH";"3";"v1:d3fd3111d338f5b91a8afe35e5ff9a8bb19678817df79ce37aaec18b6ccdc349";"98d4abccae2a3d60f089e0de1d7132ac83f071df8a8319b8b55220587138f8b3"
"Fragebogen";"Fragebogen";"Fragebogen";"Antwortoption";"Frage «Treppen» · Antwortoption";"Überhaupt nicht";"Not at all";"";"";"Marketing";"Prüfung erforderlich";"";"";"";"questionnaire.question.treppen.option.gar_nicht";"questionnaire";"en-CH";"3";"v1:d3fd3111d338f5b91a8afe35e5ff9a8bb19678817df79ce37aaec18b6ccdc349";"275d5200d0f4d23844e543956ecf5aab4cc0bd36c772740a72a17478aab5b62b"
"Fragebogen";"Fragebogen";"Fragebogen";"Antwortoption";"Frage «Treppen» · Antwortoption";"Kaum";"Hardly at all";"";"";"Marketing";"Prüfung erforderlich";"";"";"";"questionnaire.question.treppen.option.kaum";"questionnaire";"en-CH";"3";"v1:d3fd3111d338f5b91a8afe35e5ff9a8bb19678817df79ce37aaec18b6ccdc349";"143ca4691006e41f4830976376314449246498629f8b0d3088ed7891bf336a88"
"Fragebogen";"Fragebogen";"Fragebogen";"Antwortoption";"Frage «Treppen» · Antwortoption";"Sehr stark";"Very severely";"";"";"Marketing";"Prüfung erforderlich";"";"";"";"questionnaire.question.treppen.option.sehr_stark";"questionnaire";"en-CH";"3";"v1:d3fd3111d338f5b91a8afe35e5ff9a8bb19678817df79ce37aaec18b6ccdc349";"e9b9cd455ed7be036e018811971893c9b8d2b86f2ca8dcb9b382291ca71b0b9a"
"Fragebogen";"Fragebogen";"Fragebogen";"Frage";"Frage «Verarbeitet» · Fragetext";"Wie häufig greifen Sie in einer typischen Woche zu stark verarbeiteten Lebensmitteln?";"How often do you choose highly processed foods in a typical week?";"";"";"Marketing, Medizin";"Prüfung erforderlich";"";"";"";"questionnaire.question.verarbeitet.text";"questionnaire";"en-CH";"3";"v1:d3fd3111d338f5b91a8afe35e5ff9a8bb19678817df79ce37aaec18b6ccdc349";"6d2359cfbe8c778d6528ce46c4424db30dc7c64eec2d3264b09e252953311e0b"
"Fragebogen";"Fragebogen";"Fragebogen";"Hilfetext";"Frage «Verarbeitet» · Hilfetext";"• Fertiggerichte, Tiefkühlpizza
• Süssigkeiten, Cookies, Chips
• Softdrinks, Energy-Drinks
• Wurst und verarbeitetes Fleisch
• Weissbrot, süsse Backwaren
<b>Praktische Regel:</b>
Mehr als fünf Zutaten oder schwer aussprechbare Namen = meist stark verarbeitet.

<b>Warum sind verarbeitete Lebensmittel problematisch?</b>
Viele stark verarbeitete Produkte enthalten viel Zucker, Salz, ungünstige Fette und Zusatzstoffe, während Ballaststoffe und wichtige Nährstoffe fehlen. Nicht jedes verarbeitete Lebensmittel ist gleich problematisch. Entscheidend ist, den Anteil stark verarbeiteter Produkte zu reduzieren und schrittweise mehr frische, nährstoffreiche Lebensmittel in den Alltag einzubauen.";"• Ready meals, frozen pizza
• Sweets, biscuits, crisps
• Soft drinks, energy drinks
• Sausages and processed meat
• White bread, sweet baked goods
<b>Practical rule:</b>
More than five ingredients or names that are difficult to pronounce usually indicate a highly processed product.

<b>Why are processed foods problematic?</b>
Many highly processed products contain a lot of sugar, salt, less favourable fats and additives while lacking fibre and important nutrients. Not every processed food is equally problematic. The key is to reduce the proportion of highly processed products and gradually include more fresh, nutrient-rich foods in everyday life.";"";"";"Marketing, Medizin";"Prüfung erforderlich";"";"";"";"questionnaire.question.verarbeitet.help";"questionnaire";"en-CH";"3";"v1:d3fd3111d338f5b91a8afe35e5ff9a8bb19678817df79ce37aaec18b6ccdc349";"9a9d9276119a058a7185b3b516b1e3013339cbba7480b0abf70a9b60286f5233"
"Fragebogen";"Fragebogen";"Fragebogen";"Titel des Hilfetexts";"Frage «Verarbeitet» · Titel des Hilfetexts";"Was gilt als stark verarbeitet?";"What is considered highly processed?";"";"";"Marketing";"Prüfung erforderlich";"";"";"";"questionnaire.question.verarbeitet.help_title";"questionnaire";"en-CH";"3";"v1:d3fd3111d338f5b91a8afe35e5ff9a8bb19678817df79ce37aaec18b6ccdc349";"e840655a05203bfe2404d227589e2ff1690d286b5a10fd65679ac0940a4625e0"
"Fragebogen";"Fragebogen";"Fragebogen";"Antwortoption";"Frage «Verarbeitet» · Antwortoption";"Fast täglich";"Almost daily";"";"";"Marketing";"Prüfung erforderlich";"";"";"";"questionnaire.question.verarbeitet.option.fast_taeglich";"questionnaire";"en-CH";"3";"v1:d3fd3111d338f5b91a8afe35e5ff9a8bb19678817df79ce37aaec18b6ccdc349";"bda83719e2d95da0e52c081890033fe308e9ccef3031384abeebb9a511fe707a"
"Fragebogen";"Fragebogen";"Fragebogen";"Antwortoption";"Frage «Verarbeitet» · Antwortoption";"Mehrmals täglich";"Several times a day";"";"";"Marketing";"Prüfung erforderlich";"";"";"";"questionnaire.question.verarbeitet.option.mehrmals_taeglich";"questionnaire";"en-CH";"3";"v1:d3fd3111d338f5b91a8afe35e5ff9a8bb19678817df79ce37aaec18b6ccdc349";"840e14f002573a090ef2765e45ac35db4570246f5a53185e44371a8eb16f95ff"
"Fragebogen";"Fragebogen";"Fragebogen";"Antwortoption";"Frage «Verarbeitet» · Antwortoption";"Nie";"Never";"";"";"Marketing";"Prüfung erforderlich";"";"";"";"questionnaire.question.verarbeitet.option.nie";"questionnaire";"en-CH";"3";"v1:d3fd3111d338f5b91a8afe35e5ff9a8bb19678817df79ce37aaec18b6ccdc349";"747a85d5edc37f389c0155804594a76c15f83141d3b00a4098be29e715923847"
"Fragebogen";"Fragebogen";"Fragebogen";"Antwortoption";"Frage «Verarbeitet» · Antwortoption";"Seltener als 1x pro Woche";"Less than once per week";"";"";"Marketing";"Prüfung erforderlich";"";"";"";"questionnaire.question.verarbeitet.option.u1woche";"questionnaire";"en-CH";"3";"v1:d3fd3111d338f5b91a8afe35e5ff9a8bb19678817df79ce37aaec18b6ccdc349";"27e388498db9cd7f15ff3f2d8d9ca2adc970ed367397b122c5fad5b5ff41133f"
"Fragebogen";"Fragebogen";"Fragebogen";"Antwortoption";"Frage «Verarbeitet» · Antwortoption";"1–2x pro Woche";"1–2 times per week";"";"";"Marketing";"Prüfung erforderlich";"";"";"";"questionnaire.question.verarbeitet.option.w1_2";"questionnaire";"en-CH";"3";"v1:d3fd3111d338f5b91a8afe35e5ff9a8bb19678817df79ce37aaec18b6ccdc349";"91a7821ba3c2188da62e0cad66196894428d84e938d9196d396cd6338a687681"
"Fragebogen";"Fragebogen";"Fragebogen";"Frage";"Frage «Verbundenheit» · Fragetext";"Ich fühle mich von den Menschen in meinem Umfeld akzeptiert und eingebunden.";"I feel accepted and included by the people around me.";"";"";"Marketing, Medizin";"Prüfung erforderlich";"";"";"";"questionnaire.question.verbundenheit.text";"questionnaire";"en-CH";"3";"v1:d3fd3111d338f5b91a8afe35e5ff9a8bb19678817df79ce37aaec18b6ccdc349";"7ad53e6d78e1b03426fa763b8e5959b6d7c887694ca1106c9186129732897690"
"Fragebogen";"Fragebogen";"Fragebogen";"Frage";"Frage «Vorsorge» · Fragetext";"Haben Sie sich zu Krankheiten wie Krebs, Bluthochdruck und Typ-2-Diabetes informiert und Ihr persönliches Risiko einschätzen lassen?";"Have you learned about conditions such as cancer, high blood pressure and type 2 diabetes and had your personal risk assessed?";"";"";"Marketing, Medizin";"Prüfung erforderlich";"";"";"";"questionnaire.question.vorsorge.text";"questionnaire";"en-CH";"3";"v1:d3fd3111d338f5b91a8afe35e5ff9a8bb19678817df79ce37aaec18b6ccdc349";"c25b5e686ddfe7dd1df85a40f879cd08c374e3c57fde5808d12a7cdd6c1e37e4"
"Fragebogen";"Fragebogen";"Fragebogen";"Hilfetext";"Frage «Vorsorge» · Hilfetext";"Bluthochdruck bleibt oft unbemerkt, ist aber ein zentraler Risikofaktor für Herz-Kreislauf-Erkrankungen. Auch eine Abklärung zum persönlichen Risiko von Krebs- oder ersten Anzeichen von Typ-2-Diabetes kann sich je nach Alter, Lebensstil oder Familiengeschichte lohnen. Durch eine frühe Identifikation und kleine Veränderungen im Alltag lassen sich Risiken und Auswirkungen senken.";"High blood pressure often goes unnoticed but is a major risk factor for cardiovascular disease. Depending on your age, lifestyle or family history, it may also be worthwhile to assess your personal risk of cancer or early signs of type 2 diabetes. Identifying risks early and making small changes in daily life can reduce both the risks and their effects.";"";"";"Marketing, Medizin";"Prüfung erforderlich";"";"";"";"questionnaire.question.vorsorge.help";"questionnaire";"en-CH";"3";"v1:d3fd3111d338f5b91a8afe35e5ff9a8bb19678817df79ce37aaec18b6ccdc349";"f0f1a48dd34473b4ebf357962aad243ff9eb26cc6ee825a696427065c0dd3535"
"Fragebogen";"Fragebogen";"Fragebogen";"Titel des Hilfetexts";"Frage «Vorsorge» · Titel des Hilfetexts";"Haben Sie gewusst?";"Did you know?";"";"";"Marketing";"Prüfung erforderlich";"";"";"";"questionnaire.question.vorsorge.help_title";"questionnaire";"en-CH";"3";"v1:d3fd3111d338f5b91a8afe35e5ff9a8bb19678817df79ce37aaec18b6ccdc349";"8fadb1c23f0ecc3968e0925b4ac6e0c01cde85274f3a3f2d46454e2becc86bcf"
"Fragebogen";"Fragebogen";"Fragebogen";"Antwortoption";"Frage «Vorsorge» · Antwortoption";"Ja";"Yes";"";"";"Marketing";"Prüfung erforderlich";"";"";"";"questionnaire.question.vorsorge.option.ja";"questionnaire";"en-CH";"3";"v1:d3fd3111d338f5b91a8afe35e5ff9a8bb19678817df79ce37aaec18b6ccdc349";"a933e795a27cdfb468f659299bf8becea5f30c57a3263cc0b0d6bec33391dbb1"
"Fragebogen";"Fragebogen";"Fragebogen";"Antwortoption";"Frage «Vorsorge» · Antwortoption";"Nein";"No";"";"";"Marketing";"Prüfung erforderlich";"";"";"";"questionnaire.question.vorsorge.option.nein";"questionnaire";"en-CH";"3";"v1:d3fd3111d338f5b91a8afe35e5ff9a8bb19678817df79ce37aaec18b6ccdc349";"0d4312337c0893bf40c370d66dbc57f9cde9e2f8061abc0e10cf723495d1f94d"
"Fragebogen";"Fragebogen";"Fragebogen";"Eingabehinweis";"Frage «Wandsitz» · Eingabehinweis";"z. B. 45";"e.g. 45";"";"";"Marketing";"Prüfung erforderlich";"";"";"";"questionnaire.question.wandsitz.placeholder";"questionnaire";"en-CH";"3";"v1:d3fd3111d338f5b91a8afe35e5ff9a8bb19678817df79ce37aaec18b6ccdc349";"0f4d21a7ca86e499dd159fc95f85e7dd00d27cdea027fce2dd9da183a377f368"
"Fragebogen";"Fragebogen";"Fragebogen";"Einheit";"Frage «Wandsitz» · Einheit";"Sekunden";"seconds";"";"";"Marketing";"Prüfung erforderlich";"";"";"";"questionnaire.question.wandsitz.unit";"questionnaire";"en-CH";"3";"v1:d3fd3111d338f5b91a8afe35e5ff9a8bb19678817df79ce37aaec18b6ccdc349";"01d872b0c08cf717c0d0abc8c780e9ab109ea2a055e2ec4bd75e94ab9a0120db"
"Fragebogen";"Fragebogen";"Fragebogen";"Frage";"Frage «Wandsitz» · Fragetext";"Wie lange können Sie maximal in einer sitzenden Haltung (90°-Winkel) mit dem Rücken an der Wand bleiben? (optional)";"How long can you remain in a seated position against a wall, with your hips and knees at a 90° angle? (optional)";"";"";"Marketing, Medizin";"Prüfung erforderlich";"";"";"";"questionnaire.question.wandsitz.text";"questionnaire";"en-CH";"3";"v1:d3fd3111d338f5b91a8afe35e5ff9a8bb19678817df79ce37aaec18b6ccdc349";"8da778c4afeaf61a7c7976b2b53cede42a9188e5f77bfafba9273e0f47eaabf7"
"Fragebogen";"Fragebogen";"Fragebogen";"Hilfetext";"Frage «Wandsitz» · Hilfetext";"1 – Rücken und Becken vollständig an eine gerade Wand legen.
2 – Füsse parallel und ungefähr hüftbreit aufstellen.
3 – Nach unten rutschen, bis Hüfte und Knie ungefähr einen 90°-Winkel bilden.
4 – Beide Beine gleichmässig belasten. Hände und Arme dürfen weder Beine noch Wand abstützen.
5 – Normal weiteratmen und die Position so lange wie möglich halten.

Machen Sie zuerst einen kurzen Übungsversuch und danach einen gewerteten Versuch. Die Zeit beginnt in der korrekten Position. Beenden Sie den Test, sobald Becken oder Rücken den Wandkontakt verlieren, Sie deutlich hochrutschen oder sich mit den Händen abstützen. Brechen Sie bei Schmerzen, Schwindel oder Atemnot ab.

<b>Was der Wandsitz-Test verrät:</b>
Er misst die lokale Kraftausdauer von Beinen und Gesäss. Diese Muskeln sind wichtig für Stabilität, Beweglichkeit und Sicherheit. Wer sie trainiert, bleibt länger aktiv, mobil und selbstständig.";"1 – Place your back and pelvis fully against a straight wall.
2 – Position your feet parallel and approximately hip-width apart.
3 – Slide down until your hips and knees form an angle of approximately 90°.
4 – Distribute your weight evenly across both legs. Do not support your legs or brace against the wall with your hands or arms.
5 – Continue to breathe normally and hold the position for as long as possible.

First do a short practice attempt and then one timed attempt. Start the timer when you are in the correct position. End the test as soon as your pelvis or back loses contact with the wall, you slide noticeably upwards or you use your hands for support. Stop if you experience pain, dizziness or shortness of breath.

<b>What the wall-sit test shows:</b>
It measures the local muscular endurance of your legs and gluteal muscles. These muscles are important for stability, mobility and safety. Training them helps you remain active, mobile and independent for longer.";"";"";"Marketing, Medizin";"Prüfung erforderlich";"";"";"";"questionnaire.question.wandsitz.help";"questionnaire";"en-CH";"3";"v1:d3fd3111d338f5b91a8afe35e5ff9a8bb19678817df79ce37aaec18b6ccdc349";"94bd5d8a6618a6b5f19a33cbfd12b1b4ba06fcfc7bab48151f9d090d9c4f82e6"
"Fragebogen";"Fragebogen";"Fragebogen";"Titel des Hilfetexts";"Frage «Wandsitz» · Titel des Hilfetexts";"So führen Sie den Wandsitz-Test korrekt aus";"How to perform the wall-sit test correctly";"";"";"Marketing";"Prüfung erforderlich";"";"";"";"questionnaire.question.wandsitz.help_title";"questionnaire";"en-CH";"3";"v1:d3fd3111d338f5b91a8afe35e5ff9a8bb19678817df79ce37aaec18b6ccdc349";"dd26d4743419ffc02165b7998866446374ec0826ddf41beed0bbc218537e65a8"
"Fragebogen";"Fragebogen";"Fragebogen";"Frage";"Frage «Zuckergetraenke» · Fragetext";"Wie häufig trinken Sie zuckerhaltige Getränke oder reine Fruchtsäfte?";"How often do you drink sugar-sweetened beverages or pure fruit juice?";"";"";"Marketing, Medizin";"Prüfung erforderlich";"";"";"";"questionnaire.question.zuckergetraenke.text";"questionnaire";"en-CH";"3";"v1:d3fd3111d338f5b91a8afe35e5ff9a8bb19678817df79ce37aaec18b6ccdc349";"8f3459608ab3e9d761f0414c6a1a8949e165d82789ca91808aa03b75709839a1"
"Fragebogen";"Fragebogen";"Fragebogen";"Antwortoption";"Frage «Zuckergetraenke» · Antwortoption";"Nie";"Never";"";"";"Marketing";"Prüfung erforderlich";"";"";"";"questionnaire.question.zuckergetraenke.option.nie";"questionnaire";"en-CH";"3";"v1:d3fd3111d338f5b91a8afe35e5ff9a8bb19678817df79ce37aaec18b6ccdc349";"74629c7224641759c4c663c8d3d9f4b58c07a21892a4d89b0ddf0aaa223b8ee4"
"Fragebogen";"Fragebogen";"Fragebogen";"Antwortoption";"Frage «Zuckergetraenke» · Antwortoption";"Täglich oder mehrmals täglich";"Daily or several times a day";"";"";"Marketing";"Prüfung erforderlich";"";"";"";"questionnaire.question.zuckergetraenke.option.taeglich";"questionnaire";"en-CH";"3";"v1:d3fd3111d338f5b91a8afe35e5ff9a8bb19678817df79ce37aaec18b6ccdc349";"9b95b170b56292af7bd1d26cb5ee257a363ae6869dbc7e1ede19946e7e8beb4c"
"Fragebogen";"Fragebogen";"Fragebogen";"Antwortoption";"Frage «Zuckergetraenke» · Antwortoption";"Seltener als 1x pro Woche";"Less than once per week";"";"";"Marketing";"Prüfung erforderlich";"";"";"";"questionnaire.question.zuckergetraenke.option.u1woche";"questionnaire";"en-CH";"3";"v1:d3fd3111d338f5b91a8afe35e5ff9a8bb19678817df79ce37aaec18b6ccdc349";"e218e345ad4c829584ec4c098538ab58a8d834e385a862f0a6f01f7a476133e2"
"Fragebogen";"Fragebogen";"Fragebogen";"Antwortoption";"Frage «Zuckergetraenke» · Antwortoption";"1–3x pro Woche";"1–3 times per week";"";"";"Marketing";"Prüfung erforderlich";"";"";"";"questionnaire.question.zuckergetraenke.option.w1_3";"questionnaire";"en-CH";"3";"v1:d3fd3111d338f5b91a8afe35e5ff9a8bb19678817df79ce37aaec18b6ccdc349";"1c9fe1f51092ec21bdc04102d45836b3ecb8c4af2b6039b5cca9379fb1e43b0d"
"Fragebogen";"Fragebogen";"Fragebogen";"Antwortoption";"Frage «Zuckergetraenke» · Antwortoption";"4–6x pro Woche";"4–6 times per week";"";"";"Marketing";"Prüfung erforderlich";"";"";"";"questionnaire.question.zuckergetraenke.option.w4_6";"questionnaire";"en-CH";"3";"v1:d3fd3111d338f5b91a8afe35e5ff9a8bb19678817df79ce37aaec18b6ccdc349";"f8df7ff440cc5e47e37aeb04316f33fb051cde875223d18b02fe52fab9cd6b47"
"Fragebogen";"Fragebogen";"Fragebogen";"Frage";"Frage «Zukunft» · Fragetext";"Ich schaue zuversichtlich in meine Zukunft.";"I feel optimistic about my future.";"";"";"Marketing, Medizin";"Prüfung erforderlich";"";"";"";"questionnaire.question.zukunft.text";"questionnaire";"en-CH";"3";"v1:d3fd3111d338f5b91a8afe35e5ff9a8bb19678817df79ce37aaec18b6ccdc349";"abfabbc4a6537f7d2c926c3882f0b833706c97734df9c43cab63d45e8d39d192"
"Einflussfaktoren";"Alkohol";"Dimensionsdetails";"Überschrift";"Dimensionsdetail · Titel";"Alkohol reduzieren";"Reduce alcohol";"";"";"Marketing, Medizin";"Prüfung erforderlich";"";"";"";"recommendation.signal.alkohol.title";"recommendations";"en-CH";"3";"v1:d3fd3111d338f5b91a8afe35e5ff9a8bb19678817df79ce37aaec18b6ccdc349";"44d3fd71ef19b38e69e91eeb95a1e6b8e68e9879ba6ab6c98922cae3611d73a8"
"Einflussfaktoren";"Alkohol";"Dimensionsdetails";"Persönliche Einordnung";"Dimensionsdetail · Einordnung";"Für das Krebsrisiko gibt es keinen risikofreien Alkoholkonsum: Schon geringe Mengen erhöhen das Risiko bestimmter Krebsarten. Insgesamt gilt, je weniger Alkohol, desto geringer die gesundheitliche Belastung; auch Menge und hoher Konsum bei einzelnen Gelegenheiten sind relevant.";"There is no risk-free level of alcohol consumption for cancer risk: even small amounts increase the risk of certain cancers. Overall, the less alcohol you drink, the lower the health burden. Quantity and heavy drinking on individual occasions are also relevant.";"";"";"Marketing, Medizin";"Prüfung erforderlich";"Pauschales Studienurteil und aus Konsumtagen abgeleitetes Herz-Kreislauf-Risiko entfernt; durch Marketing und Medizin freigeben.";"";"";"recommendation.signal.alkohol.insight";"recommendations";"en-CH";"3";"v1:d3fd3111d338f5b91a8afe35e5ff9a8bb19678817df79ce37aaec18b6ccdc349";"7eb3fc91e16bd53cae1af6a890f7affb2c30e6eaf3378fbed43cf0fb4f198320"
"Einflussfaktoren";"Alkohol";"Dimensionsdetails";"Nächster Schritt";"Dimensionsdetail · konkreter nächster Schritt";"Legen Sie diese Woche drei feste alkoholfreie Tage fest – nicht «weniger trinken», sondern konkrete Tage im Kalender.";"Set three fixed alcohol-free days this week. Choose specific days in your calendar rather than simply intending to drink less.";"";"";"Marketing, Medizin";"Prüfung erforderlich";"";"";"";"recommendation.signal.alkohol.action";"recommendations";"en-CH";"3";"v1:d3fd3111d338f5b91a8afe35e5ff9a8bb19678817df79ce37aaec18b6ccdc349";"db8258a69128413ba0c0acda0440727da14ea6f6c99cb970d88dc4e660d7486b"
"Einflussfaktoren";"Alkohol";"Risikosignale";"Risikosignal";"Ergebnisseite, Lebensstil-Signal Alkoholkonsum";"Ihr Alkoholkonsum liegt im höheren Bereich.";"Your alcohol consumption is in the higher range.";"";"";"Marketing, Medizin";"Prüfung erforderlich";"";"";"";"recommendation.risk_signal.alkohol.label";"recommendations";"en-CH";"3";"v1:d3fd3111d338f5b91a8afe35e5ff9a8bb19678817df79ce37aaec18b6ccdc349";"7f0d9a84c4938c1166bf66f4a4f33f38de17382c9bfb768bbead7185b5605de1"
"Einflussfaktoren";"Alkohol";"Empfehlungskarten";"Überschrift";"Empfehlungskarte · Einflussfaktoren · Titel";"Alkohol als wirksamen Hebel nutzen";"Use alcohol reduction as an effective lever";"";"";"Marketing";"Prüfung erforderlich";"";"";"";"recommendation.catalog.ei_alkohol.title";"recommendations";"en-CH";"3";"v1:d3fd3111d338f5b91a8afe35e5ff9a8bb19678817df79ce37aaec18b6ccdc349";"938a633e418e9490b7a343bc1f2bc569a660966d136158ea24e53c85a74aa1ea"
"Einflussfaktoren";"Alkohol";"Empfehlungskarten";"Begründung / Einordnung";"Empfehlungskarte · Einflussfaktoren · Begründung";"Ihr Alkoholkonsum liegt im höheren Bereich. Weniger Alkohol wirkt sich gleich mehrfach positiv aus – auf Schlaf, Blutdruck, Gewicht und das langfristige Krebsrisiko.";"Your alcohol consumption is in the higher range. Drinking less has several positive effects at once, including on sleep, blood pressure, weight and long-term cancer risk.";"";"";"Marketing, Medizin";"Prüfung erforderlich";"";"";"";"recommendation.catalog.ei_alkohol.why";"recommendations";"en-CH";"3";"v1:d3fd3111d338f5b91a8afe35e5ff9a8bb19678817df79ce37aaec18b6ccdc349";"81795aa7be1214628c87503935109db59eea8d2b382a3a615671785817030865"
"Einflussfaktoren";"Alkohol";"Empfehlungskarten";"Nächster Schritt";"Empfehlungskarte · Einflussfaktoren · konkreter nächster Schritt";"Legen Sie pro Woche mehrere alkoholfreie Tage fest und probieren Sie bei Gelegenheit alkoholfreie Alternativen.";"Set several alcohol-free days each week and try alcohol-free alternatives when the opportunity arises.";"";"";"Marketing, Medizin";"Prüfung erforderlich";"";"";"";"recommendation.catalog.ei_alkohol.step";"recommendations";"en-CH";"3";"v1:d3fd3111d338f5b91a8afe35e5ff9a8bb19678817df79ce37aaec18b6ccdc349";"7a6c588fb97dbabce8fd4457c47502f57b29a9ad64050de87e1990a1e014a818"
"Einflussfaktoren";"Alkohol";"Empfehlungskarten";"Erwarteter Nutzen";"Empfehlungskarte · Einflussfaktoren · erwarteter Nutzen";"Schon weniger Alkohol verbessert Schlaf, Energie und mehrere Gesundheitswerte zugleich.";"Even a reduction in alcohol improves sleep, energy and several health measures at the same time.";"";"";"Marketing, Medizin";"Prüfung erforderlich";"";"";"";"recommendation.catalog.ei_alkohol.benefit";"recommendations";"en-CH";"3";"v1:d3fd3111d338f5b91a8afe35e5ff9a8bb19678817df79ce37aaec18b6ccdc349";"8bc497b5e4eec37b70b07aeec7e6108edef5285cdd0ddc55b690e625a0d4030f"
"Einflussfaktoren";"Alkohol";"4-Wochen-Pläne";"4-Wochen-Plan";"4-Wochen-Plan · Diese Woche";"Legen Sie <b>drei feste alkoholfreie Tage</b> in den Kalender – nicht «weniger trinken», sondern konkrete Wochentage. An Trink-Tagen ein Glas Wasser zwischen den Getränken.";"Schedule <b>three fixed alcohol-free days</b> in your calendar. Choose specific weekdays rather than simply intending to drink less. On days when you drink alcohol, have a glass of water between alcoholic drinks.";"";"";"Marketing, Medizin";"Prüfung erforderlich";"";"";"";"recommendation.plan.ei_alkohol.this_week";"recommendations";"en-CH";"3";"v1:d3fd3111d338f5b91a8afe35e5ff9a8bb19678817df79ce37aaec18b6ccdc349";"caecab6edb33d0a95511b7d91f8bef8e22a59916561d5519cee7e7a6ba110064"
"Einflussfaktoren";"Alkohol";"4-Wochen-Pläne";"4-Wochen-Plan";"4-Wochen-Plan · Woche 2–3";"Testen Sie gute alkoholfreie Alternativen (alkoholfreies Bier, Schorlen, Mocktails) für die Situationen, in denen Sie sonst automatisch greifen. Wichtig zu wissen: Es gibt keine gesundheitlich «sichere» Menge – jede Reduktion zählt.";"Try appealing alcohol-free alternatives, such as alcohol-free beer, spritzers or mocktails, in situations where you would otherwise reach for a drink automatically. It is important to know that there is no amount that is “safe” for health, and every reduction counts.";"";"";"Marketing, Medizin";"Prüfung erforderlich";"";"";"";"recommendation.plan.ei_alkohol.weeks_2_3";"recommendations";"en-CH";"3";"v1:d3fd3111d338f5b91a8afe35e5ff9a8bb19678817df79ce37aaec18b6ccdc349";"c182672b2c96022c947336a653f53365c34422895f548921b0b44ddb40e3b92b"
"Einflussfaktoren";"Alkohol";"4-Wochen-Pläne";"4-Wochen-Plan";"4-Wochen-Plan · Woche 4";"Prüfen Sie, welche Anlässe Sie ohne Alkohol gut gemeistert haben, und behalten Sie die alkoholfreien Tage als feste Gewohnheit bei.";"Review which occasions you managed well without alcohol and keep the alcohol-free days as a fixed habit.";"";"";"Marketing, Medizin";"Prüfung erforderlich";"";"";"";"recommendation.plan.ei_alkohol.week_4";"recommendations";"en-CH";"3";"v1:d3fd3111d338f5b91a8afe35e5ff9a8bb19678817df79ce37aaec18b6ccdc349";"b7ac63cef84221951bc5fd095ac93bd7eed425805d68137f5a83f5aaf1919fe6"
"Einflussfaktoren";"Alkohol";"Handlungsfelder";"Beschriftung";"Handlungsfeld · Einflussfaktoren · Kurzlabel";"Alkoholkonsum reduzieren";"Reduce alcohol consumption";"";"";"Marketing, Medizin";"Prüfung erforderlich";"";"";"";"recommendation.lever.lv_alkohol.label";"recommendations";"en-CH";"3";"v1:d3fd3111d338f5b91a8afe35e5ff9a8bb19678817df79ce37aaec18b6ccdc349";"5966b27ef76f4345afcf8f30790d62963fc2013e2397fb8d37c3c4b8347eee04"
"Einflussfaktoren";"Alkohol";"Handlungsfelder";"Detailtext";"Handlungsfeld · Einflussfaktoren · Detailtext";"Ihre Angaben zeigen häufigen Alkoholkonsum. Für das gesundheitliche Risiko sind neben der Häufigkeit auch die Menge und hoher Konsum bei einzelnen Gelegenheiten relevant; insgesamt gilt: je weniger Alkohol, desto geringer das Risiko.";"Your answers indicate frequent alcohol consumption. Both frequency and quantity, including heavy drinking on individual occasions, affect health risk. Overall, the less alcohol you drink, the lower the risk.";"";"";"Marketing, Medizin";"Prüfung erforderlich";"Aus Konsumtagen allein keine individuelle Risikohöhe abgeleitet; durch Marketing und Medizin freigeben.";"";"";"recommendation.lever.lv_alkohol.detail";"recommendations";"en-CH";"3";"v1:d3fd3111d338f5b91a8afe35e5ff9a8bb19678817df79ce37aaec18b6ccdc349";"5ab55da37d2e8d169f285975cad8b38123446e0464c6cf8da20110521c4bb916"
"Einflussfaktoren";"Alkohol";"Stärken";"Beschriftung";"Stärke · Einflussfaktoren · Kurzlabel";"Massvoller Umgang mit Alkohol";"Moderate approach to alcohol";"";"";"Marketing";"Prüfung erforderlich";"";"";"";"recommendation.strength.st_alkohol.label";"recommendations";"en-CH";"3";"v1:d3fd3111d338f5b91a8afe35e5ff9a8bb19678817df79ce37aaec18b6ccdc349";"1e6e151472b124a027cd2cfddff538d5905cceaf52ac7555e1e07a342a07da9f"
"Einflussfaktoren";"Alkohol";"Stärken";"Detailtext";"Stärke · Einflussfaktoren · Detailtext";"Sie trinken nie oder selten Alkohol. Damit halten Sie Ihre alkoholbedingte Gesundheitsbelastung gering.";"You never or rarely drink alcohol, keeping your alcohol-related health burden low.";"";"";"Marketing, Medizin";"Prüfung erforderlich";"Unzulässige individuelle Risikoreduktion durch zurückhaltende Expositionsaussage ersetzt; durch Marketing und Medizin freigeben.";"";"";"recommendation.strength.st_alkohol.detail";"recommendations";"en-CH";"3";"v1:d3fd3111d338f5b91a8afe35e5ff9a8bb19678817df79ce37aaec18b6ccdc349";"69b3fcae416ff1b83ac2a78e6d942575ac242f1067ced88e87695baf4399360b"
"Einflussfaktoren";"Alkohol";"Ergebnis-Einstieg";"Beschriftung";"Ergebnis-Zusammenfassung · Themenlabel «Alkohol»";"Alkohol";"alcohol";"";"";"Marketing";"Prüfung erforderlich";"";"";"";"ui.hero.topic.alkohol";"ui";"en-CH";"3";"v1:d3fd3111d338f5b91a8afe35e5ff9a8bb19678817df79ce37aaec18b6ccdc349";"c5119fd7727012543f0a428095f724d17b629186732b583178d4811b97eb5c16"
"Einflussfaktoren";"Alltagssicherheit & Sturzprävention";"Empfehlungskarten";"Überschrift";"Empfehlungskarte · Einflussfaktoren · Titel";"Sicherheit bei alltäglichen Bewegungen aufbauen";"Build confidence in everyday movement";"";"";"Marketing";"Prüfung erforderlich";"";"";"";"recommendation.catalog.ei_stabilitaet.title";"recommendations";"en-CH";"3";"v1:d3fd3111d338f5b91a8afe35e5ff9a8bb19678817df79ce37aaec18b6ccdc349";"dbf7aa615866f6270b9d8f6f3289bd3ed581b8d92055cc18149aa6a80def507a"
"Einflussfaktoren";"Alltagssicherheit & Sturzprävention";"Empfehlungskarten";"Begründung / Einordnung";"Empfehlungskarte · Einflussfaktoren · Begründung";"Sie fühlen sich bei alltäglichen Bewegungen unsicher. Dieses Unsicherheitsgefühl ist ein wichtiges Frühwarnzeichen für ein erhöhtes Sturzrisiko – und lässt sich sehr gut trainieren.";"You feel unconfident during everyday movements. This feeling is an important early warning sign of an increased risk of falls, and it responds very well to training.";"";"";"Marketing, Medizin";"Prüfung erforderlich";"";"";"";"recommendation.catalog.ei_stabilitaet.why";"recommendations";"en-CH";"3";"v1:d3fd3111d338f5b91a8afe35e5ff9a8bb19678817df79ce37aaec18b6ccdc349";"9eef1697f329735b88e1927dd0c51102dad3adddfaa27d28e46e87e57b8e9abb"
"Einflussfaktoren";"Alltagssicherheit & Sturzprävention";"Empfehlungskarten";"Nächster Schritt";"Empfehlungskarte · Einflussfaktoren · konkreter nächster Schritt";"Bauen Sie 2- bis 3-mal pro Woche kurze Gleichgewichts- und Kraftübungen ein – z. B. Einbeinstand beim Zähneputzen, Aufstehen vom Stuhl ohne Hände oder ein paar Kniebeugen mit Festhalten.";"Include short balance and strength exercises two or three times a week, such as standing on one leg while brushing your teeth, getting up from a chair without using your hands, or doing a few supported squats.";"";"";"Marketing, Medizin";"Prüfung erforderlich";"";"";"";"recommendation.catalog.ei_stabilitaet.step";"recommendations";"en-CH";"3";"v1:d3fd3111d338f5b91a8afe35e5ff9a8bb19678817df79ce37aaec18b6ccdc349";"16e58bf45505a22ece8bb2096202c03a69496d42b7230ec970241565be8b67fd"
"Einflussfaktoren";"Alltagssicherheit & Sturzprävention";"Empfehlungskarten";"Erwarteter Nutzen";"Empfehlungskarte · Einflussfaktoren · erwarteter Nutzen";"Gezieltes Training von Gleichgewicht, Kraft und Beweglichkeit senkt das Sturzrisiko erheblich und stärkt Ihre Selbstständigkeit.";"Targeted balance, strength and mobility training substantially reduces the risk of falls and supports your independence.";"";"";"Marketing, Medizin";"Prüfung erforderlich";"";"";"";"recommendation.catalog.ei_stabilitaet.benefit";"recommendations";"en-CH";"3";"v1:d3fd3111d338f5b91a8afe35e5ff9a8bb19678817df79ce37aaec18b6ccdc349";"4c1f2b0881ff4fcd58919d753bd873f6159c29ed4112c64602b035cff4404e10"
"Einflussfaktoren";"Alltagssicherheit & Sturzprävention";"4-Wochen-Pläne";"4-Wochen-Plan";"4-Wochen-Plan · Diese Woche";"Täglich zweimal Einbeinstand von 20–30 Sekunden pro Seite, an der Küchenzeile abgestützt – z. B. beim Zähneputzen. Dazu fünfmal aus dem Stuhl aufstehen, ohne die Hände zu benutzen.";"Twice a day, stand on one leg for 20–30 seconds per side while supported at the kitchen counter, for example while brushing your teeth. Also get up from a chair five times without using your hands.";"";"";"Marketing, Medizin";"Prüfung erforderlich";"";"";"";"recommendation.plan.ei_stabilitaet.this_week";"recommendations";"en-CH";"3";"v1:d3fd3111d338f5b91a8afe35e5ff9a8bb19678817df79ce37aaec18b6ccdc349";"93fba45555a7020ea845fb0c9b47b613e716760f44bf490855b515a7a1443c48"
"Einflussfaktoren";"Alltagssicherheit & Sturzprävention";"4-Wochen-Pläne";"4-Wochen-Plan";"4-Wochen-Plan · Woche 2–3";"Machen Sie es schrittweise schwerer: nur noch mit einem Finger abstützen, dann frei; Kopf langsam nach links und rechts drehen. Warum das wirkt: Gleichgewicht ist kein Talent, sondern eine trainierbare Zusammenarbeit von Muskeln, Gelenksinn und Innenohr – sie verbessert sich in wenigen Wochen messbar.";"Make it gradually more difficult: support yourself with only one finger and then without support, or slowly turn your head left and right. This works because balance is not a talent but a trainable interaction between muscles, joint-position sense and the inner ear, and it can improve measurably within a few weeks.";"";"";"Marketing, Medizin";"Prüfung erforderlich";"";"";"";"recommendation.plan.ei_stabilitaet.weeks_2_3";"recommendations";"en-CH";"3";"v1:d3fd3111d338f5b91a8afe35e5ff9a8bb19678817df79ce37aaec18b6ccdc349";"6928c413ac717657ad70d549d88e4b3d941fd01a2f96157ce83c0cd23fe9d93e"
"Einflussfaktoren";"Alltagssicherheit & Sturzprävention";"4-Wochen-Pläne";"4-Wochen-Plan";"4-Wochen-Plan · Woche 4";"Ergänzen Sie Beinkraft (Kniebeugen, Treppensteigen). Kraft und Gleichgewicht zusammen senken das Sturzrisiko nachweislich stärker als jede Massnahme einzeln. Prüfen Sie ausserdem die Stolperfallen zu Hause: lose Teppiche, schlechte Beleuchtung, Kabel.";"Add leg-strength exercises such as squats and stair climbing. Strength and balance together have been shown to reduce the risk of falls more than either measure alone. Also check for trip hazards at home, such as loose rugs, poor lighting and cables.";"";"";"Marketing, Medizin";"Prüfung erforderlich";"";"";"";"recommendation.plan.ei_stabilitaet.week_4";"recommendations";"en-CH";"3";"v1:d3fd3111d338f5b91a8afe35e5ff9a8bb19678817df79ce37aaec18b6ccdc349";"bbd7db506ae001b2a672d48c91aec8355e763ab2a8f308f629c4a7ca4dad5643"
"Einflussfaktoren";"Alltagssicherheit & Sturzprävention";"Handlungsfelder";"Beschriftung";"Handlungsfeld · Einflussfaktoren · Kurzlabel";"Gleichgewicht trainieren, Stürzen vorbeugen";"Train your balance and prevent falls";"";"";"Marketing, Medizin";"Prüfung erforderlich";"";"";"";"recommendation.lever.lv_sturz.label";"recommendations";"en-CH";"3";"v1:d3fd3111d338f5b91a8afe35e5ff9a8bb19678817df79ce37aaec18b6ccdc349";"7756026b5a2f316a5fd5abb3961de5a3746668005c03dfc82176bdc17e5110b9"
"Einflussfaktoren";"Alltagssicherheit & Sturzprävention";"Handlungsfelder";"Detailtext";"Handlungsfeld · Einflussfaktoren · Detailtext";"Ihr Unsicherheitsgefühl bei Alltagsbewegungen ist ein Frühwarnzeichen – gezieltes Gleichgewichts- und Krafttraining senkt das Sturzrisiko erheblich.";"Feeling unconfident during everyday movements is an early warning sign. Targeted balance and strength training substantially reduces the risk of falls.";"";"";"Marketing, Medizin";"Prüfung erforderlich";"";"";"";"recommendation.lever.lv_sturz.detail";"recommendations";"en-CH";"3";"v1:d3fd3111d338f5b91a8afe35e5ff9a8bb19678817df79ce37aaec18b6ccdc349";"1ba7d0ce7cc64584e6b05db4d0bf3361bea71375d6c9e986c4f3b08f5e311d31"
"Einflussfaktoren";"Alltagssicherheit & Sturzprävention";"Stärken";"Beschriftung";"Stärke · Einflussfaktoren · Kurzlabel";"Sicher auf den Beinen";"Steady on your feet";"";"";"Marketing";"Prüfung erforderlich";"";"";"";"recommendation.strength.st_sicherheit.label";"recommendations";"en-CH";"3";"v1:d3fd3111d338f5b91a8afe35e5ff9a8bb19678817df79ce37aaec18b6ccdc349";"672f7496860754f6150b00ef5e20366556c42abef56d5dacada529edbd5fb452"
"Einflussfaktoren";"Alltagssicherheit & Sturzprävention";"Stärken";"Detailtext";"Stärke · Einflussfaktoren · Detailtext";"Sie fühlen sich bei Alltagsbewegungen sehr sicher – in Ihrem Alter ein wertvoller Schutz vor Stürzen.";"You feel very confident during everyday movements, which at your age is valuable protection against falls.";"";"";"Marketing, Medizin";"Prüfung erforderlich";"";"";"";"recommendation.strength.st_sicherheit.detail";"recommendations";"en-CH";"3";"v1:d3fd3111d338f5b91a8afe35e5ff9a8bb19678817df79ce37aaec18b6ccdc349";"80f25d22f10c6e4262a61c328bdb8eb5c34c872603a0ffc5152dd2acf73f9800"
"Einflussfaktoren";"Alltagssicherheit & Sturzprävention";"Dimensionsdetails";"Überschrift";"Dimensionsdetail · Titel";"Unsicherheit bei Alltagsbewegungen";"Uncertainty during everyday movements";"";"";"Marketing, Medizin";"Prüfung erforderlich";"";"";"";"recommendation.signal.stabilitaet.title";"recommendations";"en-CH";"3";"v1:d3fd3111d338f5b91a8afe35e5ff9a8bb19678817df79ce37aaec18b6ccdc349";"4db9f2c76af3b6812fa4cac1e47eb9db0eb623f16059d95873bb52a7025c290f"
"Einflussfaktoren";"Alltagssicherheit & Sturzprävention";"Dimensionsdetails";"Persönliche Einordnung";"Dimensionsdetail · Einordnung";"Das Gefühl von Unsicherheit geht dem ersten Sturz oft Jahre voraus – und ist damit ein wertvolles Frühwarnzeichen. Gleichgewicht ist kein Talent, sondern trainierbar; messbare Fortschritte zeigen sich in wenigen Wochen.";"Feeling unsteady often precedes a first fall by years and is therefore a valuable early warning sign. Balance is not a talent but a trainable ability, and measurable progress can appear within a few weeks.";"";"";"Marketing, Medizin";"Prüfung erforderlich";"";"";"";"recommendation.signal.stabilitaet.insight";"recommendations";"en-CH";"3";"v1:d3fd3111d338f5b91a8afe35e5ff9a8bb19678817df79ce37aaec18b6ccdc349";"52b3275c0ce702a7ea865807973ce3e8d1d2b0ccfc0e51b825d14c964d71726b"
"Einflussfaktoren";"Alltagssicherheit & Sturzprävention";"Dimensionsdetails";"Nächster Schritt";"Dimensionsdetail · konkreter nächster Schritt";"Beim Zähneputzen auf einem Bein stehen (20–30 Sek. pro Seite), leicht abgestützt.";"Stand on one leg while brushing your teeth, for 20–30 seconds per side, with light support.";"";"";"Marketing, Medizin";"Prüfung erforderlich";"";"";"";"recommendation.signal.stabilitaet.action";"recommendations";"en-CH";"3";"v1:d3fd3111d338f5b91a8afe35e5ff9a8bb19678817df79ce37aaec18b6ccdc349";"27056719586a73b233db2784bc9a03d69b084fb348160d4258c2dda1b5fe5173"
"Einflussfaktoren";"Alltagssicherheit & Sturzprävention";"Risikosignale";"Risikosignal";"Ergebnisseite, Lebensstil-Signal Bewegungsstabilität";"Sie fühlen sich bei alltäglichen Bewegungen unsicher – ein wichtiges Frühwarnzeichen für Sturzrisiko.";"You feel unconfident during everyday movements, an important early warning sign for fall risk.";"";"";"Marketing, Medizin";"Prüfung erforderlich";"";"";"";"recommendation.risk_signal.stabilitaet.label";"recommendations";"en-CH";"3";"v1:d3fd3111d338f5b91a8afe35e5ff9a8bb19678817df79ce37aaec18b6ccdc349";"33e25448c4f6ce4289629b9c585d77e69960213ec6d3dd127484efda7f108f58"
"Einflussfaktoren";"Alltagssicherheit & Sturzprävention";"Ergebnis-Einstieg";"Beschriftung";"Ergebnis-Zusammenfassung · Themenlabel «Alltagssicherheit & Sturzprävention»";"Sicherheit bei Alltagsbewegungen";"confidence in everyday movement";"";"";"Marketing";"Prüfung erforderlich";"";"";"";"ui.hero.topic.stabilitaet";"ui";"en-CH";"3";"v1:d3fd3111d338f5b91a8afe35e5ff9a8bb19678817df79ce37aaec18b6ccdc349";"56d8c9dae7bf942d1dc32a78dc62475a34552676ced3c995c6cb0b0e6e23df13"
"Einflussfaktoren";"Digitale Gewohnheiten";"Empfehlungskarten";"Überschrift";"Empfehlungskarte · Einflussfaktoren · Titel";"Bildschirm- und Social-Media-Zeit bewusst begrenzen";"Set deliberate limits on screen and social-media time";"";"";"Marketing";"Prüfung erforderlich";"";"";"";"recommendation.catalog.ei_socialmedia.title";"recommendations";"en-CH";"3";"v1:d3fd3111d338f5b91a8afe35e5ff9a8bb19678817df79ce37aaec18b6ccdc349";"e6fd3ff711b756acbe38412e695b56cd49ccc85932bbbcdc72afa0c556140815"
"Einflussfaktoren";"Digitale Gewohnheiten";"Empfehlungskarten";"Begründung / Einordnung";"Empfehlungskarte · Einflussfaktoren · Begründung";"Social Media beeinträchtigt Ihr Wohlbefinden oder Ihren Alltag spürbar. Bewusste Grenzen entlasten Kopf und Schlaf.";"Social media noticeably affects your wellbeing or daily life. Deliberate boundaries give your mind and sleep a break.";"";"";"Marketing, Medizin";"Prüfung erforderlich";"";"";"";"recommendation.catalog.ei_socialmedia.why";"recommendations";"en-CH";"3";"v1:d3fd3111d338f5b91a8afe35e5ff9a8bb19678817df79ce37aaec18b6ccdc349";"6297b73fdb99a0c59a33a6fd76fc66759a036ddc773016310285c1ea3364b8d6"
"Einflussfaktoren";"Digitale Gewohnheiten";"Empfehlungskarten";"Nächster Schritt";"Empfehlungskarte · Einflussfaktoren · konkreter nächster Schritt";"Legen Sie feste bildschirmfreie Zeiten fest (z. B. die erste Stunde nach dem Aufwachen und vor dem Schlafen) und schalten Sie unnötige Benachrichtigungen ab.";"Set fixed screen-free periods, such as the first hour after waking and the hour before bed, and switch off unnecessary notifications.";"";"";"Marketing, Medizin";"Prüfung erforderlich";"";"";"";"recommendation.catalog.ei_socialmedia.step";"recommendations";"en-CH";"3";"v1:d3fd3111d338f5b91a8afe35e5ff9a8bb19678817df79ce37aaec18b6ccdc349";"9d6e91d224482ef4cb1f04b7b4ade9530b3424464245c89d0ef06c013716376b"
"Einflussfaktoren";"Digitale Gewohnheiten";"Empfehlungskarten";"Erwarteter Nutzen";"Empfehlungskarte · Einflussfaktoren · erwarteter Nutzen";"Weniger Dauerberieselung verbessert Konzentration, Stimmung und Schlaf.";"Less constant stimulation improves concentration, mood and sleep.";"";"";"Marketing, Medizin";"Prüfung erforderlich";"";"";"";"recommendation.catalog.ei_socialmedia.benefit";"recommendations";"en-CH";"3";"v1:d3fd3111d338f5b91a8afe35e5ff9a8bb19678817df79ce37aaec18b6ccdc349";"aaa978b844a2c9976ef46c1335a3aaaad238f6fcf1dc55253e7319313110b9ce"
"Einflussfaktoren";"Digitale Gewohnheiten";"4-Wochen-Pläne";"4-Wochen-Plan";"4-Wochen-Plan · Diese Woche";"Zwei bildschirmfreie Fenster einführen: die <b>erste Stunde nach dem Aufwachen</b> und die letzte vor dem Schlafen. Handy über Nacht ausserhalb des Schlafzimmers laden.";"Introduce two screen-free periods: the <b>first hour after waking</b> and the last hour before sleep. Charge your phone outside the bedroom overnight.";"";"";"Marketing, Medizin";"Prüfung erforderlich";"";"";"";"recommendation.plan.ei_socialmedia.this_week";"recommendations";"en-CH";"3";"v1:d3fd3111d338f5b91a8afe35e5ff9a8bb19678817df79ce37aaec18b6ccdc349";"c8f47303ff0872f2dde6f286863c7f74b4cdccd1757d16809f7002ffc4bc0ba7"
"Einflussfaktoren";"Digitale Gewohnheiten";"4-Wochen-Pläne";"4-Wochen-Plan";"4-Wochen-Plan · Woche 2–3";"Erhöhen Sie bewusst die Hürde statt auf Willenskraft zu setzen: die zwei zeitintensivsten Apps vom Startbildschirm entfernen, Push-Benachrichtigungen abschalten, ggf. ein Zeitlimit setzen. Dass Loslassen schwerfällt, ist Produktdesign – kein Willensmangel.";"Deliberately increase the barrier instead of relying on willpower. Remove the two most time-consuming apps from the home screen, switch off push notifications and, if useful, set a time limit. Finding it difficult to disengage is a result of product design, not a lack of willpower.";"";"";"Marketing, Medizin";"Prüfung erforderlich";"";"";"";"recommendation.plan.ei_socialmedia.weeks_2_3";"recommendations";"en-CH";"3";"v1:d3fd3111d338f5b91a8afe35e5ff9a8bb19678817df79ce37aaec18b6ccdc349";"e5bc1350800e2b0588ef620cc0e6b36eda1019b087e465ac1656fa2c9f68651a"
"Einflussfaktoren";"Digitale Gewohnheiten";"4-Wochen-Pläne";"4-Wochen-Plan";"4-Wochen-Plan · Woche 4";"Ersetzen Sie die gewonnene Zeit gezielt durch etwas, das Ihnen guttut (Bewegung, Kontakt, Hobby) – so entsteht ein Gewinn statt eines Verzichts.";"Deliberately replace the time you have gained with something that is good for you, such as movement, connection or a hobby. This creates a benefit rather than a sense of deprivation.";"";"";"Marketing, Medizin";"Prüfung erforderlich";"";"";"";"recommendation.plan.ei_socialmedia.week_4";"recommendations";"en-CH";"3";"v1:d3fd3111d338f5b91a8afe35e5ff9a8bb19678817df79ce37aaec18b6ccdc349";"90cce7161e455d54da3364e833f801e92f1777abd3492c7e8f1707716d5ab78b"
"Einflussfaktoren";"Digitale Gewohnheiten";"Handlungsfelder";"Beschriftung";"Handlungsfeld · Einflussfaktoren · Kurzlabel";"Social-Media-Zeit bewusst begrenzen";"Set deliberate limits on social-media time";"";"";"Marketing, Medizin";"Prüfung erforderlich";"";"";"";"recommendation.lever.lv_socialmedia.label";"recommendations";"en-CH";"3";"v1:d3fd3111d338f5b91a8afe35e5ff9a8bb19678817df79ce37aaec18b6ccdc349";"f2ad16b2608ff0f9d4479bd2c10994291672c77ed8795925291aaa2153524f59"
"Einflussfaktoren";"Digitale Gewohnheiten";"Handlungsfelder";"Detailtext";"Handlungsfeld · Einflussfaktoren · Detailtext";"Sie verbringen mehr Zeit online, als Ihnen lieb ist – feste bildschirmfreie Zeiten geben Ihnen die Kontrolle zurück.";"You spend more time online than you would like. Fixed screen-free periods help you regain control.";"";"";"Marketing, Medizin";"Prüfung erforderlich";"";"";"";"recommendation.lever.lv_socialmedia.detail";"recommendations";"en-CH";"3";"v1:d3fd3111d338f5b91a8afe35e5ff9a8bb19678817df79ce37aaec18b6ccdc349";"adc39f0dc6d6a56f70b9417e05898b2fcc21b33adc4d604c9b0aa69da84d4ffe"
"Einflussfaktoren";"Digitale Gewohnheiten";"Dimensionsdetails";"Überschrift";"Dimensionsdetail · Titel";"Social Media beansprucht viel Raum";"Social media takes up a lot of space";"";"";"Marketing, Medizin";"Prüfung erforderlich";"";"";"";"recommendation.signal.socialmedia.title";"recommendations";"en-CH";"3";"v1:d3fd3111d338f5b91a8afe35e5ff9a8bb19678817df79ce37aaec18b6ccdc349";"b98e922ba1ad0484706ff74448e6e33f4e21a0932feaaf3f99b4df547880f301"
"Einflussfaktoren";"Digitale Gewohnheiten";"Dimensionsdetails";"Persönliche Einordnung";"Dimensionsdetail · Einordnung";"Die Apps sind darauf optimiert, Aufmerksamkeit zu halten – dass es schwerfällt aufzuhören, ist kein Willensmangel, sondern Produktdesign. Am wirksamsten sind deshalb Massnahmen, die die Hürde erhöhen, nicht Vorsätze.";"The apps are designed to hold your attention. Finding it difficult to stop is a result of product design, not a lack of willpower. Measures that increase the barrier are therefore more effective than good intentions.";"";"";"Marketing, Medizin";"Prüfung erforderlich";"";"";"";"recommendation.signal.socialmedia.insight";"recommendations";"en-CH";"3";"v1:d3fd3111d338f5b91a8afe35e5ff9a8bb19678817df79ce37aaec18b6ccdc349";"2b65a83b4b2924155b2d6f9c024938a6a6ba9ffd49cd3081e048b5e45958d224"
"Einflussfaktoren";"Digitale Gewohnheiten";"Dimensionsdetails";"Nächster Schritt";"Dimensionsdetail · konkreter nächster Schritt";"Handy über Nacht ausserhalb des Schlafzimmers laden und die zwei zeitintensivsten Apps vom Startbildschirm entfernen.";"Charge your phone outside the bedroom overnight and remove the two most time-consuming apps from your home screen.";"";"";"Marketing, Medizin";"Prüfung erforderlich";"";"";"";"recommendation.signal.socialmedia.action";"recommendations";"en-CH";"3";"v1:d3fd3111d338f5b91a8afe35e5ff9a8bb19678817df79ce37aaec18b6ccdc349";"6ae5e3dea4768ed7f09a007221ce91bd8a729d77c3b55ea9d1d49d9eccc1b10e"
"Einflussfaktoren";"Digitale Gewohnheiten";"Risikosignale";"Risikosignal";"Ergebnisseite, Lebensstil-Signal Social Media";"Social Media beeinträchtigt Ihr Wohlbefinden oder Ihren Alltag spürbar.";"Social media noticeably affects your wellbeing or daily life.";"";"";"Marketing, Medizin";"Prüfung erforderlich";"";"";"";"recommendation.risk_signal.socialmedia.label";"recommendations";"en-CH";"3";"v1:d3fd3111d338f5b91a8afe35e5ff9a8bb19678817df79ce37aaec18b6ccdc349";"bd88e42de8ac7f7fc05fb16658685f9fb8c12cb4750a70ad99db3e695dc29185"
"Einflussfaktoren";"Digitale Gewohnheiten";"Ergebnis-Einstieg";"Beschriftung";"Ergebnis-Zusammenfassung · Themenlabel «Digitale Gewohnheiten»";"Social-Media-Zeit";"time on social media";"";"";"Marketing";"Prüfung erforderlich";"";"";"";"ui.hero.topic.socialmedia";"ui";"en-CH";"3";"v1:d3fd3111d338f5b91a8afe35e5ff9a8bb19678817df79ce37aaec18b6ccdc349";"dc64647858be651b0a73f6204b7b91f9c66fc54798b1d181fc573d3640a4253f"
"Einflussfaktoren";"Herz-Kreislauf & Vorsorge";"Spezialaktionen";"Überschrift";"Kardiovaskulärer Vorsorge-Check, Titel";"Kardiovaskulären Vorsorge-Check vereinbaren";"Arrange a cardiovascular screening check";"";"";"Marketing, Medizin";"Prüfung erforderlich";"";"";"";"recommendation.special.act_kardio.title";"recommendations";"en-CH";"3";"v1:d3fd3111d338f5b91a8afe35e5ff9a8bb19678817df79ce37aaec18b6ccdc349";"5c78e4fd999f63efa4671d5dd3065419a1974bf3bedd3fee1c224779835f0a84"
"Einflussfaktoren";"Herz-Kreislauf & Vorsorge";"Spezialaktionen";"Dynamischer Text";"Kardiovaskulärer Vorsorge-Check, Begründung mit dynamischer Liste";"Mehrere Ihrer Angaben sprechen dafür, Ihr Herz-Kreislauf-Risiko ärztlich einordnen zu lassen: {{riskFactors}}. Dabei können aktuelle Messwerte erhoben und geeignete nächste Schritte gemeinsam festgelegt werden.";"Several of your answers suggest that your cardiovascular risk should be assessed by a doctor: {{riskFactors}}. Current measurements can be taken and suitable next steps agreed together.";"";"";"Marketing, Medizin";"Prüfung erforderlich";"Heuristik nicht als validierte Wechselwirkung oder medizinische Rangfolge dargestellt; durch Marketing und Medizin freigeben.";"{{riskFactors}}";"";"recommendation.special.act_kardio.why";"recommendations";"en-CH";"3";"v1:d3fd3111d338f5b91a8afe35e5ff9a8bb19678817df79ce37aaec18b6ccdc349";"7b6b830c80380297c77d354f95c3677770badd8e234dc9c45689f2d122a95da0"
"Einflussfaktoren";"Herz-Kreislauf & Vorsorge";"Spezialaktionen";"Nächster Schritt";"Kardiovaskulärer Vorsorge-Check · Startschritt · Abklärung erforderlich";"Vereinbaren Sie zeitnah einen Termin, um Ihr Herz-Kreislauf-Risiko anhand von Blutdruck, Blutfetten und Blutzucker fachlich einordnen zu lassen.";"Arrange an appointment soon to have your cardiovascular risk assessed using your blood pressure, blood lipids and blood glucose.";"";"";"Marketing, Medizin";"Prüfung erforderlich";"Nicht validierte Zwei-Wochen-Frist entfernt; durch Marketing und Medizin freigeben.";"";"";"recommendation.special.act_kardio.step.assessment_needed";"recommendations";"en-CH";"3";"v1:d3fd3111d338f5b91a8afe35e5ff9a8bb19678817df79ce37aaec18b6ccdc349";"44df275cd73b93f892ed088ccc5fed619507fdb12579943171fbf229ebe1f881"
"Einflussfaktoren";"Herz-Kreislauf & Vorsorge";"Spezialaktionen";"Nächster Schritt";"Kardiovaskulärer Vorsorge-Check · Startschritt · Abklärung erforderlich · Bluthochdruck";"Vereinbaren Sie zeitnah einen Termin, um Blutdruck, Blutfette und Blutzucker fachlich einordnen zu lassen. Führen Sie Ihre verordnete Behandlung wie besprochen weiter und klären Sie den passenden Messrhythmus mit der behandelnden Fachperson.";"Arrange an appointment soon to have your blood pressure, blood lipids and blood glucose assessed. Continue your prescribed treatment as agreed and discuss an appropriate measurement schedule with the healthcare professional treating you.";"";"";"Marketing, Medizin";"Prüfung erforderlich";"Nicht validierte Zwei-Wochen-Frist entfernt und Messrhythmus an Fachperson gebunden; durch Marketing und Medizin freigeben.";"";"";"recommendation.special.act_kardio.step.assessment_needed_hypertension";"recommendations";"en-CH";"3";"v1:d3fd3111d338f5b91a8afe35e5ff9a8bb19678817df79ce37aaec18b6ccdc349";"43fe1f93e1b2ce3ea4e1fd90541feae2b6148b5018d24e8a25dad60870befcce"
"Einflussfaktoren";"Herz-Kreislauf & Vorsorge";"Spezialaktionen";"Nächster Schritt";"Kardiovaskulärer Vorsorge-Check · Startschritt · Abklärung erforderlich · familiäre Vorbelastung";"Vereinbaren Sie zeitnah einen Termin, um Blutdruck, Blutfette und Blutzucker fachlich einordnen zu lassen, und sprechen Sie dabei Ihre familiäre Vorgeschichte an.";"Arrange an appointment soon to have your blood pressure, blood lipids and blood glucose assessed, and mention your family history.";"";"";"Marketing, Medizin";"Prüfung erforderlich";"Nicht validierte Zwei-Wochen-Frist entfernt; durch Marketing und Medizin freigeben.";"";"";"recommendation.special.act_kardio.step.assessment_needed_family_history";"recommendations";"en-CH";"3";"v1:d3fd3111d338f5b91a8afe35e5ff9a8bb19678817df79ce37aaec18b6ccdc349";"09782620728b15d90b8011f759fc34f80da0fa700756b6b1913f9be7eaaec287"
"Einflussfaktoren";"Herz-Kreislauf & Vorsorge";"Spezialaktionen";"Nächster Schritt";"Kardiovaskulärer Vorsorge-Check · Startschritt · Abklärung erforderlich · familiäre Vorbelastung · Bluthochdruck";"Vereinbaren Sie zeitnah einen Termin, um Blutdruck, Blutfette und Blutzucker fachlich einordnen zu lassen, und sprechen Sie Ihre familiäre Vorgeschichte an. Führen Sie Ihre verordnete Behandlung wie besprochen weiter und klären Sie den passenden Messrhythmus mit der behandelnden Fachperson.";"Arrange an appointment soon to have your blood pressure, blood lipids and blood glucose assessed, and mention your family history. Continue your prescribed treatment as agreed and discuss an appropriate measurement schedule with the healthcare professional treating you.";"";"";"Marketing, Medizin";"Prüfung erforderlich";"Nicht validierte Zwei-Wochen-Frist entfernt und Messrhythmus an Fachperson gebunden; durch Marketing und Medizin freigeben.";"";"";"recommendation.special.act_kardio.step.assessment_needed_family_history_hypertension";"recommendations";"en-CH";"3";"v1:d3fd3111d338f5b91a8afe35e5ff9a8bb19678817df79ce37aaec18b6ccdc349";"ce7343a998a1b0297f713f6baf22a1f23e666049e47b4b922123d91b73c173bc"
"Einflussfaktoren";"Herz-Kreislauf & Vorsorge";"Spezialaktionen";"Nächster Schritt";"Kardiovaskulärer Vorsorge-Check · Startschritt · Werte bereits abgeklärt";"Sprechen Sie beim nächsten Termin gezielt Ihr Herz-Kreislauf-Risiko an und lassen Sie Blutdruck, Blutfette und Blutzucker aktuell bestimmen.";"At your next appointment, specifically discuss your cardiovascular risk and have your blood pressure, blood lipids and blood glucose measured again.";"";"";"Marketing, Medizin";"Prüfung erforderlich";"";"";"";"recommendation.special.act_kardio.step.already_assessed";"recommendations";"en-CH";"3";"v1:d3fd3111d338f5b91a8afe35e5ff9a8bb19678817df79ce37aaec18b6ccdc349";"78a37cb4048511ff6fee149cd5661cdb69fd2a500b9f1e767914badfba7478ab"
"Einflussfaktoren";"Herz-Kreislauf & Vorsorge";"Spezialaktionen";"Nächster Schritt";"Kardiovaskulärer Vorsorge-Check · Startschritt · Werte bereits abgeklärt · Bluthochdruck";"Sprechen Sie beim nächsten Termin gezielt Ihr Herz-Kreislauf-Risiko an und lassen Sie Blutdruck, Blutfette und Blutzucker aktuell bestimmen. Bis dahin: Blutdruck regelmässig messen und die laufende Behandlung konsequent weiterführen.";"At your next appointment, specifically discuss your cardiovascular risk and have your blood pressure, blood lipids and blood glucose measured again. Until then, measure your blood pressure regularly and continue your current treatment consistently.";"";"";"Marketing, Medizin";"Prüfung erforderlich";"";"";"";"recommendation.special.act_kardio.step.already_assessed_hypertension";"recommendations";"en-CH";"3";"v1:d3fd3111d338f5b91a8afe35e5ff9a8bb19678817df79ce37aaec18b6ccdc349";"35971ffb3d826fa5e946d787ca8486cb6c743835015e4ad43cdd38cc0e2f10a8"
"Einflussfaktoren";"Herz-Kreislauf & Vorsorge";"Spezialaktionen";"Nächster Schritt";"Kardiovaskulärer Vorsorge-Check · Startschritt · Werte bereits abgeklärt · familiäre Vorbelastung";"Sprechen Sie beim nächsten Termin gezielt Ihr Herz-Kreislauf-Risiko und Ihre familiäre Vorgeschichte an und lassen Sie Blutdruck, Blutfette und Blutzucker aktuell bestimmen.";"At your next appointment, specifically discuss your cardiovascular risk and family history and have your blood pressure, blood lipids and blood glucose measured again.";"";"";"Marketing, Medizin";"Prüfung erforderlich";"Übernimmt den relevanten Familienanamnese-Hinweis aus der dadurch ersetzten Einzelkarte; durch Marketing und Medizin freigeben.";"";"";"recommendation.special.act_kardio.step.already_assessed_family_history";"recommendations";"en-CH";"3";"v1:d3fd3111d338f5b91a8afe35e5ff9a8bb19678817df79ce37aaec18b6ccdc349";"386aa77a629ee723d41c9735a2cc2cee73f10ee7a86f8cff8374b318d3452448"
"Einflussfaktoren";"Herz-Kreislauf & Vorsorge";"Spezialaktionen";"Nächster Schritt";"Kardiovaskulärer Vorsorge-Check · Startschritt · Werte bereits abgeklärt · familiäre Vorbelastung · Bluthochdruck";"Sprechen Sie beim nächsten Termin gezielt Ihr Herz-Kreislauf-Risiko und Ihre familiäre Vorgeschichte an und lassen Sie Blutdruck, Blutfette und Blutzucker aktuell bestimmen. Bis dahin: Blutdruck regelmässig messen und die laufende Behandlung konsequent weiterführen.";"At your next appointment, specifically discuss your cardiovascular risk and family history and have your blood pressure, blood lipids and blood glucose measured again. Until then, measure your blood pressure regularly and continue your current treatment consistently.";"";"";"Marketing, Medizin";"Prüfung erforderlich";"Bündelt Familienanamnese und Bluthochdruck-Begleitung in der priorisierten Kardio-Karte; durch Marketing und Medizin freigeben.";"";"";"recommendation.special.act_kardio.step.already_assessed_family_history_hypertension";"recommendations";"en-CH";"3";"v1:d3fd3111d338f5b91a8afe35e5ff9a8bb19678817df79ce37aaec18b6ccdc349";"f5aed2271de2211824b058b0a95ade700a07a1f089834915958a6a010712e120"
"Einflussfaktoren";"Herz-Kreislauf & Vorsorge";"Spezialaktionen";"Erwarteter Nutzen";"Kardiovaskulärer Vorsorge-Check, Nutzen";"Sie erhalten aktuelle Messwerte und können mit der Fachperson klären, welche nächsten Schritte zu Ihrem Risikoprofil passen.";"You receive current measurements and can clarify with a healthcare professional which next steps suit your risk profile.";"";"";"Marketing, Medizin";"Prüfung erforderlich";"Absolutes Nutzenversprechen durch realistische Entscheidungsgrundlage ersetzt; durch Marketing und Medizin freigeben.";"";"";"recommendation.special.act_kardio.benefit";"recommendations";"en-CH";"3";"v1:d3fd3111d338f5b91a8afe35e5ff9a8bb19678817df79ce37aaec18b6ccdc349";"bacb8ee640d5718d9f7e45627f05ff1f2a265603181b7dbe4084cf74fd2762dd"
"Einflussfaktoren";"Herz-Kreislauf & Vorsorge";"4-Wochen-Pläne";"4-Wochen-Plan";"4-Wochen-Plan · Diese Woche";"Termin vereinbaren – und die Untersuchung gezielt vorbereiten: Bitten Sie neben Blutdruck und Blutzucker um ein Lipidprofil und fragen Sie aktiv nach <b>ApoB (Apolipoprotein B)</b> und <b>Lp(a) (Lipoprotein(a))</b>. Notieren Sie vorab, wer in Ihrer Familie wann eine Herz-Kreislauf-Erkrankung hatte – das verändert die ärztliche Einschätzung oft deutlich.";"Arrange an appointment and prepare specifically for the examination. In addition to blood pressure and blood glucose, ask for a lipid profile and specifically ask about <b>ApoB (apolipoprotein B)</b> and <b>Lp(a) (lipoprotein(a))</b>. Note in advance which relatives had cardiovascular disease and at what age, as this often materially changes the medical assessment.";"";"";"Marketing, Medizin";"Prüfung erforderlich";"";"";"ApoB | Lp(a)";"recommendation.plan.act_kardio.this_week";"recommendations";"en-CH";"3";"v1:d3fd3111d338f5b91a8afe35e5ff9a8bb19678817df79ce37aaec18b6ccdc349";"c14be52e75b3361a630772ed5faf2325466aff1ec0c746f69982bec69460af4d"
"Einflussfaktoren";"Herz-Kreislauf & Vorsorge";"4-Wochen-Pläne";"4-Wochen-Plan";"4-Wochen-Plan · Woche 2–3";"Verstehen, worum es geht: <b>ApoB</b> bildet die Anzahl atherogener Partikel ab, während LDL-Cholesterin deren Cholesteringehalt misst – beide Werte können auseinanderfallen. <b>Lp(a)</b> ist weitgehend genetisch bestimmt und durch den Lebensstil kaum beeinflussbar. Eine einmalige Bestimmung im Erwachsenenleben ist meist ausreichend; Ausnahmen legt die Fachperson fest.";"Understand what the values mean. <b>ApoB</b> reflects the number of atherogenic particles, while LDL cholesterol measures their cholesterol content, and the two values can differ. <b>Lp(a)</b> is largely determined by genetics and is barely influenced by lifestyle. Measuring it once in adulthood is usually sufficient; a healthcare professional will determine any exceptions.";"";"";"Marketing, Medizin";"Prüfung erforderlich";"ApoB und Lp(a) fachlich getrennt und die einmalige Lp(a)-Messung korrekt qualifiziert; durch Marketing und Medizin freigeben.";"";"ApoB | Lp(a)";"recommendation.plan.act_kardio.weeks_2_3";"recommendations";"en-CH";"3";"v1:d3fd3111d338f5b91a8afe35e5ff9a8bb19678817df79ce37aaec18b6ccdc349";"ffac5e7ff109a63ae39f50eff0daf681a5b22c91fd89f603b5549de303fef920"
"Einflussfaktoren";"Herz-Kreislauf & Vorsorge";"4-Wochen-Pläne";"4-Wochen-Plan";"4-Wochen-Plan · Woche 4, Alter ab 40";"Kontrollrhythmus festlegen und eintragen. Die Schweizerische Herzstiftung empfiehlt, die Blutfette ab 40 mindestens alle fünf Jahre kontrollieren zu lassen; den Blutzucker ab 45. Lp(a) wird im Erwachsenenleben meist nur einmal bestimmt; Ausnahmen legt die Fachperson fest. Bei erhöhtem Risiko oder laufender Therapie legen Sie die Intervalle mit Ihrer Fachperson fest.";"Set and record a follow-up schedule. The Swiss Heart Foundation recommends having blood lipids checked at least every five years from the age of 40 and blood glucose from the age of 45. Lp(a) is generally measured only once in adulthood; a healthcare professional will determine any exceptions. If you have an elevated risk or are receiving treatment, agree the intervals with your healthcare professional.";"";"";"Marketing, Medizin";"Prüfung erforderlich";"Lp(a)-Wiederholung qualifiziert und Kontrollintervalle an Fachperson gebunden; durch Marketing und Medizin freigeben.";"";"Lp(a)";"recommendation.plan.act_kardio.week_4.age_40_plus";"recommendations";"en-CH";"3";"v1:d3fd3111d338f5b91a8afe35e5ff9a8bb19678817df79ce37aaec18b6ccdc349";"4ff23a00318262b5125fe1547aca95a8b02cb314e0edbde9482ca05e0cff35ff"
"Einflussfaktoren";"Herz-Kreislauf & Vorsorge";"4-Wochen-Pläne";"4-Wochen-Plan";"4-Wochen-Plan · Woche 4, Alter unter 40";"Kontrollrhythmus festlegen und eintragen. Die Schweizerische Herzstiftung empfiehlt regelmässige Blutfett-Kontrollen ab 40 Jahren – bei familiärer Vorbelastung kann eine frühere Bestimmung sinnvoll sein. Lp(a) wird im Erwachsenenleben meist nur einmal bestimmt; Ausnahmen legt die Fachperson fest. Gefässablagerungen entstehen über Jahre, deshalb lohnt sich eine frühzeitige Risikoeinordnung.";"Set and record a follow-up schedule. The Swiss Heart Foundation recommends regular blood-lipid checks from the age of 40. An earlier measurement may be useful if you have a family history. Lp(a) is generally measured only once in adulthood; a healthcare professional will determine any exceptions. Deposits in blood vessels develop over years, so assessing risk early is worthwhile.";"";"";"Marketing, Medizin";"Prüfung erforderlich";"Lp(a)-Wiederholung qualifiziert und absolute Präventionswirkung entschärft; durch Marketing und Medizin freigeben.";"";"Lp(a)";"recommendation.plan.act_kardio.week_4.under_40";"recommendations";"en-CH";"3";"v1:d3fd3111d338f5b91a8afe35e5ff9a8bb19678817df79ce37aaec18b6ccdc349";"c2b12635e114d7aeca34d1683ea0bbc646014a0a471417e5e111c8b25514c388"
"Einflussfaktoren";"Herz-Kreislauf & Vorsorge";"Spezial-Empfehlungen";"Dynamischer Text";"Kardiovaskulärer Vorsorge-Check, Aufzählung von drei oder mehr dynamischen Risikofaktoren";"{{preceding}} und {{last}}";"{{preceding}} and {{last}}";"";"";"Marketing";"Prüfung erforderlich";"";"{{last}} | {{preceding}}";"";"recommendation.special.act_kardio.risk_factor_list.many";"recommendations";"en-CH";"3";"v1:d3fd3111d338f5b91a8afe35e5ff9a8bb19678817df79ce37aaec18b6ccdc349";"33b9efb28831325d78f8e58675c92b6588c5a21786c22e8c748369b725509926"
"Einflussfaktoren";"Herz-Kreislauf & Vorsorge";"Spezial-Empfehlungen";"Dynamischer Text";"Kardiovaskulärer Vorsorge-Check, Aufzählung von genau zwei dynamischen Risikofaktoren";"{{first}} und {{last}}";"{{first}} and {{last}}";"";"";"Marketing";"Prüfung erforderlich";"";"{{first}} | {{last}}";"";"recommendation.special.act_kardio.risk_factor_list.two";"recommendations";"en-CH";"3";"v1:d3fd3111d338f5b91a8afe35e5ff9a8bb19678817df79ce37aaec18b6ccdc349";"f1708f61dabbd87da54ace3f349eec06325ae43bf3ab6d6761257c1388dddbfa"
"Einflussfaktoren";"Herz-Kreislauf & Vorsorge";"Spezial-Empfehlungen";"Dynamischer Textbaustein";"Kardiovaskulärer Vorsorge-Check, dynamisch eingesetzter Risikofaktor Alkohol";"Alkohol";"alcohol";"";"";"Marketing, Medizin";"Prüfung erforderlich";"";"";"";"recommendation.special.act_kardio.risk_factor.alcohol";"recommendations";"en-CH";"3";"v1:d3fd3111d338f5b91a8afe35e5ff9a8bb19678817df79ce37aaec18b6ccdc349";"872afb7cc48a33217c140f3f0d7d0e5af77ef0b30392f9b5aa7763e3a69095ca"
"Einflussfaktoren";"Herz-Kreislauf & Vorsorge";"Spezial-Empfehlungen";"Dynamischer Textbaustein";"Kardiovaskulärer Vorsorge-Check, dynamisch eingesetzter Risikofaktor Bluthochdruck";"Bluthochdruck";"high blood pressure";"";"";"Marketing, Medizin";"Prüfung erforderlich";"";"";"";"recommendation.special.act_kardio.risk_factor.hypertension";"recommendations";"en-CH";"3";"v1:d3fd3111d338f5b91a8afe35e5ff9a8bb19678817df79ce37aaec18b6ccdc349";"c5d953895ce87987d4b1baceae99105504c96a5cdec2f856396fa078f594d849"
"Einflussfaktoren";"Herz-Kreislauf & Vorsorge";"Spezial-Empfehlungen";"Dynamischer Textbaustein";"Kardiovaskulärer Vorsorge-Check, dynamisch eingesetzter Risikofaktor Ernährungsmuster";"das Ernährungsmuster";"nutrition pattern";"";"";"Marketing, Medizin";"Prüfung erforderlich";"";"";"";"recommendation.special.act_kardio.risk_factor.nutrition_pattern";"recommendations";"en-CH";"3";"v1:d3fd3111d338f5b91a8afe35e5ff9a8bb19678817df79ce37aaec18b6ccdc349";"628067fd439509abd1ed12862f43dfa9fe60c1bafd25b136c1c9ec2375a63ba7"
"Einflussfaktoren";"Herz-Kreislauf & Vorsorge";"Spezial-Empfehlungen";"Dynamischer Textbaustein";"Kardiovaskulärer Vorsorge-Check, dynamisch eingesetzter Risikofaktor familiäre Vorbelastung";"familiäre Vorbelastung";"family history";"";"";"Marketing, Medizin";"Prüfung erforderlich";"";"";"";"recommendation.special.act_kardio.risk_factor.family_history";"recommendations";"en-CH";"3";"v1:d3fd3111d338f5b91a8afe35e5ff9a8bb19678817df79ce37aaec18b6ccdc349";"f6c2e16cee073c9a3b05379e915692ea594eab2010147f159807d2ed42f41748"
"Einflussfaktoren";"Herz-Kreislauf & Vorsorge";"Spezial-Empfehlungen";"Dynamischer Textbaustein";"Kardiovaskulärer Vorsorge-Check, dynamisch eingesetzter Risikofaktor Körperzusammensetzung";"Körperzusammensetzung";"body composition";"";"";"Marketing, Medizin";"Prüfung erforderlich";"";"";"";"recommendation.special.act_kardio.risk_factor.body_composition";"recommendations";"en-CH";"3";"v1:d3fd3111d338f5b91a8afe35e5ff9a8bb19678817df79ce37aaec18b6ccdc349";"332a131c0761d203659a385e747cf2ded267b9bdac2a0385da3862acf459c4a3"
"Einflussfaktoren";"Herz-Kreislauf & Vorsorge";"Spezial-Empfehlungen";"Dynamischer Textbaustein";"Kardiovaskulärer Vorsorge-Check, dynamisch eingesetzter Risikofaktor lange Sitzzeiten";"lange Sitzzeiten";"long periods of sitting";"";"";"Marketing, Medizin";"Prüfung erforderlich";"";"";"";"recommendation.special.act_kardio.risk_factor.long_sitting";"recommendations";"en-CH";"3";"v1:d3fd3111d338f5b91a8afe35e5ff9a8bb19678817df79ce37aaec18b6ccdc349";"f1abdc4f78957c1bcc4c9332d3b064d4da54e2a65ab954b249cb833933622e2e"
"Einflussfaktoren";"Herz-Kreislauf & Vorsorge";"Spezial-Empfehlungen";"Dynamischer Textbaustein";"Kardiovaskulärer Vorsorge-Check, dynamisch eingesetzter Risikofaktor Rauchen";"Rauchen";"smoking";"";"";"Marketing, Medizin";"Prüfung erforderlich";"";"";"";"recommendation.special.act_kardio.risk_factor.smoking";"recommendations";"en-CH";"3";"v1:d3fd3111d338f5b91a8afe35e5ff9a8bb19678817df79ce37aaec18b6ccdc349";"27bdd0900c0ee05358d85073483825accb51cad200b5b3e56fa5d9d0b1fa3227"
"Einflussfaktoren";"Herz-Kreislauf & Vorsorge";"Spezial-Empfehlungen";"Dynamischer Textbaustein";"Kardiovaskulärer Vorsorge-Check, dynamisch eingesetzter Risikofaktor wenig Bewegung";"wenig Bewegung";"low physical activity";"";"";"Marketing, Medizin";"Prüfung erforderlich";"";"";"";"recommendation.special.act_kardio.risk_factor.low_activity";"recommendations";"en-CH";"3";"v1:d3fd3111d338f5b91a8afe35e5ff9a8bb19678817df79ce37aaec18b6ccdc349";"47f971573c063fdfb41e0118b8f680dc11913ee6e7e1da91d41c1871a1d1ea43"
"Einflussfaktoren";"Herz-Kreislauf & Vorsorge";"Dimensionsdetails";"Überschrift";"Dimensionsdetail · Titel";"Blutdruck nicht bekannt";"Blood pressure unknown";"";"";"Marketing, Medizin";"Prüfung erforderlich";"";"";"";"recommendation.signal.blutdruck_unbekannt.title";"recommendations";"en-CH";"3";"v1:d3fd3111d338f5b91a8afe35e5ff9a8bb19678817df79ce37aaec18b6ccdc349";"169177d5fb2e4eb30b4bb1d6a9a936f6e0e6a771f0c7815a215d374bc2fd2b9f"
"Einflussfaktoren";"Herz-Kreislauf & Vorsorge";"Dimensionsdetails";"Persönliche Einordnung";"Dimensionsdetail · Einordnung";"Bluthochdruck verursacht typischerweise keine Symptome. Man kann ihn jahrelang haben, ohne etwas zu merken – Messen ist der einzige Weg, ihn zu finden.";"High blood pressure typically causes no symptoms. You can have it for years without noticing, so measuring it is the only way to detect it.";"";"";"Marketing, Medizin";"Prüfung erforderlich";"";"";"";"recommendation.signal.blutdruck_unbekannt.insight";"recommendations";"en-CH";"3";"v1:d3fd3111d338f5b91a8afe35e5ff9a8bb19678817df79ce37aaec18b6ccdc349";"2cb9901014dc430c0197e58249390e2d0178f4011ab8c591103b30115de40db6"
"Einflussfaktoren";"Herz-Kreislauf & Vorsorge";"Dimensionsdetails";"Medizinische Klärung";"Dimensionsdetail · medizinischer Klärungshinweis";"Ob wiederholt erhöhte Werte vorliegen und ob weitere Risikofaktoren dazukommen.";"Whether values are repeatedly elevated and whether other risk factors are present.";"";"";"Marketing, Medizin";"Prüfung erforderlich";"";"";"";"recommendation.signal.blutdruck_unbekannt.clarify";"recommendations";"en-CH";"3";"v1:d3fd3111d338f5b91a8afe35e5ff9a8bb19678817df79ce37aaec18b6ccdc349";"3b00bbbcf5b1a7df511bffea4a53a80525c4d6d00d76eb3cf1aa0c43575633d1"
"Einflussfaktoren";"Herz-Kreislauf & Vorsorge";"Risikosignale";"Risikosignal";"Ergebnisseite, medizinisches Signal unbekannter Blutdruck";"Ihr Blutdruck ist Ihnen nicht bekannt. Eine einfache Messung schafft Klarheit.";"You do not know your blood pressure. A simple measurement provides clarity.";"";"";"Marketing, Medizin";"Prüfung erforderlich";"";"";"";"recommendation.risk_signal.blutdruck_unbekannt.label";"recommendations";"en-CH";"3";"v1:d3fd3111d338f5b91a8afe35e5ff9a8bb19678817df79ce37aaec18b6ccdc349";"b0599d4379a72c56cf686717d70c8d1224833b966f09461397b2baf6cb359c9e"
"Einflussfaktoren";"Herz-Kreislauf & Vorsorge";"Dimensionsdetails";"Überschrift";"Dimensionsdetail · Titel";"Bekannter Bluthochdruck";"Known high blood pressure";"";"";"Marketing, Medizin";"Prüfung erforderlich";"";"";"";"recommendation.signal.bluthochdruck.title";"recommendations";"en-CH";"3";"v1:d3fd3111d338f5b91a8afe35e5ff9a8bb19678817df79ce37aaec18b6ccdc349";"b6baad281cd8814c6eb41dbbadc887af4c97d3d042803b4c8967e73022f9b653"
"Einflussfaktoren";"Herz-Kreislauf & Vorsorge";"Dimensionsdetails";"Persönliche Einordnung";"Dimensionsdetail · Einordnung";"Bluthochdruck und ungünstige Blutfette tragen beide zum Herz-Kreislauf-Risiko bei. Ein gut eingestellter Blutdruck senkt dieses Risiko, auch wenn die Veränderung oft nicht direkt spürbar ist.";"High blood pressure and adverse blood lipids both contribute to cardiovascular risk. Well-controlled blood pressure reduces this risk, even if the change is often not directly noticeable.";"";"";"Marketing, Medizin";"Prüfung erforderlich";"Universelle Wechselwirkung und absolutes Messbarkeits-Wording entfernt; durch Marketing und Medizin freigeben.";"";"";"recommendation.signal.bluthochdruck.insight";"recommendations";"en-CH";"3";"v1:d3fd3111d338f5b91a8afe35e5ff9a8bb19678817df79ce37aaec18b6ccdc349";"372387c81ccc5e155ccfad09c8937976c99971deb35517d645a5ca89d6c3617d"
"Einflussfaktoren";"Herz-Kreislauf & Vorsorge";"Dimensionsdetails";"Medizinische Klärung";"Dimensionsdetail · medizinischer Klärungshinweis";"Zielwert, Medikation und – oft vergessen – ob Ihre Blutfette inklusive ApoB und Ihr Lp(a) je bestimmt wurden.";"Your target value, medication and, something often overlooked, whether your blood lipids including ApoB and your Lp(a) have ever been measured.";"";"";"Marketing, Medizin";"Prüfung erforderlich";"";"";"";"recommendation.signal.bluthochdruck.clarify";"recommendations";"en-CH";"3";"v1:d3fd3111d338f5b91a8afe35e5ff9a8bb19678817df79ce37aaec18b6ccdc349";"316e5cf071a69485a74f7364ccb945bd75f6db96be9e247c150767899cccbaff"
"Einflussfaktoren";"Herz-Kreislauf & Vorsorge";"Zusatzhinweise bei abgedeckten Aktionsschritten";"Vertiefung";"Zusatzhinweis bei bereits abgedecktem Aktionsschritt";"Ein Detail für das Arztgespräch: Je nach Risikoprofil kann ApoB zusätzliche Information zum Lipidprofil liefern. Lp(a) sollte im Erwachsenenleben in der Regel mindestens einmal bestimmt werden.";"One detail for the medical consultation: depending on your risk profile, ApoB may provide additional information beyond the lipid profile. Lp(a) should generally be measured at least once in adulthood.";"";"";"Marketing, Medizin";"Prüfung erforderlich";"ApoB und Lp(a) fachlich getrennt; durch Marketing und Medizin freigeben.";"";"";"recommendation.signal.bluthochdruck.deepen";"recommendations";"en-CH";"3";"v1:d3fd3111d338f5b91a8afe35e5ff9a8bb19678817df79ce37aaec18b6ccdc349";"66901713bee825b5511e549d32dd322fb0882aef0d837592acdab485d8936428"
"Einflussfaktoren";"Herz-Kreislauf & Vorsorge";"Risikosignale";"Risikosignal";"Ergebnisseite, medizinisches Signal bekannter Bluthochdruck";"Bei Ihnen ist Bluthochdruck bekannt oder Sie nehmen dafür Medikamente – bleiben Sie mit Ihrer Fachperson in Kontakt.";"You have known high blood pressure or take medication for it. Stay in contact with your healthcare professional.";"";"";"Marketing, Medizin";"Prüfung erforderlich";"";"";"";"recommendation.risk_signal.bluthochdruck.label";"recommendations";"en-CH";"3";"v1:d3fd3111d338f5b91a8afe35e5ff9a8bb19678817df79ce37aaec18b6ccdc349";"4e634890f9757d0442de8a5751e56339630f9b8b53774f690dc43bc12a8b9e55"
"Einflussfaktoren";"Herz-Kreislauf & Vorsorge";"Coach-Antworten";"Begründung / Einordnung";"Demo-Coach-Antwort zu Blutdruck, Cholesterin, Blutzucker oder Laborwerten";"Konkrete Werte sollten Sie ärztlich einordnen lassen – ich kann und darf das nicht bewerten. Sinnvoll ist, unbekannte Basiswerte (Blutdruck, Blutzucker/HbA1c, Blutfette) bei Gelegenheit bestimmen zu lassen.";"Specific values should be assessed by a doctor. I cannot and must not assess them. If your baseline values are unknown, it may be useful to have your blood pressure, blood glucose/HbA1c and blood lipids measured when convenient.";"";"";"Marketing, Medizin";"Prüfung erforderlich";"";"";"";"coach.answer.medical_values";"coach";"en-CH";"3";"v1:d3fd3111d338f5b91a8afe35e5ff9a8bb19678817df79ce37aaec18b6ccdc349";"c293d84f2ab2f5ebece72937b0b30dddc94fa2079c55f3963d0e625f2b700f78"
"Einflussfaktoren";"Herz-Kreislauf & Vorsorge";"Empfehlungskarten";"Überschrift";"Empfehlungskarte · Einflussfaktoren · Titel";"Blutdruck einmal messen";"Measure your blood pressure";"";"";"Marketing";"Prüfung erforderlich";"";"";"";"recommendation.catalog.ei_bd_messen.title";"recommendations";"en-CH";"3";"v1:d3fd3111d338f5b91a8afe35e5ff9a8bb19678817df79ce37aaec18b6ccdc349";"3fbb86a1efe2b463d81ac2ea0a09bddfab95596d61cc3956905dad768065d132"
"Einflussfaktoren";"Herz-Kreislauf & Vorsorge";"Empfehlungskarten";"Begründung / Einordnung";"Empfehlungskarte · Einflussfaktoren · Begründung";"Sie kennen Ihren Blutdruck aktuell nicht. Da hoher Blutdruck meist keine Symptome macht, ist Messen die einzige Möglichkeit, ihn früh zu erkennen.";"You do not currently know your blood pressure. Because high blood pressure usually causes no symptoms, measuring it is the only way to detect it early.";"";"";"Marketing, Medizin";"Prüfung erforderlich";"";"";"";"recommendation.catalog.ei_bd_messen.why";"recommendations";"en-CH";"3";"v1:d3fd3111d338f5b91a8afe35e5ff9a8bb19678817df79ce37aaec18b6ccdc349";"72662fb5a34a5ce4fa688f1e2ea5d9b54ec62e76905dee532a13c72436dd5de8"
"Einflussfaktoren";"Herz-Kreislauf & Vorsorge";"Empfehlungskarten";"Nächster Schritt";"Empfehlungskarte · Einflussfaktoren · konkreter nächster Schritt";"Messen Sie Ihren Blutdruck in den nächsten Wochen ein paar Mal in Ruhe – in vielen Apotheken oder mit einem Heimgerät.";"Measure your blood pressure several times at rest over the next few weeks, either at many pharmacies or with a home monitor.";"";"";"Marketing, Medizin";"Prüfung erforderlich";"";"";"";"recommendation.catalog.ei_bd_messen.step";"recommendations";"en-CH";"3";"v1:d3fd3111d338f5b91a8afe35e5ff9a8bb19678817df79ce37aaec18b6ccdc349";"c7f93f6354ec9d898afd48f0a088132e47da0b75708cdda8b47becaca2910be7"
"Einflussfaktoren";"Herz-Kreislauf & Vorsorge";"Empfehlungskarten";"Erwarteter Nutzen";"Empfehlungskarte · Einflussfaktoren · erwarteter Nutzen";"Sie erkennen frühzeitig, ob Handlungsbedarf besteht, und können gezielt vorsorgen.";"You can identify early whether action is needed and take targeted preventive steps.";"";"";"Marketing, Medizin";"Prüfung erforderlich";"";"";"";"recommendation.catalog.ei_bd_messen.benefit";"recommendations";"en-CH";"3";"v1:d3fd3111d338f5b91a8afe35e5ff9a8bb19678817df79ce37aaec18b6ccdc349";"ce2b666e1ab8fdede6853b7d9562418440e9f2f12c8a5070eaa90d859c57acbb"
"Einflussfaktoren";"Herz-Kreislauf & Vorsorge";"4-Wochen-Pläne";"4-Wochen-Plan";"4-Wochen-Plan · Diese Woche";"Messen Sie Ihren Blutdruck – in der Apotheke, mit einem Heimgerät oder in der Arztpraxis. Als grobe Orientierung gelten Werte ab etwa <b>140/90 mmHg</b> (Praxismessung) als behandlungsbedürftig; die Einordnung gehört in ärztliche Hände.";"Measure your blood pressure at a pharmacy, with a home monitor or at a medical practice. As a rough guide, values from around <b>140/90 mmHg</b> in a clinical measurement may require treatment, but the assessment belongs in medical hands.";"";"";"Marketing, Medizin";"Prüfung erforderlich";"";"";"";"recommendation.plan.ei_bd_messen.this_week";"recommendations";"en-CH";"3";"v1:d3fd3111d338f5b91a8afe35e5ff9a8bb19678817df79ce37aaec18b6ccdc349";"03eec169aef4d600df51b18b9635280054db5e96d5dbe1e31fee32c4b3995758"
"Einflussfaktoren";"Herz-Kreislauf & Vorsorge";"4-Wochen-Pläne";"4-Wochen-Plan";"4-Wochen-Plan · Woche 2–3";"Wiederholen Sie die Messung an zwei bis drei weiteren Tagen. Bluthochdruck macht typischerweise <b>keine Symptome</b> – deshalb ist Messen die einzige Möglichkeit, ihn früh zu erkennen. Ein einzelner erhöhter Wert bedeutet noch keine Diagnose.";"Repeat the measurement on another two or three days. High blood pressure typically causes <b>no symptoms</b>, so measuring it is the only way to detect it early. One elevated value alone is not a diagnosis.";"";"";"Marketing, Medizin";"Prüfung erforderlich";"";"";"";"recommendation.plan.ei_bd_messen.weeks_2_3";"recommendations";"en-CH";"3";"v1:d3fd3111d338f5b91a8afe35e5ff9a8bb19678817df79ce37aaec18b6ccdc349";"6143f1f9b866288fb64c7af16d7fb60059c37823930650fad0bdf460f6012d7c"
"Einflussfaktoren";"Herz-Kreislauf & Vorsorge";"4-Wochen-Pläne";"4-Wochen-Plan";"4-Wochen-Plan · Woche 4";"Sind die Werte wiederholt erhöht: Termin vereinbaren und gleich das Lipidprofil mitbestimmen lassen. Sind sie normal: Kontrolle in ein bis zwei Jahren eintragen – Vorsorge wirkt nur, wenn sie ein Rhythmus wird und keine einmalige Aktion bleibt.";"If the values are repeatedly elevated, arrange an appointment and have a lipid profile measured at the same time. If they are normal, schedule another check in one to two years. Preventive care works only when it becomes a routine rather than remaining a one-off action.";"";"";"Marketing, Medizin";"Prüfung erforderlich";"";"";"";"recommendation.plan.ei_bd_messen.week_4";"recommendations";"en-CH";"3";"v1:d3fd3111d338f5b91a8afe35e5ff9a8bb19678817df79ce37aaec18b6ccdc349";"3d4a95ed840339946ac8f0abe5ee6206cf7508138ba535c3b340e215e9393bf9"
"Einflussfaktoren";"Herz-Kreislauf & Vorsorge";"Empfehlungskarten";"Überschrift";"Empfehlungskarte · Einflussfaktoren · Titel";"Bluthochdruck gut begleiten";"Manage high blood pressure well";"";"";"Marketing";"Prüfung erforderlich";"";"";"";"recommendation.catalog.ei_bluthochdruck.title";"recommendations";"en-CH";"3";"v1:d3fd3111d338f5b91a8afe35e5ff9a8bb19678817df79ce37aaec18b6ccdc349";"bbeb53830e2cd094067814b652de79e3674c7c25c71e566b2ec1e759322a36a5"
"Einflussfaktoren";"Herz-Kreislauf & Vorsorge";"Empfehlungskarten";"Begründung / Einordnung";"Empfehlungskarte · Einflussfaktoren · Begründung";"Bei Ihnen ist Bluthochdruck bekannt. Dauerhaft hohe Werte belasten Herz, Gefässe und Nieren – oft ohne spürbare Symptome. Gut eingestellt, sinkt Ihr Risiko deutlich.";"You have known high blood pressure. Persistently high values strain the heart, blood vessels and kidneys, often without noticeable symptoms. Good control significantly reduces your risk.";"";"";"Marketing, Medizin";"Prüfung erforderlich";"";"";"";"recommendation.catalog.ei_bluthochdruck.why";"recommendations";"en-CH";"3";"v1:d3fd3111d338f5b91a8afe35e5ff9a8bb19678817df79ce37aaec18b6ccdc349";"3fc609fdd04636ec945e89155640951ab9938eb39ecbf5b45b1b25dbf9ab5037"
"Einflussfaktoren";"Herz-Kreislauf & Vorsorge";"Empfehlungskarten";"Nächster Schritt";"Empfehlungskarte · Einflussfaktoren · konkreter nächster Schritt";"Bleiben Sie mit Ihrer Fachperson in Kontakt, messen Sie regelmässig und unterstützen Sie die Behandlung mit Bewegung und salzbewusster Ernährung.";"Stay in contact with your healthcare professional, measure your blood pressure regularly and support your treatment with physical activity and a salt-conscious diet.";"";"";"Marketing, Medizin";"Prüfung erforderlich";"";"";"";"recommendation.catalog.ei_bluthochdruck.step";"recommendations";"en-CH";"3";"v1:d3fd3111d338f5b91a8afe35e5ff9a8bb19678817df79ce37aaec18b6ccdc349";"1c7f527b7d2266df477d7857fa5e30c573d9f78e43cd2d8daadde7688812f8ce"
"Einflussfaktoren";"Herz-Kreislauf & Vorsorge";"Empfehlungskarten";"Erwarteter Nutzen";"Empfehlungskarte · Einflussfaktoren · erwarteter Nutzen";"Ein gut eingestellter Blutdruck senkt das Risiko für Herzinfarkt, Schlaganfall und Nierenschäden erheblich.";"Well-controlled blood pressure substantially reduces the risk of heart attack, stroke and kidney damage.";"";"";"Marketing, Medizin";"Prüfung erforderlich";"";"";"";"recommendation.catalog.ei_bluthochdruck.benefit";"recommendations";"en-CH";"3";"v1:d3fd3111d338f5b91a8afe35e5ff9a8bb19678817df79ce37aaec18b6ccdc349";"7498e2eced3a1c7b8573bbae9d6530344e705fc01c7176dcc951d81db35042e9"
"Einflussfaktoren";"Herz-Kreislauf & Vorsorge";"4-Wochen-Pläne";"4-Wochen-Plan";"4-Wochen-Plan · Diese Woche";"Messen Sie an drei Tagen morgens und abends im Sitzen nach fünf Minuten Ruhe und notieren Sie die Werte. Wichtig: Nicht Einzelwerte zählen, sondern der Durchschnitt über mehrere Tage – so entsteht ein belastbares Bild für die nächste Sprechstunde.";"Measure your blood pressure while seated in the morning and evening on three days, after resting for five minutes, and record the values. The average over several days matters, not individual readings. This provides a reliable picture for your next consultation.";"";"";"Marketing, Medizin";"Prüfung erforderlich";"";"";"";"recommendation.plan.ei_bluthochdruck.this_week";"recommendations";"en-CH";"3";"v1:d3fd3111d338f5b91a8afe35e5ff9a8bb19678817df79ce37aaec18b6ccdc349";"9ad6a1c68a3449c6784320e84a7f3ac5bc5de920d461bbea9ff1dea97cbbb579"
"Einflussfaktoren";"Herz-Kreislauf & Vorsorge";"4-Wochen-Pläne";"4-Wochen-Plan";"4-Wochen-Plan · Woche 2–3";"Zwei Hebel mit belegter Wirkung: <b>Salz</b> (Fertigprodukte, Brot, Käse und Wurst liefern den Löwenanteil – nicht der Salzstreuer) und <b>Ausdauerbewegung</b> an den meisten Tagen der Woche. Alkohol reduzieren wirkt zusätzlich. Setzen Sie einen dieser Punkte konsequent um, statt alle halbherzig.";"Two levers have proven effects: <b>salt</b>, most of which comes from ready-made products, bread, cheese and processed meat rather than the salt shaker, and <b>aerobic activity</b> on most days of the week. Reducing alcohol also helps. Implement one of these consistently instead of approaching all of them half-heartedly.";"";"";"Marketing, Medizin";"Prüfung erforderlich";"";"";"";"recommendation.plan.ei_bluthochdruck.weeks_2_3";"recommendations";"en-CH";"3";"v1:d3fd3111d338f5b91a8afe35e5ff9a8bb19678817df79ce37aaec18b6ccdc349";"3d7947a70dffc90ff105b38519822275cff054470f698a9713ec7da355520959"
"Einflussfaktoren";"Herz-Kreislauf & Vorsorge";"4-Wochen-Pläne";"4-Wochen-Plan";"4-Wochen-Plan · Woche 4";"Bringen Sie Ihre Messreihe zum nächsten Termin mit und klären Sie zwei Fragen: Ist mein Zielwert erreicht, und sind meine Blutfette (inkl. <b>ApoB</b>) sowie <b>Lp(a)</b> je bestimmt worden? Bluthochdruck wirkt zusammen mit erhöhten Blutfetten überproportional auf die Gefässe – beide Faktoren gehören zusammen betrachtet.";"Take your series of measurements to your next appointment and clarify two questions: Have I reached my target value, and have my blood lipids, including <b>ApoB</b>, and <b>Lp(a)</b> ever been measured? High blood pressure and elevated blood lipids have a disproportionately large combined effect on blood vessels, so both factors should be considered together.";"";"";"Marketing, Medizin";"Prüfung erforderlich";"";"";"";"recommendation.plan.ei_bluthochdruck.week_4";"recommendations";"en-CH";"3";"v1:d3fd3111d338f5b91a8afe35e5ff9a8bb19678817df79ce37aaec18b6ccdc349";"dd3e559ae0033b521e39edd7d023a972904d11cb1947e50a1355046eac22f7f0"
"Einflussfaktoren";"Herz-Kreislauf & Vorsorge";"Empfehlungskarten";"Überschrift";"Empfehlungskarte · Einflussfaktoren · Titel";"Familiäres Risiko in die Vorsorge einbeziehen";"Include your family history in preventive care";"";"";"Marketing";"Prüfung erforderlich";"";"";"";"recommendation.catalog.ei_familie.title";"recommendations";"en-CH";"3";"v1:d3fd3111d338f5b91a8afe35e5ff9a8bb19678817df79ce37aaec18b6ccdc349";"9a04ae44cb9bb4947bc3cd95af28cac548f56727d6f8dc57ee4e4ca4f197d5f7"
"Einflussfaktoren";"Herz-Kreislauf & Vorsorge";"Empfehlungskarten";"Begründung / Einordnung";"Empfehlungskarte · Einflussfaktoren · Begründung";"In Ihrer nahen Familie kommen Herz-Kreislauf-Erkrankungen, Diabetes oder erbliche Erkrankungen vor. Das ist kein Schicksal – aber ein guter Grund, Ihre Basiswerte zu kennen.";"Cardiovascular disease, diabetes or hereditary conditions occur in your close family. This does not determine your future, but it is a good reason to know your baseline values.";"";"";"Marketing, Medizin";"Prüfung erforderlich";"";"";"";"recommendation.catalog.ei_familie.why";"recommendations";"en-CH";"3";"v1:d3fd3111d338f5b91a8afe35e5ff9a8bb19678817df79ce37aaec18b6ccdc349";"5f6ca514b5d36c94e784ab934839b362d34a7008b147a57e2bde19b08ed61101"
"Einflussfaktoren";"Herz-Kreislauf & Vorsorge";"Empfehlungskarten";"Nächster Schritt";"Empfehlungskarte · Einflussfaktoren · konkreter nächster Schritt";"Besprechen Sie Ihre Familiengeschichte bei Gelegenheit ärztlich und lassen Sie Basiswerte wie Blutdruck, Blutzucker und Blutfette bestimmen.";"Discuss your family history with a doctor when convenient and have baseline values such as blood pressure, blood glucose and blood lipids measured.";"";"";"Marketing, Medizin";"Prüfung erforderlich";"";"";"";"recommendation.catalog.ei_familie.step";"recommendations";"en-CH";"3";"v1:d3fd3111d338f5b91a8afe35e5ff9a8bb19678817df79ce37aaec18b6ccdc349";"55a20684047d128f69345d605d0abbd456e8f705191d0f13f1afc65dece29029"
"Einflussfaktoren";"Herz-Kreislauf & Vorsorge";"Empfehlungskarten";"Erwarteter Nutzen";"Empfehlungskarte · Einflussfaktoren · erwarteter Nutzen";"Wer sein Risiko kennt, kann Prävention früher und gezielter ausrichten.";"Knowing your risk allows you to start prevention earlier and target it more precisely.";"";"";"Marketing, Medizin";"Prüfung erforderlich";"";"";"";"recommendation.catalog.ei_familie.benefit";"recommendations";"en-CH";"3";"v1:d3fd3111d338f5b91a8afe35e5ff9a8bb19678817df79ce37aaec18b6ccdc349";"a621f04bcf3f467422c2f210dd7b149828bbe338c8c36aeaeda465fe6ff730f8"
"Einflussfaktoren";"Herz-Kreislauf & Vorsorge";"4-Wochen-Pläne";"4-Wochen-Plan";"4-Wochen-Plan · Diese Woche";"Tragen Sie zusammen, wer in Ihrer nahen Familie (Eltern, Geschwister) wann erkrankt ist – <b>besonders relevant: Männer vor 55, Frauen vor 65 Jahren</b>. Diese Information verschiebt den sinnvollen Startzeitpunkt Ihrer Vorsorge oft um Jahre nach vorn.";"Gather information about which close relatives, including parents and siblings, developed which conditions and when. <b>Particularly relevant: men before the age of 55 and women before the age of 65</b>. This information often shifts the useful starting point for preventive care several years earlier.";"";"";"Marketing, Medizin";"Prüfung erforderlich";"";"";"";"recommendation.plan.ei_familie.this_week";"recommendations";"en-CH";"3";"v1:d3fd3111d338f5b91a8afe35e5ff9a8bb19678817df79ce37aaec18b6ccdc349";"276105e8ee3d5ff6d3172d8f17dd91fce70e4eeadcddc66970ca08fbba430e06"
"Einflussfaktoren";"Herz-Kreislauf & Vorsorge";"4-Wochen-Pläne";"4-Wochen-Plan";"4-Wochen-Plan · Woche 2–3";"Vereinbaren Sie einen Termin und bringen Sie diese Familiengeschichte mit. Lassen Sie Basiswerte (Blutdruck, Blutzucker, Blutfette inkl. ApoB/Lp(a)) bestimmen und Ihr Risiko einordnen.";"Arrange an appointment and take this family history with you. Have baseline values measured, including blood pressure, blood glucose and blood lipids including ApoB/Lp(a), and have your risk assessed.";"";"";"Marketing, Medizin";"Prüfung erforderlich";"";"";"";"recommendation.plan.ei_familie.weeks_2_3";"recommendations";"en-CH";"3";"v1:d3fd3111d338f5b91a8afe35e5ff9a8bb19678817df79ce37aaec18b6ccdc349";"9434465854cbb32b3c5b2d65c67178ca0bd311ce01e173345dbe132565e73337"
"Einflussfaktoren";"Herz-Kreislauf & Vorsorge";"4-Wochen-Pläne";"4-Wochen-Plan";"4-Wochen-Plan · Woche 4";"Klären Sie, ob und wann Früherkennungsuntersuchungen für Sie sinnvoll sind, und legen Sie den nächsten Kontrolltermin fest. Familiäre Vorbelastung ist kein Schicksal, sondern ein Vorsprung – wenn man ihn nutzt.";"Clarify whether and when early-detection examinations are appropriate for you, and set the next follow-up appointment. A family history is not destiny; it is advance information if you use it.";"";"";"Marketing, Medizin";"Prüfung erforderlich";"";"";"";"recommendation.plan.ei_familie.week_4";"recommendations";"en-CH";"3";"v1:d3fd3111d338f5b91a8afe35e5ff9a8bb19678817df79ce37aaec18b6ccdc349";"9d2db6ce2a7dcc8b11d8bd29c3e1f896be81d0acf3eb27c2c84ad1b6fc58433c"
"Einflussfaktoren";"Herz-Kreislauf & Vorsorge";"Empfehlungskarten";"Überschrift";"Empfehlungskarte · Einflussfaktoren · Titel";"Ihre Familiengeschichte kennenlernen";"Learn about your family history";"";"";"Marketing";"Prüfung erforderlich";"";"";"";"recommendation.catalog.ei_familienwissen.title";"recommendations";"en-CH";"3";"v1:d3fd3111d338f5b91a8afe35e5ff9a8bb19678817df79ce37aaec18b6ccdc349";"b3486d3da32333e2d92d8df588262c4d6bc51a9cd78dd66931be4fd4ae8c2800"
"Einflussfaktoren";"Herz-Kreislauf & Vorsorge";"Empfehlungskarten";"Begründung / Einordnung";"Empfehlungskarte · Einflussfaktoren · Begründung";"Sie kennen die Krankheitsgeschichte Ihrer Familie bisher wenig. Dieses Wissen hilft, Vorsorge gezielter anzugehen.";"You currently know little about your family's medical history. This knowledge helps you approach preventive care more precisely.";"";"";"Marketing, Medizin";"Prüfung erforderlich";"";"";"";"recommendation.catalog.ei_familienwissen.why";"recommendations";"en-CH";"3";"v1:d3fd3111d338f5b91a8afe35e5ff9a8bb19678817df79ce37aaec18b6ccdc349";"2378b684342bfe39814206c6dbb5e99dff49c0d8f0fd6ee0b46d569add07014b"
"Einflussfaktoren";"Herz-Kreislauf & Vorsorge";"Empfehlungskarten";"Nächster Schritt";"Empfehlungskarte · Einflussfaktoren · konkreter nächster Schritt";"Fragen Sie bei Gelegenheit nahe Angehörige, ob Herz-Kreislauf-Erkrankungen, Diabetes oder Krebs früh aufgetreten sind, und notieren Sie es.";"When convenient, ask close relatives whether cardiovascular disease, diabetes or cancer occurred at a young age, and write down what you learn.";"";"";"Marketing, Medizin";"Prüfung erforderlich";"";"";"";"recommendation.catalog.ei_familienwissen.step";"recommendations";"en-CH";"3";"v1:d3fd3111d338f5b91a8afe35e5ff9a8bb19678817df79ce37aaec18b6ccdc349";"d356174f5a231380e6e1e954889c548f370df2f990a0509ce14f03bd847463a5"
"Einflussfaktoren";"Herz-Kreislauf & Vorsorge";"Empfehlungskarten";"Erwarteter Nutzen";"Empfehlungskarte · Einflussfaktoren · erwarteter Nutzen";"Wer die eigene Familiengeschichte kennt, kann Untersuchungen und Prävention besser timen.";"Knowing your family history helps you time examinations and prevention more appropriately.";"";"";"Marketing, Medizin";"Prüfung erforderlich";"";"";"";"recommendation.catalog.ei_familienwissen.benefit";"recommendations";"en-CH";"3";"v1:d3fd3111d338f5b91a8afe35e5ff9a8bb19678817df79ce37aaec18b6ccdc349";"8c0f79250b4cdd250a2787841ba2cd90304abb55f725712b731154b12c7c071f"
"Einflussfaktoren";"Herz-Kreislauf & Vorsorge";"4-Wochen-Pläne";"4-Wochen-Plan";"4-Wochen-Plan · Diese Woche";"Fragen Sie nahe Angehörige (Eltern, Geschwister), ob <b>Herz-Kreislauf-Erkrankungen, Diabetes oder Krebs früh aufgetreten</b> sind – besonders relevant: Männer vor 55, Frauen vor 65 Jahren.";"Ask close relatives, including parents and siblings, whether <b>cardiovascular disease, diabetes or cancer occurred at a young age</b>. Particularly relevant are men before the age of 55 and women before the age of 65.";"";"";"Marketing, Medizin";"Prüfung erforderlich";"";"";"";"recommendation.plan.ei_familienwissen.this_week";"recommendations";"en-CH";"3";"v1:d3fd3111d338f5b91a8afe35e5ff9a8bb19678817df79ce37aaec18b6ccdc349";"502ff6c4d718eca87de704d5cd13568f36786a773d9647dd01c7bd5296272af3"
"Einflussfaktoren";"Herz-Kreislauf & Vorsorge";"4-Wochen-Pläne";"4-Wochen-Plan";"4-Wochen-Plan · Woche 2–3";"Notieren Sie das Wichtigste schriftlich (wer, welche Erkrankung, welches Alter). Familiäre Vorbelastung ist kein Schicksal, sondern eine Information: Sie verschiebt den sinnvollen Startzeitpunkt der Vorsorge oft um Jahre nach vorn.";"Write down the most important information: who, which condition and at what age. A family history is not destiny but useful information, and it often shifts the appropriate start of preventive care several years earlier.";"";"";"Marketing, Medizin";"Prüfung erforderlich";"";"";"";"recommendation.plan.ei_familienwissen.weeks_2_3";"recommendations";"en-CH";"3";"v1:d3fd3111d338f5b91a8afe35e5ff9a8bb19678817df79ce37aaec18b6ccdc349";"eb5b2f92455380b0c912e327aad3e4f33e228eca87fc67f324cf494cae10884d"
"Einflussfaktoren";"Herz-Kreislauf & Vorsorge";"4-Wochen-Pläne";"4-Wochen-Plan";"4-Wochen-Plan · Woche 4";"Nehmen Sie die Notizen zum nächsten Arzttermin mit. So kann Ihre Fachperson Vorsorge und allfällige Früherkennung gezielt auf Ihr Profil abstimmen.";"Take the notes to your next medical appointment. This allows your healthcare professional to tailor preventive care and any early detection to your profile.";"";"";"Marketing, Medizin";"Prüfung erforderlich";"";"";"";"recommendation.plan.ei_familienwissen.week_4";"recommendations";"en-CH";"3";"v1:d3fd3111d338f5b91a8afe35e5ff9a8bb19678817df79ce37aaec18b6ccdc349";"ae43ee053d0e40d8dc626d508a820e862542f892f2f099fa1efac2593be9e7d1"
"Einflussfaktoren";"Herz-Kreislauf & Vorsorge";"Empfehlungskarten";"Überschrift";"Empfehlungskarte · Einflussfaktoren · Titel";"Persönliches Risiko einmal einschätzen lassen";"Have your personal risk assessed";"";"";"Marketing";"Prüfung erforderlich";"";"";"";"recommendation.catalog.ei_vorsorge.title";"recommendations";"en-CH";"3";"v1:d3fd3111d338f5b91a8afe35e5ff9a8bb19678817df79ce37aaec18b6ccdc349";"ccc48fbab2f52f21334050b2dad901f6a3b2be14b7aeaa97813472705ab694a9"
"Einflussfaktoren";"Herz-Kreislauf & Vorsorge";"Empfehlungskarten";"Begründung / Einordnung";"Empfehlungskarte · Einflussfaktoren · Begründung";"Sie haben Ihr persönliches Risiko für Krankheiten wie Krebs, Bluthochdruck oder Typ-2-Diabetes bisher nicht einschätzen lassen. Gerade Bluthochdruck bleibt oft lange unbemerkt.";"You have not yet had your personal risk of conditions such as cancer, high blood pressure or type 2 diabetes assessed. High blood pressure in particular often goes unnoticed for a long time.";"";"";"Marketing, Medizin";"Prüfung erforderlich";"";"";"";"recommendation.catalog.ei_vorsorge.why";"recommendations";"en-CH";"3";"v1:d3fd3111d338f5b91a8afe35e5ff9a8bb19678817df79ce37aaec18b6ccdc349";"28b353acee989dede89ce5ebb9f64beff1ec4dab89b65f75ab42cfaac965a535"
"Einflussfaktoren";"Herz-Kreislauf & Vorsorge";"Empfehlungskarten";"Nächster Schritt";"Empfehlungskarte · Einflussfaktoren · konkreter nächster Schritt";"Vereinbaren Sie bei Gelegenheit einen Check-up-Termin und lassen Sie Basiswerte wie Blutdruck, Blutzucker und Blutfette bestimmen – je nach Alter und Familiengeschichte auch weitere Vorsorgeuntersuchungen.";"Arrange a check-up when convenient and have baseline values such as blood pressure, blood glucose and blood lipids measured. Depending on your age and family history, consider other screening examinations as well.";"";"";"Marketing, Medizin";"Prüfung erforderlich";"";"";"";"recommendation.catalog.ei_vorsorge.step";"recommendations";"en-CH";"3";"v1:d3fd3111d338f5b91a8afe35e5ff9a8bb19678817df79ce37aaec18b6ccdc349";"2c7343bb108cf6fef29763bc2feb24b813aa6403367ba1ef3a1bfe59040792cc"
"Einflussfaktoren";"Herz-Kreislauf & Vorsorge";"Empfehlungskarten";"Erwarteter Nutzen";"Empfehlungskarte · Einflussfaktoren · erwarteter Nutzen";"Bekannte Werte machen Prävention konkret und zeigen, wo sich Aufmerksamkeit besonders lohnt.";"Knowing your values makes prevention specific and shows where attention is particularly worthwhile.";"";"";"Marketing, Medizin";"Prüfung erforderlich";"";"";"";"recommendation.catalog.ei_vorsorge.benefit";"recommendations";"en-CH";"3";"v1:d3fd3111d338f5b91a8afe35e5ff9a8bb19678817df79ce37aaec18b6ccdc349";"51f821fe90084d926beb846ec4931faa948b7d8d5c4e387f00d985496f431a69"
"Einflussfaktoren";"Herz-Kreislauf & Vorsorge";"4-Wochen-Pläne";"4-Wochen-Plan";"4-Wochen-Plan · Diese Woche";"Vereinbaren Sie einen Check-up-Termin. Bitten Sie um <b>Blutdruck, Blutzucker und ein Lipidprofil</b>. Fragen Sie, ob ApoB bei Ihrem Risikoprofil zusätzliche Information liefert und ob Lp(a) bereits einmal bestimmt wurde. Viele Risikofaktoren verursachen lange keine Beschwerden – aktuelle Werte schaffen eine belastbare Gesprächsgrundlage.";"Arrange a check-up. Ask for <b>blood pressure, blood glucose and a lipid profile</b>. Ask whether ApoB provides additional information for your risk profile and whether Lp(a) has already been measured once. Many risk factors cause no symptoms for a long time, so current values provide a reliable basis for discussion.";"";"";"Marketing, Medizin";"Prüfung erforderlich";"ApoB nicht als Einmalmessung dargestellt und unbelegte Herzinfarkt-Verallgemeinerung entfernt; durch Marketing und Medizin freigeben.";"";"";"recommendation.plan.ei_vorsorge.this_week";"recommendations";"en-CH";"3";"v1:d3fd3111d338f5b91a8afe35e5ff9a8bb19678817df79ce37aaec18b6ccdc349";"7d17ab1355bd1627df3fcab72d945bd47c50b98b3d2c48bdaec936598f6330ce"
"Einflussfaktoren";"Herz-Kreislauf & Vorsorge";"4-Wochen-Pläne";"4-Wochen-Plan";"4-Wochen-Plan · Woche 2–3";"Notieren Sie Ihre Werte und lassen Sie sich Ihr persönliches Risiko erklären. Ein einmal erhobener Ausgangswert macht jede spätere Veränderung sichtbar und Prävention konkret.";"Record your values and ask for your personal risk to be explained. A baseline value measured once makes every later change visible and makes prevention specific.";"";"";"Marketing, Medizin";"Prüfung erforderlich";"";"";"";"recommendation.plan.ei_vorsorge.weeks_2_3";"recommendations";"en-CH";"3";"v1:d3fd3111d338f5b91a8afe35e5ff9a8bb19678817df79ce37aaec18b6ccdc349";"72d68ee3a824c6a491fbace00f35c865310801418cd4666d18a846713cab85ab"
"Einflussfaktoren";"Herz-Kreislauf & Vorsorge";"4-Wochen-Pläne";"4-Wochen-Plan";"4-Wochen-Plan · Woche 4";"Halten Sie fest, wann die nächste Kontrolle sinnvoll ist (je nach Werten und Alter meist alle 1–3 Jahre) und tragen Sie sie ein. Vorsorge wirkt nur, wenn sie zur Routine wird.";"Record when the next check is appropriate, usually every 1–3 years depending on values and age, and schedule it. Preventive care works only when it becomes routine.";"";"";"Marketing, Medizin";"Prüfung erforderlich";"";"";"";"recommendation.plan.ei_vorsorge.week_4";"recommendations";"en-CH";"3";"v1:d3fd3111d338f5b91a8afe35e5ff9a8bb19678817df79ce37aaec18b6ccdc349";"8f4d2a4c2a0b76f622f64c492d81daad1fa53cdfb479918ba1f9099f0b032646"
"Einflussfaktoren";"Herz-Kreislauf & Vorsorge";"Dimensionsdetails";"Überschrift";"Dimensionsdetail · Titel";"Familiäre Vorbelastung";"Family history";"";"";"Marketing, Medizin";"Prüfung erforderlich";"";"";"";"recommendation.signal.familie_hk.title";"recommendations";"en-CH";"3";"v1:d3fd3111d338f5b91a8afe35e5ff9a8bb19678817df79ce37aaec18b6ccdc349";"a68838f9a2352c2304e6af0e3fe7eb8d44c525715e1deb48e75fa22d4b27e25f"
"Einflussfaktoren";"Herz-Kreislauf & Vorsorge";"Dimensionsdetails";"Persönliche Einordnung";"Dimensionsdetail · Einordnung";"Familiäre Vorbelastung ist kein Schicksal, sondern eine Information: Sie verschiebt den sinnvollen Startzeitpunkt der Vorsorge nach vorn – oft um Jahre.";"A family history is not destiny but useful information. It moves the appropriate starting point for preventive care earlier, often by years.";"";"";"Marketing, Medizin";"Prüfung erforderlich";"";"";"";"recommendation.signal.familie_hk.insight";"recommendations";"en-CH";"3";"v1:d3fd3111d338f5b91a8afe35e5ff9a8bb19678817df79ce37aaec18b6ccdc349";"39b8ea5785a031b81b2af29910790903ae33c460605938f2c996ce66719ce655"
"Einflussfaktoren";"Herz-Kreislauf & Vorsorge";"Dimensionsdetails";"Medizinische Klärung";"Dimensionsdetail · medizinischer Klärungshinweis";"Wer an welcher Erkrankung und in welchem Alter erkrankt ist – besonders relevant ist ein Beginn vor 55 Jahren bei Männern beziehungsweise vor 65 Jahren bei Frauen – und ob eine genetische Abklärung sinnvoll ist.";"Which relatives developed which conditions and at what age; onset before age 55 in men or before age 65 in women is particularly relevant; and whether genetic assessment is appropriate.";"";"";"Marketing, Medizin";"Prüfung erforderlich";"";"";"";"recommendation.signal.familie_hk.clarify";"recommendations";"en-CH";"3";"v1:d3fd3111d338f5b91a8afe35e5ff9a8bb19678817df79ce37aaec18b6ccdc349";"00253ed7666583fb35f4fd1d3baca80a4ce0b35e53451f5b3d226f2e9c845142"
"Einflussfaktoren";"Herz-Kreislauf & Vorsorge";"Zusatzhinweise bei abgedeckten Aktionsschritten";"Vertiefung";"Zusatzhinweis bei bereits abgedecktem Aktionsschritt";"Ist bei Ihnen ein erhöhtes Lp(a) bekannt, kann die Fachperson mit Ihnen besprechen, ob eine Bestimmung bei Eltern, Geschwistern oder Kindern sinnvoll ist. Lp(a) ist überwiegend genetisch bestimmt.";"If you are known to have elevated Lp(a), a healthcare professional can discuss with you whether testing your parents, siblings or children is appropriate. Lp(a) is largely genetically determined.";"";"";"Marketing, Medizin";"Prüfung erforderlich";"Familienuntersuchung fachlich eingeordnet und direkte Weitergabe nicht unterstellt; durch Marketing und Medizin freigeben.";"";"";"recommendation.signal.familie_hk.deepen";"recommendations";"en-CH";"3";"v1:d3fd3111d338f5b91a8afe35e5ff9a8bb19678817df79ce37aaec18b6ccdc349";"bd800d6fe8669aec408017362e7b77d4027f6b125c37c60cfe82bccc57300a42"
"Einflussfaktoren";"Herz-Kreislauf & Vorsorge";"Risikosignale";"Risikosignal";"Ergebnisseite, medizinisches Signal familiäre Vorbelastung";"In Ihrer nahen Familie kommen Herz-Kreislauf-Erkrankungen, Diabetes oder erbliche Erkrankungen vor – Vorsorge lohnt sich besonders.";"Cardiovascular disease, diabetes or hereditary conditions occur in your close family. Preventive care is particularly worthwhile.";"";"";"Marketing, Medizin";"Prüfung erforderlich";"";"";"";"recommendation.risk_signal.familie_hk.label";"recommendations";"en-CH";"3";"v1:d3fd3111d338f5b91a8afe35e5ff9a8bb19678817df79ce37aaec18b6ccdc349";"9986d5c445e69aba20274c9ff4064ebca0b0b71d5fc3aefa25eb0dd613fb1842"
"Einflussfaktoren";"Herz-Kreislauf & Vorsorge";"Handlungsfelder";"Beschriftung";"Handlungsfeld · Einflussfaktoren · Kurzlabel";"Blutdruck einmal messen";"Measure your blood pressure";"";"";"Marketing, Medizin";"Prüfung erforderlich";"";"";"";"recommendation.lever.lv_bd_messen.label";"recommendations";"en-CH";"3";"v1:d3fd3111d338f5b91a8afe35e5ff9a8bb19678817df79ce37aaec18b6ccdc349";"7de98df9cb85736eabab9cb82b6aa097cf2c69d033f85df1426edb634e007983"
"Einflussfaktoren";"Herz-Kreislauf & Vorsorge";"Handlungsfelder";"Detailtext";"Handlungsfeld · Einflussfaktoren · Detailtext";"Sie kennen Ihren Blutdruck nicht – da er meist keine Symptome macht, ist Messen der einzige Weg, ihn früh zu erkennen.";"You do not know your blood pressure. Because high blood pressure usually causes no symptoms, measuring it is the only way to detect it early.";"";"";"Marketing, Medizin";"Prüfung erforderlich";"";"";"";"recommendation.lever.lv_bd_messen.detail";"recommendations";"en-CH";"3";"v1:d3fd3111d338f5b91a8afe35e5ff9a8bb19678817df79ce37aaec18b6ccdc349";"c448cbcf79c181bd437553cecb0516bbe2623f871b2bb807df6dc7adfd94c3ad"
"Einflussfaktoren";"Herz-Kreislauf & Vorsorge";"Handlungsfelder";"Beschriftung";"Handlungsfeld · Einflussfaktoren · Kurzlabel";"Bluthochdruck gut begleiten";"Manage high blood pressure well";"";"";"Marketing, Medizin";"Prüfung erforderlich";"";"";"";"recommendation.lever.lv_blutdruck.label";"recommendations";"en-CH";"3";"v1:d3fd3111d338f5b91a8afe35e5ff9a8bb19678817df79ce37aaec18b6ccdc349";"fdcc1fb0040abbee646d2a738ba0cf5989e79e92c5ed1122fae3a534539c0392"
"Einflussfaktoren";"Herz-Kreislauf & Vorsorge";"Handlungsfelder";"Detailtext";"Handlungsfeld · Einflussfaktoren · Detailtext";"Ihr bekannter Bluthochdruck ist Ihr wichtigster steuerbarer Risikofaktor – regelmässig messen und die Behandlung konsequent begleiten.";"Your known high blood pressure is your most important controllable risk factor. Measure it regularly and follow your treatment consistently.";"";"";"Marketing, Medizin";"Prüfung erforderlich";"";"";"";"recommendation.lever.lv_blutdruck.detail";"recommendations";"en-CH";"3";"v1:d3fd3111d338f5b91a8afe35e5ff9a8bb19678817df79ce37aaec18b6ccdc349";"8768f6094abb33f3dbb3a6803aa07d304cec3c94fa49ed68d5992b835296c7d1"
"Einflussfaktoren";"Herz-Kreislauf & Vorsorge";"Handlungsfelder";"Beschriftung";"Handlungsfeld · Einflussfaktoren · Kurzlabel";"Familiäre Krankheitsgeschichte klären";"Clarify your family medical history";"";"";"Marketing, Medizin";"Prüfung erforderlich";"";"";"";"recommendation.lever.lv_familienwissen.label";"recommendations";"en-CH";"3";"v1:d3fd3111d338f5b91a8afe35e5ff9a8bb19678817df79ce37aaec18b6ccdc349";"909fa8112cdb81aa916f3780461bc07667297d58b0accbe116293f07b11b5bbf"
"Einflussfaktoren";"Herz-Kreislauf & Vorsorge";"Handlungsfelder";"Detailtext";"Handlungsfeld · Einflussfaktoren · Detailtext";"Wer die familiäre Vorbelastung kennt, kann Vorsorge gezielt einsetzen – ein Gespräch in der Familie ist der einfachste erste Schritt.";"Knowing your family history helps target preventive care. A conversation with your family is the simplest first step.";"";"";"Marketing, Medizin";"Prüfung erforderlich";"";"";"";"recommendation.lever.lv_familienwissen.detail";"recommendations";"en-CH";"3";"v1:d3fd3111d338f5b91a8afe35e5ff9a8bb19678817df79ce37aaec18b6ccdc349";"24d7227d1b16575cd1a593edd01e125a1f4fde7db8d7c7a484286213beed6a41"
"Einflussfaktoren";"Herz-Kreislauf & Vorsorge";"Handlungsfelder";"Beschriftung";"Handlungsfeld · Einflussfaktoren · Kurzlabel";"Kardiovaskulären Vorsorge-Check durchführen";"Have a cardiovascular screening check";"";"";"Marketing, Medizin";"Prüfung erforderlich";"";"";"";"recommendation.lever.lv_kardio.label";"recommendations";"en-CH";"3";"v1:d3fd3111d338f5b91a8afe35e5ff9a8bb19678817df79ce37aaec18b6ccdc349";"2d012c3f6c910de1904777e6276a196b5352f9e246e15a5ad5eff1f108c1b4b2"
"Einflussfaktoren";"Herz-Kreislauf & Vorsorge";"Handlungsfelder";"Dynamischer Text";"Handlungsfeld · Einflussfaktoren · Detailtext mit dynamischer Liste der Risikofaktoren";"Mehrere Faktoren erhöhen zusammen Ihr Herz-Kreislauf-Risiko – bei Ihnen: {{riskFactors}}. Ein ärztlicher Check macht Ihr persönliches Risiko greifbar und priorisiert die nächsten Schritte.";"Several factors together increase your cardiovascular risk. For you, these are: {{riskFactors}}. A medical check makes your personal risk more tangible and helps prioritise the next steps.";"";"";"Marketing, Medizin";"Prüfung erforderlich";"";"{{riskFactors}}";"";"recommendation.lever.lv_kardio.detail.with_risk_factors";"recommendations";"en-CH";"3";"v1:d3fd3111d338f5b91a8afe35e5ff9a8bb19678817df79ce37aaec18b6ccdc349";"e67a2b886a4ea816eecde1760de1f76fdfd4b30089b545578a356d2745c09e39"
"Einflussfaktoren";"Herz-Kreislauf & Vorsorge";"Quellenlabels";"Quellenbezeichnung";"Sichtbares Label einer Fachquelle";"Schweizerische Herzstiftung: Blutfette & Cholesterin";"Swiss Heart Foundation: blood lipids and cholesterol";"";"";"Marketing, Medizin";"Prüfung erforderlich";"";"";"";"recommendation.source.swissheart_blutfette.label";"recommendations";"en-CH";"3";"v1:d3fd3111d338f5b91a8afe35e5ff9a8bb19678817df79ce37aaec18b6ccdc349";"170fca374fa18fa734024aa0d32233707cd9e43af193e7f0233bb3c63d897c2e"
"Einflussfaktoren";"Herz-Kreislauf & Vorsorge";"Quellenlabels";"Quellenbezeichnung";"Sichtbares Label einer Fachquelle";"Schweizerische Herzstiftung: Cholesterin & Lipoprotein(a) in der Familie";"Swiss Heart Foundation: cholesterol and lipoprotein(a) in the family";"";"";"Marketing, Medizin";"Prüfung erforderlich";"";"";"";"recommendation.source.swissheart_lpa.label";"recommendations";"en-CH";"3";"v1:d3fd3111d338f5b91a8afe35e5ff9a8bb19678817df79ce37aaec18b6ccdc349";"fff413680812bbbd53c180e2c29aee05f0ecd89775f2b3a772104cb3efd6ff2a"
"Einflussfaktoren";"Herz-Kreislauf & Vorsorge";"Quellenlabels";"Quellenbezeichnung";"Sichtbares Label einer Fachquelle";"Schweizerische Herzstiftung: Diese Werte müssen Sie kennen";"Swiss Heart Foundation: values you need to know";"";"";"Marketing, Medizin";"Prüfung erforderlich";"";"";"";"recommendation.source.swissheart_werte.label";"recommendations";"en-CH";"3";"v1:d3fd3111d338f5b91a8afe35e5ff9a8bb19678817df79ce37aaec18b6ccdc349";"73b1233bffef0d8935f2b526b9e25c0dd42cc8a33908f67ebb296b5fb0af8210"
"Einflussfaktoren";"Herz-Kreislauf & Vorsorge";"Stärken";"Beschriftung";"Stärke · Einflussfaktoren · Kurzlabel";"Vorsorge & Familienrisiken im Blick";"Preventive care up to date and family risks known";"";"";"Marketing";"Prüfung erforderlich";"";"";"";"recommendation.strength.st_vorsorge.label";"recommendations";"en-CH";"3";"v1:d3fd3111d338f5b91a8afe35e5ff9a8bb19678817df79ce37aaec18b6ccdc349";"655b998b6cceea8b7f2b4d80221b4e08ac4942d7b8e7fd6175ecbdcdeb8b0a38"
"Einflussfaktoren";"Herz-Kreislauf & Vorsorge";"Stärken";"Detailtext";"Stärke · Einflussfaktoren · Detailtext";"Sie kennen Ihr persönliches Risiko und Ihre familiäre Vorgeschichte – die beste Grundlage für gezielte Prävention.";"You know your personal risk and family history, providing the best foundation for targeted prevention.";"";"";"Marketing, Medizin";"Prüfung erforderlich";"";"";"";"recommendation.strength.st_vorsorge.detail";"recommendations";"en-CH";"3";"v1:d3fd3111d338f5b91a8afe35e5ff9a8bb19678817df79ce37aaec18b6ccdc349";"fc18ffaa21b54f216ed3aef3e1d04a57a4e68bcdf9f2f664b77cd07ba7bc9bc7"
"Einflussfaktoren";"Herz-Kreislauf & Vorsorge";"Ergebnis-Einstieg";"Beschriftung";"Ergebnis-Zusammenfassung · Themenlabel «Herz-Kreislauf & Vorsorge»";"Wissen über familiäre Vorbelastung";"knowledge of your family history";"";"";"Marketing";"Prüfung erforderlich";"";"";"";"ui.hero.topic.familienwissen";"ui";"en-CH";"3";"v1:d3fd3111d338f5b91a8afe35e5ff9a8bb19678817df79ce37aaec18b6ccdc349";"cda3a4e3a08a342068937b84ddfaf0d97ecfb2bbef78ed96dc3d4c8f97ba4282"
"Einflussfaktoren";"Herz-Kreislauf & Vorsorge";"Dimensionsdetails";"Überschrift";"Dimensionsdetail · Titel";"Persönliches Risiko nie eingeschätzt";"Personal risk never assessed";"";"";"Marketing, Medizin";"Prüfung erforderlich";"";"";"";"recommendation.signal.vorsorge.title";"recommendations";"en-CH";"3";"v1:d3fd3111d338f5b91a8afe35e5ff9a8bb19678817df79ce37aaec18b6ccdc349";"468d4dfb60565a6f39c66e4b65b26a2ac3d0098eace576142d60ac6cde7d3534"
"Einflussfaktoren";"Herz-Kreislauf & Vorsorge";"Dimensionsdetails";"Persönliche Einordnung";"Dimensionsdetail · Einordnung";"Mehrere Herz-Kreislauf-Risikofaktoren verursachen lange keine Beschwerden. Blutdruck, Blutzucker und Blutfette zu kennen, schafft deshalb eine bessere Grundlage für die persönliche Risikoeinordnung.";"Several cardiovascular risk factors cause no symptoms for a long time. Knowing your blood pressure, blood glucose and blood lipids therefore provides a better basis for assessing your personal risk.";"";"";"Marketing, Medizin";"Prüfung erforderlich";"Nicht belegte Herzinfarkt-Verallgemeinerung durch symptomfreie Risikofaktoren ersetzt; durch Marketing und Medizin freigeben.";"";"";"recommendation.signal.vorsorge.insight";"recommendations";"en-CH";"3";"v1:d3fd3111d338f5b91a8afe35e5ff9a8bb19678817df79ce37aaec18b6ccdc349";"127abb2fb0137e1146137688a30640763358f2654e24c0253012fc88d4a626a2"
"Einflussfaktoren";"Herz-Kreislauf & Vorsorge";"Dimensionsdetails";"Medizinische Klärung";"Dimensionsdetail · medizinischer Klärungshinweis";"Basiswerte (Blutdruck, Blutzucker, Blutfette) und daraus Ihr persönliches 10-Jahres-Risiko.";"Your baseline values, including blood pressure, blood glucose and blood lipids, and the resulting personal 10-year risk.";"";"";"Marketing, Medizin";"Prüfung erforderlich";"";"";"";"recommendation.signal.vorsorge.clarify";"recommendations";"en-CH";"3";"v1:d3fd3111d338f5b91a8afe35e5ff9a8bb19678817df79ce37aaec18b6ccdc349";"05bc29109804bbfe3aa258058fe7579f1be2f9eaa22e03db06b3cc760028f70d"
"Einflussfaktoren";"Herz-Kreislauf & Vorsorge";"Zusatzhinweise bei abgedeckten Aktionsschritten";"Vertiefung";"Zusatzhinweis bei bereits abgedecktem Aktionsschritt";"Wichtig für die Terminvorbereitung: Fragen Sie, ob ApoB bei Ihrem Risikoprofil zusätzliche Information liefert und ob Lp(a) bereits einmal bestimmt wurde.";"Important preparation for the appointment: ask whether ApoB provides additional information for your risk profile and whether Lp(a) has already been measured once.";"";"";"Marketing, Medizin";"Prüfung erforderlich";"Nicht ausreichend belegte Häufigkeitsangabe entfernt und ApoB/Lp(a) fachlich getrennt; durch Marketing und Medizin freigeben.";"";"";"recommendation.signal.vorsorge.deepen";"recommendations";"en-CH";"3";"v1:d3fd3111d338f5b91a8afe35e5ff9a8bb19678817df79ce37aaec18b6ccdc349";"82d10fe35d287d28153e60b36f0794a2fa073613b208cb84585d5c4ae35045f4"
"Einflussfaktoren";"Herz-Kreislauf & Vorsorge";"Risikosignale";"Risikosignal";"Ergebnisseite, medizinisches Signal fehlender Vorsorge-Check";"Sie haben Ihr persönliches Risiko für Krankheiten wie Krebs, Bluthochdruck oder Typ-2-Diabetes bisher nicht einschätzen lassen. Ein Basis-Check schafft Sicherheit.";"You have not yet had your personal risk of conditions such as cancer, high blood pressure or type 2 diabetes assessed. A baseline check provides clarity.";"";"";"Marketing, Medizin";"Prüfung erforderlich";"";"";"";"recommendation.risk_signal.vorsorge.label";"recommendations";"en-CH";"3";"v1:d3fd3111d338f5b91a8afe35e5ff9a8bb19678817df79ce37aaec18b6ccdc349";"e2e3647556c80f8dc94f0cdb07dc049fed93324ddc127f709d7ba7f76e50ed4c"
"Einflussfaktoren";"Körperzusammensetzung & Stoffwechsel";"Dimensionsdetails";"Überschrift";"Dimensionsdetail · Titel";"Körperzusammensetzung und Stoffwechsel";"Body composition and metabolism";"";"";"Marketing, Medizin";"Prüfung erforderlich";"Neutraler Titel bleibt auch dann korrekt, wenn der Hinweis vom BMI und nicht vom Taillenumfang ausgelöst wird; durch Marketing und Medizin freigeben.";"";"";"recommendation.signal.koerperzusammensetzung.title";"recommendations";"en-CH";"3";"v1:d3fd3111d338f5b91a8afe35e5ff9a8bb19678817df79ce37aaec18b6ccdc349";"b59dd076f31487017a7efdc590e3637c9f08c0518e315c7ada3cd097e6324b04"
"Einflussfaktoren";"Körperzusammensetzung & Stoffwechsel";"Dimensionsdetails";"Persönliche Einordnung";"Dimensionsdetail · Einordnung";"Taillenumfang und BMI beschreiben unterschiedliche Aspekte der Körperzusammensetzung und ergänzen sich bei der Einordnung des Stoffwechsel- und Herz-Kreislauf-Risikos. Beide Werte sind Orientierungen und keine Diagnose.";"Waist circumference and BMI describe different aspects of body composition and complement each other when assessing metabolic and cardiovascular risk. Both values are guides, not a diagnosis.";"";"";"Marketing, Medizin";"Prüfung erforderlich";"Neutraler Fallback behauptet keinen erhöhten Taillenumfang, wenn das Signal allein vom BMI ausgelöst wird; durch Marketing und Medizin freigeben.";"";"";"recommendation.signal.koerperzusammensetzung.insight";"recommendations";"en-CH";"3";"v1:d3fd3111d338f5b91a8afe35e5ff9a8bb19678817df79ce37aaec18b6ccdc349";"2689847fde974ed4d0953a0f64a987934382b4965e58faa6dce0b3f48676138e"
"Einflussfaktoren";"Körperzusammensetzung & Stoffwechsel";"Dimensionsdetails";"Nächster Schritt";"Dimensionsdetail · nächster Schritt mit bereits angegebenem Taillenumfang";"Sie haben Ihren Taillenumfang bereits angegeben. Notieren Sie den Wert für den Verlauf und beziehen Sie ihn zusammen mit Gewicht, Blutdruck, Blutzucker und Blutfetten in die fachliche Risikoeinordnung ein.";"You have already entered your waist circumference. Record the value to track it over time and include it together with weight, blood pressure, blood glucose and blood lipids in a professional risk assessment.";"";"";"Marketing, Medizin";"Prüfung erforderlich";"Verhindert die erneute Aufforderung zur Messung bei bereits vorhandenem Wert; durch Marketing und Medizin freigeben.";"";"";"recommendation.signal.koerperzusammensetzung.action.with_waist";"recommendations";"en-CH";"3";"v1:d3fd3111d338f5b91a8afe35e5ff9a8bb19678817df79ce37aaec18b6ccdc349";"8d3a6325a55bf5ed0703dfa76f0bd031fe8ad37d10660d07fba70f4ede606c5d"
"Einflussfaktoren";"Körperzusammensetzung & Stoffwechsel";"Dimensionsdetails";"Nächster Schritt";"Dimensionsdetail · nächster Schritt ohne bereits angegebenen Taillenumfang";"Messen Sie nach normalem Ausatmen ungefähr auf halber Strecke zwischen der untersten tastbaren Rippe und der Oberkante des Beckenkamms. Als grobe Orientierung kann ein Taillenumfang unter der halben Körpergrösse dienen.";"After breathing out normally, measure approximately halfway between your lowest palpable rib and the top of your hip bone. As a rough guide, a waist circumference of less than half your height can be used.";"";"";"Marketing, Medizin";"Prüfung erforderlich";"Messort an das WHO-Protokoll der Frage angeglichen; durch Marketing und Medizin freigeben.";"";"";"recommendation.signal.koerperzusammensetzung.action";"recommendations";"en-CH";"3";"v1:d3fd3111d338f5b91a8afe35e5ff9a8bb19678817df79ce37aaec18b6ccdc349";"adc3eb73ba21c4a3ba65fed36d8c2d80884e8adfc1775e589945a6604c1d9164"
"Einflussfaktoren";"Körperzusammensetzung & Stoffwechsel";"Dimensionsdetails";"Erwarteter Nutzen";"Dimensionsdetail · erwarteter Nutzen";"Sie können die Entwicklung nachvollziehen und gemeinsam mit einer Fachperson entscheiden, welche weiteren Messungen oder Veränderungen sinnvoll sind.";"You can track changes over time and decide together with a healthcare professional which further measurements or changes are appropriate.";"";"";"Marketing, Medizin";"Prüfung erforderlich";"Neues Nutzenfeld für die einheitliche Darstellung offener Dimensionshinweise; durch Marketing und Medizin freigeben.";"";"";"recommendation.signal.koerperzusammensetzung.benefit";"recommendations";"en-CH";"3";"v1:d3fd3111d338f5b91a8afe35e5ff9a8bb19678817df79ce37aaec18b6ccdc349";"e0720e9a4da2b5aec46211ae2971e4828f79900bd17741c6865d3788b8e5e651"
"Einflussfaktoren";"Körperzusammensetzung & Stoffwechsel";"Dimensionsdetails";"Dynamischer Text";"Dimensionsdetail · BMI-Hinweis bei vorhandenem Taillenumfang";"Ihr BMI beträgt {{bmi}} und liegt damit im Bereich «{{bmiClassLabel}}». Ihr angegebener Taillenumfang von {{waist}} cm liegt nach der verwendeten Referenz {{waistStatusLabel}}. Beide Werte beschreiben unterschiedliche Aspekte und sollten zusammen eingeordnet werden.";"Your BMI is {{bmi}}, placing it in the “{{bmiClassLabel}}” range. Your stated waist circumference of {{waist}} cm is {{waistStatusLabel}} according to the reference used. The two values describe different aspects and should be assessed together.";"";"";"Marketing, Medizin";"Prüfung erforderlich";"Verhindert die falsche Behauptung eines erhöhten Taillenumfangs, wenn das Signal allein vom BMI ausgelöst wird.";"{{bmi}} | {{bmiClassLabel}} | {{waist}} | {{waistStatusLabel}}";"{{bmi}} | {{bmiClassLabel}} | {{waist}} | {{waistStatusLabel}}";"recommendation.signal.koerperzusammensetzung.insight.bmi_with_waist";"recommendations";"en-CH";"3";"v1:d3fd3111d338f5b91a8afe35e5ff9a8bb19678817df79ce37aaec18b6ccdc349";"8ecfdf5c576b54aec8d56ba4de529aea71f1c6495914f2b0b3cd1e4ec22f11f7"
"Einflussfaktoren";"Körperzusammensetzung & Stoffwechsel";"Dimensionsdetails";"Dynamischer Text";"Dimensionsdetail · BMI-Hinweis ohne Taillenumfang";"Ihr BMI beträgt {{bmi}} und liegt damit im Bereich «{{bmiClassLabel}}». Da kein Taillenumfang vorliegt, kann die Fettverteilung hier nicht zusätzlich eingeordnet werden. Der BMI ist eine Orientierung und keine Diagnose.";"Your BMI is {{bmi}}, placing it in the “{{bmiClassLabel}}” range. Because no waist circumference is available, fat distribution cannot be assessed in addition. BMI is a guide, not a diagnosis.";"";"";"Marketing, Medizin";"Prüfung erforderlich";"Verhindert die falsche Behauptung eines erhöhten Taillenumfangs, wenn kein Messwert vorliegt.";"{{bmi}} | {{bmiClassLabel}}";"{{bmi}} | {{bmiClassLabel}}";"recommendation.signal.koerperzusammensetzung.insight.bmi_without_waist";"recommendations";"en-CH";"3";"v1:d3fd3111d338f5b91a8afe35e5ff9a8bb19678817df79ce37aaec18b6ccdc349";"314eeb2031f84219a857768ffd17a226ed64506e3632917c5d060a5f3aa2ce58"
"Einflussfaktoren";"Körperzusammensetzung & Stoffwechsel";"Dimensionsdetails";"Dynamischer Text";"Dimensionsdetail · persönliche Einordnung eines erhöhten Taillenumfangs";"Ihr angegebener Taillenumfang beträgt {{waist}} cm und liegt {{waistStatusLabel}}. Der Wert ergänzt Gewicht und BMI, weil die Fettverteilung für das Stoffwechsel- und Herz-Kreislauf-Risiko relevant ist.";"Your stated waist circumference is {{waist}} cm and is {{waistStatusLabel}}. The value complements weight and BMI because fat distribution is relevant to metabolic and cardiovascular risk.";"";"";"Marketing, Medizin";"Prüfung erforderlich";"Neue persönliche Einordnung mit sichtbarem Messwert und Status; Referenzlogik durch Medizin freigeben.";"{{waist}} | {{waistStatusLabel}}";"{{waist}} | {{waistStatusLabel}}";"recommendation.signal.koerperzusammensetzung.insight.with_waist";"recommendations";"en-CH";"3";"v1:d3fd3111d338f5b91a8afe35e5ff9a8bb19678817df79ce37aaec18b6ccdc349";"f589f7d8d98879c181f9a01d7e4aa0df038981cd5106aad3092c0ba4ae49f408"
"Einflussfaktoren";"Körperzusammensetzung & Stoffwechsel";"Risikosignale";"Risikosignal";"Ergebnisseite, Lebensstil-Signal Körperzusammensetzung";"Bauchumfang oder Körpergewicht liegen in einem Bereich, der den Stoffwechsel belasten kann.";"Your waist circumference or body weight is in a range that can place a burden on metabolism.";"";"";"Marketing, Medizin";"Prüfung erforderlich";"";"";"";"recommendation.risk_signal.koerperzusammensetzung.label";"recommendations";"en-CH";"3";"v1:d3fd3111d338f5b91a8afe35e5ff9a8bb19678817df79ce37aaec18b6ccdc349";"96bb517c19afd79d7a338f4db5984a937ca185ab97810006672761ecf720cd2a"
"Einflussfaktoren";"Körperzusammensetzung & Stoffwechsel";"Ergebnis-Einstieg";"Beschriftung";"Ergebnis-Zusammenfassung · Themenlabel «Körperzusammensetzung & Stoffwechsel»";"Körperzusammensetzung";"body composition";"";"";"Marketing";"Prüfung erforderlich";"";"";"";"ui.hero.topic.koerperzusammensetzung";"ui";"en-CH";"3";"v1:d3fd3111d338f5b91a8afe35e5ff9a8bb19678817df79ce37aaec18b6ccdc349";"3344b7da3be5cd87ce5c5665e29d9d5532c2408ccad7dbd528940bf8c1c737a3"
"Einflussfaktoren";"Körperzusammensetzung & Stoffwechsel";"Einordnung & Metriken";"Beschriftung";"Trennzeichen zwischen mehreren abgeleiteten Kennzahlen";" · ";" · ";"";"";"Marketing";"Prüfung erforderlich";"";"";"";"ui.metrics.separator";"ui";"en-CH";"3";"v1:d3fd3111d338f5b91a8afe35e5ff9a8bb19678817df79ce37aaec18b6ccdc349";"d026d35494c6172fad7d8db9b87760fd7e08c9ba9ad5cf70fe4c3a97cd092677"
"Einflussfaktoren";"Körperzusammensetzung & Stoffwechsel";"Einordnung & Metriken";"Dynamischer Text";"Abgeleitete Kennzahlen unter Einflussfaktoren";"Ihre persönliche Einordnung: {{metrics}}.";"Your personal assessment: {{metrics}}.";"";"";"Marketing, Medizin";"Prüfung erforderlich";"Messwert und Status werden im Dimensionsdetail deutlicher hervorgehoben; durch Marketing und Medizin freigeben.";"{{metrics}}";"";"ui.metrics.line";"ui";"en-CH";"3";"v1:d3fd3111d338f5b91a8afe35e5ff9a8bb19678817df79ce37aaec18b6ccdc349";"95ac7e40cbd0edc6bfcec5e2e4ba5bc4c954780b9c36e3bb6691f59f79b8092c"
"Einflussfaktoren";"Körperzusammensetzung & Stoffwechsel";"Einordnung & Metriken";"Dynamischer Text";"Abgeleitete Kennzahlen, Bauchumfang-Zeile";"Bauchumfang {{waist}} cm ({{waistStatusLabel}})";"Waist circumference {{waist}} cm ({{waistStatusLabel}})";"";"";"Marketing, Medizin";"Prüfung erforderlich";"";"{{waist}} | {{waistStatusLabel}}";"";"ui.metrics.waist";"ui";"en-CH";"3";"v1:d3fd3111d338f5b91a8afe35e5ff9a8bb19678817df79ce37aaec18b6ccdc349";"2ad38b66eb48a4ad792fdbeb59021409b1c260939287b419b8543f40ff11a650"
"Einflussfaktoren";"Körperzusammensetzung & Stoffwechsel";"Einordnung & Metriken";"Dynamischer Text";"Abgeleitete Kennzahlen, BMI-Zeile";"BMI {{bmi}} ({{bmiClassLabel}})";"BMI {{bmi}} ({{bmiClassLabel}})";"";"";"Marketing, Medizin";"Prüfung erforderlich";"";"{{bmi}} | {{bmiClassLabel}}";"";"ui.metrics.bmi";"ui";"en-CH";"3";"v1:d3fd3111d338f5b91a8afe35e5ff9a8bb19678817df79ce37aaec18b6ccdc349";"52d4daeada326c92d415e5dde679746d8219107ffb0752e68bb62a7817f3d4ab"
"Einflussfaktoren";"Körperzusammensetzung & Stoffwechsel";"Einordnung & Metriken";"Beschriftung";"Sichtbares BMI-Klassenlabel adipositas1";"Adipositas";"Obesity";"";"";"Marketing, Medizin";"Prüfung erforderlich";"";"";"";"ui.metrics.bmi_class.adipositas1";"ui";"en-CH";"3";"v1:d3fd3111d338f5b91a8afe35e5ff9a8bb19678817df79ce37aaec18b6ccdc349";"df6f70677a7effd7fb8aba8053bc8496ac3467e6cab0466309e2e52734b1ed14"
"Einflussfaktoren";"Körperzusammensetzung & Stoffwechsel";"Einordnung & Metriken";"Beschriftung";"Sichtbares BMI-Klassenlabel adipositas2";"Adipositas";"Obesity";"";"";"Marketing, Medizin";"Prüfung erforderlich";"";"";"";"ui.metrics.bmi_class.adipositas2";"ui";"en-CH";"3";"v1:d3fd3111d338f5b91a8afe35e5ff9a8bb19678817df79ce37aaec18b6ccdc349";"13c2d0049b38ac85e5dcfd32747ae4f96c1a06b436c6cf52124a2f3296edbe38"
"Einflussfaktoren";"Körperzusammensetzung & Stoffwechsel";"Einordnung & Metriken";"Beschriftung";"Sichtbares BMI-Klassenlabel normal";"Normalbereich";"Healthy range";"";"";"Marketing, Medizin";"Prüfung erforderlich";"";"";"";"ui.metrics.bmi_class.normal";"ui";"en-CH";"3";"v1:d3fd3111d338f5b91a8afe35e5ff9a8bb19678817df79ce37aaec18b6ccdc349";"283875c708d4e334a2caaf29f916320de69e755d6f0067d2d5c632d66ffe07a8"
"Einflussfaktoren";"Körperzusammensetzung & Stoffwechsel";"Einordnung & Metriken";"Beschriftung";"Sichtbares BMI-Klassenlabel uebergewicht";"Übergewicht";"Overweight";"";"";"Marketing, Medizin";"Prüfung erforderlich";"";"";"";"ui.metrics.bmi_class.uebergewicht";"ui";"en-CH";"3";"v1:d3fd3111d338f5b91a8afe35e5ff9a8bb19678817df79ce37aaec18b6ccdc349";"cb851e4ee070182f6689ea20493d2efede69fae6cbf12736ce039546a6d8a19c"
"Einflussfaktoren";"Körperzusammensetzung & Stoffwechsel";"Einordnung & Metriken";"Beschriftung";"Sichtbares BMI-Klassenlabel untergewicht";"Untergewicht";"Underweight";"";"";"Marketing, Medizin";"Prüfung erforderlich";"";"";"";"ui.metrics.bmi_class.untergewicht";"ui";"en-CH";"3";"v1:d3fd3111d338f5b91a8afe35e5ff9a8bb19678817df79ce37aaec18b6ccdc349";"33c4fae702da7d3788730362f9f9ce5c8e6475a75f1877e7312a4edecfb3e051"
"Einflussfaktoren";"Körperzusammensetzung & Stoffwechsel";"Einordnung & Metriken";"Beschriftung";"Sichtbares Bauchumfang-Statuslabel erhoeht";"im erhöhten Bereich";"within the elevated range";"";"";"Marketing, Medizin";"Prüfung erforderlich";"Status sprachlich klar vom deutlich erhöhten Referenzbereich abgegrenzt; durch Marketing und Medizin freigeben.";"";"";"ui.metrics.waist_status.erhoeht";"ui";"en-CH";"3";"v1:d3fd3111d338f5b91a8afe35e5ff9a8bb19678817df79ce37aaec18b6ccdc349";"923dc3d06f4608367fe0021d14cdd066da4f5af022a0609c5e40544a6a0ea25d"
"Einflussfaktoren";"Körperzusammensetzung & Stoffwechsel";"Einordnung & Metriken";"Beschriftung";"Sichtbares Bauchumfang-Statuslabel hoch";"im deutlich erhöhten Bereich";"within the clearly elevated range";"";"";"Marketing, Medizin";"Prüfung erforderlich";"Höchstes Referenzband für die persönliche Einordnung eindeutig benannt; durch Marketing und Medizin freigeben.";"";"";"ui.metrics.waist_status.hoch";"ui";"en-CH";"3";"v1:d3fd3111d338f5b91a8afe35e5ff9a8bb19678817df79ce37aaec18b6ccdc349";"da61bb961013f88ef5bed3b01c943fa7f1da39105628858e8ac75ade473bbda1"
"Einflussfaktoren";"Körperzusammensetzung & Stoffwechsel";"Einordnung & Metriken";"Beschriftung";"Sichtbares Bauchumfang-Statuslabel normal";"im Normalbereich";"within the normal range";"";"";"Marketing, Medizin";"Prüfung erforderlich";"";"";"";"ui.metrics.waist_status.normal";"ui";"en-CH";"3";"v1:d3fd3111d338f5b91a8afe35e5ff9a8bb19678817df79ce37aaec18b6ccdc349";"4faa8a0ec5cf23f9aff1e9da56d84aaa4aefc9a2d2efde2c9b0ae6f912c78754"
"Einflussfaktoren";"Körperzusammensetzung & Stoffwechsel";"Dimensionsdetails";"Überschrift";"Dimensionsdetail · Titel";"Gewicht im Untergewichtsbereich";"Weight in the underweight range";"";"";"Marketing, Medizin";"Prüfung erforderlich";"";"";"";"recommendation.signal.untergewicht.title";"recommendations";"en-CH";"3";"v1:d3fd3111d338f5b91a8afe35e5ff9a8bb19678817df79ce37aaec18b6ccdc349";"b147aca492849b74e5bff82f5f0c5d728bc2ab585e4bf23f5e1bcd6b584aa610"
"Einflussfaktoren";"Körperzusammensetzung & Stoffwechsel";"Dimensionsdetails";"Persönliche Einordnung";"Dimensionsdetail · Einordnung";"Untergewicht wird selten hinterfragt, kann aber Nährstoffmangel, Muskelabbau und Knochendichte betreffen – und eine behandelbare Ursache haben.";"Underweight is rarely questioned, but it can involve nutrient deficiency, muscle loss and bone density and may have a treatable cause.";"";"";"Marketing, Medizin";"Prüfung erforderlich";"";"";"";"recommendation.signal.untergewicht.insight";"recommendations";"en-CH";"3";"v1:d3fd3111d338f5b91a8afe35e5ff9a8bb19678817df79ce37aaec18b6ccdc349";"0bcc0b822464179e6319e5affc43d9b1bd5a018df69355ff7820fc3e43f8838f"
"Einflussfaktoren";"Körperzusammensetzung & Stoffwechsel";"Dimensionsdetails";"Medizinische Klärung";"Dimensionsdetail · medizinischer Klärungshinweis";"Ursachen, Nährstoffversorgung und ob eine Ernährungsberatung sinnvoll ist.";"The causes, nutrient supply and whether nutritional counselling would be useful.";"";"";"Marketing, Medizin";"Prüfung erforderlich";"";"";"";"recommendation.signal.untergewicht.clarify";"recommendations";"en-CH";"3";"v1:d3fd3111d338f5b91a8afe35e5ff9a8bb19678817df79ce37aaec18b6ccdc349";"6198caef22d1062365a506a229acf47e860c98ba57e2bc993f94f04f9d437164"
"Einflussfaktoren";"Körperzusammensetzung & Stoffwechsel";"Dimensionsdetails";"Erwarteter Nutzen";"Dimensionsdetail · erwarteter Nutzen";"Mögliche Ursachen oder Versorgungslücken können erkannt und bei Bedarf gezielt behandelt werden.";"Possible causes or gaps in nutrient supply can be identified and treated specifically if necessary.";"";"";"Marketing, Medizin";"Prüfung erforderlich";"Neues Nutzenfeld für die einheitliche Darstellung offener Dimensionshinweise; durch Marketing und Medizin freigeben.";"";"";"recommendation.signal.untergewicht.benefit";"recommendations";"en-CH";"3";"v1:d3fd3111d338f5b91a8afe35e5ff9a8bb19678817df79ce37aaec18b6ccdc349";"2c387d5ff2b68e6b45aa12babb59842521d40a9d689aed9c26c9eecb4bd81fe3"
"Einflussfaktoren";"Körperzusammensetzung & Stoffwechsel";"Risikosignale";"Risikosignal";"Ergebnisseite, medizinisches Signal Untergewicht";"Ihr Gewicht liegt im Untergewichtsbereich. Eine ärztliche Einordnung ist sinnvoll – etwa um Ursachen und Nährstoffversorgung zu klären.";"Your weight is in the underweight range. A medical assessment is appropriate, for example to clarify causes and nutrient supply.";"";"";"Marketing, Medizin";"Prüfung erforderlich";"";"";"";"recommendation.risk_signal.untergewicht.label";"recommendations";"en-CH";"3";"v1:d3fd3111d338f5b91a8afe35e5ff9a8bb19678817df79ce37aaec18b6ccdc349";"4de978e2910b1e4d10d63f4fa79d19d785bbdb5b22dcb9276cb6f4f99cb88bda"
"Einflussfaktoren";"Rauchen & Rauchstopp";"Empfehlungskarten";"Überschrift";"Empfehlungskarte · Einflussfaktoren · Titel";"Rauchstopp als stärksten Hebel nutzen";"Use stopping smoking as your most powerful lever";"";"";"Marketing";"Prüfung erforderlich";"";"";"";"recommendation.catalog.ei_rauchstopp.title";"recommendations";"en-CH";"3";"v1:d3fd3111d338f5b91a8afe35e5ff9a8bb19678817df79ce37aaec18b6ccdc349";"e9b87f5c37479c5f78d2c5ff03bd0b0e31add7873a6da03a795ba9b0345ded3e"
"Einflussfaktoren";"Rauchen & Rauchstopp";"Empfehlungskarten";"Begründung / Einordnung";"Empfehlungskarte · Einflussfaktoren · Begründung";"Ein Rauchstopp ist einer der wirkungsvollsten Schritte überhaupt – für Herz, Gefässe, Lunge und Energie. Schon nach kurzer Zeit beginnt sich Ihr Körper zu erholen.";"Stopping smoking is one of the most effective steps you can take for your heart, blood vessels, lungs and energy. Your body begins to recover after only a short time.";"";"";"Marketing, Medizin";"Prüfung erforderlich";"";"";"";"recommendation.catalog.ei_rauchstopp.why";"recommendations";"en-CH";"3";"v1:d3fd3111d338f5b91a8afe35e5ff9a8bb19678817df79ce37aaec18b6ccdc349";"f795cc8c0fe91bb2c81dbf96214a680346a9dba47a54cf0d52ec465c7b18309f"
"Einflussfaktoren";"Rauchen & Rauchstopp";"Empfehlungskarten";"Nächster Schritt";"Empfehlungskarte · Einflussfaktoren · konkreter nächster Schritt";"Setzen Sie sich ein konkretes Stopp-Datum in den nächsten zwei Wochen und holen Sie sich Unterstützung – Begleitung erhöht die Erfolgschance deutlich.";"Set a specific stop date within the next two weeks and seek support. Guidance significantly increases the chance of success.";"";"";"Marketing, Medizin";"Prüfung erforderlich";"";"";"";"recommendation.catalog.ei_rauchstopp.step";"recommendations";"en-CH";"3";"v1:d3fd3111d338f5b91a8afe35e5ff9a8bb19678817df79ce37aaec18b6ccdc349";"a4b42dd1f0359266747549dcebfa8d324455ffd9270269b9101ff948b325e87d"
"Einflussfaktoren";"Rauchen & Rauchstopp";"Empfehlungskarten";"Erwarteter Nutzen";"Empfehlungskarte · Einflussfaktoren · erwarteter Nutzen";"Ihr Risiko für Herzinfarkt und viele weitere Erkrankungen sinkt mit jeder rauchfreien Woche.";"Your risk of a heart attack and many other conditions decreases with every smoke-free week.";"";"";"Marketing, Medizin";"Prüfung erforderlich";"";"";"";"recommendation.catalog.ei_rauchstopp.benefit";"recommendations";"en-CH";"3";"v1:d3fd3111d338f5b91a8afe35e5ff9a8bb19678817df79ce37aaec18b6ccdc349";"45478ee16e61a6c6788b968473d166d58773bdde54bbb4b9447790edd549939c"
"Einflussfaktoren";"Rauchen & Rauchstopp";"4-Wochen-Pläne";"4-Wochen-Plan";"4-Wochen-Plan · Diese Woche";"Setzen Sie ein konkretes Stopp-Datum in den nächsten 14 Tagen und holen Sie sich Begleitung: Die nationale <b>Rauchstopplinie 0848 000 181</b> berät kostenlos (Mo–Fr, 11–19 Uhr; auch online oder per Video). Lassen Sie sich in Apotheke oder Arztpraxis zu Nikotinersatz oder Medikamenten beraten – Beratung plus Medikation vervielfacht die Erfolgschance gegenüber einem Versuch allein.";"Set a specific stop date within the next 14 days and seek support. The national <b>stop-smoking helpline 0848 000 181</b> provides free advice (Mon–Fri, 11 a.m.–7 p.m.; also online or by video). Ask a pharmacy or medical practice about nicotine replacement or medication. Combining advice and medication multiplies the chance of success compared with trying alone.";"";"";"Marketing, Medizin";"Prüfung erforderlich";"";"";"0848 000 181";"recommendation.plan.ei_rauchstopp.this_week";"recommendations";"en-CH";"3";"v1:d3fd3111d338f5b91a8afe35e5ff9a8bb19678817df79ce37aaec18b6ccdc349";"efe89fb3cb0921f4f80e4bb2fbe8fb5af92df8fabaf9d6f5add049128a660b74"
"Einflussfaktoren";"Rauchen & Rauchstopp";"4-Wochen-Pläne";"4-Wochen-Plan";"4-Wochen-Plan · Woche 2–3";"Rückfälle sind bei einer Abhängigkeit die Regel, nicht das Scheitern – entscheidend ist, den nächsten Versuch zu starten. Notieren Sie Ihre drei stärksten Auslöser (z. B. Kaffee, Stress, Feierabend) und legen Sie für jeden eine konkrete Ersatzhandlung fest. Bereits nach wenigen Tagen lassen die Atemwegsreizungen nach, nach Monaten verbessern sich Kreislauf und Lungenfunktion spürbar.";"Relapse is common with dependence and does not mean failure. What matters is starting the next attempt. Write down your three strongest triggers, such as coffee, stress or the end of the working day, and define a specific alternative action for each. Irritation of the airways begins to ease after only a few days, and circulation and lung function improve noticeably after a few months.";"";"";"Marketing, Medizin";"Prüfung erforderlich";"";"";"";"recommendation.plan.ei_rauchstopp.weeks_2_3";"recommendations";"en-CH";"3";"v1:d3fd3111d338f5b91a8afe35e5ff9a8bb19678817df79ce37aaec18b6ccdc349";"a633452417b769926886b360762b194104f065e1efe1a8a6eed25b88efdddc7a"
"Einflussfaktoren";"Rauchen & Rauchstopp";"4-Wochen-Pläne";"4-Wochen-Plan";"4-Wochen-Plan · Woche 4";"Machen Sie sich den Zeitgewinn bewusst: Nach etwa <b>einem Jahr</b> ist das Risiko für eine koronare Herzkrankheit ungefähr halb so hoch wie bei weiterem Rauchen; nach <b>zehn Jahren</b> ist das Lungenkrebsrisiko etwa halbiert. Nach rund <b>15 Jahren</b> nähert sich das Risiko für eine koronare Herzkrankheit dem von Menschen an, die nie geraucht haben. Halten Sie fest, was sich für Sie bereits verändert hat – Geschmack, Kondition, Geld.";"Keep the gains over time in mind. After about <b>one year</b>, the risk of coronary heart disease is approximately half that of someone who continues to smoke; after <b>ten years</b>, the risk of lung cancer is about half. After around <b>15 years</b>, the risk of coronary heart disease approaches that of someone who has never smoked. Record what has already changed for you, such as taste, fitness or money.";"";"";"Marketing, Medizin";"Prüfung erforderlich";"WHO-Aussagen zum Rauchstopp präzisiert; durch Marketing und Medizin freigeben.";"";"";"recommendation.plan.ei_rauchstopp.week_4";"recommendations";"en-CH";"3";"v1:d3fd3111d338f5b91a8afe35e5ff9a8bb19678817df79ce37aaec18b6ccdc349";"7df0a1e824ebfe58b6f72edffe743c620ff57f683227a1aad2bfda8ee638ad71"
"Einflussfaktoren";"Rauchen & Rauchstopp";"Handlungsfelder";"Beschriftung";"Handlungsfeld · Einflussfaktoren · Kurzlabel";"Rauchstopp angehen – der grösste einzelne Hebel";"Take steps to stop smoking – your single biggest lever";"";"";"Marketing, Medizin";"Prüfung erforderlich";"";"";"";"recommendation.lever.lv_rauchstopp.label";"recommendations";"en-CH";"3";"v1:d3fd3111d338f5b91a8afe35e5ff9a8bb19678817df79ce37aaec18b6ccdc349";"f99ad9174ead70643fe661002d57490a1626c5efa822b5f1c259b54cb941f222"
"Einflussfaktoren";"Rauchen & Rauchstopp";"Handlungsfelder";"Detailtext";"Handlungsfeld · Einflussfaktoren · Detailtext";"Ein Rauchstopp gehört zu den stärksten beeinflussbaren Gesundheitshebeln. Nach etwa einem Jahr ist das Risiko für eine koronare Herzkrankheit ungefähr halb so hoch wie bei weiterem Rauchen.";"Stopping smoking is one of the most powerful controllable health levers. After about one year, the risk of coronary heart disease is approximately half that of someone who continues to smoke.";"";"";"Marketing, Medizin";"Prüfung erforderlich";"WHO-Aussage präzisiert und unbelegte Absolutheit entfernt; durch Marketing und Medizin freigeben.";"";"";"recommendation.lever.lv_rauchstopp.detail";"recommendations";"en-CH";"3";"v1:d3fd3111d338f5b91a8afe35e5ff9a8bb19678817df79ce37aaec18b6ccdc349";"fa7beb3e193908e91845473f7221b97f0b4b83de45babd95b73cf6821f62fc15"
"Einflussfaktoren";"Rauchen & Rauchstopp";"Dimensionsdetails";"Überschrift";"Dimensionsdetail · Titel";"Rauchstopp – einer Ihrer stärksten Hebel";"Stopping smoking – one of your most powerful levers";"";"";"Marketing, Medizin";"Prüfung erforderlich";"Unbelegte Absolutheit entfernt; durch Marketing und Medizin freigeben.";"";"";"recommendation.signal.rauchen.title";"recommendations";"en-CH";"3";"v1:d3fd3111d338f5b91a8afe35e5ff9a8bb19678817df79ce37aaec18b6ccdc349";"04824cba2e1a36e74b3d8925994470511cfaf80e67d074725b2e21d9725f0446"
"Einflussfaktoren";"Rauchen & Rauchstopp";"Dimensionsdetails";"Persönliche Einordnung";"Dimensionsdetail · Einordnung";"Ein Rauchstopp gehört zu den stärksten beeinflussbaren Gesundheitshebeln. Nach etwa einem Jahr ist das Risiko für eine koronare Herzkrankheit ungefähr halb so hoch wie bei weiterem Rauchen; nach rund 15 Jahren nähert es sich dem von Menschen an, die nie geraucht haben. Auch E-Zigaretten und Shisha sind nicht harmlos.";"Stopping smoking is one of the most powerful controllable health levers. After about one year, the risk of coronary heart disease is approximately half that of someone who continues to smoke; after around 15 years, it approaches the risk of someone who has never smoked. E-cigarettes and shisha are not harmless either.";"";"";"Marketing, Medizin";"Prüfung erforderlich";"WHO-Aussage präzisiert und unbelegte Absolutheit entfernt; durch Marketing und Medizin freigeben.";"";"";"recommendation.signal.rauchen.insight";"recommendations";"en-CH";"3";"v1:d3fd3111d338f5b91a8afe35e5ff9a8bb19678817df79ce37aaec18b6ccdc349";"3fea4c6422d3bbe4d8158f5e51e1c2b8b374598a6406462ce2dd90753aa508aa"
"Einflussfaktoren";"Rauchen & Rauchstopp";"Dimensionsdetails";"Nächster Schritt";"Dimensionsdetail · konkreter nächster Schritt";"Stopp-Datum in den nächsten 14 Tagen setzen und die kostenlose Rauchstopplinie 0848 000 181 anrufen – Begleitung plus Nikotinersatz vervielfacht die Erfolgschance.";"Set a stop date within the next 14 days and call the free stop-smoking helpline on 0848 000 181. Guidance combined with nicotine replacement multiplies the chance of success.";"";"";"Marketing, Medizin";"Prüfung erforderlich";"";"";"0848 000 181";"recommendation.signal.rauchen.action";"recommendations";"en-CH";"3";"v1:d3fd3111d338f5b91a8afe35e5ff9a8bb19678817df79ce37aaec18b6ccdc349";"7ff1fc63cbe036de70cebbda3f98335e943079d5d56d86c71b42716028657e8e"
"Einflussfaktoren";"Rauchen & Rauchstopp";"Zusatzhinweise bei abgedeckten Aktionsschritten";"Vertiefung";"Zusatzhinweis bei bereits abgedecktem Aktionsschritt";"Was den Unterschied macht: Rückfälle sind die Regel, nicht die Ausnahme – im Schnitt braucht es mehrere Anläufe. Entscheidend ist nicht, nie zu scheitern, sondern nach einem Rückfall rasch wieder einzusteigen. Nikotinersatz lindert dabei den körperlichen Entzug, die Begleitung das Verhalten.";"What makes the difference: relapse is the rule rather than the exception, and several attempts are needed on average. The key is not never to fail but to restart quickly after a relapse. Nicotine replacement eases physical withdrawal, while guidance supports behaviour change.";"";"";"Marketing, Medizin";"Prüfung erforderlich";"";"";"";"recommendation.signal.rauchen.deepen";"recommendations";"en-CH";"3";"v1:d3fd3111d338f5b91a8afe35e5ff9a8bb19678817df79ce37aaec18b6ccdc349";"8d7bba67b376d100a5b71f230023b1c2e24a4d72c7b6b3f3516c972ad5a91a63"
"Einflussfaktoren";"Rauchen & Rauchstopp";"Risikosignale";"Risikosignal";"Ergebnisseite, Lebensstil-Signal Rauchen";"Sie rauchen aktuell (Tabak oder andere Nikotinprodukte) – ein Rauchstopp ist Ihr wirkungsvollster einzelner Hebel.";"You currently smoke tobacco or use other nicotine products. Stopping smoking is your single most effective lever.";"";"";"Marketing, Medizin";"Prüfung erforderlich";"";"";"";"recommendation.risk_signal.rauchen.label";"recommendations";"en-CH";"3";"v1:d3fd3111d338f5b91a8afe35e5ff9a8bb19678817df79ce37aaec18b6ccdc349";"4a3f960ccb6672aac60f7abf482a79f2f441a734d13f223547c6199c31319e66"
"Einflussfaktoren";"Rauchen & Rauchstopp";"Quellenlabels";"Quellenbezeichnung";"Sichtbares Label einer Fachquelle";"stopsmoking.ch – kostenlose Rauchstopplinie 0848 000 181";"stopsmoking.ch – free stop-smoking helpline 0848 000 181";"";"";"Marketing, Medizin";"Prüfung erforderlich";"";"";"0848 000 181";"recommendation.source.stopsmoking.label";"recommendations";"en-CH";"3";"v1:d3fd3111d338f5b91a8afe35e5ff9a8bb19678817df79ce37aaec18b6ccdc349";"b9ef0c212e9ae02b76fa1d8d877c8d0ddf4fea8b624ecad8de03e7be699e1f56"
"Einflussfaktoren";"Rauchen & Rauchstopp";"Stärken";"Beschriftung";"Stärke · Einflussfaktoren · Kurzlabel";"Rauchfrei";"Smoke-free";"";"";"Marketing";"Prüfung erforderlich";"";"";"";"recommendation.strength.st_rauchfrei.label";"recommendations";"en-CH";"3";"v1:d3fd3111d338f5b91a8afe35e5ff9a8bb19678817df79ce37aaec18b6ccdc349";"939c8b1b0616eecb320c1d5da5c988ebec4b16661d92ab649ff2249acf9f6b7f"
"Einflussfaktoren";"Rauchen & Rauchstopp";"Stärken";"Detailtext";"Stärke · Einflussfaktoren · Detailtext";"Sie rauchen nicht – der wichtigste einzelne Schutzfaktor für Herz, Gefässe und Lunge.";"You do not smoke, which is the single most important protective factor for your heart, blood vessels and lungs.";"";"";"Marketing, Medizin";"Prüfung erforderlich";"";"";"";"recommendation.strength.st_rauchfrei.detail";"recommendations";"en-CH";"3";"v1:d3fd3111d338f5b91a8afe35e5ff9a8bb19678817df79ce37aaec18b6ccdc349";"c0fcc52a6d383145b4462b5f9f7e917c9f9809b498080b633d39864d0d599cb0"
"Einflussfaktoren";"Rauchen & Rauchstopp";"Stärken";"Beschriftung";"Stärke · Einflussfaktoren · Kurzlabel";"Rauchstopp geschafft";"Successfully stopped smoking";"";"";"Marketing";"Prüfung erforderlich";"";"";"";"recommendation.strength.st_rauchstopp.label";"recommendations";"en-CH";"3";"v1:d3fd3111d338f5b91a8afe35e5ff9a8bb19678817df79ce37aaec18b6ccdc349";"ebffb3a6b9d5f9272b61ffeede077e2452317bee249cd93b656f92a54614e304"
"Einflussfaktoren";"Rauchen & Rauchstopp";"Stärken";"Detailtext";"Stärke · Einflussfaktoren · Detailtext";"Sie haben aufgehört zu rauchen – Ihr Risiko sinkt seither Jahr für Jahr weiter.";"You have stopped smoking, and your risk has continued to fall year by year ever since.";"";"";"Marketing, Medizin";"Prüfung erforderlich";"";"";"";"recommendation.strength.st_rauchstopp.detail";"recommendations";"en-CH";"3";"v1:d3fd3111d338f5b91a8afe35e5ff9a8bb19678817df79ce37aaec18b6ccdc349";"79f085eb072be986b4d9b0d15840a963ec8fd030cd955588d1d2e77eb207ac9c"
"Einflussfaktoren";"Rauchen & Rauchstopp";"Ergebnis-Einstieg";"Beschriftung";"Ergebnis-Zusammenfassung · Themenlabel «Rauchen & Rauchstopp»";"Rauchen";"smoking";"";"";"Marketing";"Prüfung erforderlich";"";"";"";"ui.hero.topic.rauchen";"ui";"en-CH";"3";"v1:d3fd3111d338f5b91a8afe35e5ff9a8bb19678817df79ce37aaec18b6ccdc349";"e4da824bd08c89ccef012d727072b74fc05432286411bdc001695fa1ecf9cdb9"
"Einflussfaktoren";"Sitzverhalten";"Empfehlungskarten";"Überschrift";"Empfehlungskarte · Einflussfaktoren · Titel";"Langes Sitzen regelmässig unterbrechen";"Break up long periods of sitting regularly";"";"";"Marketing";"Prüfung erforderlich";"";"";"";"recommendation.catalog.ei_sitzen.title";"recommendations";"en-CH";"3";"v1:d3fd3111d338f5b91a8afe35e5ff9a8bb19678817df79ce37aaec18b6ccdc349";"ff90cfd1ebed1c78a9d3aee6d3b3c18f894f90b037ee0af98bca16cfcc08642b"
"Einflussfaktoren";"Sitzverhalten";"Empfehlungskarten";"Begründung / Einordnung";"Empfehlungskarte · Einflussfaktoren · Begründung";"Sie sitzen an einem typischen Tag viele Stunden. Lange Sitzzeiten sind mit ungünstigen Gesundheitsfolgen verbunden; regelmässige Bewegung insgesamt und das Unterbrechen längerer Sitzphasen sind beide relevant.";"You sit for many hours on a typical day. Long periods of sitting are associated with adverse health effects. Both regular physical activity overall and breaking up longer periods of sitting are important.";"";"";"Marketing, Medizin";"Prüfung erforderlich";"Falsche Unabhängigkeit vom Training entfernt und Gesamtaktivität berücksichtigt; durch Marketing und Medizin freigeben.";"";"";"recommendation.catalog.ei_sitzen.why";"recommendations";"en-CH";"3";"v1:d3fd3111d338f5b91a8afe35e5ff9a8bb19678817df79ce37aaec18b6ccdc349";"b19f7117a47880b892cc224e0d09c745d1a6540dcd16ec3585cc3ef823b05c02"
"Einflussfaktoren";"Sitzverhalten";"Empfehlungskarten";"Nächster Schritt";"Empfehlungskarte · Einflussfaktoren · konkreter nächster Schritt";"Setzen Sie sich alle 60 Minuten einen kurzen Bewegungsimpuls: aufstehen, strecken, ein paar Schritte gehen.";"Add a short movement break every 60 minutes: stand up, stretch and walk a few steps.";"";"";"Marketing, Medizin";"Prüfung erforderlich";"";"";"";"recommendation.catalog.ei_sitzen.step";"recommendations";"en-CH";"3";"v1:d3fd3111d338f5b91a8afe35e5ff9a8bb19678817df79ce37aaec18b6ccdc349";"f7c3b4c874099c5b32d4a7ced1e4719bf088bfe7164849394c3c71252a135715"
"Einflussfaktoren";"Sitzverhalten";"Empfehlungskarten";"Erwarteter Nutzen";"Empfehlungskarte · Einflussfaktoren · erwarteter Nutzen";"Regelmässige Mini-Pausen verbessern Kreislauf, Konzentration und Wohlbefinden.";"Regular mini-breaks improve circulation, concentration and wellbeing.";"";"";"Marketing, Medizin";"Prüfung erforderlich";"";"";"";"recommendation.catalog.ei_sitzen.benefit";"recommendations";"en-CH";"3";"v1:d3fd3111d338f5b91a8afe35e5ff9a8bb19678817df79ce37aaec18b6ccdc349";"1c0113d4911df5528390d171c235abbed24f1c63392b9f548a7aa7f7befd4f52"
"Einflussfaktoren";"Sitzverhalten";"4-Wochen-Pläne";"4-Wochen-Plan";"4-Wochen-Plan · Diese Woche";"Nutzen Sie zum Beispiel eine <b>stündliche Erinnerung</b>: aufstehen, strecken oder ein paar Schritte gehen. Sowohl die gesamte Sitzzeit als auch lange ununterbrochene Sitzphasen sind relevant; jede zusätzliche Bewegung zählt.";"For example, use an <b>hourly reminder</b> to stand up, stretch or walk a few steps. Both total sitting time and long uninterrupted periods of sitting are relevant, and every additional movement counts.";"";"";"Marketing, Medizin";"Prüfung erforderlich";"Nicht etablierte Mindestdauer und falsche Entweder-oder-Aussage entfernt; durch Marketing und Medizin freigeben.";"";"";"recommendation.plan.ei_sitzen.this_week";"recommendations";"en-CH";"3";"v1:d3fd3111d338f5b91a8afe35e5ff9a8bb19678817df79ce37aaec18b6ccdc349";"bcba956bba28cb3177011c4791ff1676fbf20e3e8a45480641b1b0d633b3a237"
"Einflussfaktoren";"Sitzverhalten";"4-Wochen-Pläne";"4-Wochen-Plan";"4-Wochen-Plan · Woche 2–3";"Koppeln Sie Bewegung an bestehende Gewohnheiten: im Stehen telefonieren, die Treppe statt Lift oder nach dem Mittagessen kurz spazieren. Bewegung nach einer Mahlzeit kann den Blutzuckeranstieg abflachen. Prüfen Sie, ob ein Steh-Arbeitsplatz zeitweise möglich ist.";"Link movement to existing habits: make phone calls while standing, take the stairs instead of the lift or go for a short walk after lunch. Movement after a meal can slow the rise in blood glucose. Check whether you can use a standing workstation for part of the time.";"";"";"Marketing, Medizin";"Prüfung erforderlich";"Starre Spazierdauer und Wirkungsversprechen vorsichtig formuliert; durch Marketing und Medizin freigeben.";"";"";"recommendation.plan.ei_sitzen.weeks_2_3";"recommendations";"en-CH";"3";"v1:d3fd3111d338f5b91a8afe35e5ff9a8bb19678817df79ce37aaec18b6ccdc349";"835d9ba349f1fbe3ecb66a71a8686d3967629449ad5297d3785c5e6f5d6b5615"
"Einflussfaktoren";"Sitzverhalten";"4-Wochen-Pläne";"4-Wochen-Plan";"4-Wochen-Plan · Woche 4";"Machen Sie kurze Bewegungspausen zur Gewohnheit. Wählen Sie einen Rhythmus, der im Alltag funktioniert und lange ununterbrochene Sitzphasen regelmässig auflöst.";"Make short movement breaks a habit. Choose a schedule that works in daily life and regularly breaks up long uninterrupted periods of sitting.";"";"";"Marketing, Medizin";"Prüfung erforderlich";"Nicht leitliniengestützte 60-Minuten-Grenze entfernt; durch Marketing und Medizin freigeben.";"";"";"recommendation.plan.ei_sitzen.week_4";"recommendations";"en-CH";"3";"v1:d3fd3111d338f5b91a8afe35e5ff9a8bb19678817df79ce37aaec18b6ccdc349";"a854ea4d3e561744e60d0fb143cd309c88c357dd1398bff82855efeb2df7c493"
"Einflussfaktoren";"Sitzverhalten";"Handlungsfelder";"Beschriftung";"Handlungsfeld · Einflussfaktoren · Kurzlabel";"Sitzzeit regelmässig unterbrechen";"Break up sitting time regularly";"";"";"Marketing, Medizin";"Prüfung erforderlich";"";"";"";"recommendation.lever.lv_sitzen.label";"recommendations";"en-CH";"3";"v1:d3fd3111d338f5b91a8afe35e5ff9a8bb19678817df79ce37aaec18b6ccdc349";"8d9859ae1f8aa4e42423066f8db9cea17844fd5af32fe7aa3f76b81efcab3790"
"Einflussfaktoren";"Sitzverhalten";"Handlungsfelder";"Detailtext";"Handlungsfeld · Einflussfaktoren · Detailtext";"Ihre Angaben zeigen eine lange tägliche Sitzzeit. Regelmässige Bewegung senkt das Gesamtrisiko; längere Sitzphasen immer wieder zu unterbrechen ist ein praktischer zusätzlicher Einstieg.";"Your answers indicate a long daily sitting time. Regular physical activity reduces overall risk, while repeatedly breaking up longer periods of sitting is a practical additional starting point.";"";"";"Marketing, Medizin";"Prüfung erforderlich";"Universellen Zeitgrenzwert und unbelegtes Pausenversprechen entfernt; durch Marketing und Medizin freigeben.";"";"";"recommendation.lever.lv_sitzen.detail";"recommendations";"en-CH";"3";"v1:d3fd3111d338f5b91a8afe35e5ff9a8bb19678817df79ce37aaec18b6ccdc349";"689222bbd9dbca10669f1a02806e75f2a2e1e3dd8353a3639eedeb26d760612b"
"Einflussfaktoren";"Sitzverhalten";"Dimensionsdetails";"Überschrift";"Dimensionsdetail · Titel";"Lange Sitzzeiten unterbrechen";"Break up long periods of sitting";"";"";"Marketing, Medizin";"Prüfung erforderlich";"";"";"";"recommendation.signal.sitzen.title";"recommendations";"en-CH";"3";"v1:d3fd3111d338f5b91a8afe35e5ff9a8bb19678817df79ce37aaec18b6ccdc349";"af7c7d70c8b8b2a81e0ae7efe787e02f60d9c56bfbfb12431d82f2a5c19d2644"
"Einflussfaktoren";"Sitzverhalten";"Dimensionsdetails";"Persönliche Einordnung";"Dimensionsdetail · Einordnung";"Sowohl die gesamte Sitzzeit als auch lange ununterbrochene Sitzphasen sind relevant. Regelmässiges Aufstehen und kurze Gehpausen bringen zusätzliche Bewegung in den Tag; zugleich bleibt ausreichend körperliche Aktivität insgesamt wichtig.";"Both total sitting time and long uninterrupted periods of sitting are relevant. Standing up regularly and taking short walking breaks add movement to the day, while sufficient overall physical activity remains important.";"";"";"Marketing, Medizin";"Prüfung erforderlich";"Nicht belegte optimale Unterbrechungsdauer und falschen Gegensatz zu Sport entfernt; durch Marketing und Medizin freigeben.";"";"";"recommendation.signal.sitzen.insight";"recommendations";"en-CH";"3";"v1:d3fd3111d338f5b91a8afe35e5ff9a8bb19678817df79ce37aaec18b6ccdc349";"8441660646ff59689b8915369d5e756eb6efc4bac9f3bd5059c4bf8bb1d3549c"
"Einflussfaktoren";"Sitzverhalten";"Dimensionsdetails";"Nächster Schritt";"Dimensionsdetail · konkreter nächster Schritt";"Praktischer Mini-Impuls: regelmässig aufstehen, strecken oder ein paar Schritte gehen – zum Beispiel mit einer Erinnerung. Ein kurzer Spaziergang nach dem Essen kann den Blutzuckeranstieg zusätzlich abflachen.";"A practical mini-action: stand up, stretch or walk a few steps regularly, for example using a reminder. A short walk after eating can also slow the rise in blood glucose.";"";"";"Marketing, Medizin";"Prüfung erforderlich";"Pragmatische Empfehlung beibehalten, Wirkungsversprechen aber vorsichtig formuliert; durch Marketing und Medizin freigeben.";"";"";"recommendation.signal.sitzen.action";"recommendations";"en-CH";"3";"v1:d3fd3111d338f5b91a8afe35e5ff9a8bb19678817df79ce37aaec18b6ccdc349";"b088423cc5a2217e2f8e104b1898f14509754b225d0bc236af8643699d8854a0"
"Einflussfaktoren";"Sitzverhalten";"Risikosignale";"Risikosignal";"Ergebnisseite, Lebensstil-Signal lange Sitzzeit";"Sie sitzen an einem typischen Tag sehr lange – schon kurze stündliche Unterbrechungen senken das Risiko deutlich.";"You sit for a very long time on a typical day. Even short breaks every hour significantly reduce the risk.";"";"";"Marketing, Medizin";"Prüfung erforderlich";"";"";"";"recommendation.risk_signal.sitzen.label";"recommendations";"en-CH";"3";"v1:d3fd3111d338f5b91a8afe35e5ff9a8bb19678817df79ce37aaec18b6ccdc349";"5f3976b300bdfa1c12e67dc0ace0b25e7be89455ac960330720262c264aecef8"
"Einflussfaktoren";"Sitzverhalten";"Ergebnis-Einstieg";"Beschriftung";"Ergebnis-Zusammenfassung · Themenlabel «Sitzverhalten»";"Sitzzeit";"time spent sitting";"";"";"Marketing";"Prüfung erforderlich";"";"";"";"ui.hero.topic.sitzzeit";"ui";"en-CH";"3";"v1:d3fd3111d338f5b91a8afe35e5ff9a8bb19678817df79ce37aaec18b6ccdc349";"c55f6106f5839e7ef230a1303b6f34cd63b2832daa1f453d074e3e2543044bea"
"Einflussfaktoren";"Weitere Einflussfaktoren";"Gemeinsame Bereichstexte (Fragebogen und Ergebnis)";"Beschriftung";"Gemeinsam in Fragebogen und Ergebnis · Einflussfaktoren · Kurzlabel für Navigation und Ergebnisvisualisierung";"Einflüsse";"Factors";"";"";"Marketing";"Prüfung erforderlich";"";"";"";"service.dimension.einfluss.short";"services";"en-CH";"3";"v1:d3fd3111d338f5b91a8afe35e5ff9a8bb19678817df79ce37aaec18b6ccdc349";"32f5ccc8e2307a77970fbd9e7ca28a5ba02870857eb5868fb6c34465e0257e91"
"Einflussfaktoren";"Weitere Einflussfaktoren";"Gemeinsame Bereichstexte (Fragebogen und Ergebnis)";"Überschrift";"Gemeinsam in Fragebogen und Ergebnis · Einflussfaktoren · vollständiger Bereichstitel";"Einflussfaktoren";"Influencing factors";"";"";"Marketing, Medizin";"Prüfung erforderlich";"";"";"";"service.dimension.einfluss.title";"services";"en-CH";"3";"v1:d3fd3111d338f5b91a8afe35e5ff9a8bb19678817df79ce37aaec18b6ccdc349";"f7da3caa68231f105619d3fad8445a1db6d039ae5b6354a7afca03b899ea354e"
"Einflussfaktoren";"Weitere Einflussfaktoren";"Gemeinsame Bereichstexte (Fragebogen und Ergebnis)";"Begründung / Einordnung";"Gemeinsam in Fragebogen und Ergebnis · Einflussfaktoren · Einleitung im Fragebogen und in den Ergebnisdetails";"Die ehrliche Reflexion Ihrer Gesundheit, Gewohnheiten und familiäre Krankheitsgeschichte helfen Ihnen Einflussfaktoren auf Ihre Gesundheit besser einzuschätzen.";"Reflecting honestly on your health, habits and family medical history helps you assess the factors that influence your health.";"";"";"Marketing, Medizin";"Prüfung erforderlich";"";"";"";"service.dimension.einfluss.intro";"services";"en-CH";"3";"v1:d3fd3111d338f5b91a8afe35e5ff9a8bb19678817df79ce37aaec18b6ccdc349";"bc17b28514784c1aaa2385ec5fa0669b102ab0ed335ef09c2806d7f62f672672"
"Einflussfaktoren";"Weitere Einflussfaktoren";"Positive Dimensionstexte";"Positive Rückmeldung";"Positive Verstärkung für die Dimension einfluss";"Ihre Rahmenbedingungen und Gewohnheiten unterstützen Ihre Gesundheit klar. Bleiben Sie dran – regelmässige Vorsorge hilft, diesen guten Stand zu halten.";"Your circumstances and habits clearly support your health. Keep going, and use regular preventive care to maintain this good position.";"";"";"Marketing, Medizin";"Prüfung erforderlich";"Starke Rückmeldung nicht mehr mit dem niedrigeren Status «solide» beschrieben; durch Marketing und Medizin freigeben.";"";"";"recommendation.positive.einfluss";"recommendations";"en-CH";"3";"v1:d3fd3111d338f5b91a8afe35e5ff9a8bb19678817df79ce37aaec18b6ccdc349";"b97c3eb793194eba109fa9d0bc808123b4d784ea46811d379e1aa4534e3bdf0c"
"Einflussfaktoren";"Weitere Einflussfaktoren";"Solide Dimensionstexte";"Solide Rückmeldung";"Zurückhaltende Rückmeldung für die Dimension einfluss im Status Solide";"Viele Ihrer Rahmenbedingungen und Gewohnheiten unterstützen Ihre Gesundheit bereits. Mit gezielten Alltagsentscheidungen und regelmässiger Vorsorge können Sie diesen Bereich weiter stärken.";"Many aspects of your circumstances and habits already support your health. Targeted everyday decisions and regular preventive care can strengthen this area further.";"";"";"Marketing, Medizin";"Prüfung erforderlich";"Neu vom positiven Feedback ab Score 80 getrennt; durch Marketing und Medizin freigeben.";"";"";"recommendation.solid.einfluss";"recommendations";"en-CH";"3";"v1:d3fd3111d338f5b91a8afe35e5ff9a8bb19678817df79ce37aaec18b6ccdc349";"6652a78e9b4b0a1701014e9a809d62be6d6fdebdb3f09cde5b7dc66b5b6a1c63"
"Einflussfaktoren";"Weitere Einflussfaktoren";"Ergebnis-Einstieg";"Beschriftung";"Hero-Zusammenfassung, Dimension einfluss im Nominativ";"Ihre Einflussfaktoren";"Your influencing factors";"";"";"Marketing";"Prüfung erforderlich";"";"";"";"ui.hero.dimension.einfluss.nominative";"ui";"en-CH";"3";"v1:d3fd3111d338f5b91a8afe35e5ff9a8bb19678817df79ce37aaec18b6ccdc349";"056503d21c2b9f8533d695fd6478acbf71ff2c98f3372414f9875fa0788b20d9"
"Einflussfaktoren";"Weitere Einflussfaktoren";"Ergebnis-Einstieg";"Beschriftung";"Hero-Zusammenfassung, Dimension einfluss nach «bei»";"bei Ihren Einflussfaktoren";"in your influencing factors";"";"";"Marketing";"Prüfung erforderlich";"";"";"";"ui.hero.dimension.einfluss.prepositional";"ui";"en-CH";"3";"v1:d3fd3111d338f5b91a8afe35e5ff9a8bb19678817df79ce37aaec18b6ccdc349";"1b9b5be0ad2ec7d1a64e978b60b23a3255ccb72c116f0042fb273782a200f09d"
"Körperliche Fitness";"Allgemeine Fitness";"Coach-Antworten";"Dynamischer Text";"Demo-Coach-Antwort zu Bewegung, Sport, Fitness oder Kraft";"Fitness ist einer der wirksamsten Hebel: Schon 3× 20–30 Min. zügiges Gehen pro Woche plus 2 kurze Krafteinheiten wirken. Steigern Sie langsam und planen Sie feste Zeiten ein. Ihr Fitness-Wert: <b>{{fitnessScore}}</b>.";"Fitness is one of the most effective levers: even 3 × 20–30 minutes of brisk walking per week plus 2 short strength sessions can make a difference. Build up slowly and schedule fixed times. Your fitness score: <b>{{fitnessScore}}</b>.";"";"";"Marketing, Medizin";"Prüfung erforderlich";"";"{{fitnessScore}}";"";"coach.answer.fitness";"coach";"en-CH";"3";"v1:d3fd3111d338f5b91a8afe35e5ff9a8bb19678817df79ce37aaec18b6ccdc349";"9d511ba22b71604507eb666801450a2041081cadb7c906181d9896b1675ea4b8"
"Körperliche Fitness";"Allgemeine Fitness";"Gemeinsame Bereichstexte (Fragebogen und Ergebnis)";"Beschriftung";"Gemeinsam in Fragebogen und Ergebnis · Körperliche Fitness · Kurzlabel für Navigation und Ergebnisvisualisierung";"Fitness";"Fitness";"";"";"Marketing";"Prüfung erforderlich";"";"";"";"service.dimension.fitness.short";"services";"en-CH";"3";"v1:d3fd3111d338f5b91a8afe35e5ff9a8bb19678817df79ce37aaec18b6ccdc349";"773f58c8ad09c65393b79e3f3d6e91a9279c8702063b0d338faa93a6ded28def"
"Körperliche Fitness";"Allgemeine Fitness";"Gemeinsame Bereichstexte (Fragebogen und Ergebnis)";"Überschrift";"Gemeinsam in Fragebogen und Ergebnis · Körperliche Fitness · vollständiger Bereichstitel";"Körperliche Fitness";"Physical fitness";"";"";"Marketing, Medizin";"Prüfung erforderlich";"";"";"";"service.dimension.fitness.title";"services";"en-CH";"3";"v1:d3fd3111d338f5b91a8afe35e5ff9a8bb19678817df79ce37aaec18b6ccdc349";"d0b7c30132b1d5b3da3ee871a16d849de0766a0661d8698011825b2a5706d95f"
"Körperliche Fitness";"Allgemeine Fitness";"Gemeinsame Bereichstexte (Fragebogen und Ergebnis)";"Begründung / Einordnung";"Gemeinsam in Fragebogen und Ergebnis · Körperliche Fitness · Einleitung im Fragebogen und in den Ergebnisdetails";"Ihre körperliche Fitness ist einer der besten Indikatoren für Ihre Gesundheit.";"Your physical fitness is one of the best indicators of your health.";"";"";"Marketing, Medizin";"Prüfung erforderlich";"";"";"";"service.dimension.fitness.intro";"services";"en-CH";"3";"v1:d3fd3111d338f5b91a8afe35e5ff9a8bb19678817df79ce37aaec18b6ccdc349";"eea2e03a1a06b0076cc4714ace73cd5999a9d0064a2bdbfa76f70fb8562b0c27"
"Körperliche Fitness";"Allgemeine Fitness";"Fitness-Kurztests";"Begründung / Einordnung";"Bedeutung eines Fitness-Kurztests in der sichtbaren Kategorie Ausbaufähig";"Ihr Ergebnis ist bei diesem Test ausbaufähig. Regelmässiges, passendes Training kann Ihnen helfen, sich zu verbessern. Der Test ist keine Diagnose.";"Your result shows room for improvement in this test. Regular, suitable training can help you improve. The test is not a diagnosis.";"";"";"Marketing, Medizin";"Prüfung erforderlich";"Sichtbare Kategorie entspricht der Statuslogik der Standortbestimmung; keine Diagnose.";"";"";"recommendation.fitness_test.status.ausbau.meaning";"recommendations";"en-CH";"3";"v1:d3fd3111d338f5b91a8afe35e5ff9a8bb19678817df79ce37aaec18b6ccdc349";"c3adaf6e09016c776f21076c2f420c8bcf0adb8afcee222eafdd6177aa4a4988"
"Körperliche Fitness";"Allgemeine Fitness";"Fitness-Kurztests";"Begründung / Einordnung";"Bedeutung eines Fitness-Kurztests in der sichtbaren Kategorie Erhöhte Aufmerksamkeit";"Bei diesem Test besteht deutliches Verbesserungspotenzial. Beginnen Sie mit einem passenden Training schrittweise. Der Test ist keine Diagnose und sagt allein nichts über Ihr persönliches Erkrankungsrisiko aus.";"There is a clear opportunity for improvement in this test. Begin suitable training gradually. The test is not a diagnosis and cannot on its own indicate your personal risk of disease.";"";"";"Marketing, Medizin";"Prüfung erforderlich";"Sichtbare Kategorie entspricht der Statuslogik der Standortbestimmung; keine Diagnose.";"";"";"recommendation.fitness_test.status.aufmerksam.meaning";"recommendations";"en-CH";"3";"v1:d3fd3111d338f5b91a8afe35e5ff9a8bb19678817df79ce37aaec18b6ccdc349";"5c98ed328c6bf199ed232432c6e40f8b700760831a4fcec03b01fba7fc0c3c4e"
"Körperliche Fitness";"Allgemeine Fitness";"Fitness-Kurztests";"Begründung / Einordnung";"Bedeutung eines Fitness-Kurztests in der sichtbaren Kategorie Solide Basis";"Ihr Ergebnis zeigt bei diesem Test eine solide Basis. Nutzen Sie den Wert als persönliche Ausgangsmessung und für spätere Vergleiche unter denselben Bedingungen.";"Your result shows a solid foundation in this test. Use the value as a personal baseline measurement and for later comparisons under the same conditions.";"";"";"Marketing, Medizin";"Prüfung erforderlich";"Sichtbare Kategorie entspricht der Statuslogik der Standortbestimmung; keine Diagnose.";"";"";"recommendation.fitness_test.status.solide.meaning";"recommendations";"en-CH";"3";"v1:d3fd3111d338f5b91a8afe35e5ff9a8bb19678817df79ce37aaec18b6ccdc349";"c91556c1537cf269ff227b8286bdeb9351944e03b1a1ce196eae93f04d6e783b"
"Körperliche Fitness";"Allgemeine Fitness";"Fitness-Kurztests";"Begründung / Einordnung";"Bedeutung eines Fitness-Kurztests in der sichtbaren Kategorie Stark";"Ihr Ergebnis zeigt bei diesem Test eine starke Leistung. Der Test betrachtet nur einen Teil Ihrer Fitness und sagt allein nichts über Ihr persönliches Erkrankungsrisiko aus.";"Your result shows a strong performance in this test. The test considers only one aspect of fitness and cannot on its own indicate your personal risk of disease.";"";"";"Marketing, Medizin";"Prüfung erforderlich";"Sichtbare Kategorie entspricht der Statuslogik der Standortbestimmung; keine Diagnose.";"";"";"recommendation.fitness_test.status.stark.meaning";"recommendations";"en-CH";"3";"v1:d3fd3111d338f5b91a8afe35e5ff9a8bb19678817df79ce37aaec18b6ccdc349";"619ef6951641fc10aea4cb456479bca92d1703bf58a9ba492582bfb0b89b5795"
"Körperliche Fitness";"Allgemeine Fitness";"Positive Dimensionstexte";"Positive Rückmeldung";"Positive Verstärkung für die Dimension fitness";"Sie sind erfreulich aktiv. Achten Sie weiterhin auf die Mischung aus Ausdauer, Kraft und Beweglichkeit.";"You are pleasingly active. Continue to aim for a mix of aerobic activity, strength and mobility.";"";"";"Marketing, Medizin";"Prüfung erforderlich";"";"";"";"recommendation.positive.fitness";"recommendations";"en-CH";"3";"v1:d3fd3111d338f5b91a8afe35e5ff9a8bb19678817df79ce37aaec18b6ccdc349";"35080ebed8316240066e7f4f5cb8655f430f6371c8550ab488fc77f95437c4ee"
"Körperliche Fitness";"Allgemeine Fitness";"Solide Dimensionstexte";"Solide Rückmeldung";"Zurückhaltende Rückmeldung für die Dimension fitness im Status Solide";"Sie bringen bereits Bewegung in Ihren Alltag. Eine ausgewogene Mischung aus Ausdauer, Kraft und Beweglichkeit kann diesen Bereich weiter stärken.";"You already include physical activity in daily life. A balanced mix of aerobic activity, strength and mobility can strengthen this area further.";"";"";"Marketing, Medizin";"Prüfung erforderlich";"Neu vom positiven Feedback ab Score 80 getrennt; durch Marketing und Medizin freigeben.";"";"";"recommendation.solid.fitness";"recommendations";"en-CH";"3";"v1:d3fd3111d338f5b91a8afe35e5ff9a8bb19678817df79ce37aaec18b6ccdc349";"1af176e6ec7ec37b947fdb56247b32662a8e74926a09d3b15f356f9bf239dba2"
"Körperliche Fitness";"Allgemeine Fitness";"Fitness-Kurztests";"Beschriftung";"4-Wochen-Plan, Label vor einem oder mehreren persönlichen Fitness-Retests in Woche 4";"Ihr Abschluss-Check:";"Your final check:";"";"";"Marketing, Medizin";"Prüfung erforderlich";"Retest ist eine Verlaufskontrolle und kein Wirksamkeitsnachweis.";"";"";"ui.fitness_tests.retest_label";"ui";"en-CH";"3";"v1:d3fd3111d338f5b91a8afe35e5ff9a8bb19678817df79ce37aaec18b6ccdc349";"5bb25e50c7124306b1b16ea2d300334da4156c937415ca102c511e106f436be2"
"Körperliche Fitness";"Allgemeine Fitness";"Fitness-Kurztests";"Überschrift";"Ergebnisdetail Körperliche Fitness, Überschrift oberhalb aller ausgefüllten Kurztests";"Ihre ausgefüllten Fitness-Kurztests";"Your completed short fitness tests";"";"";"Marketing";"Prüfung erforderlich";"Der Block erscheint nur, wenn mindestens ein optionaler Test ausgefüllt wurde.";"";"";"ui.fitness_tests.title";"ui";"en-CH";"3";"v1:d3fd3111d338f5b91a8afe35e5ff9a8bb19678817df79ce37aaec18b6ccdc349";"f52e4bebb32235294fe9aca8b1aff90f2dc92fbfeab2dc943f2c039299f55e33"
"Körperliche Fitness";"Allgemeine Fitness";"Fitness-Kurztests";"Beschriftung";"Testkarte ohne fachlich passende Vergleichswerte";"Keine verlässliche Einordnung möglich";"No reliable assessment possible";"";"";"Marketing, Medizin";"Prüfung erforderlich";"Bewusst neutral statt einer scheinpräzisen Stärke-/Schwäche-Einstufung.";"";"";"ui.fitness_tests.personal_baseline";"ui";"en-CH";"3";"v1:d3fd3111d338f5b91a8afe35e5ff9a8bb19678817df79ce37aaec18b6ccdc349";"6d2e8e7eeedf9392a51e7ac21c9c01dbc37078bc3aaa0cbfcc05a3d51c03ad31"
"Körperliche Fitness";"Allgemeine Fitness";"Fitness-Kurztests";"Beschriftung";"Testkarte, Label vor dem nächsten persönlichen Orientierungsbereich";"Nächste Orientierung:";"Next guide value:";"";"";"Marketing, Medizin";"Prüfung erforderlich";"Kein Therapieziel oder medizinischer Grenzwert.";"";"";"ui.fitness_tests.next_reference_label";"ui";"en-CH";"3";"v1:d3fd3111d338f5b91a8afe35e5ff9a8bb19678817df79ce37aaec18b6ccdc349";"7f9c890b856569022577db91cc8a615a2149b1f31fb47ccfd0b3f140416bed8a"
"Körperliche Fitness";"Allgemeine Fitness";"Fitness-Kurztests";"Beschriftung";"Testkarte, Label vor der gesundheitlichen Relevanz";"Warum das relevant ist:";"Why this is relevant:";"";"";"Marketing";"Prüfung erforderlich";"";"";"";"ui.fitness_tests.relevance_label";"ui";"en-CH";"3";"v1:d3fd3111d338f5b91a8afe35e5ff9a8bb19678817df79ce37aaec18b6ccdc349";"d10666d030b95767bf2f27d68a00c215a0d4b010b191bb5a9194ab25bfb4b810"
"Körperliche Fitness";"Allgemeine Fitness";"Fitness-Kurztests";"Beschriftung";"Testkarte, Label vor der persönlichen Einordnung";"Was das bedeutet:";"What this means:";"";"";"Marketing";"Prüfung erforderlich";"";"";"";"ui.fitness_tests.meaning_label";"ui";"en-CH";"3";"v1:d3fd3111d338f5b91a8afe35e5ff9a8bb19678817df79ce37aaec18b6ccdc349";"9e5f7d0344f29bd366b1e231caf55da6e29d02cba99eb843acaa6589aba05679"
"Körperliche Fitness";"Allgemeine Fitness";"Fitness-Kurztests";"Medizinischer Hinweis";"Ergebnisdetail Körperliche Fitness, gemeinsamer Hinweis oberhalb der Testkarten";"Diese Kurztests zeigen einzelne Bereiche Ihrer aktuellen körperlichen Leistungsfähigkeit. Sie ersetzen keine medizinische Untersuchung und erlauben allein keine Aussage über Ihr persönliches Erkrankungsrisiko.";"These short tests show individual aspects of your current physical performance. They do not replace a medical examination and cannot on their own indicate your personal risk of disease.";"";"";"Marketing, Medizin";"Prüfung erforderlich";"Gemeinsame Aussagegrenze für alle drei Tests; medizinisch freigeben.";"";"";"ui.fitness_tests.description";"ui";"en-CH";"3";"v1:d3fd3111d338f5b91a8afe35e5ff9a8bb19678817df79ce37aaec18b6ccdc349";"93db7edc9f73f5919d7795ecdcaa9cf4da9079a76113fb6e36c42f81da9749bc"
"Körperliche Fitness";"Allgemeine Fitness";"Fitness-Kurztests";"Dynamischer Text";"Testkarte, personalisierter nächster Vergleichswert";"Der nächste Vergleichswert liegt bei {{nextThreshold}} {{unit}}. Er ist keine medizinische Grenze und kein versprochener Vier-Wochen-Erfolg.";"The next comparison value is {{nextThreshold}} {{unit}}. It is not a medical threshold or a promised result after four weeks.";"";"";"Marketing, Medizin";"Prüfung erforderlich";"Nur bei fachlich passender Referenzstufe; Variablen müssen Klartext bleiben.";"{{nextThreshold}} | {{unit}}";"";"ui.fitness_tests.next_reference";"ui";"en-CH";"3";"v1:d3fd3111d338f5b91a8afe35e5ff9a8bb19678817df79ce37aaec18b6ccdc349";"c4565f85fb8bb0daf633759d743f9527ffe077e7926b7549cb720cc06ef64632"
"Körperliche Fitness";"Allgemeine Fitness";"Fitness-Kurztests";"Dynamischer Text";"Testkarte mit ausbaufähigem Wert, passende Empfehlung ist im Top-3-Aktionsplan";"Passende Empfehlung: {{recommendationTitle}} – Schritt {{planStep}} in Ihrem Aktionsplan";"Related recommendation: {{recommendationTitle}} – step {{planStep}} in your action plan";"";"";"Marketing";"Prüfung erforderlich";"Empfehlungstitel muss Klartext bleiben.";"{{planStep}} | {{recommendationTitle}}";"";"ui.fitness_tests.related_recommendation.top_step";"ui";"en-CH";"3";"v1:d3fd3111d338f5b91a8afe35e5ff9a8bb19678817df79ce37aaec18b6ccdc349";"c18e12dad17f13cfdbac62f348829f5c19a52a9155b5bf776abe25cdd0420b4a"
"Körperliche Fitness";"Allgemeine Fitness";"Fitness-Kurztests";"Dynamischer Text";"Testkarte mit ausbaufähigem Wert, passende Empfehlung steht weiter unten in der Fitness-Dimension";"Passende Empfehlung: {{recommendationTitle}}";"Related recommendation: {{recommendationTitle}}";"";"";"Marketing";"Prüfung erforderlich";"Empfehlungstitel muss Klartext bleiben.";"{{recommendationTitle}}";"";"ui.fitness_tests.related_recommendation.detail";"ui";"en-CH";"3";"v1:d3fd3111d338f5b91a8afe35e5ff9a8bb19678817df79ce37aaec18b6ccdc349";"65ca6c1f1f632937f339f6d48cee95a24c1be8e399d234f9a711bbcbce4b9a23"
"Körperliche Fitness";"Allgemeine Fitness";"Fitness-Kurztests";"Beschriftung";"Testkarte und personalisierte Orientierung, Einheit für Liegestütze";"Wiederholungen";"repetitions";"";"";"Marketing";"Prüfung erforderlich";"Wird als Klartextvariable in andere Katalogtexte eingesetzt.";"";"";"ui.fitness_tests.unit.repetitions";"ui";"en-CH";"3";"v1:d3fd3111d338f5b91a8afe35e5ff9a8bb19678817df79ce37aaec18b6ccdc349";"beff3ef675ddc8856c81bb811562f7dd03b35c39ef21d7d54f39ebb265f259eb"
"Körperliche Fitness";"Allgemeine Fitness";"Fitness-Kurztests";"Beschriftung";"Testkarte und personalisierte Orientierung, Einheit für Zeitwerte";"Sekunden";"seconds";"";"";"Marketing";"Prüfung erforderlich";"Wird als Klartextvariable in andere Katalogtexte eingesetzt.";"";"";"ui.fitness_tests.unit.seconds";"ui";"en-CH";"3";"v1:d3fd3111d338f5b91a8afe35e5ff9a8bb19678817df79ce37aaec18b6ccdc349";"d827cef893ff850e94db66632573329d210b2f293ff74e405e11f801892e3a1b"
"Körperliche Fitness";"Allgemeine Fitness";"Ergebnis-Einstieg";"Beschriftung";"Hero-Zusammenfassung, Dimension fitness im Nominativ";"Ihre körperliche Fitness";"Your physical fitness";"";"";"Marketing";"Prüfung erforderlich";"";"";"";"ui.hero.dimension.fitness.nominative";"ui";"en-CH";"3";"v1:d3fd3111d338f5b91a8afe35e5ff9a8bb19678817df79ce37aaec18b6ccdc349";"e91b2683d755022fb8e0fba5fa5efb1e68df68f3ef3f637d472e91704de9c8fc"
"Körperliche Fitness";"Allgemeine Fitness";"Ergebnis-Einstieg";"Beschriftung";"Hero-Zusammenfassung, Dimension fitness nach «bei»";"bei Ihrer körperlichen Fitness";"in your physical fitness";"";"";"Marketing";"Prüfung erforderlich";"";"";"";"ui.hero.dimension.fitness.prepositional";"ui";"en-CH";"3";"v1:d3fd3111d338f5b91a8afe35e5ff9a8bb19678817df79ce37aaec18b6ccdc349";"9d9f26fece96fde701dec58605502b5db9f77b1e849eb4c4bfd0e4937be6ef4a"
"Körperliche Fitness";"Ausdauer & Kondition";"Empfehlungskarten";"Überschrift";"Empfehlungskarte · Körperliche Fitness · Titel";"Ausdauer Schritt für Schritt ausbauen";"Build aerobic fitness step by step";"";"";"Marketing";"Prüfung erforderlich";"";"";"";"recommendation.catalog.fi_ausdauer.title";"recommendations";"en-CH";"3";"v1:d3fd3111d338f5b91a8afe35e5ff9a8bb19678817df79ce37aaec18b6ccdc349";"ed0e3ea7c89b901461eb6dd1f62ee67f9fb0d1d3600894ff5cd6db44aeb54402"
"Körperliche Fitness";"Ausdauer & Kondition";"Empfehlungskarten";"Begründung / Einordnung";"Empfehlungskarte · Körperliche Fitness · Begründung";"Sie sind bereits etwas aktiv – schön! Mehr Ausdauerbewegung stärkt Herz, Kreislauf und Stoffwechsel zusätzlich. Als Orientierung gelten rund 150 Minuten pro Woche.";"You are already somewhat active, which is good to see. More aerobic activity further strengthens the heart, circulation and metabolism. Around 150 minutes per week is a useful guide.";"";"";"Marketing, Medizin";"Prüfung erforderlich";"";"";"";"recommendation.catalog.fi_ausdauer.why";"recommendations";"en-CH";"3";"v1:d3fd3111d338f5b91a8afe35e5ff9a8bb19678817df79ce37aaec18b6ccdc349";"0ef559fdfe3c70c5dedcfac23bbf387aaef860c26d2b74159d7da2d75700a742"
"Körperliche Fitness";"Ausdauer & Kondition";"Empfehlungskarten";"Nächster Schritt";"Empfehlungskarte · Körperliche Fitness · konkreter nächster Schritt";"Erhöhen Sie Ihr Pensum um eine Einheit pro Woche oder verlängern Sie bestehende Einheiten um je 10 Minuten.";"Add one session per week or extend your existing sessions by 10 minutes each.";"";"";"Marketing, Medizin";"Prüfung erforderlich";"";"";"";"recommendation.catalog.fi_ausdauer.step";"recommendations";"en-CH";"3";"v1:d3fd3111d338f5b91a8afe35e5ff9a8bb19678817df79ce37aaec18b6ccdc349";"6d4e53a5c7dd3d6c670588fcb920d589475719c74857d9ca98ed96513be05392"
"Körperliche Fitness";"Ausdauer & Kondition";"Empfehlungskarten";"Erwarteter Nutzen";"Empfehlungskarte · Körperliche Fitness · erwarteter Nutzen";"Regelmässige Ausdauer verbessert Fitness, Energie und langfristig Ihr Herz-Kreislauf-Profil.";"Regular aerobic activity improves fitness and energy and supports your long-term cardiovascular profile.";"";"";"Marketing, Medizin";"Prüfung erforderlich";"";"";"";"recommendation.catalog.fi_ausdauer.benefit";"recommendations";"en-CH";"3";"v1:d3fd3111d338f5b91a8afe35e5ff9a8bb19678817df79ce37aaec18b6ccdc349";"9e4d20e1f965889d73ff548c10c2ccb0f8e746251542b18ba4860642452e1a48"
"Körperliche Fitness";"Ausdauer & Kondition";"4-Wochen-Pläne";"4-Wochen-Plan";"4-Wochen-Plan · Diese Woche";"Legen Sie zwei feste Termine à 25–30 Minuten in lockerem Tempo fest (Sprechtest: unterhalten ja, singen nein). Dieser ruhige Grundlagenbereich baut die Basis – und darf sich leicht anfühlen.";"Schedule two fixed sessions of 25–30 minutes at an easy pace. Use the talk test: conversation is possible, singing is not. This calm base intensity builds the foundation and may feel easy.";"";"";"Marketing, Medizin";"Prüfung erforderlich";"";"";"";"recommendation.plan.fi_ausdauer.this_week";"recommendations";"en-CH";"3";"v1:d3fd3111d338f5b91a8afe35e5ff9a8bb19678817df79ce37aaec18b6ccdc349";"de21be955ed6fdd16026910e0a9f56900f47c815dd9f89efc19ee8b5f68852e9"
"Körperliche Fitness";"Ausdauer & Kondition";"4-Wochen-Pläne";"4-Wochen-Plan";"4-Wochen-Plan · Woche 2–3";"Wenn Sie das Grundlagentraining gut und beschwerdefrei vertragen, können Sie <b>eine intensivere Einheit</b> pro Woche ergänzen: nach lockerem Einlaufen 4–6 × 1 Minute deutlich schneller, dazwischen jeweils 2 Minuten locker. Intervalltraining kann die maximale Sauerstoffaufnahme (VO₂max) verbessern. <i>Bei Brustschmerzen, ungewöhnlicher Atemnot, Schwindel oder Benommenheit abbrechen und medizinisch abklären.</i>";"If you tolerate the base training well and without symptoms, you can add <b>one more intense session</b> per week. After an easy warm-up, do 4–6 × 1 minute noticeably faster, with 2 easy minutes between intervals. Interval training can improve maximal oxygen uptake (VO₂max). <i>Stop and seek medical assessment if you experience chest pain, unusual shortness of breath, dizziness or light-headedness.</i>";"";"";"Marketing, Medizin";"Prüfung erforderlich";"Absoluten Wirksamkeits- und Lebenserwartungsvergleich entfernt und Sicherheitsschwelle ergänzt; durch Marketing und Medizin freigeben.";"";"";"recommendation.plan.fi_ausdauer.weeks_2_3";"recommendations";"en-CH";"3";"v1:d3fd3111d338f5b91a8afe35e5ff9a8bb19678817df79ce37aaec18b6ccdc349";"7f839f6ce7217e81675a333b21bc86809b2f75ad1d05bc677f603006c7545c47"
"Körperliche Fitness";"Ausdauer & Kondition";"4-Wochen-Pläne";"4-Wochen-Plan";"4-Wochen-Plan · Woche 4";"Bilanz ziehen: Erreichen Sie 150 Minuten moderat <b>oder</b> 75 Minuten intensiv pro Woche? Steigern Sie Umfang oder Intensität – nie beides gleichzeitig. Ein einfacher Fortschrittstest: Wie fühlen sich jetzt zwei Stockwerke Treppen an?";"Review your progress: do you reach 150 minutes of moderate-intensity <b>or</b> 75 minutes of vigorous-intensity activity per week? Increase duration or intensity, never both at the same time. A simple progress check is to notice how climbing two flights of stairs feels now.";"";"";"Marketing, Medizin";"Prüfung erforderlich";"";"";"";"recommendation.plan.fi_ausdauer.week_4";"recommendations";"en-CH";"3";"v1:d3fd3111d338f5b91a8afe35e5ff9a8bb19678817df79ce37aaec18b6ccdc349";"34a97accd5e705ce8b3af9e662e30770861fd2bf23ba79697f236e240467dbd1"
"Körperliche Fitness";"Ausdauer & Kondition";"Empfehlungskarten";"Überschrift";"Empfehlungskarte · Körperliche Fitness · Titel";"Alltagskondition stärken";"Improve fitness for everyday activities";"";"";"Marketing";"Prüfung erforderlich";"";"";"";"recommendation.catalog.fi_kondition.title";"recommendations";"en-CH";"3";"v1:d3fd3111d338f5b91a8afe35e5ff9a8bb19678817df79ce37aaec18b6ccdc349";"2525f88a56a6c9802b9823b048e095aca1105824255dbf2afefc5ffa5f35e6e0"
"Körperliche Fitness";"Ausdauer & Kondition";"Empfehlungskarten";"Begründung / Einordnung";"Empfehlungskarte · Körperliche Fitness · Begründung";"Treppensteigen fällt Ihnen aktuell schwer. Diese Alltagsbelastung lässt sich oft trainieren. Neue oder starke Atemnot, Brustbeschwerden, Schwindel oder Benommenheit sollten jedoch zuerst medizinisch eingeordnet werden.";"Climbing stairs is currently difficult for you. This everyday demand can often be improved with training. However, new or severe shortness of breath, chest discomfort, dizziness or light-headedness should first be assessed medically.";"";"";"Marketing, Medizin";"Prüfung erforderlich";"Auf den Konditionsauslöser Treppensteigen präzisiert; Sicherheitsgrenze durch Marketing und Medizin freigeben.";"";"";"recommendation.catalog.fi_kondition.why";"recommendations";"en-CH";"3";"v1:d3fd3111d338f5b91a8afe35e5ff9a8bb19678817df79ce37aaec18b6ccdc349";"2de45b0dec458023167390c4c74e75656594d8f5e79d9a8ff3d0ab386923e70e"
"Körperliche Fitness";"Ausdauer & Kondition";"Empfehlungskarten";"Nächster Schritt";"Empfehlungskarte · Körperliche Fitness · konkreter nächster Schritt";"Wenn keine Warnzeichen dagegensprechen, wählen Sie eine gut bewältigbare Alltagsbelastung und steigern Sie langsam. Brechen Sie bei Brustbeschwerden, ungewöhnlicher Atemnot, Schwindel oder Benommenheit ab und lassen Sie das abklären.";"If there are no warning signs, choose a manageable everyday activity and increase it gradually. Stop if you experience chest discomfort, unusual shortness of breath, dizziness or light-headedness and have this assessed.";"";"";"Marketing, Medizin";"Prüfung erforderlich";"Pauschale Belastungssteigerung durch einen sicheren, symptomorientierten Einstieg ersetzt; durch Marketing und Medizin freigeben.";"";"";"recommendation.catalog.fi_kondition.step";"recommendations";"en-CH";"3";"v1:d3fd3111d338f5b91a8afe35e5ff9a8bb19678817df79ce37aaec18b6ccdc349";"48e422b75cb13c37a370f05d298d2460f1eabe3005bf69b48c6eaced113356d7"
"Körperliche Fitness";"Ausdauer & Kondition";"Empfehlungskarten";"Erwarteter Nutzen";"Empfehlungskarte · Körperliche Fitness · erwarteter Nutzen";"Mehr Alltagskondition macht den Tag leichter und stärkt Herz und Muskeln nebenbei.";"Better everyday fitness makes the day easier while also strengthening your heart and muscles.";"";"";"Marketing, Medizin";"Prüfung erforderlich";"";"";"";"recommendation.catalog.fi_kondition.benefit";"recommendations";"en-CH";"3";"v1:d3fd3111d338f5b91a8afe35e5ff9a8bb19678817df79ce37aaec18b6ccdc349";"66201d496b1aa6af7f82026f299e9a988243143697235e55e69022f4ae66191a"
"Körperliche Fitness";"Ausdauer & Kondition";"4-Wochen-Pläne";"4-Wochen-Plan";"4-Wochen-Plan · Diese Woche";"Prüfen Sie zuerst: Treten neue oder starke Atemnot, Brustbeschwerden, Schwindel oder Benommenheit auf, lassen Sie das medizinisch einordnen. Andernfalls wählen Sie eine gut bewältigbare Alltagsbelastung – etwa eine kurze Treppe oder eine Haltestelle zu Fuss – und steigern Sie langsam.";"First check for warning signs. If you experience new or severe shortness of breath, chest discomfort, dizziness or light-headedness, seek a medical assessment. Otherwise, choose a manageable everyday activity, such as a short flight of stairs or walking one public-transport stop, and increase gradually.";"";"";"Marketing, Medizin";"Prüfung erforderlich";"Sicherheitsgrenze vor dem Trainingsplan ergänzt; durch Marketing und Medizin freigeben.";"";"";"recommendation.plan.fi_kondition.this_week";"recommendations";"en-CH";"3";"v1:d3fd3111d338f5b91a8afe35e5ff9a8bb19678817df79ce37aaec18b6ccdc349";"3258f0e990c7839f54f70f2c76c4d79a383d51e2b5b3a6815265be4ba3fb1ebe"
"Körperliche Fitness";"Ausdauer & Kondition";"4-Wochen-Pläne";"4-Wochen-Plan";"4-Wochen-Plan · Woche 2–3";"Wenn die Belastung beschwerdefrei bleibt, steigern Sie behutsam: etwas länger gehen oder eine zusätzliche kurze Treppe einbauen, danach erholen. Das trainiert Ihre Alltagskondition schrittweise.";"If the activity remains symptom-free, increase carefully: walk a little longer or add another short flight of stairs, then recover. This builds your everyday fitness step by step.";"";"";"Marketing, Medizin";"Prüfung erforderlich";"Belastungssteigerung an Beschwerdefreiheit gekoppelt und Kausalbehauptung entschärft; durch Marketing und Medizin freigeben.";"";"";"recommendation.plan.fi_kondition.weeks_2_3";"recommendations";"en-CH";"3";"v1:d3fd3111d338f5b91a8afe35e5ff9a8bb19678817df79ce37aaec18b6ccdc349";"91990833d3187ecb313ec7bf3cfce0ca0ad55562f78698be056f8dd55fbf394d"
"Körperliche Fitness";"Ausdauer & Kondition";"4-Wochen-Pläne";"4-Wochen-Plan";"4-Wochen-Plan · Woche 4";"Machen Sie die aktive Variante zur Standardwahl. Kontrolle ohne Geräte: Fällt Ihnen das Treppensteigen bereits leichter? Genau daran merken Sie den Fortschritt im Alltag.";"Make the active option your default choice. Check your progress without equipment: does climbing stairs already feel easier? That is how you notice progress in daily life.";"";"";"Marketing, Medizin";"Prüfung erforderlich";"Auf den Konditionsauslöser Treppensteigen präzisiert; redaktionell freigeben.";"";"";"recommendation.plan.fi_kondition.week_4";"recommendations";"en-CH";"3";"v1:d3fd3111d338f5b91a8afe35e5ff9a8bb19678817df79ce37aaec18b6ccdc349";"b8640e1920abbe458ca1e20928db6827b2b2f82c512bdf77520a32e7d6cd34b0"
"Körperliche Fitness";"Ausdauer & Kondition";"Handlungsfelder";"Beschriftung";"Handlungsfeld · Körperliche Fitness · Kurzlabel";"Ausdauer Schritt für Schritt aufbauen (Ziel: 150 Min./Woche)";"Build aerobic fitness step by step (goal: 150 min/week)";"";"";"Marketing, Medizin";"Prüfung erforderlich";"";"";"";"recommendation.lever.lv_ausdauer.label";"recommendations";"en-CH";"3";"v1:d3fd3111d338f5b91a8afe35e5ff9a8bb19678817df79ce37aaec18b6ccdc349";"18aa3d5aa40762407b724f6942df539c424015c70a80b328ca3ac7d5fb2d8fb5"
"Körperliche Fitness";"Ausdauer & Kondition";"Handlungsfelder";"Detailtext";"Handlungsfeld · Körperliche Fitness · Standardvariante";"Ausdauer ist ein wichtiger Baustein für Herz-Kreislauf-Gesundheit und Alltagsleistungsfähigkeit. Beginnen Sie mit gut verträglichen Spaziergängen und steigern Sie langsam.";"Aerobic fitness is an important part of cardiovascular health and everyday performance. Start with manageable walks and increase gradually.";"";"";"Marketing, Medizin";"Prüfung erforderlich";"Nicht belegte Rangfolge der Fitnesskomponenten entfernt; durch Marketing und Medizin freigeben.";"";"";"recommendation.lever.lv_ausdauer.detail.default";"recommendations";"en-CH";"3";"v1:d3fd3111d338f5b91a8afe35e5ff9a8bb19678817df79ce37aaec18b6ccdc349";"08b8f1fc188be7c7d69c680caa23d24c528be3f72613aebb0f3a806868304c56"
"Körperliche Fitness";"Ausdauer & Kondition";"Handlungsfelder";"Detailtext";"Handlungsfeld · Körperliche Fitness · Variante bei erschwertem Treppensteigen";"Sie bewegen sich wenig und kommen beim Treppensteigen ausser Atem. Wenn die Atemnot neu, ungewöhnlich oder stark ist, lassen Sie sie zuerst medizinisch einordnen; sonst können kurze, gut verträgliche Spaziergänge ein passender Einstieg sein.";"You are not very active and become short of breath when climbing stairs. If the shortness of breath is new, unusual or severe, have it assessed medically first. Otherwise, short and manageable walks can be a suitable starting point.";"";"";"Marketing, Medizin";"Prüfung erforderlich";"Belastungsatemnot nicht automatisch als Trainingsauftrag behandelt; durch Marketing und Medizin freigeben.";"";"";"recommendation.lever.lv_ausdauer.detail.stairs_difficult";"recommendations";"en-CH";"3";"v1:d3fd3111d338f5b91a8afe35e5ff9a8bb19678817df79ce37aaec18b6ccdc349";"e189b8d69910ba28378f1b383adc27d5edd723f3b5512fc4ea63160b5a760243"
"Körperliche Fitness";"Ausdauer & Kondition";"Ergebnis-Einstieg";"Beschriftung";"Ergebnis-Zusammenfassung · Themenlabel «Ausdauer & Kondition»";"intensive Ausdauer";"vigorous-intensity aerobic activity";"";"";"Marketing";"Prüfung erforderlich";"";"";"";"ui.hero.topic.ausdauer_intensiv";"ui";"en-CH";"3";"v1:d3fd3111d338f5b91a8afe35e5ff9a8bb19678817df79ce37aaec18b6ccdc349";"715d719a26a978988e11d19452e2381e2728221d14d159a6fe6d7c606d0412c2"
"Körperliche Fitness";"Ausdauer & Kondition";"Ergebnis-Einstieg";"Beschriftung";"Ergebnis-Zusammenfassung · Themenlabel «Ausdauer & Kondition»";"moderate Ausdauer";"moderate-intensity aerobic activity";"";"";"Marketing";"Prüfung erforderlich";"";"";"";"ui.hero.topic.ausdauer_moderat";"ui";"en-CH";"3";"v1:d3fd3111d338f5b91a8afe35e5ff9a8bb19678817df79ce37aaec18b6ccdc349";"5130602c21d8b485293c7e0af54508bb8c891dd926153521e65d697be326fb2c"
"Körperliche Fitness";"Ausdauer & Kondition";"Ergebnis-Einstieg";"Beschriftung";"Ergebnis-Zusammenfassung · Themenlabel «Ausdauer & Kondition»";"Treppensteigen";"climbing stairs";"";"";"Marketing";"Prüfung erforderlich";"";"";"";"ui.hero.topic.treppen";"ui";"en-CH";"3";"v1:d3fd3111d338f5b91a8afe35e5ff9a8bb19678817df79ce37aaec18b6ccdc349";"374412f2776481b4aa6dd2312cb68f06826c6b7164c217065f6708b0f0523962"
"Körperliche Fitness";"Beweglichkeit & Gleichgewicht";"Dimensionsdetails";"Überschrift";"Dimensionsdetail · Titel";"Beweglichkeit und Gleichgewicht";"Mobility and balance";"";"";"Marketing, Medizin";"Prüfung erforderlich";"";"";"";"recommendation.signal.balance.title";"recommendations";"en-CH";"3";"v1:d3fd3111d338f5b91a8afe35e5ff9a8bb19678817df79ce37aaec18b6ccdc349";"925eea6e7b1f683979791eecffa744f1cf7b0c67d8061161e9d75e502446b00b"
"Körperliche Fitness";"Beweglichkeit & Gleichgewicht";"Dimensionsdetails";"Persönliche Einordnung";"Dimensionsdetail · Einordnung";"Wie leicht Sie ohne Hände aufstehen und das Gleichgewicht halten, gibt einen praktischen Hinweis auf Kraft, Mobilität und funktionelle Selbstständigkeit. Es ersetzt keine medizinische Untersuchung.";"How easily you can get up without using your hands and maintain your balance provides a practical indication of strength, mobility and functional independence. It does not replace a medical examination.";"";"";"Marketing, Medizin";"Prüfung erforderlich";"Nicht belegten Vergleich mit Laborwerten entfernt und Funktionstest korrekt eingeordnet; durch Marketing und Medizin freigeben.";"";"";"recommendation.signal.balance.insight";"recommendations";"en-CH";"3";"v1:d3fd3111d338f5b91a8afe35e5ff9a8bb19678817df79ce37aaec18b6ccdc349";"ddf51decd547293fc4e218a7338e8b6785eeb2648f5bb6ffedfa1d2a4ad10ed3"
"Körperliche Fitness";"Beweglichkeit & Gleichgewicht";"Dimensionsdetails";"Nächster Schritt";"Dimensionsdetail · konkreter nächster Schritt";"Fünfmal täglich ohne Hände vom Stuhl aufstehen – das trainiert Beinkraft und Aufstehmechanik zugleich.";"Get up from a chair without using your hands five times each day. This trains leg strength and the mechanics of standing up at the same time.";"";"";"Marketing, Medizin";"Prüfung erforderlich";"";"";"";"recommendation.signal.balance.action";"recommendations";"en-CH";"3";"v1:d3fd3111d338f5b91a8afe35e5ff9a8bb19678817df79ce37aaec18b6ccdc349";"0060d0b1c5957352f365140ec9502c9e06eb76c5b193fec28c28616e7ebb2d07"
"Körperliche Fitness";"Beweglichkeit & Gleichgewicht";"Risikosignale";"Risikosignal";"Ergebnisseite, Lebensstil-Signal Beweglichkeit und Gleichgewicht";"Beweglichkeit und Gleichgewicht bieten aktuell Spielraum – wichtig zur Sturzprävention.";"There is currently room to improve mobility and balance, which are important for preventing falls.";"";"";"Marketing, Medizin";"Prüfung erforderlich";"";"";"";"recommendation.risk_signal.balance.label";"recommendations";"en-CH";"3";"v1:d3fd3111d338f5b91a8afe35e5ff9a8bb19678817df79ce37aaec18b6ccdc349";"175f867da67be2e5c6f3d735eaf0f243f9acd76d1a94416b90dffff08bed3248"
"Körperliche Fitness";"Beweglichkeit & Gleichgewicht";"Empfehlungskarten";"Überschrift";"Empfehlungskarte · Körperliche Fitness · Titel";"Beweglichkeit und Gleichgewicht trainieren";"Train mobility and balance";"";"";"Marketing";"Prüfung erforderlich";"";"";"";"recommendation.catalog.fi_beweglichkeit.title";"recommendations";"en-CH";"3";"v1:d3fd3111d338f5b91a8afe35e5ff9a8bb19678817df79ce37aaec18b6ccdc349";"e92d0f75bc612d3257bae02dd40e588422f9316b5564b5573c935b0fd678d0da"
"Körperliche Fitness";"Beweglichkeit & Gleichgewicht";"Empfehlungskarten";"Begründung / Einordnung";"Empfehlungskarte · Körperliche Fitness · Begründung";"Ihre Angaben oder der Einbeinstand zeigen einen trainierbaren Ansatzpunkt bei Gleichgewicht oder Beweglichkeit. Beides unterstützt sichere Alltagsbewegungen und funktionelle Selbstständigkeit.";"Your answers or the single-leg stance test indicate an opportunity to train balance or mobility. Both support safe everyday movement and functional independence.";"";"";"Marketing, Medizin";"Prüfung erforderlich";"Für den neuen Auslöser über den Einbeinstand verallgemeinert; medizinisch und redaktionell freigeben.";"";"";"recommendation.catalog.fi_beweglichkeit.why";"recommendations";"en-CH";"3";"v1:d3fd3111d338f5b91a8afe35e5ff9a8bb19678817df79ce37aaec18b6ccdc349";"c7839885368ea4e61acfb6c48bff92820a6b2da96714eb63f7f1eac2cd3f35a0"
"Körperliche Fitness";"Beweglichkeit & Gleichgewicht";"Empfehlungskarten";"Nächster Schritt";"Empfehlungskarte · Körperliche Fitness · konkreter nächster Schritt";"Bauen Sie 2-mal pro Woche einfache Balance- und Mobilitätsübungen ein – z. B. auf einem Bein Zähneputzen oder ein kurzes Beweglichkeitsprogramm.";"Include simple balance and mobility exercises twice a week, such as standing on one leg while brushing your teeth or doing a short mobility routine.";"";"";"Marketing, Medizin";"Prüfung erforderlich";"";"";"";"recommendation.catalog.fi_beweglichkeit.step";"recommendations";"en-CH";"3";"v1:d3fd3111d338f5b91a8afe35e5ff9a8bb19678817df79ce37aaec18b6ccdc349";"737985f9958767f6d314671c095bab1b8403e27611c955f84cfd927cb7fcfe11"
"Körperliche Fitness";"Beweglichkeit & Gleichgewicht";"Empfehlungskarten";"Erwarteter Nutzen";"Empfehlungskarte · Körperliche Fitness · erwarteter Nutzen";"Gezieltes Balance- und Mobilitätstraining kann Ihre Bewegungssicherheit verbessern und besonders im höheren Alter zur Sturzprävention beitragen.";"Targeted balance and mobility training can improve confidence in movement and help prevent falls, particularly at an older age.";"";"";"Marketing, Medizin";"Prüfung erforderlich";"Altersbezug und Wirkungsformulierung präzisiert; freigeben.";"";"";"recommendation.catalog.fi_beweglichkeit.benefit";"recommendations";"en-CH";"3";"v1:d3fd3111d338f5b91a8afe35e5ff9a8bb19678817df79ce37aaec18b6ccdc349";"3cf8b8e7ec4621c92360ff39ca31f7acbf5df64dd958586704c2426c25477cd6"
"Körperliche Fitness";"Beweglichkeit & Gleichgewicht";"4-Wochen-Pläne";"4-Wochen-Plan";"4-Wochen-Plan · Diese Woche";"Bauen Sie täglich zwei Mini-Übungen ein: in sicherer Umgebung auf einem Bein stehen, mit einer stabilen Haltemöglichkeit in Reichweite, und fünfmal kontrolliert ohne Hände vom Stuhl aufstehen. Brechen Sie bei Schmerzen oder Schwindel ab.";"Include two mini-exercises each day: stand on one leg in a safe environment with a stable support within reach, and get up from a chair five times with control and without using your hands. Stop if you experience pain or dizziness.";"";"";"Marketing, Medizin";"Prüfung erforderlich";"Nicht belegte Laborwert-Überhöhung entfernt und Sicherheit ergänzt; medizinisch freigeben.";"";"";"recommendation.plan.fi_beweglichkeit.this_week";"recommendations";"en-CH";"3";"v1:d3fd3111d338f5b91a8afe35e5ff9a8bb19678817df79ce37aaec18b6ccdc349";"0dc4a3a7ddfcde9113970b286b05034308e11ee55fcaa495df6b9a1300d23599"
"Körperliche Fitness";"Beweglichkeit & Gleichgewicht";"4-Wochen-Pläne";"4-Wochen-Plan";"4-Wochen-Plan · Woche 2–3";"Ergänzen Sie zweimal pro Woche ein kurzes Mobilitätsprogramm für Hüfte, Schultern und Wirbelsäule. Steigern Sie die Balanceübung schrittweise, etwa durch weniger Abstützen oder eine etwas engere Fussposition – weiterhin mit sicherer Haltemöglichkeit.";"Add a short mobility routine for your hips, shoulders and spine twice a week. Progress the balance exercise gradually, for example by using less support or placing your feet slightly closer together, while still keeping a safe support within reach.";"";"";"Marketing, Medizin";"Prüfung erforderlich";"Augen-schliessen-Variante und pauschales Fortschrittsversprechen entfernt; medizinisch freigeben.";"";"";"recommendation.plan.fi_beweglichkeit.weeks_2_3";"recommendations";"en-CH";"3";"v1:d3fd3111d338f5b91a8afe35e5ff9a8bb19678817df79ce37aaec18b6ccdc349";"1fbf9698f18bf3dae79a04fe5579f1a2537424a5840420c6528c52d550934ce1"
"Körperliche Fitness";"Beweglichkeit & Gleichgewicht";"4-Wochen-Pläne";"4-Wochen-Plan";"4-Wochen-Plan · Woche 4";"Verankern Sie die Übungen als feste Gewohnheit – am besten gekoppelt an etwas Bestehendes (Zähneputzen, Kaffeepause). Gleichgewicht und Beweglichkeit bleiben nur erhalten, wenn sie regelmässig gefordert werden.";"Make the exercises a fixed habit, ideally linked to something you already do, such as brushing your teeth or taking a coffee break. Balance and mobility are maintained only when they are challenged regularly.";"";"";"Marketing, Medizin";"Prüfung erforderlich";"";"";"";"recommendation.plan.fi_beweglichkeit.week_4";"recommendations";"en-CH";"3";"v1:d3fd3111d338f5b91a8afe35e5ff9a8bb19678817df79ce37aaec18b6ccdc349";"6245dbb0f470551d1525dd5e67253e591a3453fff914fdb89a80b03457968ffa"
"Körperliche Fitness";"Beweglichkeit & Gleichgewicht";"Fitness-Kurztests";"Überschrift";"Ergebnisdetail Körperliche Fitness, Titel des ausgefüllten Einbeinstand-Tests";"Einbeinstand";"Single-leg stance";"";"";"Marketing";"Prüfung erforderlich";"Neue Ergebnisdarstellung; redaktionell freigeben.";"";"";"recommendation.fitness_test.einbeinstand.title";"recommendations";"en-CH";"3";"v1:d3fd3111d338f5b91a8afe35e5ff9a8bb19678817df79ce37aaec18b6ccdc349";"6f2e53eaa17f1db68e2f9f86e2380a22aea8c541b961487701cc6baf19e9017a"
"Körperliche Fitness";"Beweglichkeit & Gleichgewicht";"Fitness-Kurztests";"Begründung / Einordnung";"Ergebnisdetail Einbeinstand ohne fachlich passende Altersreferenz";"Ihr Wert bleibt als persönliche Ausgangsmessung sichtbar. Für Ihr Alter zeigen wir bewusst keine Referenzstufe.";"Your value remains visible as a personal baseline measurement. We deliberately do not show a reference category for your age.";"";"";"Marketing, Medizin";"Prüfung erforderlich";"Gilt aktuell für Personen unter 18 Jahren.";"";"";"recommendation.fitness_test.einbeinstand.interpretation.unrated";"recommendations";"en-CH";"3";"v1:d3fd3111d338f5b91a8afe35e5ff9a8bb19678817df79ce37aaec18b6ccdc349";"6e43cad61d4dbc01597982aff40f3c8d1714f9813c23e88f9c78cb019ab570fd"
"Körperliche Fitness";"Beweglichkeit & Gleichgewicht";"Fitness-Kurztests";"Begründung / Einordnung";"Ergebnisdetail Einbeinstand, gesundheitliche Relevanz";"Der Test gibt einen orientierenden Hinweis auf statisches Gleichgewicht und neuromuskuläre Kontrolle. Gute Balance unterstützt sichere Alltagsbewegungen und wird mit zunehmendem Alter besonders wichtig.";"The test provides an indicative measure of static balance and neuromuscular control. Good balance supports safe everyday movement and becomes particularly important with increasing age.";"";"";"Marketing, Medizin";"Prüfung erforderlich";"Keine individuelle Risiko- oder Mortalitätsaussage; medizinisch freigeben.";"";"";"recommendation.fitness_test.einbeinstand.relevance";"recommendations";"en-CH";"3";"v1:d3fd3111d338f5b91a8afe35e5ff9a8bb19678817df79ce37aaec18b6ccdc349";"00ba311c755807472d81aa9257cd49b0cb501ad59a2d19a1b77703067fe27c91"
"Körperliche Fitness";"Beweglichkeit & Gleichgewicht";"Fitness-Kurztests";"Medizinischer Hinweis";"Ergebnisdetail Einbeinstand, Alter ausserhalb des Erwachsenen-Referenzbereichs";"Die hinterlegten Vergleichswerte sind für Erwachsene vorgesehen. Deshalb wird dieses Ergebnis nicht automatisch als Stärke oder Trainingsdefizit eingestuft.";"The stored comparison values are intended for adults. This result is therefore not automatically classified as a strength or training deficit.";"";"";"Marketing, Medizin";"Prüfung erforderlich";"Zielalter des Navigators bleibt eine offene Go-live-Entscheidung.";"";"";"recommendation.fitness_test.einbeinstand.reference_note.age_outside";"recommendations";"en-CH";"3";"v1:d3fd3111d338f5b91a8afe35e5ff9a8bb19678817df79ce37aaec18b6ccdc349";"5b9c2235d4d4c6e9f9a676ece4eab4673df979f06c3af2c634c0443ee5c562a6"
"Körperliche Fitness";"Beweglichkeit & Gleichgewicht";"Fitness-Kurztests";"Dynamischer Text";"4-Wochen-Plan · persönlicher Abschluss-Check nach tiefem Einbeinstand";"Wiederholen Sie den Einbeinstand unter denselben Bedingungen und mit einer stabilen Haltemöglichkeit in Reichweite. Vergleichen Sie mit Ihrem Ausgangswert von {{baselineValue}} Sekunden. Der nächste Vergleichswert liegt bei {{orientationValue}} Sekunden; er ist keine medizinische Grenzlinie und kein versprochener Vier-Wochen-Erfolg. Brechen Sie bei Schmerzen oder Schwindel ab.";"Repeat the single-leg stance under the same conditions and with a stable support within reach. Compare it with your baseline value of {{baselineValue}} seconds. The next comparison value is {{orientationValue}} seconds; it is not a medical threshold or a promised result after four weeks. Stop if you experience pain or dizziness.";"";"";"Marketing, Medizin";"Prüfung erforderlich";"Retest ist persönliche Verlaufskontrolle, kein Wirksamkeitsnachweis.";"{{baselineValue}} | {{orientationValue}}";"baseline value | not a medical threshold | pain | dizziness";"recommendation.fitness_test.retest.einbeinstand";"recommendations";"en-CH";"3";"v1:d3fd3111d338f5b91a8afe35e5ff9a8bb19678817df79ce37aaec18b6ccdc349";"c45cf6286418c45c80c78e00f010463d8fd147b209cf50f68be20516617e9f78"
"Körperliche Fitness";"Beweglichkeit & Gleichgewicht";"Handlungsfelder";"Beschriftung";"Handlungsfeld · Körperliche Fitness · Kurzlabel";"Beweglichkeit & Gleichgewicht gezielt trainieren";"Train mobility and balance purposefully";"";"";"Marketing, Medizin";"Prüfung erforderlich";"";"";"";"recommendation.lever.lv_balance_fit.label";"recommendations";"en-CH";"3";"v1:d3fd3111d338f5b91a8afe35e5ff9a8bb19678817df79ce37aaec18b6ccdc349";"dc29d8105a342a99ca3fc1f6b76331f089b97f887dc268c460b336dab3ad0715"
"Körperliche Fitness";"Beweglichkeit & Gleichgewicht";"Handlungsfelder";"Detailtext";"Handlungsfeld · Körperliche Fitness · Detailtext";"Vom Boden aufstehen fällt Ihnen schwer. Übungen für Beinkraft, Mobilität und Gleichgewicht können diese funktionelle Fähigkeit gezielt trainieren.";"Getting up from the floor is difficult for you. Exercises for leg strength, mobility and balance can train this functional ability directly.";"";"";"Marketing, Medizin";"Prüfung erforderlich";"Nicht belegtes schnelles Fortschrittsversprechen entfernt; durch Marketing und Medizin freigeben.";"";"";"recommendation.lever.lv_balance_fit.detail";"recommendations";"en-CH";"3";"v1:d3fd3111d338f5b91a8afe35e5ff9a8bb19678817df79ce37aaec18b6ccdc349";"93847eaf6b7f91ee6fc5be9735a04b4150ef54275de3f0af0ffba29db71e78e5"
"Körperliche Fitness";"Beweglichkeit & Gleichgewicht";"Ergebnis-Einstieg";"Beschriftung";"Ergebnis-Zusammenfassung · Themenlabel «Beweglichkeit & Gleichgewicht»";"Beweglichkeit";"mobility";"";"";"Marketing";"Prüfung erforderlich";"";"";"";"ui.hero.topic.beweglichkeit";"ui";"en-CH";"3";"v1:d3fd3111d338f5b91a8afe35e5ff9a8bb19678817df79ce37aaec18b6ccdc349";"fd9a14f5951b1b8e7d3c7bd4c6f696d2391a936165c8c053c952dd2de38fd190"
"Körperliche Fitness";"Bewegung im Alltag & Einstieg";"Dimensionsdetails";"Überschrift";"Dimensionsdetail · Titel";"Bewegung – der Einstieg wirkt am stärksten";"Physical activity – starting makes the greatest difference";"";"";"Marketing, Medizin";"Prüfung erforderlich";"";"";"";"recommendation.signal.bewegungsmangel.title";"recommendations";"en-CH";"3";"v1:d3fd3111d338f5b91a8afe35e5ff9a8bb19678817df79ce37aaec18b6ccdc349";"0fe64b996a7ce8c1f807241e0e6e2b5c21614dec5b1291365d14668adabd102f"
"Körperliche Fitness";"Bewegung im Alltag & Einstieg";"Dimensionsdetails";"Persönliche Einordnung";"Dimensionsdetail · Einordnung";"Schon zusätzliche Bewegung unterhalb des empfohlenen Wochenziels ist mit gesundheitlichem Nutzen verbunden. Kardiorespiratorische Fitness ist in Studien stark mit Gesundheit und Lebenserwartung assoziiert.";"Even additional physical activity below the recommended weekly target is associated with health benefits. Studies show a strong association between cardiorespiratory fitness, health and life expectancy.";"";"";"Marketing, Medizin";"Prüfung erforderlich";"Rangfolge und Kausalität vorsichtiger formuliert; durch Marketing und Medizin freigeben.";"";"";"recommendation.signal.bewegungsmangel.insight";"recommendations";"en-CH";"3";"v1:d3fd3111d338f5b91a8afe35e5ff9a8bb19678817df79ce37aaec18b6ccdc349";"34c81b2e12c8ee6863b8f84d06053f98d29d39733d96213c524a1cbe41a7eec6"
"Körperliche Fitness";"Bewegung im Alltag & Einstieg";"Dimensionsdetails";"Nächster Schritt";"Dimensionsdetail · konkreter nächster Schritt";"Diese Woche dreimal 10–15 Minuten zügig gehen. Sprechtest: unterhalten ja, singen nein.";"Walk briskly for 10–15 minutes three times this week. Use the talk test: conversation is possible, singing is not.";"";"";"Marketing, Medizin";"Prüfung erforderlich";"";"";"";"recommendation.signal.bewegungsmangel.action";"recommendations";"en-CH";"3";"v1:d3fd3111d338f5b91a8afe35e5ff9a8bb19678817df79ce37aaec18b6ccdc349";"bb95f3b0dce1b8b42267b6d4568b5b2be554ec0568db542a9d71c9a42090ae27"
"Körperliche Fitness";"Bewegung im Alltag & Einstieg";"Zusatzhinweise bei abgedeckten Aktionsschritten";"Vertiefung";"Zusatzhinweis bei bereits abgedecktem Aktionsschritt";"Kurze intensive Alltagsbewegungen können die Fitness ergänzen. Beobachtungsstudien verbinden wenige ein- bis zweiminütige Belastungsspitzen mit einem geringeren Herz-Kreislauf-Risiko; daraus folgt noch kein individueller Kausalnachweis. Beginnen Sie angepasst an Ihre Belastbarkeit.";"Short bursts of vigorous everyday activity can complement fitness. Observational studies associate a few one- to two-minute peaks of activity with lower cardiovascular risk; this does not yet establish an individual causal effect. Start at a level suited to your capacity.";"";"";"Marketing, Medizin";"Prüfung erforderlich";"Beobachtungsevidenz nicht mehr als kausale Risikosenkung dargestellt; durch Marketing und Medizin freigeben.";"";"";"recommendation.signal.bewegungsmangel.deepen";"recommendations";"en-CH";"3";"v1:d3fd3111d338f5b91a8afe35e5ff9a8bb19678817df79ce37aaec18b6ccdc349";"6d4ddb1e2174bf244d1ac2c0104621ad3fe6f6cb4540ecf9bf22058340d5af4d"
"Körperliche Fitness";"Bewegung im Alltag & Einstieg";"Risikosignale";"Risikosignal";"Ergebnisseite, Lebensstil-Signal Bewegungsmangel";"Aktuell bewegen Sie sich wenig – sowohl bei Ausdauer als auch bei Kraft.";"You are currently rather inactive in both aerobic activity and strength training.";"";"";"Marketing, Medizin";"Prüfung erforderlich";"";"";"";"recommendation.risk_signal.bewegungsmangel.label";"recommendations";"en-CH";"3";"v1:d3fd3111d338f5b91a8afe35e5ff9a8bb19678817df79ce37aaec18b6ccdc349";"65aa0106a2adb800bdb52a6f5bac596de13cc44904ac0a32707c7d7c6e2430d1"
"Körperliche Fitness";"Bewegung im Alltag & Einstieg";"Empfehlungskarten";"Überschrift";"Empfehlungskarte · Körperliche Fitness · Titel";"Sanft in Bewegung kommen";"Ease into physical activity";"";"";"Marketing";"Prüfung erforderlich";"";"";"";"recommendation.catalog.fi_einstieg.title";"recommendations";"en-CH";"3";"v1:d3fd3111d338f5b91a8afe35e5ff9a8bb19678817df79ce37aaec18b6ccdc349";"f72cd6983ce0433e9bdde6f81bf19d8d27050ea0ebb0128a816bf8ddb17215c3"
"Körperliche Fitness";"Bewegung im Alltag & Einstieg";"Empfehlungskarten";"Begründung / Einordnung";"Empfehlungskarte · Körperliche Fitness · Begründung";"Aktuell bewegen Sie sich eher wenig. Die gute Nachricht: Gerade der Einstieg bringt den grössten gesundheitlichen Gewinn – jede Bewegung zählt.";"You are currently rather inactive. The good news is that starting brings the greatest health benefit, and every movement counts.";"";"";"Marketing, Medizin";"Prüfung erforderlich";"";"";"";"recommendation.catalog.fi_einstieg.why";"recommendations";"en-CH";"3";"v1:d3fd3111d338f5b91a8afe35e5ff9a8bb19678817df79ce37aaec18b6ccdc349";"f6bec08073867fbc2649dfac6a8ada8c7530ee596d579fba6ef6cb59fca62b7d"
"Körperliche Fitness";"Bewegung im Alltag & Einstieg";"Empfehlungskarten";"Nächster Schritt";"Empfehlungskarte · Körperliche Fitness · konkreter nächster Schritt";"Starten Sie mit zwei bis drei kurzen Spaziergängen pro Woche à 10 bis 15 Minuten und steigern Sie sich langsam.";"Start with two or three short walks of 10 to 15 minutes each week and increase gradually.";"";"";"Marketing, Medizin";"Prüfung erforderlich";"";"";"";"recommendation.catalog.fi_einstieg.step";"recommendations";"en-CH";"3";"v1:d3fd3111d338f5b91a8afe35e5ff9a8bb19678817df79ce37aaec18b6ccdc349";"0d579648af39178c38f8232b111ac784eee45c50f2a859a9d8b6df3dbc4de539"
"Körperliche Fitness";"Bewegung im Alltag & Einstieg";"Empfehlungskarten";"Erwarteter Nutzen";"Empfehlungskarte · Körperliche Fitness · erwarteter Nutzen";"Schon kleine, regelmässige Einheiten verbessern Energie, Stimmung und Herzgesundheit spürbar.";"Even small, regular sessions noticeably improve energy, mood and heart health.";"";"";"Marketing, Medizin";"Prüfung erforderlich";"";"";"";"recommendation.catalog.fi_einstieg.benefit";"recommendations";"en-CH";"3";"v1:d3fd3111d338f5b91a8afe35e5ff9a8bb19678817df79ce37aaec18b6ccdc349";"5fc5a2c7db3285e6ecf42954e287fffc4a300967da65faf74a75f356b813c331"
"Körperliche Fitness";"Bewegung im Alltag & Einstieg";"4-Wochen-Pläne";"4-Wochen-Plan";"4-Wochen-Plan · Diese Woche";"Dreimal 10–15 Minuten zügig gehen. Die richtige Intensität erkennen Sie am <b>Sprechtest</b>: Sie können sich noch unterhalten, aber nicht mehr singen. Feste Termine im Kalender schlagen gute Vorsätze.";"Walk briskly for 10–15 minutes three times. Use the <b>talk test</b> to find the right intensity: you can still hold a conversation but can no longer sing. Fixed calendar appointments are more effective than good intentions.";"";"";"Marketing, Medizin";"Prüfung erforderlich";"";"";"";"recommendation.plan.fi_einstieg.this_week";"recommendations";"en-CH";"3";"v1:d3fd3111d338f5b91a8afe35e5ff9a8bb19678817df79ce37aaec18b6ccdc349";"d54d327b8d69e0a0eb07e16c11429bd5285cd96cd214397d07b205a21fbeecfb"
"Körperliche Fitness";"Bewegung im Alltag & Einstieg";"4-Wochen-Pläne";"4-Wochen-Plan";"4-Wochen-Plan · Woche 2–3";"Wenn Sie zügiges Gehen gut und beschwerdefrei vertragen, ergänzen Sie einmal pro Woche <b>kurze, etwas intensivere Abschnitte</b>: Gehen Sie 1–3 Minuten eine Steigung zügig hinauf, erholen Sie sich danach vollständig und wiederholen Sie dies ein- bis zweimal. Solche Reize können das Grundlagentraining ergänzen. <i>Bei bekannter Herzerkrankung, Brustschmerzen, ungewöhnlicher Atemnot, Schwindel oder Benommenheit zuerst ärztlich abklären.</i>";"If you tolerate brisk walking well and without symptoms, add <b>short, slightly more intense intervals</b> once a week. Walk briskly uphill for 1–3 minutes, recover fully and repeat once or twice. These stimuli can complement your base training. <i>If you have known heart disease, chest pain, unusual shortness of breath, dizziness or light-headedness, seek medical advice first.</i>";"";"";"Marketing, Medizin";"Prüfung erforderlich";"Überlegene Wirkung intensiver Reize nicht behauptet und Sicherheitsschwelle erweitert; durch Marketing und Medizin freigeben.";"";"";"recommendation.plan.fi_einstieg.weeks_2_3";"recommendations";"en-CH";"3";"v1:d3fd3111d338f5b91a8afe35e5ff9a8bb19678817df79ce37aaec18b6ccdc349";"95ac24c264a193d8f77d48dc1eb5694167b39c86a55ff88a90599d49cfc2e854"
"Körperliche Fitness";"Bewegung im Alltag & Einstieg";"4-Wochen-Pläne";"4-Wochen-Plan";"4-Wochen-Plan · Woche 4";"Zielbild aufbauen: <b>150 Minuten moderate Bewegung pro Woche</b> (WHO) – oder 75 Minuten intensiv, beides kombinierbar. Kardiorespiratorische Fitness ist in Studien stark mit Gesundheit und Lebenserwartung verbunden. Besonders für bisher wenig aktive Menschen zählt deshalb jeder zusätzliche, gut verträgliche Bewegungsumfang.";"Work towards the goal of <b>150 minutes of moderate-intensity activity per week</b> (WHO), or 75 minutes of vigorous-intensity activity, with combinations also possible. Studies show a strong association between cardiorespiratory fitness, health and life expectancy. For people who have previously been less active, every additional amount of manageable movement therefore counts.";"";"";"Marketing, Medizin";"Prüfung erforderlich";"Unzulässigen direkten Risikofaktorvergleich entfernt und Beobachtungszusammenhang korrekt qualifiziert; durch Marketing und Medizin freigeben.";"";"";"recommendation.plan.fi_einstieg.week_4";"recommendations";"en-CH";"3";"v1:d3fd3111d338f5b91a8afe35e5ff9a8bb19678817df79ce37aaec18b6ccdc349";"0e0be9b02350724c95893af8dc27198215e94e4b2bccd4d6b4dabeb25f1039d3"
"Körperliche Fitness";"Bewegung im Alltag & Einstieg";"Handlungsfelder";"Beschriftung";"Handlungsfeld · Körperliche Fitness · Kurzlabel";"Mehr Bewegung in den Alltag einbauen";"Add more movement to daily life";"";"";"Marketing, Medizin";"Prüfung erforderlich";"";"";"";"recommendation.lever.lv_fitness_alltag.label";"recommendations";"en-CH";"3";"v1:d3fd3111d338f5b91a8afe35e5ff9a8bb19678817df79ce37aaec18b6ccdc349";"7a1b61055fe09a791f0edf3b7600f275f6a77fda01fff059fb06f1ad435f214c"
"Körperliche Fitness";"Bewegung im Alltag & Einstieg";"Handlungsfelder";"Detailtext";"Handlungsfeld · Körperliche Fitness · Detailtext";"Treppe statt Lift, eine Haltestelle früher aussteigen, kurze Gehpausen – Alltagsbewegung summiert sich schneller, als man denkt.";"Take the stairs instead of the lift, get off one stop earlier or add short walking breaks. Everyday movement adds up faster than you might think.";"";"";"Marketing, Medizin";"Prüfung erforderlich";"";"";"";"recommendation.lever.lv_fitness_alltag.detail";"recommendations";"en-CH";"3";"v1:d3fd3111d338f5b91a8afe35e5ff9a8bb19678817df79ce37aaec18b6ccdc349";"5d327a342d6343e5e00162f9da06b451047a737188e74d95b1a4512890dfb2b4"
"Körperliche Fitness";"Bewegung im Alltag & Einstieg";"Quellenlabels";"Quellenbezeichnung";"Sichtbares Label einer Fachquelle";"Schweizer Bewegungsempfehlungen (HEPA Schweiz / BASPO)";"Swiss physical activity recommendations (HEPA Switzerland / FOSPO)";"";"";"Marketing, Medizin";"Prüfung erforderlich";"Korrigierte institutionelle Zuordnung vor Go-live durch Marketing und Medizin freigeben.";"";"";"recommendation.source.bag_bewegung.label";"recommendations";"en-CH";"3";"v1:d3fd3111d338f5b91a8afe35e5ff9a8bb19678817df79ce37aaec18b6ccdc349";"1b8cab48916cf290a903851a55bf8ac1c6d0d83b4bc321b56844a2bb0f367137"
"Körperliche Fitness";"Bewegung im Alltag & Einstieg";"Stärken";"Beschriftung";"Stärke · Körperliche Fitness · Kurzlabel";"Fit für den Alltag";"Fit for everyday life";"";"";"Marketing";"Prüfung erforderlich";"";"";"";"recommendation.strength.st_alltagsfit.label";"recommendations";"en-CH";"3";"v1:d3fd3111d338f5b91a8afe35e5ff9a8bb19678817df79ce37aaec18b6ccdc349";"29a29fc2db9576469cb5cddf49c4f96ed27d563a394c81f8b0a4f38c3553d515"
"Körperliche Fitness";"Bewegung im Alltag & Einstieg";"Stärken";"Detailtext";"Stärke · Körperliche Fitness · Detailtext";"Aufstehen, Treppen, Tragen – die funktionellen Grundfähigkeiten meistern Sie ohne Mühe.";"Getting up, climbing stairs and carrying things: you manage these basic functional abilities without difficulty.";"";"";"Marketing, Medizin";"Prüfung erforderlich";"";"";"";"recommendation.strength.st_alltagsfit.detail";"recommendations";"en-CH";"3";"v1:d3fd3111d338f5b91a8afe35e5ff9a8bb19678817df79ce37aaec18b6ccdc349";"148d7a128abb72daacdc90ed95a789ae5687cb75a4f64a405a07a9f367a37f5b"
"Körperliche Fitness";"Bewegung im Alltag & Einstieg";"Stärken";"Beschriftung";"Stärke · Körperliche Fitness · Kurzlabel";"WHO-Bewegungsziel erreicht";"WHO physical-activity target achieved";"";"";"Marketing";"Prüfung erforderlich";"";"";"";"recommendation.strength.st_bewegung.label";"recommendations";"en-CH";"3";"v1:d3fd3111d338f5b91a8afe35e5ff9a8bb19678817df79ce37aaec18b6ccdc349";"5256de61601fc427d0d1b000b58feb4f5c5d6c921deffe12c5a963c280848000"
"Körperliche Fitness";"Bewegung im Alltag & Einstieg";"Stärken";"Detailtext";"Stärke · Körperliche Fitness · Detailtext";"Ihre wöchentliche Ausdaueraktivität liegt im empfohlenen Bereich – das schützt Herz, Stoffwechsel und Psyche.";"Your weekly aerobic activity is within the recommended range, protecting your heart, metabolism and mental health.";"";"";"Marketing, Medizin";"Prüfung erforderlich";"";"";"";"recommendation.strength.st_bewegung.detail";"recommendations";"en-CH";"3";"v1:d3fd3111d338f5b91a8afe35e5ff9a8bb19678817df79ce37aaec18b6ccdc349";"2d15071a373ad07d19c7077a777602d56be5814b93b04534ed7f940430a2db48"
"Körperliche Fitness";"Krafttraining & Muskulatur";"Empfehlungskarten";"Überschrift";"Empfehlungskarte · Körperliche Fitness · Titel";"Kraft gezielt aufbauen";"Build strength purposefully";"";"";"Marketing";"Prüfung erforderlich";"Titel gilt sowohl bei zu wenig Krafttraining als auch bei einem ausbaufähigen Kurztest; durch Marketing freigeben.";"";"";"recommendation.catalog.fi_kraft.title";"recommendations";"en-CH";"3";"v1:d3fd3111d338f5b91a8afe35e5ff9a8bb19678817df79ce37aaec18b6ccdc349";"7b77a81c9b2b6626bdc20dd2a8af8634ee85398650990bb7961cdd2c2576d63b"
"Körperliche Fitness";"Krafttraining & Muskulatur";"Empfehlungskarten";"Begründung / Einordnung";"Empfehlungskarte · Körperliche Fitness · Begründung";"Ihre Angaben zur Alltagskraft, Ihr Krafttraining oder ein freiwilliger Kurztest zeigen Potenzial bei Muskelkraft oder lokaler Kraftausdauer. Kraft unterstützt Belastbarkeit, Knochen und funktionelle Selbstständigkeit – und wird mit zunehmendem Alter besonders wichtig.";"Your answers about everyday strength, your strength training or an optional short test show potential to improve muscular strength or local muscular endurance. Strength supports resilience, bones and functional independence and becomes particularly important with increasing age.";"";"";"Marketing, Medizin";"Prüfung erforderlich";"Deckt Krafttraining, erschwertes Tragen sowie Fitness-Kurztests ab; redaktionell freigeben.";"";"";"recommendation.catalog.fi_kraft.why";"recommendations";"en-CH";"3";"v1:d3fd3111d338f5b91a8afe35e5ff9a8bb19678817df79ce37aaec18b6ccdc349";"5d0b29f333a66b77ddbb3e55b4419a8533f50f872a19b808b0a169a0748c65d4"
"Körperliche Fitness";"Krafttraining & Muskulatur";"Empfehlungskarten";"Nächster Schritt";"Empfehlungskarte · Körperliche Fitness · konkreter nächster Schritt";"Nutzen Sie zwei feste Termine pro Woche für gezielten Kraftaufbau – zum Beispiel mit Kniebeugen, passenden Liegestütz-Varianten und Ausfallschritten. Wählen Sie eine sichere Variante, die Sie kontrolliert ausführen können.";"Set aside two fixed sessions per week to build strength, for example with squats, suitable push-up variations and lunges. Choose a safe variation that you can perform with control.";"";"";"Marketing, Medizin";"Prüfung erforderlich";"Funktioniert auch für Personen, die bereits mehrfach pro Woche trainieren, aber in einem Kurztest Potenzial zeigen.";"";"";"recommendation.catalog.fi_kraft.step";"recommendations";"en-CH";"3";"v1:d3fd3111d338f5b91a8afe35e5ff9a8bb19678817df79ce37aaec18b6ccdc349";"442c15e91c42ca3c5277844b228ca3890fd8d4dc0afe7d157f5376e3c930d51b"
"Körperliche Fitness";"Krafttraining & Muskulatur";"Empfehlungskarten";"Erwarteter Nutzen";"Empfehlungskarte · Körperliche Fitness · erwarteter Nutzen";"Regelmässiges Krafttraining kann Muskelkraft, Alltagsfunktion und körperliche Selbstständigkeit unterstützen.";"Regular strength training can support muscular strength, everyday function and physical independence.";"";"";"Marketing, Medizin";"Prüfung erforderlich";"Medizinisch vorsichtiger formuliert; freigeben.";"";"";"recommendation.catalog.fi_kraft.benefit";"recommendations";"en-CH";"3";"v1:d3fd3111d338f5b91a8afe35e5ff9a8bb19678817df79ce37aaec18b6ccdc349";"99894bb45d1a777b2788d316b8972b47765ce139ffd86b19ee4562980425cf7a"
"Körperliche Fitness";"Krafttraining & Muskulatur";"4-Wochen-Pläne";"4-Wochen-Plan";"4-Wochen-Plan · Diese Woche, aktuell ein Trainingstag";"Sie trainieren bereits einen Tag – bauen Sie einen <b>zweiten</b> festen Termin pro Woche ein. Pro Einheit 20 Minuten mit dem eigenen Körpergewicht: Kniebeugen, Liegestütze (auch an der Wand oder auf Knien) und Ausfallschritte, je 2–3 Sätze. Die letzten zwei Wiederholungen sollen deutlich anstrengend sein – genau dort entsteht der Reiz.";"You already train on one day. Add a fixed <b>second</b> session each week. Do 20 minutes of body-weight exercises per session: squats, push-ups, including wall or knee variations, and lunges, for 2–3 sets each. The last two repetitions should feel clearly challenging; that is where the stimulus occurs.";"";"";"Marketing, Medizin";"Prüfung erforderlich";"";"";"";"recommendation.plan.fi_kraft.this_week.one_day";"recommendations";"en-CH";"3";"v1:d3fd3111d338f5b91a8afe35e5ff9a8bb19678817df79ce37aaec18b6ccdc349";"88cb91f677d4677145fdb72944ccd0b8bfb39e54ea395c3860efae545db848e7"
"Körperliche Fitness";"Krafttraining & Muskulatur";"4-Wochen-Pläne";"4-Wochen-Plan";"4-Wochen-Plan · Diese Woche, aktuell kein Krafttraining";"Zwei Einheiten à 20 Minuten mit dem eigenen Körpergewicht: Kniebeugen, Liegestütze (auch an der Wand oder auf Knien) und Ausfallschritte – je 2–3 Sätze. Die letzten zwei Wiederholungen sollen deutlich anstrengend sein; genau dort entsteht der Trainingsreiz.";"Do two 20-minute body-weight sessions with squats, push-ups, including wall or knee variations, and lunges, for 2–3 sets each. The last two repetitions should feel clearly challenging; that is where the training stimulus occurs.";"";"";"Marketing, Medizin";"Prüfung erforderlich";"";"";"";"recommendation.plan.fi_kraft.this_week.zero_days";"recommendations";"en-CH";"3";"v1:d3fd3111d338f5b91a8afe35e5ff9a8bb19678817df79ce37aaec18b6ccdc349";"e1d3e2c9948123b667b39c22b00e7b727df164fe7b179fce4b4cf7591019dce1"
"Körperliche Fitness";"Krafttraining & Muskulatur";"4-Wochen-Pläne";"4-Wochen-Plan";"4-Wochen-Plan · Diese Woche, Krafttraining bereits mindestens zweimal pro Woche, aber Kurztest mit Trainingspotenzial";"Sie trainieren bereits regelmässig. Wählen Sie für die nächsten vier Wochen zwei gut steuerbare Übungen, die zu Ihrem Testresultat passen, und dokumentieren Sie Sätze, Wiederholungen sowie Ausführungsvariante. Steigern Sie nur bei sauberer, schmerzfreier Ausführung.";"You already train regularly. For the next four weeks, choose two exercises that are easy to control and suit your test result, and document the sets, repetitions and variation used. Progress only when you can perform them with good technique and without pain.";"";"";"Marketing, Medizin";"Prüfung erforderlich";"Neue Variante verhindert den falschen Hinweis auf fehlendes Krafttraining, wenn die Empfehlung allein aus einem Kurztest entsteht.";"";"";"recommendation.plan.fi_kraft.this_week.test_result";"recommendations";"en-CH";"3";"v1:d3fd3111d338f5b91a8afe35e5ff9a8bb19678817df79ce37aaec18b6ccdc349";"5f36c331646119fcb4fec858c026d3cf68708df4ffc0b7df296b20e0a49f8082"
"Körperliche Fitness";"Krafttraining & Muskulatur";"4-Wochen-Pläne";"4-Wochen-Plan";"4-Wochen-Plan · Woche 2–3, Alter ab 60";"Steigern Sie behutsam (langsamer ausführen, Pausen verkürzen, Widerstand ergänzen). Mit zunehmendem Alter werden Kraft und Muskelmasse für Sturzsicherheit und Selbstständigkeit besonders wichtig. Auch im höheren Alter lassen sich Kraft und Muskelfunktion gezielt verbessern.";"Progress carefully by moving more slowly, shortening rests or adding resistance. With increasing age, strength and muscle mass become particularly important for preventing falls and maintaining independence. Strength and muscular function can be improved purposefully even at an older age.";"";"";"Marketing, Medizin";"Prüfung erforderlich";"Absolute Wiederherstellungsbehauptung evidenznäher formuliert; durch Marketing und Medizin freigeben.";"";"";"recommendation.plan.fi_kraft.weeks_2_3.age_60_plus";"recommendations";"en-CH";"3";"v1:d3fd3111d338f5b91a8afe35e5ff9a8bb19678817df79ce37aaec18b6ccdc349";"6efc914ce7b4472b7da919c44770471b39e1e640f3a09ca181f301b52ba45716"
"Körperliche Fitness";"Krafttraining & Muskulatur";"4-Wochen-Pläne";"4-Wochen-Plan";"4-Wochen-Plan · Woche 2–3, Alter unter 60";"Steigern Sie den Widerstand, nicht nur die Wiederholungszahl (langsamer ausführen, Pausen verkürzen, Gewicht ergänzen). Muskelmasse und Kraft nehmen ohne regelmässigen Trainingsreiz mit dem Alter tendenziell ab; Krafttraining kann beides auch im höheren Alter erhalten und verbessern.";"Increase the resistance, not just the number of repetitions, by moving more slowly, shortening rests or adding weight. Muscle mass and strength tend to decrease with age without a regular training stimulus; strength training can maintain and improve both, even at an older age.";"";"";"Marketing, Medizin";"Prüfung erforderlich";"Falsche Aussage vom «einzigen Organ» entfernt und altersbezogene Wirkung vorsichtiger formuliert; durch Marketing und Medizin freigeben.";"";"";"recommendation.plan.fi_kraft.weeks_2_3.under_60";"recommendations";"en-CH";"3";"v1:d3fd3111d338f5b91a8afe35e5ff9a8bb19678817df79ce37aaec18b6ccdc349";"22bb418cda03eae373874ea671b7689a62e4e9786cfe00a503db50113595c59c"
"Körperliche Fitness";"Krafttraining & Muskulatur";"4-Wochen-Pläne";"4-Wochen-Plan";"4-Wochen-Plan · Woche 4";"Verankern Sie <b>zweimal pro Woche für alle grossen Muskelgruppen</b> (WHO-Empfehlung) als festen Termin. Kontrolle ohne Geräte: Wie fühlen sich zwei volle Einkaufstaschen an? Wie leicht stehen Sie vom Boden auf?";"Make <b>twice a week for all major muscle groups</b>, the WHO recommendation, a fixed appointment. Check your progress without equipment: how do two full shopping bags feel, and how easily can you get up from the floor?";"";"";"Marketing, Medizin";"Prüfung erforderlich";"";"";"";"recommendation.plan.fi_kraft.week_4";"recommendations";"en-CH";"3";"v1:d3fd3111d338f5b91a8afe35e5ff9a8bb19678817df79ce37aaec18b6ccdc349";"e93493fc081d105ce3f6773399341dc11f626a1a858682c6c814c93d58b1e09e"
"Körperliche Fitness";"Krafttraining & Muskulatur";"Fitness-Kurztests";"Überschrift";"Ergebnisdetail Körperliche Fitness, Titel des ausgefüllten Liegestütz-Tests";"Liegestütz-Test";"Push-up test";"";"";"Marketing";"Prüfung erforderlich";"Neue Ergebnisdarstellung; redaktionell freigeben.";"";"";"recommendation.fitness_test.liegestuetze.title";"recommendations";"en-CH";"3";"v1:d3fd3111d338f5b91a8afe35e5ff9a8bb19678817df79ce37aaec18b6ccdc349";"a3151dd37e41f54b3cc9aa284d34082d14b90095ebf0df624545272112c026b3"
"Körperliche Fitness";"Krafttraining & Muskulatur";"Fitness-Kurztests";"Begründung / Einordnung";"Ergebnisdetail Liegestütz-Test ohne fachlich passendes Referenzprotokoll";"Ihr Ergebnis zeigt Ihre aktuelle Leistung in der gewählten Ausführungsform. Bis Protokoll und Referenztabelle eindeutig zusammenpassen, zeigen wir bewusst keine Normstufe.";"Your result shows your current performance using the variation you selected. Until the protocol and reference table correspond unambiguously, we deliberately do not show a reference category.";"";"";"Marketing, Medizin";"Prüfung erforderlich";"Verhindert eine Scheinpräzision bei Protokoll- oder Altersabweichungen.";"";"";"recommendation.fitness_test.liegestuetze.interpretation.unrated";"recommendations";"en-CH";"3";"v1:d3fd3111d338f5b91a8afe35e5ff9a8bb19678817df79ce37aaec18b6ccdc349";"6f5a0f8eb582002687d73e5d48d84efb97ff22eb46f0f7ad907b9e2cdac09e95"
"Körperliche Fitness";"Krafttraining & Muskulatur";"Fitness-Kurztests";"Begründung / Einordnung";"Ergebnisdetail Liegestütz-Test, gesundheitliche Relevanz";"Der Test bildet vor allem die Kraftausdauer von Brust, Schultern, Armen und Rumpf ab. Muskelkraft unterstützt Belastbarkeit, Mobilität und gesundes Altern. Das Ergebnis ist ein Trainingshinweis – kein Herz-Kreislauf-Risikotest.";"The test primarily reflects the muscular endurance of the chest, shoulders, arms and core. Muscular strength supports resilience, mobility and healthy ageing. The result is a training guide, not a cardiovascular risk test.";"";"";"Marketing, Medizin";"Prüfung erforderlich";"Die begrenzte Beobachtungsstudie bei männlichen Feuerwehrleuten wird nicht als individueller Risikorechner dargestellt.";"";"";"recommendation.fitness_test.liegestuetze.relevance";"recommendations";"en-CH";"3";"v1:d3fd3111d338f5b91a8afe35e5ff9a8bb19678817df79ce37aaec18b6ccdc349";"6d11e201ba334649c6741ca3aa5cef424f319755daa1bfa2c6fcb46077c0e2dd"
"Körperliche Fitness";"Krafttraining & Muskulatur";"Fitness-Kurztests";"Medizinischer Hinweis";"Ergebnisdetail Liegestütz-Test, Alter ausserhalb des publizierten Referenzbereichs";"Die verwendete Referenztabelle deckt das Alter von 20 bis 69 Jahren ab. Ausserhalb dieses publizierten Altersbereichs wird Ihr Wert nur als persönliche Ausgangsmessung gezeigt.";"The reference table used covers ages 20 to 69. Outside this published age range, your value is shown only as a personal baseline measurement.";"";"";"Marketing, Medizin";"Prüfung erforderlich";"Vor Go-live Zielalter und Referenzmodell fachlich entscheiden.";"";"ages 20 to 69 | personal baseline measurement";"recommendation.fitness_test.liegestuetze.reference_note.age_outside";"recommendations";"en-CH";"3";"v1:d3fd3111d338f5b91a8afe35e5ff9a8bb19678817df79ce37aaec18b6ccdc349";"b7a1e4e79cecc796602aa85b6871c37099549429fdf5d2ea0af5a0820fd7ffc3"
"Körperliche Fitness";"Krafttraining & Muskulatur";"Fitness-Kurztests";"Medizinischer Hinweis";"Ergebnisdetail Liegestütz-Test, sichtbares Standardprotokoll passt nicht zur hinterlegten Referenztabelle";"Die verfügbare Vergleichstabelle für Frauen verwendet die Knie-Variante, die aktuelle Anleitung beschreibt Standard-Liegestütze. Bis diese Protokolle vereinheitlicht sind, wird keine Referenzstufe und keine automatische Empfehlung aus diesem Wert abgeleitet.";"The available comparison table for women uses the knee variation, while the current instructions describe standard push-ups. Until these protocols have been harmonised, no reference category or automatic recommendation is derived from this value.";"";"";"Marketing, Medizin";"Prüfung erforderlich";"Gilt technisch auch für intersex/andere, da derzeit keine eigene passende Referenz vorliegt.";"";"knee variation | standard push-ups | automatic recommendation";"recommendation.fitness_test.liegestuetze.reference_note.protocol_unconfirmed";"recommendations";"en-CH";"3";"v1:d3fd3111d338f5b91a8afe35e5ff9a8bb19678817df79ce37aaec18b6ccdc349";"aa1b97f9179abc98921646e95cc238a4f4c1ca950fee6044b5af26bb336b20ff"
"Körperliche Fitness";"Krafttraining & Muskulatur";"Fitness-Kurztests";"Dynamischer Text";"4-Wochen-Plan · persönliche Verlaufskontrolle nach tiefem Wandsitz-Wert ohne bekannten Bluthochdruck";"Wenn Sie sich beschwerdefrei fühlen, können Sie den Wandsitz unter denselben Bedingungen wiederholen und mit Ihrem Ausgangswert von {{baselineValue}} Sekunden vergleichen. Der nächste Vergleichswert liegt bei {{orientationValue}} Sekunden; er ist keine medizinische Grenze und kein versprochener Vier-Wochen-Erfolg. Brechen Sie bei Schmerzen, Schwindel oder Atemnot sofort ab.";"If you feel free of symptoms, you can repeat the wall sit under the same conditions and compare it with your baseline value of {{baselineValue}} seconds. The next comparison value is {{orientationValue}} seconds; it is not a medical threshold or a promised result after four weeks. Stop immediately if you experience pain, dizziness or shortness of breath.";"";"";"Marketing, Medizin";"Prüfung erforderlich";"Maximaler Wandsitz kann den Blutdruck stark erhöhen; medizinisch freigeben.";"{{baselineValue}} | {{orientationValue}}";"not a medical threshold | pain | dizziness | shortness of breath";"recommendation.fitness_test.retest.wandsitz";"recommendations";"en-CH";"3";"v1:d3fd3111d338f5b91a8afe35e5ff9a8bb19678817df79ce37aaec18b6ccdc349";"eeb883dd50e5d5090209925e845d7ce05cde3e2725a7e4f5abed6ac276c94772"
"Körperliche Fitness";"Krafttraining & Muskulatur";"Fitness-Kurztests";"Dynamischer Text";"4-Wochen-Plan · persönlicher Abschluss-Check nach tiefem Liegestütz-Test";"Wiederholen Sie den Liegestütz-Test mit derselben Ausführungsvariante und unter denselben Bedingungen. Vergleichen Sie mit Ihrem Ausgangswert von {{baselineValue}} Wiederholungen. Der nächste Vergleichswert liegt bei {{orientationValue}} Wiederholungen; er ist keine medizinische Grenzlinie und kein versprochener Vier-Wochen-Erfolg. Brechen Sie bei Schmerzen, Schwindel oder Atemnot ab.";"Repeat the push-up test using the same variation and under the same conditions. Compare it with your baseline value of {{baselineValue}} repetitions. The next comparison value is {{orientationValue}} repetitions; it is not a medical threshold or a promised result after four weeks. Stop if you experience pain, dizziness or shortness of breath.";"";"";"Marketing, Medizin";"Prüfung erforderlich";"Nur bei fachlich passendem männlichem Referenzprotokoll im Alter 20 bis 69 automatisch ausgespielt.";"{{baselineValue}} | {{orientationValue}}";"same variation | not a medical threshold | pain | dizziness | shortness of breath";"recommendation.fitness_test.retest.liegestuetze";"recommendations";"en-CH";"3";"v1:d3fd3111d338f5b91a8afe35e5ff9a8bb19678817df79ce37aaec18b6ccdc349";"8a2fcdb801d7732a08e7ce58c37029e8e528bcaad28f24416c164263bd88bd69"
"Körperliche Fitness";"Krafttraining & Muskulatur";"Fitness-Kurztests";"Dynamischer Text";"4-Wochen-Plan · Sicherheitsersatz statt maximalem Wandsitz-Retest bei bekanntem Bluthochdruck";"Wegen Ihrer Angabe zu Bluthochdruck empfehlen wir keinen automatischen maximalen Wandsitz-Retest. Besprechen Sie zuerst mit einer Fachperson, welche Belastung für Sie passend ist. Ihr bisheriger Ausgangswert beträgt {{baselineValue}} Sekunden. Bei Schmerzen, Schwindel oder Atemnot brechen Sie körperliche Belastung ab.";"Because you reported high blood pressure, we do not recommend an automatic maximal wall-sit retest. First discuss with a healthcare professional what level of exertion is appropriate for you. Your previous baseline value is {{baselineValue}} seconds. Stop physical exertion if you experience pain, dizziness or shortness of breath.";"";"";"Marketing, Medizin";"Prüfung erforderlich";"Sicherheitsregel nach aktueller Evidenz zur akuten Blutdruckreaktion; medizinisch freigeben.";"{{baselineValue}}";"high blood pressure | do not recommend an automatic maximal wall-sit retest | healthcare professional | pain | dizziness | shortness of breath";"recommendation.fitness_test.retest.wandsitz.medical_clearance";"recommendations";"en-CH";"3";"v1:d3fd3111d338f5b91a8afe35e5ff9a8bb19678817df79ce37aaec18b6ccdc349";"7ce70c4553a5a8d655bad3d515c1d453238dbfc940ad6e690119e2d89df760ff"
"Körperliche Fitness";"Krafttraining & Muskulatur";"Fitness-Kurztests";"Überschrift";"Ergebnisdetail Körperliche Fitness, Titel des ausgefüllten Wandsitz-Tests";"Wandsitz-Test";"Wall-sit test";"";"";"Marketing";"Prüfung erforderlich";"Neue Ergebnisdarstellung; redaktionell freigeben.";"";"";"recommendation.fitness_test.wandsitz.title";"recommendations";"en-CH";"3";"v1:d3fd3111d338f5b91a8afe35e5ff9a8bb19678817df79ce37aaec18b6ccdc349";"cffbe3e6318372694d071a93e0afa81b4d2bd3a009007b1a4476cb820d66c5d8"
"Körperliche Fitness";"Krafttraining & Muskulatur";"Fitness-Kurztests";"Begründung / Einordnung";"Ergebnisdetail Wandsitz-Test ohne passende Vergleichsgruppe";"Für Ihre Angaben liegt keine passende Vergleichsgruppe vor. Ihr Wert bleibt als persönliche Ausgangsmessung sichtbar. Haltung, Winkel und Motivation können das Ergebnis beeinflussen.";"No suitable comparison group is available for the information you provided. Your value remains visible as a personal baseline measurement. Posture, angle and motivation can affect the result.";"";"";"Marketing, Medizin";"Prüfung erforderlich";"Bewusst keine Einordnung ohne passende Alters- und Geschlechtsreferenz.";"";"";"recommendation.fitness_test.wandsitz.interpretation.unrated";"recommendations";"en-CH";"3";"v1:d3fd3111d338f5b91a8afe35e5ff9a8bb19678817df79ce37aaec18b6ccdc349";"b53aefe350cf9b8704dcf48c250b5beb97dcf9921296ac372488af101f120fb5"
"Körperliche Fitness";"Krafttraining & Muskulatur";"Fitness-Kurztests";"Begründung / Einordnung";"Ergebnisdetail Wandsitz-Test, gesundheitliche Relevanz";"Der Wandsitz zeigt die lokale statische Kraftausdauer Ihrer Beinmuskulatur. Diese unterstützt Aufstehen, Treppensteigen und stabile Alltagsbewegungen. Der Test misst nicht Ihre Herz-Kreislauf-Ausdauer.";"The wall sit shows the local static muscular endurance of your leg muscles. This supports standing up, climbing stairs and stable everyday movement. The test does not measure your cardiovascular endurance.";"";"";"Marketing, Medizin";"Prüfung erforderlich";"Zuordnung zur Muskulatur statt zur Kondition ist medizinisch freigegeben; Text redaktionell freigeben.";"";"local static muscular endurance | does not measure your cardiovascular endurance";"recommendation.fitness_test.wandsitz.relevance";"recommendations";"en-CH";"3";"v1:d3fd3111d338f5b91a8afe35e5ff9a8bb19678817df79ce37aaec18b6ccdc349";"a223801bc83696cafcddc6c9d54e5b80d6f32134bf03977e63e594a435edfdce"
"Körperliche Fitness";"Krafttraining & Muskulatur";"Fitness-Kurztests";"Medizinischer Hinweis";"Ergebnisdetail Wandsitz-Test ohne passende geschlechtsspezifische Vergleichsgruppe";"Die verfügbaren Vergleichswerte sind nach männlich und weiblich getrennt. Für Ihre Angabe zeigen wir deshalb keine Einordnung.";"The available comparison values are separated into male and female categories. We therefore do not show a classification for your answer.";"";"";"Marketing, Medizin";"Prüfung erforderlich";"Für intersex liegt in der verwendeten Literatur keine eigene Vergleichstabelle vor.";"";"male and female | do not show a classification";"recommendation.fitness_test.wandsitz.reference_note.reference_unavailable";"recommendations";"en-CH";"3";"v1:d3fd3111d338f5b91a8afe35e5ff9a8bb19678817df79ce37aaec18b6ccdc349";"f95fd139de56260005fc3efb7c09f5ca088c11602b03ad5f04ff436716e80e30"
"Körperliche Fitness";"Krafttraining & Muskulatur";"Fitness-Kurztests";"Medizinischer Hinweis";"Ergebnisdetail Wandsitz-Test, Alter ausserhalb der harmonisierten Erwachsenentabelle";"Die Vergleichswerte gelten ab 18 Jahren. Unter 18 wird Ihr Ergebnis deshalb ohne Einordnung als persönliche Ausgangsmessung gezeigt.";"The comparison values apply from the age of 18. Below 18, your result is therefore shown without a classification as a personal baseline measurement.";"";"";"Marketing, Medizin";"Prüfung erforderlich";"Zielalter des Checks bleibt eine offene Go-live-Entscheidung.";"";"from the age of 18 | without a classification";"recommendation.fitness_test.wandsitz.reference_note.age_outside";"recommendations";"en-CH";"3";"v1:d3fd3111d338f5b91a8afe35e5ff9a8bb19678817df79ce37aaec18b6ccdc349";"61e7e2977a8328b27e0a56af8496e1d87613489425a4c60a2b16ff3617c72bc1"
"Körperliche Fitness";"Krafttraining & Muskulatur";"Dimensionsdetails";"Überschrift";"Dimensionsdetail · Titel";"Krafttraining fehlt";"No strength training";"";"";"Marketing, Medizin";"Prüfung erforderlich";"";"";"";"recommendation.signal.keine_kraft.title";"recommendations";"en-CH";"3";"v1:d3fd3111d338f5b91a8afe35e5ff9a8bb19678817df79ce37aaec18b6ccdc349";"df17f0c3d5059b30d8c144ddb3ba8da6299f45e355b138c3904072450a274e50"
"Körperliche Fitness";"Krafttraining & Muskulatur";"Dimensionsdetails";"Persönliche Einordnung";"Dimensionsdetail · Einordnung";"Muskelmasse und Kraft nehmen ohne regelmässigen Trainingsreiz mit dem Alter tendenziell ab. Krafttraining an mindestens zwei Tagen pro Woche hilft, Kraft und Funktion zu erhalten oder zu verbessern.";"Muscle mass and strength tend to decline with age without a regular training stimulus. Strength training on at least two days per week helps maintain or improve strength and function.";"";"";"Marketing, Medizin";"Prüfung erforderlich";"Falsche Organbehauptung und pauschales Erfolgsversprechen entfernt; durch Marketing und Medizin freigeben.";"";"";"recommendation.signal.keine_kraft.insight";"recommendations";"en-CH";"3";"v1:d3fd3111d338f5b91a8afe35e5ff9a8bb19678817df79ce37aaec18b6ccdc349";"46b52ce8527d8af52f4db22fdffea8ffdf91badf3fdc860eb80731e5d5928943"
"Körperliche Fitness";"Krafttraining & Muskulatur";"Dimensionsdetails";"Nächster Schritt";"Dimensionsdetail · konkreter nächster Schritt";"2× pro Woche 20 Minuten Kniebeugen, Liegestütze und Ausfallschritte – ohne Geräte, ohne Studio.";"Twice a week, do 20 minutes of squats, push-ups and lunges, without equipment or a gym.";"";"";"Marketing, Medizin";"Prüfung erforderlich";"";"";"";"recommendation.signal.keine_kraft.action";"recommendations";"en-CH";"3";"v1:d3fd3111d338f5b91a8afe35e5ff9a8bb19678817df79ce37aaec18b6ccdc349";"2665da3ce43e900bed286a8abc81b95e29d26fe6dd69ff033666b4ccb5574ca2"
"Körperliche Fitness";"Krafttraining & Muskulatur";"Risikosignale";"Risikosignal";"Ergebnisseite, Lebensstil-Signal fehlendes Krafttraining";"Gezieltes Krafttraining fehlt aktuell.";"You currently do no targeted strength training.";"";"";"Marketing, Medizin";"Prüfung erforderlich";"";"";"";"recommendation.risk_signal.keine_kraft.label";"recommendations";"en-CH";"3";"v1:d3fd3111d338f5b91a8afe35e5ff9a8bb19678817df79ce37aaec18b6ccdc349";"3b7908740d3ac2dee74e2c8d48652e61c2c00ed75344f14a2eefff03e13be9ef"
"Körperliche Fitness";"Krafttraining & Muskulatur";"Handlungsfelder";"Beschriftung";"Handlungsfeld · Körperliche Fitness · Kurzlabel";"Mit 2× Krafttraining pro Woche starten";"Start strength training twice a week";"";"";"Marketing, Medizin";"Prüfung erforderlich";"";"";"";"recommendation.lever.lv_kraft.label";"recommendations";"en-CH";"3";"v1:d3fd3111d338f5b91a8afe35e5ff9a8bb19678817df79ce37aaec18b6ccdc349";"4265129f020280410eede73abe4e85c1f488c1a4582e5e7e3c2f7242ec70e8b2"
"Körperliche Fitness";"Krafttraining & Muskulatur";"Handlungsfelder";"Detailtext";"Handlungsfeld · Körperliche Fitness · Variante Alter ab 50";"Ab 50 baut der Körper ohne Training jährlich Muskulatur ab – zweimal pro Woche Kraftreize erhalten Kraft, Stabilität und Selbstständigkeit.";"From the age of 50, the body loses muscle each year without training. Strength exercise twice a week helps maintain strength, stability and independence.";"";"";"Marketing, Medizin";"Prüfung erforderlich";"";"";"";"recommendation.lever.lv_kraft.detail.age_50_plus";"recommendations";"en-CH";"3";"v1:d3fd3111d338f5b91a8afe35e5ff9a8bb19678817df79ce37aaec18b6ccdc349";"45f1e514ea34f5f234d31021b2150c53888a56ad8ff9592eb6c6ac5760052622"
"Körperliche Fitness";"Krafttraining & Muskulatur";"Handlungsfelder";"Detailtext";"Handlungsfeld · Körperliche Fitness · Variante Alter unter 50";"Muskulatur ist Ihr Stoffwechsel- und Stabilitätsorgan – schon zwei kurze Einheiten pro Woche (auch mit Körpergewicht) wirken.";"Your muscles support metabolism and stability. Even two short sessions per week, including body-weight exercises, make a difference.";"";"";"Marketing, Medizin";"Prüfung erforderlich";"";"";"";"recommendation.lever.lv_kraft.detail.under_50";"recommendations";"en-CH";"3";"v1:d3fd3111d338f5b91a8afe35e5ff9a8bb19678817df79ce37aaec18b6ccdc349";"11eef7116c3d7a1f6d06eabc0157572611806e746ca00cf65356fd696db43f65"
"Körperliche Fitness";"Krafttraining & Muskulatur";"Stärken";"Beschriftung";"Stärke · Körperliche Fitness · Kurzlabel";"Regelmässiges Krafttraining";"Regular strength training";"";"";"Marketing";"Prüfung erforderlich";"";"";"";"recommendation.strength.st_kraft.label";"recommendations";"en-CH";"3";"v1:d3fd3111d338f5b91a8afe35e5ff9a8bb19678817df79ce37aaec18b6ccdc349";"90a2b325b6c35f7d0108e23e968f5ff063873005b67bb530acac62e0b13dc6af"
"Körperliche Fitness";"Krafttraining & Muskulatur";"Stärken";"Detailtext";"Stärke · Körperliche Fitness · Detailtext";"Mit mindestens zwei Krafteinheiten pro Woche erfüllen Sie die WHO-Empfehlung und erhalten Muskulatur und Stabilität.";"With at least two strength sessions per week, you meet the WHO recommendation and maintain muscle and stability.";"";"";"Marketing, Medizin";"Prüfung erforderlich";"";"";"";"recommendation.strength.st_kraft.detail";"recommendations";"en-CH";"3";"v1:d3fd3111d338f5b91a8afe35e5ff9a8bb19678817df79ce37aaec18b6ccdc349";"41d53af8ffe2a83e1a4ce2a66157bdc985fff9f97dde25297816afba1532fb43"
"Körperliche Fitness";"Krafttraining & Muskulatur";"Ergebnis-Einstieg";"Beschriftung";"Ergebnis-Zusammenfassung · Themenlabel «Krafttraining & Muskulatur»";"Tragkraft im Alltag";"carrying strength in daily life";"";"";"Marketing";"Prüfung erforderlich";"";"";"";"ui.hero.topic.einkaufstaschen";"ui";"en-CH";"3";"v1:d3fd3111d338f5b91a8afe35e5ff9a8bb19678817df79ce37aaec18b6ccdc349";"76ec467a9c22fb23d3ee152369be765792f34d1f4b08f8d92100bd84f57473af"
"Körperliche Fitness";"Krafttraining & Muskulatur";"Ergebnis-Einstieg";"Beschriftung";"Ergebnis-Zusammenfassung · Themenlabel «Krafttraining & Muskulatur»";"Krafttraining";"strength training";"";"";"Marketing";"Prüfung erforderlich";"";"";"";"ui.hero.topic.krafttraining";"ui";"en-CH";"3";"v1:d3fd3111d338f5b91a8afe35e5ff9a8bb19678817df79ce37aaec18b6ccdc349";"46e92bb9effad29306298d6f66643db45403d1c16c727576bf7ff6c30e827e9b"
"Ernährung";"Allgemeine Ernährung";"Coach-Antworten";"Dynamischer Text";"Demo-Coach-Antwort zu Ernährung oder Gewicht";"Kleine Umstellungen wirken: pro Tag eine zusätzliche Portion Gemüse, Hülsenfrüchte oder Vollkorn und gesüsste Getränke reduzieren. Ihr Ernährungs-Wert: <b>{{nutritionScore}}</b>.";"Small changes can make a difference: add an extra portion of vegetables, pulses or whole grains each day and cut back on sweetened drinks. Your nutrition score: <b>{{nutritionScore}}</b>.";"";"";"Marketing, Medizin";"Prüfung erforderlich";"";"{{nutritionScore}}";"";"coach.answer.nutrition";"coach";"en-CH";"3";"v1:d3fd3111d338f5b91a8afe35e5ff9a8bb19678817df79ce37aaec18b6ccdc349";"fa8b90bac52a48fa9354dbc65101f0114c1bc384caca1e7720414a5025c251ee"
"Ernährung";"Allgemeine Ernährung";"Dimensionsdetails";"Überschrift";"Dimensionsdetail · Titel";"Zucker und stark Verarbeitetes";"Sugar and highly processed foods";"";"";"Marketing, Medizin";"Prüfung erforderlich";"";"";"";"recommendation.signal.ernaehrung.title";"recommendations";"en-CH";"3";"v1:d3fd3111d338f5b91a8afe35e5ff9a8bb19678817df79ce37aaec18b6ccdc349";"244f978d686bfbd45b6cd37ca4114d2e6967eeb7e73cd35bc79567c24e641d60"
"Ernährung";"Allgemeine Ernährung";"Gemeinsame Bereichstexte (Fragebogen und Ergebnis)";"Beschriftung";"Gemeinsam in Fragebogen und Ergebnis · Ernährung · Kurzlabel für Navigation und Ergebnisvisualisierung";"Ernährung";"Nutrition";"";"";"Marketing";"Prüfung erforderlich";"";"";"";"service.dimension.ernaehrung.short";"services";"en-CH";"3";"v1:d3fd3111d338f5b91a8afe35e5ff9a8bb19678817df79ce37aaec18b6ccdc349";"dc328d53c0f5a3c0f46bddefe31a3718260e31d2b9659aff06132edc9569adc7"
"Ernährung";"Allgemeine Ernährung";"Gemeinsame Bereichstexte (Fragebogen und Ergebnis)";"Überschrift";"Gemeinsam in Fragebogen und Ergebnis · Ernährung · vollständiger Bereichstitel";"Ernährung";"Nutrition";"";"";"Marketing, Medizin";"Prüfung erforderlich";"";"";"";"service.dimension.ernaehrung.title";"services";"en-CH";"3";"v1:d3fd3111d338f5b91a8afe35e5ff9a8bb19678817df79ce37aaec18b6ccdc349";"d9ec5539ac8c2edde73d5998ef11f033b6801cf2392ec6af4d4998fff80a5938"
"Ernährung";"Allgemeine Ernährung";"Dimensionsdetails";"Persönliche Einordnung";"Dimensionsdetail · Einordnung";"Zuckerhaltige Getränke sättigen meist deutlich weniger als feste Lebensmittel. Je nach Produkt kann ein halber Liter Softdrink rund 50 g Zucker enthalten; Wasser oder Ungesüsstes ist deshalb ein gut umsetzbarer Ersatz.";"Sugar-sweetened beverages are usually much less filling than solid foods. Depending on the product, half a litre of soft drink can contain around 50 g of sugar, so water or an unsweetened option is a manageable replacement.";"";"";"Marketing, Medizin";"Prüfung erforderlich";"Unbelegte Absolutheit zur Sättigung und Priorität entfernt; durch Marketing und Medizin freigeben.";"";"";"recommendation.signal.ernaehrung.insight";"recommendations";"en-CH";"3";"v1:d3fd3111d338f5b91a8afe35e5ff9a8bb19678817df79ce37aaec18b6ccdc349";"a800489df2f4f9e5914dff0b077c4bb3f183532ff87627e3a3b69019d0192274"
"Ernährung";"Allgemeine Ernährung";"Gemeinsame Bereichstexte (Fragebogen und Ergebnis)";"Begründung / Einordnung";"Gemeinsam in Fragebogen und Ergebnis · Ernährung · Einleitung im Fragebogen und in den Ergebnisdetails";"Ihre Essgewohnheiten beeinflussen direkt Ihre Gesundheit und Ihr Wohlbefinden.";"Your eating habits directly affect your health and well-being.";"";"";"Marketing, Medizin";"Prüfung erforderlich";"";"";"";"service.dimension.ernaehrung.intro";"services";"en-CH";"3";"v1:d3fd3111d338f5b91a8afe35e5ff9a8bb19678817df79ce37aaec18b6ccdc349";"9f507ae2ef80d11c345fd8664291ae9462a635d0d7576b4881898ac69f212182"
"Ernährung";"Allgemeine Ernährung";"Dimensionsdetails";"Nächster Schritt";"Dimensionsdetail · konkreter nächster Schritt";"Ein Zuckergetränk pro Tag durch Wasser ersetzen – reine Fruchtsäfte zählen dazu.";"Replace one sugary drink per day with water. Pure fruit juice also counts.";"";"";"Marketing, Medizin";"Prüfung erforderlich";"";"";"";"recommendation.signal.ernaehrung.action";"recommendations";"en-CH";"3";"v1:d3fd3111d338f5b91a8afe35e5ff9a8bb19678817df79ce37aaec18b6ccdc349";"c308b60fd9cf387dcc3bf3833d3ae163234f3e7df5172552622e37c291e99816"
"Ernährung";"Allgemeine Ernährung";"Zusatzhinweise bei abgedeckten Aktionsschritten";"Vertiefung";"Zusatzhinweis bei bereits abgedecktem Aktionsschritt";"Achten Sie zusätzlich auf die Kombination: Flüssiger Zucker und stark verarbeitete Produkte verstärken sich, weil beide viel Energie liefern und nur kurz sättigen. Der Plan setzt deshalb beim leichtesten täglichen Tausch an.";"Also consider the combination: liquid sugar and highly processed products reinforce each other because both provide a lot of energy and only brief satiety. The plan therefore begins with the easiest daily swap.";"";"";"Marketing, Medizin";"Prüfung erforderlich";"";"";"";"recommendation.signal.ernaehrung.deepen";"recommendations";"en-CH";"3";"v1:d3fd3111d338f5b91a8afe35e5ff9a8bb19678817df79ce37aaec18b6ccdc349";"63339aa53a38e1fac105701d53b65a1a362f1baa6140186aa788690ecc74e088"
"Ernährung";"Allgemeine Ernährung";"Risikosignale";"Risikosignal";"Ergebnisseite, Lebensstil-Signal Ernährung";"Zuckerhaltige Getränke oder stark verarbeitete Lebensmittel kommen sehr häufig vor.";"Sugar-sweetened beverages or highly processed foods appear very frequently in your diet.";"";"";"Marketing, Medizin";"Prüfung erforderlich";"";"";"";"recommendation.risk_signal.ernaehrung.label";"recommendations";"en-CH";"3";"v1:d3fd3111d338f5b91a8afe35e5ff9a8bb19678817df79ce37aaec18b6ccdc349";"519870d6210fde37a0c9297df359d5a279040619fb95a02220b2b5e7246602d2"
"Ernährung";"Allgemeine Ernährung";"Positive Dimensionstexte";"Positive Rückmeldung";"Positive Verstärkung für die Dimension ernaehrung";"Ihre Ernährung bietet eine gute Grundlage. Geniessen Sie es, dranzubleiben.";"Your nutrition provides a good foundation. Enjoy staying on track.";"";"";"Marketing, Medizin";"Prüfung erforderlich";"Positive Rückmeldung wird nur noch im Status Stark ausgegeben; durch Marketing und Medizin freigeben.";"";"";"recommendation.positive.ernaehrung";"recommendations";"en-CH";"3";"v1:d3fd3111d338f5b91a8afe35e5ff9a8bb19678817df79ce37aaec18b6ccdc349";"9be527801bdc65ce1fc6940a234a6272e89decfb57cfe5a839f50d137028b0ac"
"Ernährung";"Allgemeine Ernährung";"Solide Dimensionstexte";"Solide Rückmeldung";"Zurückhaltende Rückmeldung für die Dimension ernaehrung im Status Solide";"Mehrere Ihrer Ernährungsgewohnheiten sind bereits günstig. Kleine, alltagstaugliche Anpassungen können die Qualität weiter verbessern.";"Several of your nutrition habits are already beneficial. Small, practical changes can improve the quality further.";"";"";"Marketing, Medizin";"Prüfung erforderlich";"Neu vom positiven Feedback ab Score 80 getrennt; durch Marketing und Medizin freigeben.";"";"";"recommendation.solid.ernaehrung";"recommendations";"en-CH";"3";"v1:d3fd3111d338f5b91a8afe35e5ff9a8bb19678817df79ce37aaec18b6ccdc349";"10fec42f9ab1cdb805d6fc3ef0eadda9e288a98e690d6f291fe17ef7832da0b7"
"Ernährung";"Allgemeine Ernährung";"Ergebnis-Einstieg";"Beschriftung";"Hero-Zusammenfassung, Dimension ernaehrung im Nominativ";"Ihre Ernährung";"Your nutrition";"";"";"Marketing";"Prüfung erforderlich";"";"";"";"ui.hero.dimension.ernaehrung.nominative";"ui";"en-CH";"3";"v1:d3fd3111d338f5b91a8afe35e5ff9a8bb19678817df79ce37aaec18b6ccdc349";"5ca3c5ace24aee82c00792a0da973e835eab1cdece911011a50dc04e8cb01c94"
"Ernährung";"Allgemeine Ernährung";"Ergebnis-Einstieg";"Beschriftung";"Hero-Zusammenfassung, Dimension ernaehrung nach «bei»";"bei Ihrer Ernährung";"in your nutrition";"";"";"Marketing";"Prüfung erforderlich";"";"";"";"ui.hero.dimension.ernaehrung.prepositional";"ui";"en-CH";"3";"v1:d3fd3111d338f5b91a8afe35e5ff9a8bb19678817df79ce37aaec18b6ccdc349";"d81f1abeb71d0ae075f8a537a1c9840af96eef6be2c9060021fee3cd209d5226"
"Ernährung";"Getränke & Zucker";"Empfehlungskarten";"Überschrift";"Empfehlungskarte · Ernährung · Titel";"Flüssige Kalorien reduzieren";"Reduce liquid calories";"";"";"Marketing";"Prüfung erforderlich";"";"";"";"recommendation.catalog.er_getraenke.title";"recommendations";"en-CH";"3";"v1:d3fd3111d338f5b91a8afe35e5ff9a8bb19678817df79ce37aaec18b6ccdc349";"326388ba387a30d6c657d39e73cb392acbb719b5f46527eb0ec39aa93e10d1ba"
"Ernährung";"Getränke & Zucker";"Empfehlungskarten";"Begründung / Einordnung";"Empfehlungskarte · Ernährung · Begründung";"Gesüsste Getränke liefern viel Zucker, ohne satt zu machen, und können Blutzucker und Gewicht ungünstig beeinflussen.";"Sweetened drinks provide a lot of sugar without making you feel full and can adversely affect blood glucose and weight.";"";"";"Marketing, Medizin";"Prüfung erforderlich";"";"";"";"recommendation.catalog.er_getraenke.why";"recommendations";"en-CH";"3";"v1:d3fd3111d338f5b91a8afe35e5ff9a8bb19678817df79ce37aaec18b6ccdc349";"5d5fa286874d8e946a5f754591989478108cefc0dceaafeab71b9fa57e6febbc"
"Ernährung";"Getränke & Zucker";"Empfehlungskarten";"Nächster Schritt";"Empfehlungskarte · Ernährung · konkreter nächster Schritt";"Ersetzen Sie zuckerhaltige Getränke schrittweise durch Wasser, ungesüssten Tee oder mit Früchten aromatisiertes Wasser.";"Gradually replace sugar-sweetened beverages with water, unsweetened tea or water flavoured with fruit.";"";"";"Marketing, Medizin";"Prüfung erforderlich";"";"";"";"recommendation.catalog.er_getraenke.step";"recommendations";"en-CH";"3";"v1:d3fd3111d338f5b91a8afe35e5ff9a8bb19678817df79ce37aaec18b6ccdc349";"7e7b37fce175077022e294959e4f6e978954f53550504736120102e06c769e9b"
"Ernährung";"Getränke & Zucker";"Empfehlungskarten";"Erwarteter Nutzen";"Empfehlungskarte · Ernährung · erwarteter Nutzen";"Weniger flüssiger Zucker entlastet Stoffwechsel und Gewicht spürbar.";"Less liquid sugar noticeably reduces the burden on metabolism and weight.";"";"";"Marketing, Medizin";"Prüfung erforderlich";"";"";"";"recommendation.catalog.er_getraenke.benefit";"recommendations";"en-CH";"3";"v1:d3fd3111d338f5b91a8afe35e5ff9a8bb19678817df79ce37aaec18b6ccdc349";"9d1671afccf1ef30a81ddaad0325996d21ac39158cb641c837fba9d7e5f217e4"
"Ernährung";"Getränke & Zucker";"4-Wochen-Pläne";"4-Wochen-Plan";"4-Wochen-Plan · Diese Woche";"Ersetzen Sie das erste tägliche Zuckergetränk durch Wasser oder Ungesüsstes. Je nach Produkt kann ein halber Liter Softdrink rund <b>50 g Zucker</b> enthalten und sättigt meist nur wenig.";"Replace your first daily sugary drink with water or an unsweetened option. Depending on the product, half a litre of soft drink can contain around <b>50 g of sugar</b> while providing little satiety.";"";"";"Marketing, Medizin";"Prüfung erforderlich";"Produktabhängigkeit ergänzt und absolute Sättigungsbehauptung entfernt; durch Marketing und Medizin freigeben.";"";"";"recommendation.plan.er_getraenke.this_week";"recommendations";"en-CH";"3";"v1:d3fd3111d338f5b91a8afe35e5ff9a8bb19678817df79ce37aaec18b6ccdc349";"ae6e9dc3d6f675304cdd22e25a370888f182f8da1967537f20742ba538a84387"
"Ernährung";"Getränke & Zucker";"4-Wochen-Pläne";"4-Wochen-Plan";"4-Wochen-Plan · Woche 2–3";"Auch <b>reine Fruchtsäfte</b> zählen dazu: Ohne die Fasern der ganzen Frucht bleibt vor allem der Zucker. Machen Sie das gesündere Getränk zur Standardoption – Wasserflasche sichtbar auf den Tisch, Süssgetränke nicht mehr auf Vorrat kaufen.";"<b>Pure fruit juice</b> also counts. Without the fibre of the whole fruit, what remains is mainly sugar. Make the healthier drink your default: place a water bottle visibly on the table and stop keeping sweetened drinks in stock.";"";"";"Marketing, Medizin";"Prüfung erforderlich";"";"";"";"recommendation.plan.er_getraenke.weeks_2_3";"recommendations";"en-CH";"3";"v1:d3fd3111d338f5b91a8afe35e5ff9a8bb19678817df79ce37aaec18b6ccdc349";"b7c1a3a9007db0473579c07126d35a5ec991cd081cb550180a01480316af688b"
"Ernährung";"Getränke & Zucker";"4-Wochen-Pläne";"4-Wochen-Plan";"4-Wochen-Plan · Woche 4";"Bilanz: An wie vielen Tagen kamen Sie ohne aus? Der Effekt wirkt doppelt – weniger Kalorien und stabilere Blutzuckerkurven, was Heisshunger reduziert. Erlauben Sie sich bewusste Ausnahmen statt Verbote; nur die Regel muss stimmen.";"Review your progress: on how many days did you manage without one? The effect works in two ways: fewer calories and more stable blood-glucose curves, which reduces cravings. Allow deliberate exceptions rather than prohibitions; it is the usual pattern that matters.";"";"";"Marketing, Medizin";"Prüfung erforderlich";"";"";"";"recommendation.plan.er_getraenke.week_4";"recommendations";"en-CH";"3";"v1:d3fd3111d338f5b91a8afe35e5ff9a8bb19678817df79ce37aaec18b6ccdc349";"2f112ec9552c99fed371c36a9e517750e1a3976cafaf47c1d7f02bb5852e9ece"
"Ernährung";"Getränke & Zucker";"Handlungsfelder";"Beschriftung";"Handlungsfeld · Ernährung · Kurzlabel";"Zuckergetränke durch Wasser oder Ungesüsstes ersetzen";"Replace sugary drinks with water or unsweetened options";"";"";"Marketing, Medizin";"Prüfung erforderlich";"";"";"";"recommendation.lever.lv_zucker.label";"recommendations";"en-CH";"3";"v1:d3fd3111d338f5b91a8afe35e5ff9a8bb19678817df79ce37aaec18b6ccdc349";"32e3b10c9b48259fdb8c958d7f68545cc97248b7f8ad545fe682d0d0532f6d00"
"Ernährung";"Getränke & Zucker";"Handlungsfelder";"Detailtext";"Handlungsfeld · Ernährung · Detailtext";"Zuckerhaltige Getränke sättigen meist deutlich weniger als feste Lebensmittel. Sie durch Wasser oder Ungesüsstes zu ersetzen, ist deshalb ein gut umsetzbarer Ernährungshebel.";"Sugar-sweetened beverages are usually much less filling than solid foods. Replacing them with water or unsweetened options is therefore a manageable nutrition lever.";"";"";"Marketing, Medizin";"Prüfung erforderlich";"Unbelegte Absolutheit zur Sättigung und Priorität entfernt; durch Marketing und Medizin freigeben.";"";"";"recommendation.lever.lv_zucker.detail";"recommendations";"en-CH";"3";"v1:d3fd3111d338f5b91a8afe35e5ff9a8bb19678817df79ce37aaec18b6ccdc349";"6e3a4f4c464188823742391d40fe323096b41bf14fe38a0fb76eece4ad8d641a"
"Ernährung";"Getränke & Zucker";"Ergebnis-Einstieg";"Beschriftung";"Ergebnis-Zusammenfassung · Themenlabel «Getränke & Zucker»";"zuckerhaltige Getränke";"sugar-sweetened beverages";"";"";"Marketing";"Prüfung erforderlich";"";"";"";"ui.hero.topic.zuckergetraenke";"ui";"en-CH";"3";"v1:d3fd3111d338f5b91a8afe35e5ff9a8bb19678817df79ce37aaec18b6ccdc349";"37ea350cd92bbf3d920bfcfb43f0a7af9976a77ad7a3fd6074f645d5bc4e3868"
"Ernährung";"Omega-3";"Empfehlungskarten";"Überschrift";"Empfehlungskarte · Ernährung · Titel";"Mehr Omega-3 einbauen";"Include more omega-3";"";"";"Marketing";"Prüfung erforderlich";"";"";"";"recommendation.catalog.er_omega3.title";"recommendations";"en-CH";"3";"v1:d3fd3111d338f5b91a8afe35e5ff9a8bb19678817df79ce37aaec18b6ccdc349";"f6c93030e60066f6c6387251ece92f4b6c516d01ba629bda69488897f947064d"
"Ernährung";"Omega-3";"Empfehlungskarten";"Begründung / Einordnung";"Empfehlungskarte · Ernährung · Begründung";"Omega-3-reiche Lebensmittel kommen aktuell selten vor. Sie unterstützen Herz, Gehirn und die Entzündungsregulation.";"Omega-3-rich foods currently appear infrequently in your diet. They support the heart, brain and regulation of inflammation.";"";"";"Marketing, Medizin";"Prüfung erforderlich";"";"";"";"recommendation.catalog.er_omega3.why";"recommendations";"en-CH";"3";"v1:d3fd3111d338f5b91a8afe35e5ff9a8bb19678817df79ce37aaec18b6ccdc349";"ed1326aebc3c791ba4eed1b3453b7da20a16862558b8213c40c010ec731fc5bf"
"Ernährung";"Omega-3";"Empfehlungskarten";"Nächster Schritt";"Empfehlungskarte · Ernährung · konkreter nächster Schritt";"Planen Sie 1- bis 2-mal pro Woche fetten Fisch (Lachs, Hering, Makrele) ein oder streuen Sie täglich Leinsamen bzw. Baumnüsse über Ihre Mahlzeiten.";"Include oily fish such as salmon, herring or mackerel once or twice a week, or add linseeds or walnuts to your meals each day.";"";"";"Marketing, Medizin";"Prüfung erforderlich";"";"";"";"recommendation.catalog.er_omega3.step";"recommendations";"en-CH";"3";"v1:d3fd3111d338f5b91a8afe35e5ff9a8bb19678817df79ce37aaec18b6ccdc349";"10596b8820913c0a97173453487d0c2c622d2fdd1e342b25911a2b5cd4ce8c24"
"Ernährung";"Omega-3";"Empfehlungskarten";"Erwarteter Nutzen";"Empfehlungskarte · Ernährung · erwarteter Nutzen";"Eine bessere Omega-3-Versorgung unterstützt Herz-Kreislauf-Gesundheit und Wohlbefinden.";"A better omega-3 supply supports cardiovascular health and wellbeing.";"";"";"Marketing, Medizin";"Prüfung erforderlich";"";"";"";"recommendation.catalog.er_omega3.benefit";"recommendations";"en-CH";"3";"v1:d3fd3111d338f5b91a8afe35e5ff9a8bb19678817df79ce37aaec18b6ccdc349";"c26a9f045be5dd81473b46d4da5f107f16e46faaa5fb4dc1d295d62d29a5d833"
"Ernährung";"Omega-3";"4-Wochen-Pläne";"4-Wochen-Plan";"4-Wochen-Plan · Diese Woche";"Planen Sie <b>ein bis zwei feste «Fischtage»</b> pro Woche mit fettem Fisch (Lachs, Hering, Makrele, Sardinen). Vegetarisch/vegan: Algenöl liefert Omega-3, das der Körper direkt nutzen kann – anders als die Vorstufe aus Leinöl.";"Plan <b>one or two fixed “fish days”</b> per week with oily fish such as salmon, herring, mackerel or sardines. For a vegetarian or vegan option, algal oil provides omega-3 that the body can use directly, unlike the precursor in linseed oil.";"";"";"Marketing, Medizin";"Prüfung erforderlich";"";"";"";"recommendation.plan.er_omega3.this_week";"recommendations";"en-CH";"3";"v1:d3fd3111d338f5b91a8afe35e5ff9a8bb19678817df79ce37aaec18b6ccdc349";"f6c028992206860ce9bc3c4b9b524e477b50c70135a536b6b627df19887ec637"
"Ernährung";"Omega-3";"4-Wochen-Pläne";"4-Wochen-Plan";"4-Wochen-Plan · Woche 2–3";"Streuen Sie täglich eine Portion Leinsamen (geschrotet), Chiasamen oder Baumnüsse über Mahlzeiten. Omega-3 wirkt entzündungshemmend und unterstützt Herz und Gehirn – der Körper bildet es nicht selbst, deshalb zählt die regelmässige Zufuhr.";"Add a portion of ground linseeds, chia seeds or walnuts to your meals each day. Omega-3 has an anti-inflammatory effect and supports the heart and brain. The body does not produce it itself, so regular intake matters.";"";"";"Marketing, Medizin";"Prüfung erforderlich";"";"";"";"recommendation.plan.er_omega3.weeks_2_3";"recommendations";"en-CH";"3";"v1:d3fd3111d338f5b91a8afe35e5ff9a8bb19678817df79ce37aaec18b6ccdc349";"841383d916e20d4cd06dd3edb8f2ffd5976e7d273071219c2ffdacd3da430227"
"Ernährung";"Omega-3";"4-Wochen-Pläne";"4-Wochen-Plan";"4-Wochen-Plan · Woche 4";"Verankern Sie die Fischtage als festen Wochenrhythmus und halten Sie eine pflanzliche Omega-3-Quelle immer griffbereit. Regelmässigkeit schlägt Menge.";"Make the fish days part of a fixed weekly routine and always keep a plant-based omega-3 source within easy reach. Regularity matters more than quantity.";"";"";"Marketing, Medizin";"Prüfung erforderlich";"";"";"";"recommendation.plan.er_omega3.week_4";"recommendations";"en-CH";"3";"v1:d3fd3111d338f5b91a8afe35e5ff9a8bb19678817df79ce37aaec18b6ccdc349";"d4242cd332a6deb61dc105f5b24362f77e2e8229ec93ada1ec3b03e7a7644cf5"
"Ernährung";"Omega-3";"Handlungsfelder";"Beschriftung";"Handlungsfeld · Ernährung · Kurzlabel";"Feste Omega-3-Quelle einplanen (fettreicher Fisch oder Algenöl)";"Plan a regular omega-3 source (oily fish or algal oil)";"";"";"Marketing, Medizin";"Prüfung erforderlich";"";"";"";"recommendation.lever.lv_omega.label";"recommendations";"en-CH";"3";"v1:d3fd3111d338f5b91a8afe35e5ff9a8bb19678817df79ce37aaec18b6ccdc349";"e2ab32e7206d4955738c32540a3588e5c3940ffd14338c4090c34ae7aa64eb48"
"Ernährung";"Omega-3";"Handlungsfelder";"Detailtext";"Handlungsfeld · Ernährung · Detailtext";"Fetter Fisch liefert die Omega-3-Fettsäuren EPA und DHA. Zwei Fischportionen pro Woche entsprechen gängigen Ernährungsempfehlungen; Nahrungsergänzungsmittel sollten nicht pauschal gleichgesetzt werden.";"Oily fish provides the omega-3 fatty acids EPA and DHA. Two portions of fish per week align with common dietary recommendations. Supplements should not automatically be considered equivalent.";"";"";"Marketing, Medizin";"Prüfung erforderlich";"Lebensmittel- und Supplementevidenz getrennt und Wirkungsversprechen entfernt; durch Marketing und Medizin freigeben.";"";"";"recommendation.lever.lv_omega.detail";"recommendations";"en-CH";"3";"v1:d3fd3111d338f5b91a8afe35e5ff9a8bb19678817df79ce37aaec18b6ccdc349";"1244c20c1e470149dc2d71ec8ceb945e6505fa5a98b2b4a6fc0049fc65c37331"
"Ernährung";"Omega-3";"Ergebnis-Einstieg";"Beschriftung";"Ergebnis-Zusammenfassung · Themenlabel «Omega-3»";"Omega-3";"omega-3";"";"";"Marketing";"Prüfung erforderlich";"";"";"";"ui.hero.topic.omega3";"ui";"en-CH";"3";"v1:d3fd3111d338f5b91a8afe35e5ff9a8bb19678817df79ce37aaec18b6ccdc349";"f42e493248f3ea7fd1f0d2859e0d8073a812247dbf19cb1700b22e1259ac2eec"
"Ernährung";"Pflanzenvielfalt";"Empfehlungskarten";"Überschrift";"Empfehlungskarte · Ernährung · Titel";"Pflanzliche Vielfalt erhöhen";"Increase plant diversity";"";"";"Marketing";"Prüfung erforderlich";"";"";"";"recommendation.catalog.er_vielfalt.title";"recommendations";"en-CH";"3";"v1:d3fd3111d338f5b91a8afe35e5ff9a8bb19678817df79ce37aaec18b6ccdc349";"67ee481f9ee1a79209b8a1e1dd921125b29bdae01fc386afe3e0c49b25dc4408"
"Ernährung";"Pflanzenvielfalt";"Empfehlungskarten";"Begründung / Einordnung";"Empfehlungskarte · Ernährung · Begründung";"Aktuell essen Sie eher wenige verschiedene pflanzliche Lebensmittel. Vielfalt fördert ein gesundes Darmmikrobiom und liefert wertvolle Ballast- und Pflanzenstoffe.";"You currently eat relatively few different plant foods. Diversity supports a healthy gut microbiome and provides valuable fibre and plant compounds.";"";"";"Marketing, Medizin";"Prüfung erforderlich";"";"";"";"recommendation.catalog.er_vielfalt.why";"recommendations";"en-CH";"3";"v1:d3fd3111d338f5b91a8afe35e5ff9a8bb19678817df79ce37aaec18b6ccdc349";"2ea8c3e6607737753c5e9a8834474a248b000912398e57ff5c6b117e7c491ab8"
"Ernährung";"Pflanzenvielfalt";"Empfehlungskarten";"Nächster Schritt";"Empfehlungskarte · Ernährung · konkreter nächster Schritt";"Nehmen Sie sich vor, pro Woche ein paar neue Sorten einzubauen – z. B. eine zusätzliche Gemüse-, Hülsenfrucht- oder Vollkornsorte pro Tag.";"Aim to add a few new varieties each week, for example one additional type of vegetable, legume or wholegrain food per day.";"";"";"Marketing, Medizin";"Prüfung erforderlich";"";"";"";"recommendation.catalog.er_vielfalt.step";"recommendations";"en-CH";"3";"v1:d3fd3111d338f5b91a8afe35e5ff9a8bb19678817df79ce37aaec18b6ccdc349";"1ce57c022c2d9c98016db41b18e454bf2aa3e40ae9c042f5f3ff7700fbf4f412"
"Ernährung";"Pflanzenvielfalt";"Empfehlungskarten";"Erwarteter Nutzen";"Empfehlungskarte · Ernährung · erwarteter Nutzen";"Mehr pflanzliche Vielfalt wirkt sich gleich auf mehrere Gesundheitsbereiche positiv aus.";"Greater plant diversity benefits several aspects of health at once.";"";"";"Marketing, Medizin";"Prüfung erforderlich";"";"";"";"recommendation.catalog.er_vielfalt.benefit";"recommendations";"en-CH";"3";"v1:d3fd3111d338f5b91a8afe35e5ff9a8bb19678817df79ce37aaec18b6ccdc349";"088bf2b614cb86f28fe2c476f04247e145e6b34086810811d4e519471a703f69"
"Ernährung";"Pflanzenvielfalt";"4-Wochen-Pläne";"4-Wochen-Plan";"4-Wochen-Plan · Diese Woche";"Nehmen Sie sich <b>zwei bis drei neue pflanzliche Sorten</b> vor. Auch Gewürze, Kräuter, Nüsse und Samen zählen – der Einstieg ist leichter, als viele denken.";"Aim to add <b>two or three new plant varieties</b>. Spices, herbs, nuts and seeds all count, so getting started is easier than many people think.";"";"";"Marketing, Medizin";"Prüfung erforderlich";"";"";"";"recommendation.plan.er_vielfalt.this_week";"recommendations";"en-CH";"3";"v1:d3fd3111d338f5b91a8afe35e5ff9a8bb19678817df79ce37aaec18b6ccdc349";"de8400cca3576e85f7114aa2a6aa59c3a5ac209330b9a50253f8babf3bad0f69"
"Ernährung";"Pflanzenvielfalt";"4-Wochen-Pläne";"4-Wochen-Plan";"4-Wochen-Plan · Woche 2–3";"Richtwert: rund 30 verschiedene pflanzliche Lebensmittel pro Woche. Vielfalt füttert das Darmmikrobiom, das wiederum Immunsystem, Stoffwechsel und sogar Stimmung beeinflusst. Trick: pro Einkauf eine neue Sorte ausprobieren.";"A guide is around 30 different plant foods per week. Diversity feeds the gut microbiome, which in turn influences the immune system, metabolism and even mood. One practical trick is to try one new variety with each shop.";"";"";"Marketing, Medizin";"Prüfung erforderlich";"";"";"";"recommendation.plan.er_vielfalt.weeks_2_3";"recommendations";"en-CH";"3";"v1:d3fd3111d338f5b91a8afe35e5ff9a8bb19678817df79ce37aaec18b6ccdc349";"7121c0e7f42cca422980fb5d98ed48be66e4c1fdfa050fb7a72ad156a9e74e91"
"Ernährung";"Pflanzenvielfalt";"4-Wochen-Pläne";"4-Wochen-Plan";"4-Wochen-Plan · Woche 4";"Etablieren Sie feste «Vielfalt-Anker» (z. B. eine Handvoll gemischte Nüsse/Samen täglich, wöchentlich wechselndes Gemüse), damit Abwechslung ohne Aufwand läuft.";"Establish fixed “diversity anchors”, such as a handful of mixed nuts or seeds each day and vegetables that vary each week, so variety becomes effortless.";"";"";"Marketing, Medizin";"Prüfung erforderlich";"";"";"";"recommendation.plan.er_vielfalt.week_4";"recommendations";"en-CH";"3";"v1:d3fd3111d338f5b91a8afe35e5ff9a8bb19678817df79ce37aaec18b6ccdc349";"0d66f810d5cef5b317955a5ab8ff16ba46bc81732ab3475b2575b7ba21968c6b"
"Ernährung";"Pflanzenvielfalt";"Handlungsfelder";"Beschriftung";"Handlungsfeld · Ernährung · Kurzlabel";"Pflanzliche Vielfalt schrittweise erhöhen";"Gradually increase plant diversity";"";"";"Marketing, Medizin";"Prüfung erforderlich";"Beobachtenden 30-Pflanzen-Wert nicht als klinischen Grenzwert ausgegeben; durch Marketing und Medizin freigeben.";"";"";"recommendation.lever.lv_pflanzen.label";"recommendations";"en-CH";"3";"v1:d3fd3111d338f5b91a8afe35e5ff9a8bb19678817df79ce37aaec18b6ccdc349";"5bdc55bec7fcdcd01da21e8020ff8b27040f2c99648aa11a72ea3bfac12c16c9"
"Ernährung";"Pflanzenvielfalt";"Handlungsfelder";"Detailtext";"Handlungsfeld · Ernährung · Detailtext";"Vielfalt füttert Ihr Darmmikrobiom – Gewürze, Kräuter, Nüsse und Samen zählen mit und machen den Einstieg leicht.";"Diversity feeds your gut microbiome. Spices, herbs, nuts and seeds all count and make it easy to get started.";"";"";"Marketing, Medizin";"Prüfung erforderlich";"";"";"";"recommendation.lever.lv_pflanzen.detail";"recommendations";"en-CH";"3";"v1:d3fd3111d338f5b91a8afe35e5ff9a8bb19678817df79ce37aaec18b6ccdc349";"e3bb37ad74f4301f3870b6ba910f0daeaa7acd14e0e731bb56f27def20df19fe"
"Ernährung";"Pflanzenvielfalt";"Stärken";"Beschriftung";"Stärke · Ernährung · Kurzlabel";"Grosse pflanzliche Vielfalt";"Wide variety of plant foods";"";"";"Marketing";"Prüfung erforderlich";"";"";"";"recommendation.strength.st_pflanzen.label";"recommendations";"en-CH";"3";"v1:d3fd3111d338f5b91a8afe35e5ff9a8bb19678817df79ce37aaec18b6ccdc349";"a1c9aa26e2a51d5dc7f4805115d48d8e2a129bbd3b1c741a0f092d91f7416610"
"Ernährung";"Pflanzenvielfalt";"Stärken";"Detailtext";"Stärke · Ernährung · Detailtext";"Ihre vielfältige Auswahl pflanzlicher Lebensmittel trägt zu einer abwechslungsreichen Ballaststoff- und Mikronährstoffzufuhr bei.";"Your varied selection of plant foods contributes to a diverse intake of fibre and micronutrients.";"";"";"Marketing, Medizin";"Prüfung erforderlich";"Nicht validierte Aussage zum optimalen Mikrobiom entfernt; durch Marketing und Medizin freigeben.";"";"";"recommendation.strength.st_pflanzen.detail";"recommendations";"en-CH";"3";"v1:d3fd3111d338f5b91a8afe35e5ff9a8bb19678817df79ce37aaec18b6ccdc349";"6f0abdafe9b8b669d13e7873020fbd503a4c7e75f7d37564397b1991475bb29b"
"Ernährung";"Pflanzenvielfalt";"Ergebnis-Einstieg";"Beschriftung";"Ergebnis-Zusammenfassung · Themenlabel «Pflanzenvielfalt»";"pflanzliche Vielfalt";"plant diversity";"";"";"Marketing";"Prüfung erforderlich";"";"";"";"ui.hero.topic.pflanzenvielfalt";"ui";"en-CH";"3";"v1:d3fd3111d338f5b91a8afe35e5ff9a8bb19678817df79ce37aaec18b6ccdc349";"f08821bdbfc6a43558711619c9ca118f29f8381e3ab005e9b1fcf435f3a56ec2"
"Ernährung";"Protein & Muskelerhalt";"Empfehlungskarten";"Überschrift";"Empfehlungskarte · Ernährung · Titel";"Proteinquellen regelmässig einplanen";"Include protein sources regularly";"";"";"Marketing";"Prüfung erforderlich";"Beschreibt die tatsächlich erfasste Gewohnheit statt eine nicht gemessene Gesamtversorgung; durch Marketing freigeben.";"";"";"recommendation.catalog.er_protein.title";"recommendations";"en-CH";"3";"v1:d3fd3111d338f5b91a8afe35e5ff9a8bb19678817df79ce37aaec18b6ccdc349";"eac457fc5161bb0058ab8505f7321f73b58de6125348d55c58f02f812bd9b6c7"
"Ernährung";"Protein & Muskelerhalt";"Empfehlungskarten";"Begründung / Einordnung";"Empfehlungskarte · Ernährung · Begründung";"Ihre Antwort zeigt, dass Sie bisher eher selten zu mehreren Mahlzeiten oder Snacks eine klare Proteinquelle einbauen. Krafttraining setzt den Reiz für Muskelanpassungen, Protein liefert die Bausteine. Die Frage erfasst diese Routine, aber nicht Ihre tatsächliche Tagesmenge.";"Your answer shows that you currently include a clear source of protein in several meals or snacks rather infrequently. Strength training provides the stimulus for muscle adaptation, and protein provides the building blocks. This question assesses the routine, not your actual daily intake.";"";"";"Marketing, Medizin";"Prüfung erforderlich";"Versorgungsdiagnose und pauschale Altersaussage entfernt; durch Marketing und Medizin freigeben.";"";"";"recommendation.catalog.er_protein.why";"recommendations";"en-CH";"3";"v1:d3fd3111d338f5b91a8afe35e5ff9a8bb19678817df79ce37aaec18b6ccdc349";"fcc9d120e03fc7603ec09617f4ed5acf84e7e7012e0712a8f0cb5aa3e8ea37f7"
"Ernährung";"Protein & Muskelerhalt";"Empfehlungskarten";"Nächster Schritt";"Empfehlungskarte · Ernährung · konkreter nächster Schritt";"Beginnen Sie mit zwei Hauptmahlzeiten pro Tag: Planen Sie jeweils eine klare Proteinquelle ein, zum Beispiel Hülsenfrüchte, Tofu, Eier, Quark, Joghurt, Fisch oder Fleisch. Wenn das zuverlässig klappt, ergänzen Sie eine dritte Gelegenheit.";"Start with two main meals per day. Include a clear source of protein in each, such as legumes, tofu, eggs, quark, yoghurt, fish or meat. Once this works reliably, add a third occasion.";"";"";"Marketing, Medizin";"Prüfung erforderlich";"Niederschwelliger Aufbau statt pauschaler Portions- oder Grammanforderung; durch Marketing und Medizin freigeben.";"";"";"recommendation.catalog.er_protein.step";"recommendations";"en-CH";"3";"v1:d3fd3111d338f5b91a8afe35e5ff9a8bb19678817df79ce37aaec18b6ccdc349";"4bd71f033c41774011e5da48a3c5e0ae2a1b36c1e0404e9ae5d8d4956e994468"
"Ernährung";"Protein & Muskelerhalt";"Empfehlungskarten";"Erwarteter Nutzen";"Empfehlungskarte · Ernährung · erwarteter Nutzen";"Eine passende Gesamtzufuhr unterstützt zusammen mit Krafttraining den Aufbau und Erhalt der Muskulatur. Mehr Protein ist dabei nicht automatisch besser.";"Together with strength training, an appropriate total intake supports building and maintaining muscle. More protein is not automatically better.";"";"";"Marketing, Medizin";"Prüfung erforderlich";"Pauschales Sättigungsversprechen entfernt und Zusammenspiel mit dem Trainingsreiz präzisiert; durch Marketing und Medizin freigeben.";"";"";"recommendation.catalog.er_protein.benefit";"recommendations";"en-CH";"3";"v1:d3fd3111d338f5b91a8afe35e5ff9a8bb19678817df79ce37aaec18b6ccdc349";"6a2261c04873f33f0d11b6c7487bd9126ac892031a56463c6662e86feeba33a5"
"Ernährung";"Protein & Muskelerhalt";"4-Wochen-Pläne";"4-Wochen-Plan";"4-Wochen-Plan · Diese Woche";"Markieren Sie an zwei typischen Tagen, zu welchen Mahlzeiten bereits eine klare Proteinquelle gehört. Ergänzen Sie zunächst <b>zwei Hauptmahlzeiten pro Tag</b> mit Hülsenfrüchten, Tofu, Eiern, Quark, Joghurt, Fisch oder Fleisch.";"On two typical days, mark which meals already include a clear source of protein. First add legumes, tofu, eggs, quark, yoghurt, fish or meat to <b>two main meals per day</b>.";"";"";"Marketing, Medizin";"Prüfung erforderlich";"Unpräzise Handflächen-Faustregel durch beobachtbaren ersten Gewohnheitsschritt ersetzt; durch Marketing und Medizin freigeben.";"";"";"recommendation.plan.er_protein.this_week";"recommendations";"en-CH";"3";"v1:d3fd3111d338f5b91a8afe35e5ff9a8bb19678817df79ce37aaec18b6ccdc349";"ddc2d5176f0ef5a653cb52de0b63a549fb375f3672dbd601e606db7d42d0e507"
"Ernährung";"Protein & Muskelerhalt";"4-Wochen-Pläne";"4-Wochen-Plan";"4-Wochen-Plan · Woche 2–3";"Erweitern Sie die Routine nach Möglichkeit auf drei Mahlzeiten oder Snacks mit einer klaren Proteinquelle. Die Frage berechnet kein persönliches Grammziel. Bei einer Nierenerkrankung oder medizinisch verordneten Ernährung sollten Sie die passende Menge fachlich klären.";"If possible, expand the routine to three meals or snacks with a clear source of protein. The question does not calculate a personal gram target. If you have kidney disease or a medically prescribed diet, discuss the appropriate amount with a healthcare professional.";"";"";"Marketing, Medizin";"Prüfung erforderlich";"Generische Variante ohne unbelegtes Blutzucker- oder Altersschutzversprechen; durch Marketing und Medizin freigeben.";"";"";"recommendation.plan.er_protein.weeks_2_3";"recommendations";"en-CH";"3";"v1:d3fd3111d338f5b91a8afe35e5ff9a8bb19678817df79ce37aaec18b6ccdc349";"a6986676b4babaedad44951b38a2caeb2f354e8acc064e130a7271d8560ed72c"
"Ernährung";"Protein & Muskelerhalt";"4-Wochen-Pläne";"4-Wochen-Plan";"4-Wochen-Plan · Woche 2–3, Erwachsene mit mindestens zwei Krafttrainingstagen pro Woche";"Wenn Sie als gesunder Erwachsener regelmässig Kraft trainieren, sind etwa 1,4–1,6 g/kg/Tag eine praktische Orientierung. In der Meta-Analyse flachten die durchschnittlichen zusätzlichen Vorteile für den Aufbau fettfreier Masse ab rund 1,6 g/kg/Tag deutlich ab. Bis etwa 2,0 g/kg/Tag können bei sehr hoher Trainingsbelastung oder einem gezielten Energiedefizit als individueller Spielraum sinnvoll sein; für die meisten Menschen ist das nicht nötig, und das Alter allein begründet dieses Ziel nicht. Bei einer Nierenerkrankung oder medizinisch verordneten Ernährung gilt: zuerst fachlich klären.";"If you are a healthy adult who regularly does strength training, around 1.4–1.6 g/kg/day is a practical guide. In the meta-analysis, the average additional benefits for building lean mass levelled off markedly from around 1.6 g/kg/day. Up to around 2.0 g/kg/day may be appropriate on an individual basis during very high training loads or a deliberate energy deficit. Most people do not need this, and age alone is not a reason to aim for it. If you have kidney disease or a medically prescribed diet, seek professional advice first.";"";"";"Marketing, Medizin";"Prüfung erforderlich";"Neue evidenzgebundene Variante nach Morton et al.; Zahlen und Anwendungsgrenzen durch Marketing und Medizin freigeben.";"";"1.4–1.6 g/kg/day | 1.6 g/kg/day | 2.0 g/kg/day";"recommendation.plan.er_protein.weeks_2_3.strength_training";"recommendations";"en-CH";"3";"v1:d3fd3111d338f5b91a8afe35e5ff9a8bb19678817df79ce37aaec18b6ccdc349";"a62cde5ac8ab0d45d51046df0f67f814c3586e0229478315739ec071f5ddc90d"
"Ernährung";"Protein & Muskelerhalt";"4-Wochen-Pläne";"4-Wochen-Plan";"4-Wochen-Plan · Woche 4";"Prüfen Sie an drei typischen Tagen, ob die geplanten Proteinquellen alltagstauglich geworden sind. Wenn für Training oder Ernährung ein genaues g/kg-Ziel relevant ist, lassen Sie es anhand Ihrer Situation einordnen; Proteinpulver ist nicht automatisch erforderlich.";"On three typical days, check whether the planned protein sources have become practical in daily life. If an exact g/kg target is relevant for your training or diet, have it assessed for your situation. Protein powder is not automatically necessary.";"";"";"Marketing, Medizin";"Prüfung erforderlich";"Erfolgskontrolle und Grenze der Selbsteinschätzung ergänzt; durch Marketing und Medizin freigeben.";"";"";"recommendation.plan.er_protein.week_4";"recommendations";"en-CH";"3";"v1:d3fd3111d338f5b91a8afe35e5ff9a8bb19678817df79ce37aaec18b6ccdc349";"71e864878712e905caaae6a29ffdc873d34f218d772a85ba0105606adfae675a"
"Ernährung";"Protein & Muskelerhalt";"Handlungsfelder";"Beschriftung";"Handlungsfeld · Ernährung · Kurzlabel";"Proteinquellen regelmässig einplanen";"Include protein sources regularly";"";"";"Marketing, Medizin";"Prüfung erforderlich";"Auf den tatsächlich gemessenen Häufigkeits- und Verteilungsindikator präzisiert; durch Marketing und Medizin freigeben.";"";"";"recommendation.lever.lv_protein.label";"recommendations";"en-CH";"3";"v1:d3fd3111d338f5b91a8afe35e5ff9a8bb19678817df79ce37aaec18b6ccdc349";"e6b0bb22af9c16268da6c50106acc065118ba2cc3cd9d95c02028e4c78a9c382"
"Ernährung";"Protein & Muskelerhalt";"Handlungsfelder";"Detailtext";"Handlungsfeld · Ernährung · Variante Alter ab 60";"Regelmässige Proteinquellen können zusammen mit Krafttraining den Erhalt von Muskelmasse und Funktion unterstützen. Die passende Menge hängt von Körpergewicht, Training, Energiezufuhr und Gesundheitszustand ab; das Alter allein begründet kein Ziel von 2,0 g/kg/Tag.";"Regular protein sources can support the maintenance of muscle mass and function together with strength training. The appropriate amount depends on body weight, training, energy intake and health status. Age alone is not a reason to aim for 2.0 g/kg/day.";"";"";"Marketing, Medizin";"Prüfung erforderlich";"Altersrelevanz ohne pauschales 2-g-Ziel eingeordnet; durch Marketing und Medizin freigeben.";"";"2.0 g/kg/day";"recommendation.lever.lv_protein.detail.age_60_plus";"recommendations";"en-CH";"3";"v1:d3fd3111d338f5b91a8afe35e5ff9a8bb19678817df79ce37aaec18b6ccdc349";"c7b6205435ba02b3d817322a3d3bca6d5019b919a5b7a97e2ca7422aaae177cb"
"Ernährung";"Protein & Muskelerhalt";"Handlungsfelder";"Detailtext";"Handlungsfeld · Ernährung · Variante Alter unter 60";"Regelmässige Proteinquellen sind eine hilfreiche Ernährungsroutine. Ob die persönliche Tagesmenge passt, lässt sich aus dieser Antwort nicht ableiten; dafür sind unter anderem Körpergewicht, Krafttraining, Energiezufuhr und Gesundheitszustand relevant.";"Regular protein sources are a useful nutrition routine. This answer cannot show whether your personal daily intake is appropriate; relevant factors include body weight, strength training, energy intake and health status.";"";"";"Marketing, Medizin";"Prüfung erforderlich";"Die Aussage wird ausdrücklich als Gewohnheitsindikator statt Versorgungsnachweis geführt; durch Marketing und Medizin freigeben.";"";"";"recommendation.lever.lv_protein.detail.under_60";"recommendations";"en-CH";"3";"v1:d3fd3111d338f5b91a8afe35e5ff9a8bb19678817df79ce37aaec18b6ccdc349";"b0753ad08d325eaaaca33496e07b8ed71ada3e9b150914bbab97c2c5d65d5703"
"Ernährung";"Protein & Muskelerhalt";"Quellenlabels";"Quellenbezeichnung";"Sichtbares Label der Meta-Analyse zu Protein und Krafttraining";"Morton et al.: Protein und Krafttraining – Meta-Analyse";"Morton et al.: protein and strength training – meta-analysis";"";"";"Marketing, Medizin";"Prüfung erforderlich";"Neue Primärquelle für die konditionale Protein-Planvariante; sichtbares Quellenlabel freigeben.";"";"";"recommendation.source.morton_protein.label";"recommendations";"en-CH";"3";"v1:d3fd3111d338f5b91a8afe35e5ff9a8bb19678817df79ce37aaec18b6ccdc349";"c4eaee3f478fd54575e6f3d467c19d641e1842cf6e853664af383ee4671d4e9a"
"Ernährung";"Protein & Muskelerhalt";"Stärken";"Beschriftung";"Stärke · Ernährung · Kurzlabel";"Proteinquellen regelmässig eingeplant";"Protein sources included regularly";"";"";"Marketing";"Prüfung erforderlich";"Vermeidet eine nicht gemessene Aussage zur Gesamtversorgung; durch Marketing freigeben.";"";"";"recommendation.strength.st_protein.label";"recommendations";"en-CH";"3";"v1:d3fd3111d338f5b91a8afe35e5ff9a8bb19678817df79ce37aaec18b6ccdc349";"38fda5296ecc20353e8f0a2bb680d891bb61ecb15498ee350e70fb36ce349a74"
"Ernährung";"Protein & Muskelerhalt";"Stärken";"Detailtext";"Stärke · Ernährung · Detailtext";"Sie bauen an den meisten Tagen zu mehreren Mahlzeiten oder Snacks eine Proteinquelle ein. Das ist eine gute Routine; die Antwort zeigt jedoch nicht, ob Ihre persönliche Tagesmenge bereits passend ist.";"On most days, you include a source of protein in several meals or snacks. This is a good routine, but the answer does not show whether your personal daily amount is already appropriate.";"";"";"Marketing, Medizin";"Prüfung erforderlich";"Positive Verhaltensrückmeldung ohne unbelegtes Versorgungs-, Muskel- oder Sättigungsversprechen; durch Marketing und Medizin freigeben.";"";"";"recommendation.strength.st_protein.detail";"recommendations";"en-CH";"3";"v1:d3fd3111d338f5b91a8afe35e5ff9a8bb19678817df79ce37aaec18b6ccdc349";"d270b619a4e2c581dbca77c32da2b22e90d6a7a14f7b3f93664bf7280545253c"
"Ernährung";"Protein & Muskelerhalt";"Ergebnis-Einstieg";"Beschriftung";"Ergebnis-Zusammenfassung · Themenlabel «Protein & Muskelerhalt»";"Protein-Routine";"protein routine";"";"";"Marketing";"Prüfung erforderlich";"Vermeidet eine nicht gemessene Aussage zur Gesamtversorgung; durch Marketing freigeben.";"";"";"ui.hero.topic.protein";"ui";"en-CH";"3";"v1:d3fd3111d338f5b91a8afe35e5ff9a8bb19678817df79ce37aaec18b6ccdc349";"d2835e6535401b7b67c2be14ab4efb3dc38ec3f307a2103ac886801211c2f6c1"
"Ernährung";"Sättigung & Essverhalten";"Empfehlungskarten";"Überschrift";"Empfehlungskarte · Ernährung · Titel";"Mahlzeiten sättigender gestalten";"Make meals more filling";"";"";"Marketing";"Prüfung erforderlich";"";"";"";"recommendation.catalog.er_saettigung.title";"recommendations";"en-CH";"3";"v1:d3fd3111d338f5b91a8afe35e5ff9a8bb19678817df79ce37aaec18b6ccdc349";"c0e401b55b81f80479330bff1f7b944292a7e823edb1cec0938145340044a014"
"Ernährung";"Sättigung & Essverhalten";"Empfehlungskarten";"Begründung / Einordnung";"Empfehlungskarte · Ernährung · Begründung";"Sie fühlen sich nach Hauptmahlzeiten nicht verlässlich mehrere Stunden satt. Eine ausgewogene Zusammensetzung kann helfen, Snackbedarf und Energietiefs zu reduzieren.";"You do not reliably feel full for several hours after main meals. A balanced composition can help reduce the need for snacks and energy dips.";"";"";"Marketing, Medizin";"Prüfung erforderlich";"Text deckt neu auch die neutrale Antwort «manchmal» ab; durch Marketing und Medizin freigeben.";"";"";"recommendation.catalog.er_saettigung.why";"recommendations";"en-CH";"3";"v1:d3fd3111d338f5b91a8afe35e5ff9a8bb19678817df79ce37aaec18b6ccdc349";"44c3a5f2ddc1b8a77da27f4547fb2caee219f7b439c9bbef7e30e2b4fabc775f"
"Ernährung";"Sättigung & Essverhalten";"Empfehlungskarten";"Nächster Schritt";"Empfehlungskarte · Ernährung · konkreter nächster Schritt";"Kombinieren Sie zu jeder Hauptmahlzeit Eiweiss, Ballaststoffe (Gemüse, Hülsenfrüchte, Vollkorn) und etwas gesundes Fett.";"Combine protein, fibre from vegetables, legumes or wholegrains, and some healthy fat in every main meal.";"";"";"Marketing, Medizin";"Prüfung erforderlich";"";"";"";"recommendation.catalog.er_saettigung.step";"recommendations";"en-CH";"3";"v1:d3fd3111d338f5b91a8afe35e5ff9a8bb19678817df79ce37aaec18b6ccdc349";"51ae860302dd9aca20e53349162692331c610a6e3d166132466a953508713083"
"Ernährung";"Sättigung & Essverhalten";"Empfehlungskarten";"Erwarteter Nutzen";"Empfehlungskarte · Ernährung · erwarteter Nutzen";"Ausgewogen zusammengesetzte Mahlzeiten können die Sättigung unterstützen und den Blutzuckeranstieg nach dem Essen abflachen.";"Balanced meals can support satiety and slow the rise in blood glucose after eating.";"";"";"Marketing, Medizin";"Prüfung erforderlich";"Individuelle Sättigungs- und Blutzuckerwirkung vorsichtig formuliert; durch Marketing und Medizin freigeben.";"";"";"recommendation.catalog.er_saettigung.benefit";"recommendations";"en-CH";"3";"v1:d3fd3111d338f5b91a8afe35e5ff9a8bb19678817df79ce37aaec18b6ccdc349";"f04ad31661d68fd3c0110946e804bbde22d4e032c36b563572645a1387b642f9"
"Ernährung";"Sättigung & Essverhalten";"4-Wochen-Pläne";"4-Wochen-Plan";"4-Wochen-Plan · Diese Woche";"Bauen Sie in jede Hauptmahlzeit Eiweiss, ballaststoffreiche Lebensmittel (Gemüse, Hülsenfrüchte, Vollkorn) und eine passende Fettquelle ein. Diese Kombination kann die Sättigung unterstützen und den Blutzuckeranstieg nach der Mahlzeit abflachen.";"Include protein, fibre-rich foods such as vegetables, legumes or wholegrains, and a suitable source of fat in every main meal. This combination can support satiety and slow the rise in blood glucose after the meal.";"";"";"Marketing, Medizin";"Prüfung erforderlich";"Blutzucker- und Heisshungerversprechen vorsichtig formuliert; durch Marketing und Medizin freigeben.";"";"";"recommendation.plan.er_saettigung.this_week";"recommendations";"en-CH";"3";"v1:d3fd3111d338f5b91a8afe35e5ff9a8bb19678817df79ce37aaec18b6ccdc349";"8c2ca736b3bba84f1fe3dfb6e76f2fcd07ecdcbe0b01db86d1706e36e8030aa5"
"Ernährung";"Sättigung & Essverhalten";"4-Wochen-Pläne";"4-Wochen-Plan";"4-Wochen-Plan · Woche 2–3";"Testen Sie bei passenden Mahlzeiten, Gemüse oder Salat und eine Eiweissquelle vor den kohlenhydratreichen Bestandteilen zu essen. Diese Reihenfolge kann den Blutzuckeranstieg abflachen. Beobachten Sie vor allem, welche Zusammensetzung Sie angenehm und ausreichend lange sättigt.";"With suitable meals, try eating vegetables or salad and a source of protein before the carbohydrate-rich components. This order can slow the rise in blood glucose. Above all, observe which composition feels pleasant and keeps you full for long enough.";"";"";"Marketing, Medizin";"Prüfung erforderlich";"Kleinstudien nicht als garantierten Effekt ausgegeben und starre Vier-Stunden-Norm entfernt; durch Marketing und Medizin freigeben.";"";"";"recommendation.plan.er_saettigung.weeks_2_3";"recommendations";"en-CH";"3";"v1:d3fd3111d338f5b91a8afe35e5ff9a8bb19678817df79ce37aaec18b6ccdc349";"41ec6e69811156715fb664655c432b9d5ca7c4cb094847db929ffaa90c72c951"
"Ernährung";"Sättigung & Essverhalten";"4-Wochen-Pläne";"4-Wochen-Plan";"4-Wochen-Plan · Woche 4";"Machen Sie die sättigenden Kombinationen zu Ihren Standard-Rezepten. Bleibt trotz guter Zusammensetzung ständiger Hunger bestehen, lohnt sich ein Gespräch mit einer Ernährungsfachperson – dahinter können andere Ursachen stecken.";"Make the filling combinations your standard recipes. If constant hunger persists despite a good composition, it is worth speaking with a nutrition professional, as there may be other causes.";"";"";"Marketing, Medizin";"Prüfung erforderlich";"";"";"";"recommendation.plan.er_saettigung.week_4";"recommendations";"en-CH";"3";"v1:d3fd3111d338f5b91a8afe35e5ff9a8bb19678817df79ce37aaec18b6ccdc349";"803e95e03937fa53759cbc84c2ae229690873a0b51532f387aa2a5dc8f4cbf20"
"Ernährung";"Sättigung & Essverhalten";"Handlungsfelder";"Beschriftung";"Handlungsfeld · Ernährung · Kurzlabel";"Anhaltendes Hungergefühl mit einer Fachperson besprechen";"Discuss persistent hunger with a healthcare professional";"";"";"Marketing, Medizin";"Prüfung erforderlich";"";"";"";"recommendation.lever.lv_saettigung.label";"recommendations";"en-CH";"3";"v1:d3fd3111d338f5b91a8afe35e5ff9a8bb19678817df79ce37aaec18b6ccdc349";"bfce3d3e8a97d8b82c58882e8b1827b5c41b2b24534436497186692312a2152a"
"Ernährung";"Sättigung & Essverhalten";"Handlungsfelder";"Detailtext";"Handlungsfeld · Ernährung · Detailtext";"Wenn Mahlzeiten kaum sättigen, lohnt der Blick auf Zusammensetzung und mögliche andere Ursachen – das ist gut lösbar.";"If meals rarely leave you feeling full, it is worth looking at their composition and other possible causes. This can often be addressed effectively.";"";"";"Marketing, Medizin";"Prüfung erforderlich";"";"";"";"recommendation.lever.lv_saettigung.detail";"recommendations";"en-CH";"3";"v1:d3fd3111d338f5b91a8afe35e5ff9a8bb19678817df79ce37aaec18b6ccdc349";"645094a7ae7fc60bfd064a2a3a69403b2e98a77a5de4372c42158a2b5975551b"
"Ernährung";"Sättigung & Essverhalten";"Ergebnis-Einstieg";"Beschriftung";"Ergebnis-Zusammenfassung · Themenlabel «Sättigung & Essverhalten»";"Sättigung nach Mahlzeiten";"feeling full after meals";"";"";"Marketing";"Prüfung erforderlich";"";"";"";"ui.hero.topic.saettigung";"ui";"en-CH";"3";"v1:d3fd3111d338f5b91a8afe35e5ff9a8bb19678817df79ce37aaec18b6ccdc349";"d7b57d32dfd9fec917dbed21399122640027a5f099ed3ed309c0a4aebccbfd89"
"Ernährung";"Verarbeitete Lebensmittel";"Empfehlungskarten";"Überschrift";"Empfehlungskarte · Ernährung · Titel";"Stark verarbeitete Lebensmittel reduzieren";"Reduce highly processed foods";"";"";"Marketing";"Prüfung erforderlich";"";"";"";"recommendation.catalog.er_verarbeitet.title";"recommendations";"en-CH";"3";"v1:d3fd3111d338f5b91a8afe35e5ff9a8bb19678817df79ce37aaec18b6ccdc349";"0ee64f9e88791e8e808470597c3efa6f12a6322678d871658bea9f7b7a9e6cd8"
"Ernährung";"Verarbeitete Lebensmittel";"Empfehlungskarten";"Begründung / Einordnung";"Empfehlungskarte · Ernährung · Begründung";"Stark verarbeitete Produkte stehen häufig auf Ihrem Speiseplan. Sie liefern oft viel Energie, Salz und Zucker bei wenig Sättigung.";"Highly processed products often appear in your diet. They frequently provide a lot of energy, salt and sugar while offering little satiety.";"";"";"Marketing, Medizin";"Prüfung erforderlich";"";"";"";"recommendation.catalog.er_verarbeitet.why";"recommendations";"en-CH";"3";"v1:d3fd3111d338f5b91a8afe35e5ff9a8bb19678817df79ce37aaec18b6ccdc349";"f3c0975eaec2c22e7d46903befa8ba82c78ed5d07543156743377d1863a27144"
"Ernährung";"Verarbeitete Lebensmittel";"Empfehlungskarten";"Nächster Schritt";"Empfehlungskarte · Ernährung · konkreter nächster Schritt";"Ersetzen Sie pro Tag ein stark verarbeitetes Produkt durch eine möglichst natürliche Alternative – z. B. Nüsse oder Früchte statt Snacks.";"Replace one highly processed product each day with a minimally processed alternative, such as nuts or fruit instead of snack foods.";"";"";"Marketing, Medizin";"Prüfung erforderlich";"";"";"";"recommendation.catalog.er_verarbeitet.step";"recommendations";"en-CH";"3";"v1:d3fd3111d338f5b91a8afe35e5ff9a8bb19678817df79ce37aaec18b6ccdc349";"020dfad561279956344fc7f44ccd49184b31140dbe6aeb5b915c391abf47eb97"
"Ernährung";"Verarbeitete Lebensmittel";"Empfehlungskarten";"Erwarteter Nutzen";"Empfehlungskarte · Ernährung · erwarteter Nutzen";"Schon kleine Tauschaktionen verbessern Nährstoffdichte und Sättigung.";"Even small swaps improve nutrient density and satiety.";"";"";"Marketing, Medizin";"Prüfung erforderlich";"";"";"";"recommendation.catalog.er_verarbeitet.benefit";"recommendations";"en-CH";"3";"v1:d3fd3111d338f5b91a8afe35e5ff9a8bb19678817df79ce37aaec18b6ccdc349";"20b4f47119563d9ec387475d0c78053b462e9e1bd07a20996d15f29b58e98be6"
"Ernährung";"Verarbeitete Lebensmittel";"4-Wochen-Pläne";"4-Wochen-Plan";"4-Wochen-Plan · Diese Woche";"Ersetzen Sie <b>eine stark verarbeitete Mahlzeit/Snack pro Tag</b> durch etwas Frisches (Obst, Nüsse, Joghurt, selbst Gekochtes). Faustregel: mehr als fünf Zutaten oder schwer aussprechbare Namen = meist stark verarbeitet.";"Replace <b>one highly processed meal or snack per day</b> with something fresh, such as fruit, nuts, yoghurt or home-cooked food. A rule of thumb is that more than five ingredients or names that are difficult to pronounce often indicate a highly processed product.";"";"";"Marketing, Medizin";"Prüfung erforderlich";"";"";"";"recommendation.plan.er_verarbeitet.this_week";"recommendations";"en-CH";"3";"v1:d3fd3111d338f5b91a8afe35e5ff9a8bb19678817df79ce37aaec18b6ccdc349";"12992d6f9ab4f8b8cfb8b681fec986072b2fb9b477139332eaa5f57ccfa02ad1"
"Ernährung";"Verarbeitete Lebensmittel";"4-Wochen-Pläne";"4-Wochen-Plan";"4-Wochen-Plan · Woche 2–3";"Kochen Sie zwei- bis dreimal pro Woche einfach frisch und bereiten Sie bewusst etwas mehr zu (Reste als Mittagessen). So sinkt der Griff zu Fertigem automatisch. Nicht Perfektion zählt, sondern der sinkende Anteil.";"Cook a simple fresh meal two or three times a week and deliberately prepare a little extra for lunch the next day. This automatically reduces reliance on ready-made food. The goal is not perfection but a lower proportion.";"";"";"Marketing, Medizin";"Prüfung erforderlich";"";"";"";"recommendation.plan.er_verarbeitet.weeks_2_3";"recommendations";"en-CH";"3";"v1:d3fd3111d338f5b91a8afe35e5ff9a8bb19678817df79ce37aaec18b6ccdc349";"02358f828cb89d519a20d4d50e488359750daaf1e7d217b037c148c91a45bc20"
"Ernährung";"Verarbeitete Lebensmittel";"4-Wochen-Pläne";"4-Wochen-Plan";"4-Wochen-Plan · Woche 4";"Machen Sie frische Grundzutaten zur Standardausstattung zu Hause. Beim Einkauf: vorwiegend am Rand des Ladens (Frisches) statt in den Regalgängen (Verarbeitetes).";"Make fresh basic ingredients standard supplies at home. When shopping, focus mainly on the perimeter of the shop for fresh foods rather than the aisles for processed products.";"";"";"Marketing, Medizin";"Prüfung erforderlich";"";"";"";"recommendation.plan.er_verarbeitet.week_4";"recommendations";"en-CH";"3";"v1:d3fd3111d338f5b91a8afe35e5ff9a8bb19678817df79ce37aaec18b6ccdc349";"c4197656bf624390101b491ce8fa14b32aac5abfb83c8f3b500b1d7b20382b7d"
"Ernährung";"Verarbeitete Lebensmittel";"Handlungsfelder";"Beschriftung";"Handlungsfeld · Ernährung · Kurzlabel";"Stark Verarbeitetes schrittweise durch Frisches ersetzen";"Gradually replace highly processed foods with fresh options";"";"";"Marketing, Medizin";"Prüfung erforderlich";"";"";"";"recommendation.lever.lv_verarbeitet.label";"recommendations";"en-CH";"3";"v1:d3fd3111d338f5b91a8afe35e5ff9a8bb19678817df79ce37aaec18b6ccdc349";"ed3a526ddd15ab26b5b03a4702a8c4985382de44d7010d47156d8e8d3d0fdc08"
"Ernährung";"Verarbeitete Lebensmittel";"Handlungsfelder";"Detailtext";"Handlungsfeld · Ernährung · Detailtext";"Hochverarbeitete Produkte liefern viel Zucker, Salz und ungünstige Fette – jede ersetzte Mahlzeit zählt, Perfektion ist nicht nötig.";"Highly processed products provide a lot of sugar, salt and less favourable fats. Every meal you replace counts, and perfection is not necessary.";"";"";"Marketing, Medizin";"Prüfung erforderlich";"";"";"";"recommendation.lever.lv_verarbeitet.detail";"recommendations";"en-CH";"3";"v1:d3fd3111d338f5b91a8afe35e5ff9a8bb19678817df79ce37aaec18b6ccdc349";"ef63c18c45c6d6561039bb58c18695d8efa9cd7498056028c39c39bf078a1b35"
"Ernährung";"Verarbeitete Lebensmittel";"Stärken";"Beschriftung";"Stärke · Ernährung · Kurzlabel";"Wenig Zucker & Hochverarbeitetes";"Low intake of sugar and highly processed foods";"";"";"Marketing";"Prüfung erforderlich";"";"";"";"recommendation.strength.st_ernaehrung_clean.label";"recommendations";"en-CH";"3";"v1:d3fd3111d338f5b91a8afe35e5ff9a8bb19678817df79ce37aaec18b6ccdc349";"2bb71a4ce35816e24d0a1389b0ffd3c4efd0860c35bf3da567d226ee02f4b26e"
"Ernährung";"Verarbeitete Lebensmittel";"Stärken";"Detailtext";"Stärke · Ernährung · Detailtext";"Sie greifen selten zu Zuckergetränken und stark verarbeiteten Produkten – eine der wirksamsten Ernährungsgewohnheiten überhaupt.";"You rarely choose sugary drinks or highly processed products, one of the most effective nutrition habits.";"";"";"Marketing, Medizin";"Prüfung erforderlich";"";"";"";"recommendation.strength.st_ernaehrung_clean.detail";"recommendations";"en-CH";"3";"v1:d3fd3111d338f5b91a8afe35e5ff9a8bb19678817df79ce37aaec18b6ccdc349";"b720df7cf0ec7d5a080ac867cb748e80e0965eeee90b231cf8a359fabb5a441e"
"Ernährung";"Verarbeitete Lebensmittel";"Ergebnis-Einstieg";"Beschriftung";"Ergebnis-Zusammenfassung · Themenlabel «Verarbeitete Lebensmittel»";"stark verarbeitete Lebensmittel";"highly processed foods";"";"";"Marketing";"Prüfung erforderlich";"";"";"";"ui.hero.topic.verarbeitet";"ui";"en-CH";"3";"v1:d3fd3111d338f5b91a8afe35e5ff9a8bb19678817df79ce37aaec18b6ccdc349";"c3139843b7f037465e72c11906c3590b7b75eec9310e1abf3a52167601c0d449"
"Schlaf";"Allgemeiner Schlaf";"Coach-Antworten";"Dynamischer Text";"Demo-Coach-Antwort zum Schlaf";"Beim Schlaf hilft oft eine ruhige, konstante Abendroutine: Bildschirme 30–60 Min. vorher aus, kein Koffein am Abend und möglichst feste Aufstehzeiten. Ihr Schlaf-Wert: <b>{{sleepScore}}</b>.";"A calm, consistent evening routine often helps with sleep: switch off screens 30–60 minutes beforehand, avoid caffeine in the evening and keep your wake-up time as regular as possible. Your sleep score: <b>{{sleepScore}}</b>.";"";"";"Marketing, Medizin";"Prüfung erforderlich";"";"{{sleepScore}}";"";"coach.answer.sleep";"coach";"en-CH";"3";"v1:d3fd3111d338f5b91a8afe35e5ff9a8bb19678817df79ce37aaec18b6ccdc349";"90927bf1a049c83612b91f60b243425f5b6e1bd0731c06ab568eec55d08db4e4"
"Schlaf";"Allgemeiner Schlaf";"Positive Dimensionstexte";"Positive Rückmeldung";"Positive Verstärkung für die Dimension schlaf";"Ihr Schlaf erholt Sie gut – eine wertvolle Basis für alles andere.";"Your sleep restores you well, providing a valuable foundation for everything else.";"";"";"Marketing, Medizin";"Prüfung erforderlich";"";"";"";"recommendation.positive.schlaf";"recommendations";"en-CH";"3";"v1:d3fd3111d338f5b91a8afe35e5ff9a8bb19678817df79ce37aaec18b6ccdc349";"abf2c7ba753491ce8ceb6bd4df88dd01632bf9540929418ea510783caaa455c8"
"Schlaf";"Allgemeiner Schlaf";"Solide Dimensionstexte";"Solide Rückmeldung";"Zurückhaltende Rückmeldung für die Dimension schlaf im Status Solide";"Mehrere Aspekte Ihres Schlafs unterstützen Ihre Erholung bereits. Kleine Anpassungen können Qualität oder Regelmässigkeit weiter stärken.";"Several aspects of your sleep already support recovery. Small changes can further improve its quality or regularity.";"";"";"Marketing, Medizin";"Prüfung erforderlich";"Neu vom positiven Feedback ab Score 80 getrennt; durch Marketing und Medizin freigeben.";"";"";"recommendation.solid.schlaf";"recommendations";"en-CH";"3";"v1:d3fd3111d338f5b91a8afe35e5ff9a8bb19678817df79ce37aaec18b6ccdc349";"bd2533972f22fc48c77d67e98472d41113bc1ed76951888779d3b95bbfba19ad"
"Schlaf";"Allgemeiner Schlaf";"Dimensionsdetails";"Überschrift";"Dimensionsdetail · Titel";"Wenig erholsamer Schlaf";"Sleep that is not very restorative";"";"";"Marketing, Medizin";"Prüfung erforderlich";"";"";"";"recommendation.signal.schlaf.title";"recommendations";"en-CH";"3";"v1:d3fd3111d338f5b91a8afe35e5ff9a8bb19678817df79ce37aaec18b6ccdc349";"7c549b43b1f7531e4a76208992d955f04375ea2e690bd6b5b4953c373c24116b"
"Schlaf";"Allgemeiner Schlaf";"Gemeinsame Bereichstexte (Fragebogen und Ergebnis)";"Beschriftung";"Gemeinsam in Fragebogen und Ergebnis · Schlaf · Kurzlabel für Navigation und Ergebnisvisualisierung";"Schlaf";"Sleep";"";"";"Marketing";"Prüfung erforderlich";"";"";"";"service.dimension.schlaf.short";"services";"en-CH";"3";"v1:d3fd3111d338f5b91a8afe35e5ff9a8bb19678817df79ce37aaec18b6ccdc349";"a4e27a575522ade7ea3e876f230fa08e757897eab0ae6ee4fbf4b39d96ba44e2"
"Schlaf";"Allgemeiner Schlaf";"Gemeinsame Bereichstexte (Fragebogen und Ergebnis)";"Überschrift";"Gemeinsam in Fragebogen und Ergebnis · Schlaf · vollständiger Bereichstitel";"Schlaf";"Sleep";"";"";"Marketing, Medizin";"Prüfung erforderlich";"";"";"";"service.dimension.schlaf.title";"services";"en-CH";"3";"v1:d3fd3111d338f5b91a8afe35e5ff9a8bb19678817df79ce37aaec18b6ccdc349";"92a699a5cc7528e8e941809ada9e22547c564d2d0e2377f7f2988404502799d4"
"Schlaf";"Allgemeiner Schlaf";"Dimensionsdetails";"Persönliche Einordnung";"Dimensionsdetail · Einordnung";"Alkohol kann das Einschlafen erleichtern, fragmentiert aber häufig den Schlaf und reduziert besonders den REM-Schlaf. Koffein wird individuell unterschiedlich abgebaut; spätes Koffein kann den Schlaf noch Stunden später beeinträchtigen.";"Alcohol can make it easier to fall asleep, but it often fragments sleep and particularly reduces REM sleep. People metabolise caffeine at different rates, and late caffeine can still affect sleep hours later.";"";"";"Marketing, Medizin";"Prüfung erforderlich";"Rechenfehler zur Koffein-Halbwertszeit und absolute Alkoholaussage korrigiert; durch Marketing und Medizin freigeben.";"";"";"recommendation.signal.schlaf.insight";"recommendations";"en-CH";"3";"v1:d3fd3111d338f5b91a8afe35e5ff9a8bb19678817df79ce37aaec18b6ccdc349";"4667c1a25030a75d0d526255198a31b29bd8800fb462277231bcfaafc43cd1b3"
"Schlaf";"Allgemeiner Schlaf";"Gemeinsame Bereichstexte (Fragebogen und Ergebnis)";"Begründung / Einordnung";"Gemeinsam in Fragebogen und Ergebnis · Schlaf · Einleitung im Fragebogen und in den Ergebnisdetails";"Qualitativ guter Schlaf ist zentral für Ihre Gesundheit. Während Sie schlafen, werden Zellen repariert, das Immunsystem gestärkt und das Gedächtnis gefestigt.";"Good-quality sleep is central to your health. While you sleep, cells are repaired, the immune system is supported and memories are consolidated.";"";"";"Marketing, Medizin";"Prüfung erforderlich";"";"";"";"service.dimension.schlaf.intro";"services";"en-CH";"3";"v1:d3fd3111d338f5b91a8afe35e5ff9a8bb19678817df79ce37aaec18b6ccdc349";"0728adf92e9858091c14f8c22a75b14dd00a060ecc949fef30469afdc8f70a74"
"Schlaf";"Allgemeiner Schlaf";"Dimensionsdetails";"Nächster Schritt";"Dimensionsdetail · konkreter nächster Schritt";"Halten Sie die Aufstehzeit möglichst konstant, auch am Wochenende, und suchen Sie nach dem Aufstehen möglichst bald Tageslicht. Beides unterstützt einen regelmässigen Schlaf-Wach-Rhythmus.";"Keep your wake time as consistent as possible, including at weekends, and seek daylight soon after getting up. Both support a regular sleep–wake rhythm.";"";"";"Marketing, Medizin";"Prüfung erforderlich";"Starre Zeitangabe und absoluten Taktgebervergleich entfernt; durch Marketing und Medizin freigeben.";"";"";"recommendation.signal.schlaf.action";"recommendations";"en-CH";"3";"v1:d3fd3111d338f5b91a8afe35e5ff9a8bb19678817df79ce37aaec18b6ccdc349";"1135019e22aa69bc6e534ca1b2ba067d8bb1d7dbd09a1889fdda76bd0bcd4cb6"
"Schlaf";"Allgemeiner Schlaf";"Risikosignale";"Risikosignal";"Ergebnisseite, Lebensstil-Signal Schlaf";"Ihr Schlaf erholt Sie aktuell wenig.";"Your sleep currently provides little restoration.";"";"";"Marketing, Medizin";"Prüfung erforderlich";"";"";"";"recommendation.risk_signal.schlaf.label";"recommendations";"en-CH";"3";"v1:d3fd3111d338f5b91a8afe35e5ff9a8bb19678817df79ce37aaec18b6ccdc349";"8ce771b106ea781d6ed6f27e82eca5afa6427dd6e3789150f6a088746b416913"
"Schlaf";"Allgemeiner Schlaf";"Stärken";"Beschriftung";"Stärke · Schlaf · Kurzlabel";"Erholsamer Schlaf";"Restorative sleep";"";"";"Marketing";"Prüfung erforderlich";"";"";"";"recommendation.strength.st_erholsamer_schlaf.label";"recommendations";"en-CH";"3";"v1:d3fd3111d338f5b91a8afe35e5ff9a8bb19678817df79ce37aaec18b6ccdc349";"c559ac673474fde0ece281017fafaf40aaaa201d1fcbc54388a19918adfa2536"
"Schlaf";"Allgemeiner Schlaf";"Stärken";"Detailtext";"Stärke · Schlaf · Detailtext";"Sie schlafen insgesamt gut – eine Basis, von der Konzentration, Stimmung und Regeneration jeden Tag profitieren.";"Overall, you sleep well, providing a foundation that benefits concentration, mood and recovery every day.";"";"";"Marketing, Medizin";"Prüfung erforderlich";"";"";"";"recommendation.strength.st_erholsamer_schlaf.detail";"recommendations";"en-CH";"3";"v1:d3fd3111d338f5b91a8afe35e5ff9a8bb19678817df79ce37aaec18b6ccdc349";"1e436e766959526ac4a8a8899708211009c17dbb429b34b47490ffeb75ea6517"
"Schlaf";"Allgemeiner Schlaf";"Stärken";"Beschriftung";"Stärke · Schlaf · Kurzlabel";"Stabiler, ausreichender Schlaf";"Consistent, sufficient sleep";"";"";"Marketing";"Prüfung erforderlich";"";"";"";"recommendation.strength.st_schlaf.label";"recommendations";"en-CH";"3";"v1:d3fd3111d338f5b91a8afe35e5ff9a8bb19678817df79ce37aaec18b6ccdc349";"a4f5b128d396ca8a24c9a6cb842196978943fda53d386d78795c3e1f810249f8"
"Schlaf";"Allgemeiner Schlaf";"Stärken";"Detailtext";"Stärke · Schlaf · Detailtext";"Ausreichende Schlafdauer, gute Qualität und ein regelmässiger Rhythmus unterstützen die Erholung. Wie viel Schlaf ausreichend ist, hängt unter anderem vom Alter ab.";"Sufficient sleep duration, good quality and a regular schedule support recovery. How much sleep is sufficient depends in part on age.";"";"";"Marketing, Medizin";"Prüfung erforderlich";"Superlativ entfernt und altersabhängigen Schlafbedarf berücksichtigt; durch Marketing und Medizin freigeben.";"";"";"recommendation.strength.st_schlaf.detail";"recommendations";"en-CH";"3";"v1:d3fd3111d338f5b91a8afe35e5ff9a8bb19678817df79ce37aaec18b6ccdc349";"ca02eaf19e9dd09312b9bc50c27814d0dce7be48619d63fc3a8a45613895b033"
"Schlaf";"Allgemeiner Schlaf";"Ergebnis-Einstieg";"Beschriftung";"Hero-Zusammenfassung, Dimension schlaf im Nominativ";"Ihr Schlaf";"Your sleep";"";"";"Marketing";"Prüfung erforderlich";"";"";"";"ui.hero.dimension.schlaf.nominative";"ui";"en-CH";"3";"v1:d3fd3111d338f5b91a8afe35e5ff9a8bb19678817df79ce37aaec18b6ccdc349";"9ccd587517f026825b21a6510b58b7038abe99d604d48bcafa7fe84216e799f4"
"Schlaf";"Allgemeiner Schlaf";"Ergebnis-Einstieg";"Beschriftung";"Hero-Zusammenfassung, Dimension schlaf nach «bei»";"bei Ihrem Schlaf";"in your sleep";"";"";"Marketing";"Prüfung erforderlich";"";"";"";"ui.hero.dimension.schlaf.prepositional";"ui";"en-CH";"3";"v1:d3fd3111d338f5b91a8afe35e5ff9a8bb19678817df79ce37aaec18b6ccdc349";"1ddfca437f1ac64bbe530f0151501f11556dc1c55c58a60d3da50b1f9b47269e"
"Schlaf";"Schlafdauer";"Handlungsfelder";"Beschriftung";"Handlungsfeld · Schlaf · Kurzlabel";"Schlaffenster auf 7–9 Stunden ausweiten";"Extend your sleep window to 7–9 hours";"";"";"Marketing, Medizin";"Prüfung erforderlich";"";"";"";"recommendation.lever.lv_schlafdauer.label";"recommendations";"en-CH";"3";"v1:d3fd3111d338f5b91a8afe35e5ff9a8bb19678817df79ce37aaec18b6ccdc349";"35738ac3a73de6ed86691778b43da9269b8fe7c52670c024006eace34d0568cc"
"Schlaf";"Schlafdauer";"Handlungsfelder";"Detailtext";"Handlungsfeld · Schlaf · Detailtext";"Zu kurzer Schlaf wirkt auf Konzentration, Stoffwechsel und Immunsystem – verlegen Sie die Bettzeit in kleinen 15-Minuten-Schritten nach vorn.";"Insufficient sleep affects concentration, metabolism and the immune system. Move your bedtime earlier in small 15-minute steps.";"";"";"Marketing, Medizin";"Prüfung erforderlich";"";"";"";"recommendation.lever.lv_schlafdauer.detail";"recommendations";"en-CH";"3";"v1:d3fd3111d338f5b91a8afe35e5ff9a8bb19678817df79ce37aaec18b6ccdc349";"b1ff093a6f31a817ce97fc95ad5da74f7e7bf27f1878f5dc034ecf713ce2ed1b"
"Schlaf";"Schlafdauer";"Empfehlungskarten";"Überschrift";"Empfehlungskarte · Schlaf · Titel";"Mehr Raum für Schlaf schaffen";"Make more room for sleep";"";"";"Marketing";"Prüfung erforderlich";"";"";"";"recommendation.catalog.sl_dauer.title";"recommendations";"en-CH";"3";"v1:d3fd3111d338f5b91a8afe35e5ff9a8bb19678817df79ce37aaec18b6ccdc349";"ec6b7851b0dc1358a1b1f44c956d56b970463ce930a6a7f9959aec00d855ae4a"
"Schlaf";"Schlafdauer";"Empfehlungskarten";"Begründung / Einordnung";"Empfehlungskarte · Schlaf · Begründung";"Sie schlafen aktuell eher wenig. Der Bedarf hängt vom Alter und von persönlichen Faktoren ab: Erwachsene benötigen meist mindestens sieben Stunden, Jugendliche in der Regel acht bis zehn Stunden. Schlaf unterstützt Erholung, Stoffwechsel und Stimmung.";"You currently get rather little sleep. Needs depend on age and individual factors: adults usually need at least seven hours, while adolescents generally need eight to ten hours. Sleep supports recovery, metabolism and mood.";"";"";"Marketing, Medizin";"Prüfung erforderlich";"Erwachsenen- und Jugendbedarf wegen des aktuellen Mindestalters getrennt; durch Marketing und Medizin freigeben.";"";"";"recommendation.catalog.sl_dauer.why";"recommendations";"en-CH";"3";"v1:d3fd3111d338f5b91a8afe35e5ff9a8bb19678817df79ce37aaec18b6ccdc349";"89b7268fa39c37418bf0509e50c4a8fff65ed4e520325402cd3f9c011e5da4e9"
"Schlaf";"Schlafdauer";"Empfehlungskarten";"Nächster Schritt";"Empfehlungskarte · Schlaf · konkreter nächster Schritt";"Verschieben Sie Ihre Schlafenszeit schrittweise um 15 bis 30 Minuten nach vorne und halten Sie sie möglichst konstant.";"Gradually move your bedtime 15 to 30 minutes earlier and keep it as consistent as possible.";"";"";"Marketing, Medizin";"Prüfung erforderlich";"";"";"";"recommendation.catalog.sl_dauer.step";"recommendations";"en-CH";"3";"v1:d3fd3111d338f5b91a8afe35e5ff9a8bb19678817df79ce37aaec18b6ccdc349";"2f3af17a50cb1e332ffc235a8b437eca5df877d2d8e03a97a5edf5828f8997b2"
"Schlaf";"Schlafdauer";"Empfehlungskarten";"Erwarteter Nutzen";"Empfehlungskarte · Schlaf · erwarteter Nutzen";"Etwas mehr Schlaf verbessert Energie, Konzentration und Appetitregulation.";"A little more sleep improves energy, concentration and appetite regulation.";"";"";"Marketing, Medizin";"Prüfung erforderlich";"";"";"";"recommendation.catalog.sl_dauer.benefit";"recommendations";"en-CH";"3";"v1:d3fd3111d338f5b91a8afe35e5ff9a8bb19678817df79ce37aaec18b6ccdc349";"da4b842c40a300e95947e5fd6ba7db81201b16d54384ec71b490e9fe0b862754"
"Schlaf";"Schlafdauer";"4-Wochen-Pläne";"4-Wochen-Plan";"4-Wochen-Plan · Diese Woche, 5–6 Stunden";"Verschieben Sie die Bettzeit in <b>15-Minuten-Schritten</b> nach vorn – abrupte Sprünge scheitern meist. Setzen Sie sich einen Alarm nicht zum Aufstehen, sondern zum Zubettgehen.";"Move your bedtime earlier in <b>15-minute steps</b>, as abrupt changes often fail. Set an alarm for going to bed, not just for getting up.";"";"";"Marketing, Medizin";"Prüfung erforderlich";"";"";"";"recommendation.plan.sl_dauer.this_week.five_to_six_hours";"recommendations";"en-CH";"3";"v1:d3fd3111d338f5b91a8afe35e5ff9a8bb19678817df79ce37aaec18b6ccdc349";"a3b1fea20653c9dd4c9b706f8ea0796af5830773d85f631ecc478c185aaeb72e"
"Schlaf";"Schlafdauer";"4-Wochen-Pläne";"4-Wochen-Plan";"4-Wochen-Plan · Diese Woche, 6–7 Stunden";"Für Erwachsene werden regelmässig mindestens sieben Stunden Schlaf empfohlen. Testen Sie eine Woche lang eine <b>15 Minuten frühere Bettzeit</b> und beobachten Sie Energie und Konzentration am Tag.";"Adults are regularly advised to get at least seven hours of sleep. Try a <b>15-minute earlier bedtime</b> for one week and observe your energy and concentration during the day.";"";"";"Marketing, Medizin";"Prüfung erforderlich";"Neue Variante für die evidenzbasierte Mindestempfehlung von sieben Stunden; durch Marketing und Medizin freigeben.";"";"";"recommendation.plan.sl_dauer.this_week.six_to_seven_hours";"recommendations";"en-CH";"3";"v1:d3fd3111d338f5b91a8afe35e5ff9a8bb19678817df79ce37aaec18b6ccdc349";"be0e574522e92e6f97a51384b78c637fc60ca6c1ff3aa1795984960afa3678e6"
"Schlaf";"Schlafdauer";"4-Wochen-Pläne";"4-Wochen-Plan";"4-Wochen-Plan · Diese Woche, weniger als 5 Stunden";"Weniger als 5 Stunden zehren spürbar an Konzentration und Gesundheit – hier lohnt jede zusätzliche halbe Stunde. Verschieben Sie die Bettzeit in <b>15-Minuten-Schritten</b> nach vorn – abrupte Sprünge scheitern meist. Setzen Sie sich einen Alarm nicht zum Aufstehen, sondern zum Zubettgehen.";"Less than 5 hours noticeably affects concentration and health, so every additional half hour is worthwhile. Move your bedtime earlier in <b>15-minute steps</b>, as abrupt changes often fail. Set an alarm for going to bed, not just for getting up.";"";"";"Marketing, Medizin";"Prüfung erforderlich";"";"";"";"recommendation.plan.sl_dauer.this_week.under_5_hours";"recommendations";"en-CH";"3";"v1:d3fd3111d338f5b91a8afe35e5ff9a8bb19678817df79ce37aaec18b6ccdc349";"fef329efaf29fbe0daeb7f93490087f0feec2ff1652f87c5b39eaf97ec7b5073"
"Schlaf";"Schlafdauer";"4-Wochen-Pläne";"4-Wochen-Plan";"4-Wochen-Plan · Woche 2–3";"Halten Sie vor allem die <b>Aufstehzeit</b> möglichst konstant, auch am Wochenende. Koffein wird individuell unterschiedlich abgebaut und kann den Schlaf noch Stunden später beeinträchtigen. Alkohol kann zwar müde machen, fragmentiert aber häufig den Schlaf und reduziert besonders den REM-Schlaf.";"Above all, keep your <b>wake time</b> as consistent as possible, including at weekends. People metabolise caffeine at different rates, and it can still affect sleep hours later. Alcohol may make you feel sleepy, but it often fragments sleep and particularly reduces REM sleep.";"";"";"Marketing, Medizin";"Prüfung erforderlich";"Absolute und rechnerisch missverständliche Schlafaussagen evidenznäher formuliert; durch Marketing und Medizin freigeben.";"";"";"recommendation.plan.sl_dauer.weeks_2_3";"recommendations";"en-CH";"3";"v1:d3fd3111d338f5b91a8afe35e5ff9a8bb19678817df79ce37aaec18b6ccdc349";"0018677c54832555d69ed456fb1b32bd8f3036f6db5dff3de8ae032bde63ac15"
"Schlaf";"Schlafdauer";"4-Wochen-Pläne";"4-Wochen-Plan";"4-Wochen-Plan · Woche 4";"Prüfen Sie das Ergebnis am Tag, nicht in der Nacht: Wachen Sie erholt auf, ohne Mittagstief? Die meisten Erwachsenen brauchen <b>7–9 Stunden</b>. Bleibt die Müdigkeit trotz ausreichender Schlafdauer bestehen, gehört das ärztlich abgeklärt – dahinter können Schlafapnoe, Eisenmangel oder Schilddrüsenwerte stecken.";"Assess the result during the day, not at night: do you wake refreshed and avoid an afternoon slump? Most adults need <b>7–9 hours</b>. If tiredness persists despite sufficient sleep, seek medical advice. Possible causes include sleep apnoea, iron deficiency or thyroid abnormalities.";"";"";"Marketing, Medizin";"Prüfung erforderlich";"";"";"";"recommendation.plan.sl_dauer.week_4";"recommendations";"en-CH";"3";"v1:d3fd3111d338f5b91a8afe35e5ff9a8bb19678817df79ce37aaec18b6ccdc349";"d7db02b89ad3b9eef3d70e5e81157527f0f8be90804cf810de5346b7ce6892dd"
"Schlaf";"Schlafdauer";"Ergebnis-Einstieg";"Beschriftung";"Ergebnis-Zusammenfassung · Themenlabel «Schlafdauer»";"Schlafdauer";"sleep duration";"";"";"Marketing";"Prüfung erforderlich";"";"";"";"ui.hero.topic.schlafdauer";"ui";"en-CH";"3";"v1:d3fd3111d338f5b91a8afe35e5ff9a8bb19678817df79ce37aaec18b6ccdc349";"b6827f0b52100b70bd5424917ffdae177ea05cd0141a70021e66e3ad1f96ddc0"
"Schlaf";"Schlafqualität & Abklärung";"Spezialaktionen";"Überschrift";"Ärztliche Abklärung anhaltender Erschöpfung, Titel";"Starke Schlafbeeinträchtigung ärztlich abklären";"Seek medical advice for severe sleep-related impairment";"";"";"Marketing, Medizin";"Prüfung erforderlich";"Auslöser umfasst neben Müdigkeit auch Konzentration, Stimmung und soziale Aktivität; durch Marketing und Medizin freigeben.";"";"";"recommendation.special.act_schlaf_abklaerung.title";"recommendations";"en-CH";"3";"v1:d3fd3111d338f5b91a8afe35e5ff9a8bb19678817df79ce37aaec18b6ccdc349";"f7292782f15691e87f413b9cbbddb02ed0a98fba4318a221ed447808d5b508a7"
"Schlaf";"Schlafqualität & Abklärung";"Spezialaktionen";"Begründung / Einordnung";"Ärztliche Abklärung anhaltender Erschöpfung, Begründung";"Ihr Schlaf beeinträchtigt Ihren Alltag massiv. Wenn das anhält, sollten mögliche körperliche oder psychische Ursachen ärztlich eingeordnet werden.";"Your sleep severely affects your daily life. If this continues, possible physical or psychological causes should be assessed by a doctor.";"";"";"Marketing, Medizin";"Prüfung erforderlich";"Medizinischer Hinweis gilt unabhängig von der angegebenen Schlafdauer; durch Marketing und Medizin freigeben.";"";"";"recommendation.special.act_schlaf_abklaerung.why";"recommendations";"en-CH";"3";"v1:d3fd3111d338f5b91a8afe35e5ff9a8bb19678817df79ce37aaec18b6ccdc349";"121aea9ae0e18896bc7de7e9ef565c8fc66935f56a61398342cf579352668c1a"
"Schlaf";"Schlafqualität & Abklärung";"Spezialaktionen";"Nächster Schritt";"Ärztliche Abklärung anhaltender Erschöpfung, Startschritt";"Vereinbaren Sie einen Termin bei Ihrer Hausärztin oder Ihrem Hausarzt und schildern Sie, seit wann und in welcher Form der Schlaf Ihren Alltag beeinträchtigt – etwa Energie, Konzentration, Stimmung oder soziale Aktivitäten.";"Arrange an appointment with your GP and explain how long your sleep has been affecting daily life and in what ways, such as your energy, concentration, mood or social activities.";"";"";"Marketing, Medizin";"Prüfung erforderlich";"Startschritt an den vollständigen Antwortvertrag der Auswirkungsfrage angeglichen; durch Marketing und Medizin freigeben.";"";"";"recommendation.special.act_schlaf_abklaerung.step";"recommendations";"en-CH";"3";"v1:d3fd3111d338f5b91a8afe35e5ff9a8bb19678817df79ce37aaec18b6ccdc349";"21e6d006bd70a36183f067a37f5304cb52366d6d6c4fb40d3c92bd15118809e8"
"Schlaf";"Schlafqualität & Abklärung";"Spezialaktionen";"Erwarteter Nutzen";"Ärztliche Abklärung anhaltender Erschöpfung, Nutzen";"Sie erhalten Klarheit über mögliche Ursachen und können passende nächste Schritte festlegen.";"You gain clarity about possible causes and can decide on suitable next steps.";"";"";"Marketing, Medizin";"Prüfung erforderlich";"Nicht belegtes Zeitversprechen entfernt; durch Marketing und Medizin freigeben.";"";"";"recommendation.special.act_schlaf_abklaerung.benefit";"recommendations";"en-CH";"3";"v1:d3fd3111d338f5b91a8afe35e5ff9a8bb19678817df79ce37aaec18b6ccdc349";"5e719ea31d8dc31031efdf97aa8913fb0deb2851807eb5b722be0e4e8d356c76"
"Schlaf";"Schlafqualität & Abklärung";"4-Wochen-Pläne";"4-Wochen-Plan";"4-Wochen-Plan · Diese Woche";"Vereinbaren Sie einen <b>hausärztlichen Termin</b> und notieren Sie vorab: seit wann die Müdigkeit besteht, wie stark sie den Alltag beeinträchtigt und ob es Begleitsymptome gibt (Schnarchen, Atemaussetzer, Kopfschmerzen).";"Arrange an <b>appointment with your GP</b> and note in advance how long the tiredness has lasted, how severely it affects daily life and whether there are accompanying symptoms such as snoring, pauses in breathing or headaches.";"";"";"Marketing, Medizin";"Prüfung erforderlich";"";"";"";"recommendation.plan.act_schlaf_abklaerung.this_week";"recommendations";"en-CH";"3";"v1:d3fd3111d338f5b91a8afe35e5ff9a8bb19678817df79ce37aaec18b6ccdc349";"1dfe738275c19a7e1b8d0905456bc83d53d833e1e931060e5af64649ad3fcfcc"
"Schlaf";"Schlafqualität & Abklärung";"4-Wochen-Pläne";"4-Wochen-Plan";"4-Wochen-Plan · Woche 2–3";"Führen Sie bis zum Termin ein kurzes Schlaf-/Energie-Tagebuch (Bettzeiten, Aufwachen, Tagesenergie). Häufige, gut behandelbare Ursachen sind z. B. Schlafapnoe, Eisenmangel oder Schilddrüsenwerte – das lässt sich gezielt abklären.";"Until the appointment, keep a short sleep and energy diary, including bedtimes, waking and daytime energy. Common and treatable causes include sleep apnoea, iron deficiency or thyroid abnormalities, which can be assessed specifically.";"";"";"Marketing, Medizin";"Prüfung erforderlich";"";"";"";"recommendation.plan.act_schlaf_abklaerung.weeks_2_3";"recommendations";"en-CH";"3";"v1:d3fd3111d338f5b91a8afe35e5ff9a8bb19678817df79ce37aaec18b6ccdc349";"73a56f4721d296186027a905c1c82a9234ebdb10cb8e63a4fbc69d11a148a4a7"
"Schlaf";"Schlafqualität & Abklärung";"4-Wochen-Pläne";"4-Wochen-Plan";"4-Wochen-Plan · Woche 4";"Besprechen Sie die Ergebnisse und die empfohlenen nächsten Schritte. Bleiben Sie dran, bis die Ursache gefunden ist – anhaltende Erschöpfung ist kein Zustand, den man einfach hinnehmen muss.";"Discuss the results and recommended next steps. Keep going until the cause is found. Persistent exhaustion is not something you simply have to accept.";"";"";"Marketing, Medizin";"Prüfung erforderlich";"";"";"";"recommendation.plan.act_schlaf_abklaerung.week_4";"recommendations";"en-CH";"3";"v1:d3fd3111d338f5b91a8afe35e5ff9a8bb19678817df79ce37aaec18b6ccdc349";"5d462b92620474ef86f721ae5301e9969fb25de137c567bf410446a486177892"
"Schlaf";"Schlafqualität & Abklärung";"Handlungsfelder";"Beschriftung";"Handlungsfeld · Schlaf · Kurzlabel";"Anhaltende Erschöpfung ärztlich abklären";"Seek medical advice for persistent exhaustion";"";"";"Marketing, Medizin";"Prüfung erforderlich";"";"";"";"recommendation.lever.lv_schlaf_abklaerung.label";"recommendations";"en-CH";"3";"v1:d3fd3111d338f5b91a8afe35e5ff9a8bb19678817df79ce37aaec18b6ccdc349";"e701e8559ce426650bb746c0b537373dc9d38f12481168046e2c10af9c300a07"
"Schlaf";"Schlafqualität & Abklärung";"Handlungsfelder";"Detailtext";"Handlungsfeld · Schlaf · Detailtext";"Sie schlafen lange genug, sind aber massiv beeinträchtigt – das kann körperliche Ursachen haben und gehört in ärztliche Hände.";"You sleep long enough but are severely affected. This can have physical causes and should be assessed by a doctor.";"";"";"Marketing, Medizin";"Prüfung erforderlich";"";"";"";"recommendation.lever.lv_schlaf_abklaerung.detail";"recommendations";"en-CH";"3";"v1:d3fd3111d338f5b91a8afe35e5ff9a8bb19678817df79ce37aaec18b6ccdc349";"e6cf3028d9cbd78c1945809948fdff6282701f8b51c44b34d554901cb9bddd6a"
"Schlaf";"Schlafqualität & Abklärung";"Handlungsfelder";"Beschriftung";"Handlungsfeld · Schlaf · Kurzlabel";"Abendroutine für besseren Schlaf aufbauen";"Build an evening routine for better sleep";"";"";"Marketing, Medizin";"Prüfung erforderlich";"";"";"";"recommendation.lever.lv_schlafqualitaet.label";"recommendations";"en-CH";"3";"v1:d3fd3111d338f5b91a8afe35e5ff9a8bb19678817df79ce37aaec18b6ccdc349";"56e1a1ca8c2d5b7406de0c1c06259d4b986dd91944cd372f691a9393e830b0f9"
"Schlaf";"Schlafqualität & Abklärung";"Handlungsfelder";"Detailtext";"Handlungsfeld · Schlaf · Detailtext";"Gleiche Rituale, gedimmtes Licht und ein kühles Schlafzimmer verbessern die Schlafqualität oft schon in wenigen Wochen.";"Consistent rituals, dimmed light and a cool bedroom often improve sleep quality within just a few weeks.";"";"";"Marketing, Medizin";"Prüfung erforderlich";"";"";"";"recommendation.lever.lv_schlafqualitaet.detail";"recommendations";"en-CH";"3";"v1:d3fd3111d338f5b91a8afe35e5ff9a8bb19678817df79ce37aaec18b6ccdc349";"e11cf4c888e077aa08e653485614a482e34a3f1608ad3e6cdb6abd0c10f32eb2"
"Schlaf";"Schlafqualität & Abklärung";"Empfehlungskarten";"Überschrift";"Empfehlungskarte · Schlaf · Titel";"Schlafqualität gezielt verbessern";"Improve sleep quality purposefully";"";"";"Marketing";"Prüfung erforderlich";"";"";"";"recommendation.catalog.sl_qualitaet.title";"recommendations";"en-CH";"3";"v1:d3fd3111d338f5b91a8afe35e5ff9a8bb19678817df79ce37aaec18b6ccdc349";"fa12226e8d63b4fd09bb5c8a0b47af4a44fb432cad34729d10c8d51afd7dea9c"
"Schlaf";"Schlafqualität & Abklärung";"Empfehlungskarten";"Begründung / Einordnung";"Empfehlungskarte · Schlaf · Begründung";"Ihr Schlaf erholt Sie aktuell wenig und beeinträchtigt Ihren Alltag. Oft helfen schon Anpassungen an Umgebung und Abendroutine.";"Your sleep currently leaves you feeling poorly rested and affects your daily life. Changes to your environment and evening routine can often help.";"";"";"Marketing, Medizin";"Prüfung erforderlich";"";"";"";"recommendation.catalog.sl_qualitaet.why";"recommendations";"en-CH";"3";"v1:d3fd3111d338f5b91a8afe35e5ff9a8bb19678817df79ce37aaec18b6ccdc349";"585676efee4a5d15ef8e62fecae2459b016f1e96da076190afcbc3915be2cdcd"
"Schlaf";"Schlafqualität & Abklärung";"Empfehlungskarten";"Nächster Schritt";"Empfehlungskarte · Schlaf · konkreter nächster Schritt";"Sorgen Sie für ein dunkles, kühles, ruhiges Schlafzimmer und eine ruhige letzte Stunde ohne Bildschirm. Halten die Beschwerden über Wochen an, klären Sie sie ärztlich ab.";"Keep your bedroom dark, cool and quiet, and make the last hour before bed calm and screen-free. If the problems continue for several weeks, seek medical advice.";"";"";"Marketing, Medizin";"Prüfung erforderlich";"";"";"";"recommendation.catalog.sl_qualitaet.step";"recommendations";"en-CH";"3";"v1:d3fd3111d338f5b91a8afe35e5ff9a8bb19678817df79ce37aaec18b6ccdc349";"008e5ee02113c9bf8b9aeee53b91b6d0d83111e176ef4d94510cd81c796d40cb"
"Schlaf";"Schlafqualität & Abklärung";"Empfehlungskarten";"Erwarteter Nutzen";"Empfehlungskarte · Schlaf · erwarteter Nutzen";"Besserer Schlaf stärkt Energie, Stimmung, Immunsystem und Konzentration.";"Better sleep supports energy, mood, the immune system and concentration.";"";"";"Marketing, Medizin";"Prüfung erforderlich";"";"";"";"recommendation.catalog.sl_qualitaet.benefit";"recommendations";"en-CH";"3";"v1:d3fd3111d338f5b91a8afe35e5ff9a8bb19678817df79ce37aaec18b6ccdc349";"e9dfe6a04c900b95ef96d16355ffc790fbc4087ff1c318a9aecc13dff7ab1b73"
"Schlaf";"Schlafqualität & Abklärung";"4-Wochen-Pläne";"4-Wochen-Plan";"4-Wochen-Plan · Diese Woche";"Optimieren Sie das Schlafzimmer: <b>dunkel, kühl (~18 °C), ruhig</b>. Eine ruhige letzte Stunde ohne Bildschirm einführen – gedämpftes Licht signalisiert dem Körper «bald Schlaf».";"Optimise your bedroom: <b>dark, cool (around 18 °C) and quiet</b>. Introduce a calm final hour without screens; dimmed light signals to the body that sleep is approaching.";"";"";"Marketing, Medizin";"Prüfung erforderlich";"";"";"";"recommendation.plan.sl_qualitaet.this_week";"recommendations";"en-CH";"3";"v1:d3fd3111d338f5b91a8afe35e5ff9a8bb19678817df79ce37aaec18b6ccdc349";"f096003abb5b3544f2139b7b5058d0ef5fd24f26162115bfdb047c8f902be754"
"Schlaf";"Schlafqualität & Abklärung";"4-Wochen-Pläne";"4-Wochen-Plan";"4-Wochen-Plan · Woche 2–3";"Verlegen Sie Koffein möglichst in die erste Tageshälfte; der individuelle Abbau variiert, und spätes Koffein kann den Schlaf noch Stunden später beeinträchtigen. Alkohol kann zwar müde machen, fragmentiert aber häufig den Schlaf und reduziert besonders den REM-Schlaf. Regelmässige Aufsteh- und Zubettgehzeiten geben dem Schlaf Struktur.";"Keep caffeine to the first half of the day where possible. Metabolism varies between people, and late caffeine can still affect sleep hours later. Alcohol may make you feel sleepy, but it often fragments sleep and particularly reduces REM sleep. Regular wake and bedtimes give sleep structure.";"";"";"Marketing, Medizin";"Prüfung erforderlich";"Variable Koffeinwirkung und Alkohol-Schlaf-Effekt evidenznäher formuliert; durch Marketing und Medizin freigeben.";"";"";"recommendation.plan.sl_qualitaet.weeks_2_3";"recommendations";"en-CH";"3";"v1:d3fd3111d338f5b91a8afe35e5ff9a8bb19678817df79ce37aaec18b6ccdc349";"28e4f7e187ed7910fab92a8ff6f934c4250d911f0bca107d2f3b8b4e6175b815"
"Schlaf";"Schlafqualität & Abklärung";"4-Wochen-Pläne";"4-Wochen-Plan";"4-Wochen-Plan · Woche 4";"Halten Sie die Routine konstant. Bleiben die Beschwerden trotz guter Gewohnheiten über mehrere Wochen bestehen, klären Sie sie ärztlich ab – dahinter kann eine gut behandelbare Ursache stecken.";"Keep the routine consistent. If the problems continue for several weeks despite good habits, seek medical advice, as there may be a treatable cause.";"";"";"Marketing, Medizin";"Prüfung erforderlich";"";"";"";"recommendation.plan.sl_qualitaet.week_4";"recommendations";"en-CH";"3";"v1:d3fd3111d338f5b91a8afe35e5ff9a8bb19678817df79ce37aaec18b6ccdc349";"5a109a1fa05c379a928ce3d378ce286acada6de96eaa5dea3625c80cdc7c5603"
"Schlaf";"Schlafqualität & Abklärung";"Ergebnis-Einstieg";"Beschriftung";"Ergebnis-Zusammenfassung · Themenlabel «Schlafqualität & Abklärung»";"Auswirkungen auf den Alltag";"effects on daily life";"";"";"Marketing";"Prüfung erforderlich";"";"";"";"ui.hero.topic.schlaf_auswirkung";"ui";"en-CH";"3";"v1:d3fd3111d338f5b91a8afe35e5ff9a8bb19678817df79ce37aaec18b6ccdc349";"32f800a7b493a4677c1308d3f17187535df155ff8a3308869efbe2c8b680209c"
"Schlaf";"Schlafqualität & Abklärung";"Ergebnis-Einstieg";"Beschriftung";"Ergebnis-Zusammenfassung · Themenlabel «Schlafqualität & Abklärung»";"Schlafqualität";"sleep quality";"";"";"Marketing";"Prüfung erforderlich";"";"";"";"ui.hero.topic.schlafqualitaet";"ui";"en-CH";"3";"v1:d3fd3111d338f5b91a8afe35e5ff9a8bb19678817df79ce37aaec18b6ccdc349";"456479e94ca738840e2c8d1e1169931d19c9a75d17cce33b1dc4529236dc0731"
"Schlaf";"Schlafrhythmus & Abendroutine";"Spezialaktionen";"Überschrift";"Bildschirm am Abend früher weglegen, Titel";"Bildschirm am Abend früher weglegen";"Put screens away earlier in the evening";"";"";"Marketing, Medizin";"Prüfung erforderlich";"";"";"";"recommendation.special.act_bildschirm_abend.title";"recommendations";"en-CH";"3";"v1:d3fd3111d338f5b91a8afe35e5ff9a8bb19678817df79ce37aaec18b6ccdc349";"9dc5609156c170b1b53cf0bec7b2c5334060b68bf7dc048bc8cf4114bcb35832"
"Schlaf";"Schlafrhythmus & Abendroutine";"Spezialaktionen";"Begründung / Einordnung";"Bildschirm am Abend früher weglegen, Begründung";"Häufige Social-Media-Nutzung und ein unruhiger Schlaf treten bei Ihnen gemeinsam auf. Testen Sie eine ruhigere, bildschirmfreie Phase am Abend, um zu sehen, ob Ihnen das Abschalten leichter fällt.";"Frequent social-media use and restless sleep occur together in your answers. Try a calmer, screen-free period in the evening to see whether it helps you switch off.";"";"";"Marketing, Medizin";"Prüfung erforderlich";"Nicht erhobene Abendnutzung und Kausalität nicht unterstellt; durch Marketing und Medizin freigeben.";"";"";"recommendation.special.act_bildschirm_abend.why";"recommendations";"en-CH";"3";"v1:d3fd3111d338f5b91a8afe35e5ff9a8bb19678817df79ce37aaec18b6ccdc349";"51b6602919ac57f3570e1b491fd29eaca6f382fcb9d22127d977bfa7f5b685e2"
"Schlaf";"Schlafrhythmus & Abendroutine";"Spezialaktionen";"Nächster Schritt";"Bildschirm am Abend früher weglegen, Startschritt";"Testen Sie vor dem Zubettgehen eine feste bildschirmfreie Phase. Das Handy ausser Reichweite oder ausserhalb des Schlafzimmers zu laden kann die Umsetzung erleichtern.";"Try a fixed screen-free period before going to bed. Charging your phone out of reach or outside the bedroom can make this easier.";"";"";"Marketing, Medizin";"Prüfung erforderlich";"Starre Stunde und unbelegten Superlativ entfernt; durch Marketing und Medizin freigeben.";"";"";"recommendation.special.act_bildschirm_abend.step";"recommendations";"en-CH";"3";"v1:d3fd3111d338f5b91a8afe35e5ff9a8bb19678817df79ce37aaec18b6ccdc349";"7eb1a24c9008a9f4e2548990146b0c9c15ed8a832defa96cbf4a07d9a6ec0808"
"Schlaf";"Schlafrhythmus & Abendroutine";"Spezialaktionen";"Erwarteter Nutzen";"Bildschirm am Abend früher weglegen, Nutzen";"Eine ruhigere Abendroutine kann das Abschalten erleichtern und möglicherweise die Schlafqualität unterstützen; zugleich gewinnen Sie bildschirmfreie Zeit zurück.";"A calmer evening routine may make it easier to switch off and support sleep quality, while also giving you back screen-free time.";"";"";"Marketing, Medizin";"Prüfung erforderlich";"Garantiertes individuelles Schlafergebnis entfernt; durch Marketing und Medizin freigeben.";"";"";"recommendation.special.act_bildschirm_abend.benefit";"recommendations";"en-CH";"3";"v1:d3fd3111d338f5b91a8afe35e5ff9a8bb19678817df79ce37aaec18b6ccdc349";"2614d677ab5d37e37bc941b0e4646639668d125f523829edbef2fc161bdb0463"
"Schlaf";"Schlafrhythmus & Abendroutine";"4-Wochen-Pläne";"4-Wochen-Plan";"4-Wochen-Plan · Diese Woche";"Führen Sie eine <b>feste bildschirmfreie Stunde</b> vor dem Zubettgehen ein und laden Sie das Handy ausserhalb des Schlafzimmers. Der grösste Effekt entsteht, wenn das Gerät gar nicht erst griffbereit ist.";"Introduce a <b>fixed screen-free hour</b> before bed and charge your phone outside the bedroom. The greatest effect comes when the device is not within reach in the first place.";"";"";"Marketing, Medizin";"Prüfung erforderlich";"";"";"";"recommendation.plan.act_bildschirm_abend.this_week";"recommendations";"en-CH";"3";"v1:d3fd3111d338f5b91a8afe35e5ff9a8bb19678817df79ce37aaec18b6ccdc349";"e4267e06e8f7305c323d856f92b4e4a83149c0e545f0a53a1a9815ef8272a912"
"Schlaf";"Schlafrhythmus & Abendroutine";"4-Wochen-Pläne";"4-Wochen-Plan";"4-Wochen-Plan · Woche 2–3";"Ersetzen Sie das abendliche Scrollen durch eine ruhige Routine (Lesen, Dehnen, Musik). Erhöhen Sie die Hürde für die zeitintensivsten Apps: vom Startbildschirm entfernen, Benachrichtigungen aus. Dass Loslassen schwerfällt, ist Produktdesign – kein Willensmangel.";"Replace evening scrolling with a calm routine, such as reading, stretching or music. Increase the barrier to the most time-consuming apps by removing them from the home screen and switching off notifications. Finding it difficult to disengage is a result of product design, not a lack of willpower.";"";"";"Marketing, Medizin";"Prüfung erforderlich";"";"";"";"recommendation.plan.act_bildschirm_abend.weeks_2_3";"recommendations";"en-CH";"3";"v1:d3fd3111d338f5b91a8afe35e5ff9a8bb19678817df79ce37aaec18b6ccdc349";"028b9a29e217f3523a493ef41b4c222132e4ac6102cd5747b4dd238b153ca0c2"
"Schlaf";"Schlafrhythmus & Abendroutine";"4-Wochen-Pläne";"4-Wochen-Plan";"4-Wochen-Plan · Woche 4";"Machen Sie die bildschirmfreie Abendstunde zur Selbstverständlichkeit. Achten Sie darauf, wie sich Einschlafzeit und Schlafqualität verändert haben.";"Make the screen-free evening hour a matter of course. Notice how your time to fall asleep and sleep quality have changed.";"";"";"Marketing, Medizin";"Prüfung erforderlich";"";"";"";"recommendation.plan.act_bildschirm_abend.week_4";"recommendations";"en-CH";"3";"v1:d3fd3111d338f5b91a8afe35e5ff9a8bb19678817df79ce37aaec18b6ccdc349";"0ba4fea03e2374e18468fc6769c50af8059e48f40c2527e7f8c095f246f5eada"
"Schlaf";"Schlafrhythmus & Abendroutine";"Handlungsfelder";"Beschriftung";"Handlungsfeld · Schlaf · Kurzlabel";"Bildschirm am Abend früher weglegen";"Put screens away earlier in the evening";"";"";"Marketing, Medizin";"Prüfung erforderlich";"";"";"";"recommendation.lever.lv_bildschirm_abend.label";"recommendations";"en-CH";"3";"v1:d3fd3111d338f5b91a8afe35e5ff9a8bb19678817df79ce37aaec18b6ccdc349";"fb5a173944d96af608e28622790593dcd9bfdeeb99c53488840da13f86357978"
"Schlaf";"Schlafrhythmus & Abendroutine";"Handlungsfelder";"Detailtext";"Handlungsfeld · Schlaf · Detailtext";"Häufige Social-Media-Nutzung und unruhiger Schlaf treten bei Ihnen gemeinsam auf. Eine ruhigere, bildschirmfreie Phase am Abend kann helfen zu prüfen, ob sich das Abschalten dadurch erleichtert.";"Frequent social-media use and restless sleep occur together in your answers. A calmer, screen-free period in the evening can help you see whether it makes it easier to switch off.";"";"";"Marketing, Medizin";"Prüfung erforderlich";"Nicht erhobene Abendnutzung als Experiment statt Ursache formuliert; durch Marketing und Medizin freigeben.";"";"";"recommendation.lever.lv_bildschirm_abend.detail";"recommendations";"en-CH";"3";"v1:d3fd3111d338f5b91a8afe35e5ff9a8bb19678817df79ce37aaec18b6ccdc349";"2e9534b2f8b6c78ed28dea1c0d9b47a282d909c787796d269e74e9e39ea0043a"
"Schlaf";"Schlafrhythmus & Abendroutine";"Handlungsfelder";"Beschriftung";"Handlungsfeld · Schlaf · Kurzlabel";"Feste Schlaf- und Aufstehzeiten etablieren";"Establish fixed sleep and wake times";"";"";"Marketing, Medizin";"Prüfung erforderlich";"";"";"";"recommendation.lever.lv_schlafrhythmus.label";"recommendations";"en-CH";"3";"v1:d3fd3111d338f5b91a8afe35e5ff9a8bb19678817df79ce37aaec18b6ccdc349";"d113177fdb07de1637073f02acd0b29341be2e114b3d2f9e143b78f2c22ca8e3"
"Schlaf";"Schlafrhythmus & Abendroutine";"Handlungsfelder";"Detailtext";"Handlungsfeld · Schlaf · Detailtext";"Ihre innere Uhr liebt Regelmässigkeit – vor allem eine konstante Aufstehzeit (auch am Wochenende) stabilisiert den Schlaf.";"Your body clock thrives on regularity. A consistent wake time, including at weekends, is particularly helpful for stabilising sleep.";"";"";"Marketing, Medizin";"Prüfung erforderlich";"";"";"";"recommendation.lever.lv_schlafrhythmus.detail";"recommendations";"en-CH";"3";"v1:d3fd3111d338f5b91a8afe35e5ff9a8bb19678817df79ce37aaec18b6ccdc349";"09d57a449998305c015d89adb80fcdecdb8df154bc0f9efe79269c18f9583e24"
"Schlaf";"Schlafrhythmus & Abendroutine";"Empfehlungskarten";"Überschrift";"Empfehlungskarte · Schlaf · Titel";"Schlafrhythmus stabilisieren";"Stabilise your sleep schedule";"";"";"Marketing";"Prüfung erforderlich";"";"";"";"recommendation.catalog.sl_rhythmus.title";"recommendations";"en-CH";"3";"v1:d3fd3111d338f5b91a8afe35e5ff9a8bb19678817df79ce37aaec18b6ccdc349";"61c542654fa502a0288886b2670836c1af14df0b0dcd23ef4a23b064be24747d"
"Schlaf";"Schlafrhythmus & Abendroutine";"Empfehlungskarten";"Begründung / Einordnung";"Empfehlungskarte · Schlaf · Begründung";"Unregelmässige Schlafenszeiten bringen die innere Uhr durcheinander und erschweren erholsamen Schlaf.";"Irregular sleep times disrupt your body clock and make restorative sleep more difficult.";"";"";"Marketing, Medizin";"Prüfung erforderlich";"";"";"";"recommendation.catalog.sl_rhythmus.why";"recommendations";"en-CH";"3";"v1:d3fd3111d338f5b91a8afe35e5ff9a8bb19678817df79ce37aaec18b6ccdc349";"ba57c7ec95cafff76c668e5c52dbd89556dba65b4e574e734a0ea6aeb490022a"
"Schlaf";"Schlafrhythmus & Abendroutine";"Empfehlungskarten";"Nächster Schritt";"Empfehlungskarte · Schlaf · konkreter nächster Schritt";"Stehen Sie möglichst zu ähnlichen Zeiten auf – auch am Wochenende – und holen Sie sich morgens etwas Tageslicht.";"Get up at similar times whenever possible, including at weekends, and spend some time in daylight in the morning.";"";"";"Marketing, Medizin";"Prüfung erforderlich";"";"";"";"recommendation.catalog.sl_rhythmus.step";"recommendations";"en-CH";"3";"v1:d3fd3111d338f5b91a8afe35e5ff9a8bb19678817df79ce37aaec18b6ccdc349";"1d08449a66ac596c8f2339fb36942287d419fecc70cbd2b980efcd6baf397453"
"Schlaf";"Schlafrhythmus & Abendroutine";"Empfehlungskarten";"Erwarteter Nutzen";"Empfehlungskarte · Schlaf · erwarteter Nutzen";"Ein regelmässiger Rhythmus macht das Ein- und Durchschlafen leichter.";"A regular schedule makes it easier to fall asleep and stay asleep.";"";"";"Marketing, Medizin";"Prüfung erforderlich";"";"";"";"recommendation.catalog.sl_rhythmus.benefit";"recommendations";"en-CH";"3";"v1:d3fd3111d338f5b91a8afe35e5ff9a8bb19678817df79ce37aaec18b6ccdc349";"503a5f575ec4e65ccff9ad51ba3d5f303987444df44c99a355ed669965f958a9"
"Schlaf";"Schlafrhythmus & Abendroutine";"4-Wochen-Pläne";"4-Wochen-Plan";"4-Wochen-Plan · Diese Woche";"Legen Sie eine möglichst konstante Aufstehzeit fest, auch am Wochenende. Suchen Sie nach dem Aufstehen möglichst bald Tageslicht, idealerweise draussen: Morgenlicht unterstützt die Ausrichtung der inneren Uhr.";"Set a wake time that is as consistent as possible, including at weekends. Seek daylight as soon as possible after getting up, ideally outdoors, as morning light helps align your body clock.";"";"";"Marketing, Medizin";"Prüfung erforderlich";"Starre 30-/10-Minuten-Vorgaben und unbelegten Überlegenheitsvergleich entfernt; durch Marketing und Medizin freigeben.";"";"";"recommendation.plan.sl_rhythmus.this_week";"recommendations";"en-CH";"3";"v1:d3fd3111d338f5b91a8afe35e5ff9a8bb19678817df79ce37aaec18b6ccdc349";"515b5190ea3c180ac1c07dfcfd9d7ed9c2e79ad84dfba1c8fbaf0d9db07aeb68"
"Schlaf";"Schlafrhythmus & Abendroutine";"4-Wochen-Pläne";"4-Wochen-Plan";"4-Wochen-Plan · Woche 2–3";"Reduzieren Sie grosse Unterschiede zwischen Arbeits- und freien Tagen. Stark wechselnde Schlafzeiten werden als «sozialer Jetlag» bezeichnet und sind in Studien mit ungünstigen Schlaf- und Stoffwechselmerkmalen verbunden. Wählen Sie eine möglichst alltagstaugliche, regelmässige Aufstehzeit.";"Reduce large differences between workdays and days off. Strongly varying sleep times are known as “social jet lag” and are associated in studies with adverse sleep and metabolic characteristics. Choose a regular wake time that is as practical as possible in daily life.";"";"";"Marketing, Medizin";"Prüfung erforderlich";"Kausale Zeitzonenmetapher und starre Ein-Stunden-Grenze durch eine beobachtungsbasierte Einordnung ersetzt; durch Marketing und Medizin freigeben.";"";"";"recommendation.plan.sl_rhythmus.weeks_2_3";"recommendations";"en-CH";"3";"v1:d3fd3111d338f5b91a8afe35e5ff9a8bb19678817df79ce37aaec18b6ccdc349";"3730a7b303c8964338ba4af0a56dfb8a2f82368194b8e196feb97e43c6b56273"
"Schlaf";"Schlafrhythmus & Abendroutine";"4-Wochen-Pläne";"4-Wochen-Plan";"4-Wochen-Plan · Woche 4";"Verankern Sie eine kurze, immer gleiche Abendsequenz (z. B. Licht dimmen, lüften, lesen). Nicht der Inhalt wirkt, sondern die Wiederholung: Der Körper lernt das Signal und beginnt vorzuschlafen.";"Establish a short and consistent evening sequence, such as dimming the lights, airing the room and reading. The repetition matters more than the content: the body learns the signal and begins preparing for sleep.";"";"";"Marketing, Medizin";"Prüfung erforderlich";"";"";"";"recommendation.plan.sl_rhythmus.week_4";"recommendations";"en-CH";"3";"v1:d3fd3111d338f5b91a8afe35e5ff9a8bb19678817df79ce37aaec18b6ccdc349";"bb015689dc0ce5fc71da4a12fc7c55628c3781993ebe90c4aae794d2e264d895"
"Schlaf";"Schlafrhythmus & Abendroutine";"Ergebnis-Einstieg";"Beschriftung";"Ergebnis-Zusammenfassung · Themenlabel «Schlafrhythmus & Abendroutine»";"Schlafrhythmus";"sleep schedule";"";"";"Marketing";"Prüfung erforderlich";"";"";"";"ui.hero.topic.schlafrhythmus";"ui";"en-CH";"3";"v1:d3fd3111d338f5b91a8afe35e5ff9a8bb19678817df79ce37aaec18b6ccdc349";"4aa476a1f4657975bbdef13964d9692dbdb15df347920a8eab24b9a709acc341"
"Mentales Wohlbefinden";"Allgemeines mentales Wohlbefinden";"Gemeinsame Bereichstexte (Fragebogen und Ergebnis)";"Beschriftung";"Gemeinsam in Fragebogen und Ergebnis · Mentales Wohlbefinden · Kurzlabel für Navigation und Ergebnisvisualisierung";"Mentales";"Mental health";"";"";"Marketing";"Prüfung erforderlich";"";"";"";"service.dimension.mental.short";"services";"en-CH";"3";"v1:d3fd3111d338f5b91a8afe35e5ff9a8bb19678817df79ce37aaec18b6ccdc349";"41f26429fee57fee0d14dfa38584acd42074a3be5fd5eb781918a91f25ff5696"
"Mentales Wohlbefinden";"Allgemeines mentales Wohlbefinden";"Gemeinsame Bereichstexte (Fragebogen und Ergebnis)";"Überschrift";"Gemeinsam in Fragebogen und Ergebnis · Mentales Wohlbefinden · vollständiger Bereichstitel";"Mentale Gesundheit";"Mental health";"";"";"Marketing, Medizin";"Prüfung erforderlich";"";"";"";"service.dimension.mental.title";"services";"en-CH";"3";"v1:d3fd3111d338f5b91a8afe35e5ff9a8bb19678817df79ce37aaec18b6ccdc349";"1ced77188da4851c359a066d680214e7d7f4e7a2a8227942e7f5fb3d325bf0f0"
"Mentales Wohlbefinden";"Allgemeines mentales Wohlbefinden";"Gemeinsame Bereichstexte (Fragebogen und Ergebnis)";"Begründung / Einordnung";"Gemeinsam in Fragebogen und Ergebnis · Mentales Wohlbefinden · Einleitung im Fragebogen und in den Ergebnisdetails";"Ihre mentale und emotionale Gesundheit ist genauso wichtig wie Ihre körperliche. Was Sie fühlen, denken und erleben, wirkt sich auf Ihren Körper aus und umgekehrt.";"Your mental and emotional health is just as important as your physical health. What you feel, think and experience affects your body, and vice versa.";"";"";"Marketing, Medizin";"Prüfung erforderlich";"";"";"";"service.dimension.mental.intro";"services";"en-CH";"3";"v1:d3fd3111d338f5b91a8afe35e5ff9a8bb19678817df79ce37aaec18b6ccdc349";"aaab145ea190e1d20150b2e1fdf88d8950558741a24b574e93149c6c009572a0"
"Mentales Wohlbefinden";"Allgemeines mentales Wohlbefinden";"Positive Dimensionstexte";"Positive Rückmeldung";"Positive Verstärkung für die Dimension mental";"Sie verfügen über spürbare mentale Ressourcen. Pflegen Sie weiterhin Pausen, Beziehungen und Dinge, die Ihnen guttun.";"You have noticeable mental resources. Continue to nurture breaks, relationships and activities that are good for you.";"";"";"Marketing, Medizin";"Prüfung erforderlich";"";"";"";"recommendation.positive.mental";"recommendations";"en-CH";"3";"v1:d3fd3111d338f5b91a8afe35e5ff9a8bb19678817df79ce37aaec18b6ccdc349";"986e95d4c1f8a9de73f2ffad83c4f3903a1f2b3da47a39fc0a238672884b59c7"
"Mentales Wohlbefinden";"Allgemeines mentales Wohlbefinden";"Solide Dimensionstexte";"Solide Rückmeldung";"Zurückhaltende Rückmeldung für die Dimension mental im Status Solide";"Sie verfügen über mentale Ressourcen. Regelmässige Pausen, Beziehungen und hilfreiche Routinen können sie weiter stärken.";"You have mental resources. Regular breaks, relationships and helpful routines can strengthen them further.";"";"";"Marketing, Medizin";"Prüfung erforderlich";"Neu vom positiven Feedback ab Score 80 getrennt; durch Marketing und Medizin freigeben.";"";"";"recommendation.solid.mental";"recommendations";"en-CH";"3";"v1:d3fd3111d338f5b91a8afe35e5ff9a8bb19678817df79ce37aaec18b6ccdc349";"9be6746a95d650a211013c20cad5a99c5fcefd398e412d017e91acc6808ffe13"
"Mentales Wohlbefinden";"Allgemeines mentales Wohlbefinden";"Stärken";"Beschriftung";"Stärke · Mentales Wohlbefinden · Kurzlabel";"Psychische Widerstandskraft";"Emotional resilience";"";"";"Marketing";"Prüfung erforderlich";"";"";"";"recommendation.strength.st_resilienz.label";"recommendations";"en-CH";"3";"v1:d3fd3111d338f5b91a8afe35e5ff9a8bb19678817df79ce37aaec18b6ccdc349";"0bee0d8dec00af7db6a906bc1b4df71ee51a64148959af3fc30004f15260b736"
"Mentales Wohlbefinden";"Allgemeines mentales Wohlbefinden";"Stärken";"Detailtext";"Stärke · Mentales Wohlbefinden · Detailtext";"Sie behalten in schwierigen Situationen den Überblick und finden Wege, klarzukommen – eine belastbare Ressource.";"You keep a clear overview in difficult situations and find ways to cope, which is a dependable resource.";"";"";"Marketing, Medizin";"Prüfung erforderlich";"";"";"";"recommendation.strength.st_resilienz.detail";"recommendations";"en-CH";"3";"v1:d3fd3111d338f5b91a8afe35e5ff9a8bb19678817df79ce37aaec18b6ccdc349";"5b36de62b6eef49f6c7c8be356940934449edb1c18ebcf8162716d390e595c3c"
"Mentales Wohlbefinden";"Allgemeines mentales Wohlbefinden";"Ergebnis-Einstieg";"Beschriftung";"Hero-Zusammenfassung, Dimension mental im Nominativ";"Ihr mentales Wohlbefinden";"Your mental wellbeing";"";"";"Marketing";"Prüfung erforderlich";"";"";"";"ui.hero.dimension.mental.nominative";"ui";"en-CH";"3";"v1:d3fd3111d338f5b91a8afe35e5ff9a8bb19678817df79ce37aaec18b6ccdc349";"0d8747ff8ba4033652a5ec917560db1ab7e9117338dda62a764abe5efe9bb08b"
"Mentales Wohlbefinden";"Allgemeines mentales Wohlbefinden";"Ergebnis-Einstieg";"Beschriftung";"Hero-Zusammenfassung, Dimension mental nach «bei»";"bei Ihrem mentalen Wohlbefinden";"in your mental wellbeing";"";"";"Marketing";"Prüfung erforderlich";"";"";"";"ui.hero.dimension.mental.prepositional";"ui";"en-CH";"3";"v1:d3fd3111d338f5b91a8afe35e5ff9a8bb19678817df79ce37aaec18b6ccdc349";"f2c09ea5fa2b24a40608d38734ebcce4a460b8abbe395177d5c5edc9f1d3adfe"
"Mentales Wohlbefinden";"Belastung & Stresskompetenz";"Dimensionsdetails";"Überschrift";"Dimensionsdetail · Titel";"Spürbarer Druck im Alltag";"Noticeable pressure in daily life";"";"";"Marketing, Medizin";"Prüfung erforderlich";"";"";"";"recommendation.signal.belastung.title";"recommendations";"en-CH";"3";"v1:d3fd3111d338f5b91a8afe35e5ff9a8bb19678817df79ce37aaec18b6ccdc349";"fafab19e2e7e3d6869ef943bfbf64278533f27401eb768f8e4ff7a6647fd0651"
"Mentales Wohlbefinden";"Belastung & Stresskompetenz";"Dimensionsdetails";"Persönliche Einordnung";"Dimensionsdetail · Einordnung";"Erholung entsteht nicht in der Restzeit, die übrig bleibt – sie muss geplant werden wie ein Termin. Schon wenige Minuten bewusste Pause senken die Stressreaktion messbar.";"Recovery does not happen in whatever spare time remains; it must be planned like an appointment. Even a few minutes of deliberate rest measurably reduce the stress response.";"";"";"Marketing, Medizin";"Prüfung erforderlich";"";"";"";"recommendation.signal.belastung.insight";"recommendations";"en-CH";"3";"v1:d3fd3111d338f5b91a8afe35e5ff9a8bb19678817df79ce37aaec18b6ccdc349";"9bfa98d360c40bf97cfe32721f9acda4c44e1c3fa772c6440edc19987688f737"
"Mentales Wohlbefinden";"Belastung & Stresskompetenz";"Dimensionsdetails";"Nächster Schritt";"Dimensionsdetail · konkreter nächster Schritt";"Zwei fixe 10-Minuten-Pausen pro Tag im Kalender blockieren – ohne Bildschirm.";"Block two fixed 10-minute breaks per day in your calendar, without screens.";"";"";"Marketing, Medizin";"Prüfung erforderlich";"";"";"";"recommendation.signal.belastung.action";"recommendations";"en-CH";"3";"v1:d3fd3111d338f5b91a8afe35e5ff9a8bb19678817df79ce37aaec18b6ccdc349";"26d30ecc696602d0c5928a6f612776f8a216d9a57d02853d28caf20ca8211f62"
"Mentales Wohlbefinden";"Belastung & Stresskompetenz";"Risikosignale";"Risikosignal";"Ergebnisseite, Lebensstil-Signal Belastung";"Sie stehen gerade spürbar unter Druck oder finden schwer zur Ruhe.";"You currently feel noticeably under pressure or find it difficult to relax.";"";"";"Marketing, Medizin";"Prüfung erforderlich";"";"";"";"recommendation.risk_signal.belastung.label";"recommendations";"en-CH";"3";"v1:d3fd3111d338f5b91a8afe35e5ff9a8bb19678817df79ce37aaec18b6ccdc349";"395e08b3d3549ee41f167b67649981c92721ede1e9e7a01d94a37754848c1bf9"
"Mentales Wohlbefinden";"Belastung & Stresskompetenz";"Coach-Antworten";"Begründung / Einordnung";"Demo-Coach-Antwort zu Stress, Entspannung oder Atemübung";"Probieren Sie die Atemübung etwas weiter oben auf dieser Seite (4s ein · 7s halten · 8s aus) – schon ein paar Minuten können die Anspannung senken. Hält die Belastung länger an, ist Helsana für Sie da: Gesundheitsberatung <b>058 340 15 69</b>. Bei einer akuten Krise: <b>143</b>.";"Try the breathing exercise a little further up this page (breathe in for 4s · hold for 7s · breathe out for 8s). Even a few minutes may help reduce tension. If the strain continues, Helsana is here for you: Health Consultation on <b>058 340 15 69</b>. For English-language emotional support, call <b>Heart2Heart on 0800 143 000</b> daily from 6 to 11 p.m.; in an emergency call 144.";"";"";"Marketing, Medizin";"Prüfung erforderlich";"";"";"058 340 15 69 | 0800 143 000 | 6 to 11 p.m. | 144";"coach.answer.breathing";"coach";"en-CH";"3";"v1:d3fd3111d338f5b91a8afe35e5ff9a8bb19678817df79ce37aaec18b6ccdc349";"194bca11c03bb5621aaf6589e24c13be78b36fa909a22df46cdf936549338074"
"Mentales Wohlbefinden";"Belastung & Stresskompetenz";"Dimensionsdetails";"Überschrift";"Dimensionsdetail · Titel";"Erhöhte seelische Belastung";"Increased emotional strain";"";"";"Marketing, Medizin";"Prüfung erforderlich";"";"";"";"recommendation.signal.hohe_belastung.title";"recommendations";"en-CH";"3";"v1:d3fd3111d338f5b91a8afe35e5ff9a8bb19678817df79ce37aaec18b6ccdc349";"41825558e7c5b0613b1aea4f5b79b15a0f1e30bd8cc84781571b310e43ee2e57"
"Mentales Wohlbefinden";"Belastung & Stresskompetenz";"Dimensionsdetails";"Persönliche Einordnung";"Dimensionsdetail · Einordnung";"Anhaltende Belastung verändert nachweislich auch körperliche Prozesse – Schlaf, Blutdruck, Immunsystem. Sie ist behandelbar, und früh geholt wirkt Unterstützung schneller.";"Persistent strain has also been shown to change physical processes, including sleep, blood pressure and the immune system. It is treatable, and support works faster when sought early.";"";"";"Marketing, Medizin";"Prüfung erforderlich";"";"";"";"recommendation.signal.hohe_belastung.insight";"recommendations";"en-CH";"3";"v1:d3fd3111d338f5b91a8afe35e5ff9a8bb19678817df79ce37aaec18b6ccdc349";"75274eeca13d4367c524582f21457d3cbed32ca894a1a3b755afaa171c4cf99c"
"Mentales Wohlbefinden";"Belastung & Stresskompetenz";"Dimensionsdetails";"Medizinische Klärung";"Dimensionsdetail · medizinischer Klärungshinweis";"Eine Fachperson unterscheidet vorübergehende Belastung von einer behandlungsbedürftigen Störung und findet die passende Begleitung.";"A professional can distinguish temporary strain from a condition that needs treatment and identify suitable support.";"";"";"Marketing, Medizin";"Prüfung erforderlich";"";"";"";"recommendation.signal.hohe_belastung.clarify";"recommendations";"en-CH";"3";"v1:d3fd3111d338f5b91a8afe35e5ff9a8bb19678817df79ce37aaec18b6ccdc349";"0709ff61ef332f80cedd748c550580dc1c359e5dd74ad6fbb4d1426ae39be01a"
"Mentales Wohlbefinden";"Belastung & Stresskompetenz";"Zusatzhinweise bei abgedeckten Aktionsschritten";"Vertiefung";"Zusatzhinweis bei bereits abgedecktem Aktionsschritt";"Eine Hausarztpraxis kann eine erste Anlaufstelle sein und bei Bedarf an passende psychologische oder psychiatrische Unterstützung weitervermitteln. Früh Unterstützung zu suchen kann helfen, Belastungen einzuordnen und geeignete Schritte zu beginnen.";"A GP practice can be a first point of contact and refer you to suitable psychological or psychiatric support if necessary. Seeking support early can help assess the strain and begin appropriate steps.";"";"";"Marketing, Medizin";"Prüfung erforderlich";"Unbelegte Aussage zur typischen Verkürzung und zum einzigen Versorgungsweg entfernt; durch Marketing und Medizin freigeben.";"";"";"recommendation.signal.hohe_belastung.deepen";"recommendations";"en-CH";"3";"v1:d3fd3111d338f5b91a8afe35e5ff9a8bb19678817df79ce37aaec18b6ccdc349";"72042c4182af5ae44083902f7cbda47828c0a30e6f9972db028b1ffd3e5931ed"
"Mentales Wohlbefinden";"Belastung & Stresskompetenz";"Risikosignale";"Risikosignal";"Ergebnisseite, medizinisches Signal hohe seelische Belastung";"Einige Ihrer Angaben deuten auf eine erhöhte seelische Belastung hin – eine fachliche Begleitung kann entlasten.";"Some of your answers suggest increased emotional strain. Professional support may provide relief.";"";"";"Marketing, Medizin";"Prüfung erforderlich";"";"";"";"recommendation.risk_signal.hohe_belastung.label";"recommendations";"en-CH";"3";"v1:d3fd3111d338f5b91a8afe35e5ff9a8bb19678817df79ce37aaec18b6ccdc349";"8459023289e8933521d0ebc6e5b66877a1be4d795ae6f983dbe0d198bac8fac2"
"Mentales Wohlbefinden";"Belastung & Stresskompetenz";"Handlungsfelder";"Beschriftung";"Handlungsfeld · Mentales Wohlbefinden · Kurzlabel";"Unterstützung annehmen – ein Gespräch mit einer Fachperson";"Accept support – talk to a professional";"";"";"Marketing, Medizin";"Prüfung erforderlich";"";"";"";"recommendation.lever.lv_mental_support.label";"recommendations";"en-CH";"3";"v1:d3fd3111d338f5b91a8afe35e5ff9a8bb19678817df79ce37aaec18b6ccdc349";"64013526558ca4034f511291dfb680efdb3e835b566ba9d6a23158e4d0fd7030"
"Mentales Wohlbefinden";"Belastung & Stresskompetenz";"Handlungsfelder";"Detailtext";"Handlungsfeld · Mentales Wohlbefinden · Detailtext";"Ihre Antworten zeigen eine spürbare Belastung. Sich Unterstützung zu holen ist ein Zeichen von Stärke – und wirkt.";"Your answers indicate noticeable strain. Seeking support is a sign of strength, and it helps.";"";"";"Marketing, Medizin";"Prüfung erforderlich";"";"";"";"recommendation.lever.lv_mental_support.detail";"recommendations";"en-CH";"3";"v1:d3fd3111d338f5b91a8afe35e5ff9a8bb19678817df79ce37aaec18b6ccdc349";"6e1eefe72b6751540f57579c560d72d25906dbfa34cc2b7d8bae681a0f7a0d9c"
"Mentales Wohlbefinden";"Belastung & Stresskompetenz";"Handlungsfelder";"Beschriftung";"Handlungsfeld · Mentales Wohlbefinden · Kurzlabel";"Stresskompetenz gezielt stärken";"Build stress-management skills purposefully";"";"";"Marketing, Medizin";"Prüfung erforderlich";"";"";"";"recommendation.lever.lv_stresskompetenz.label";"recommendations";"en-CH";"3";"v1:d3fd3111d338f5b91a8afe35e5ff9a8bb19678817df79ce37aaec18b6ccdc349";"d54ad374cdfd625860d3907cc2dd2791bc1b96303ef6733ffdb77426c17124ad"
"Mentales Wohlbefinden";"Belastung & Stresskompetenz";"Handlungsfelder";"Detailtext";"Handlungsfeld · Mentales Wohlbefinden · Detailtext";"Umgang mit Druck ist lernbar – Atemübungen, kurze Pausen und klare Prioritäten sind wirksame erste Werkzeuge.";"Coping with pressure is a skill you can learn. Breathing exercises, short breaks and clear priorities are effective first tools.";"";"";"Marketing, Medizin";"Prüfung erforderlich";"";"";"";"recommendation.lever.lv_stresskompetenz.detail";"recommendations";"en-CH";"3";"v1:d3fd3111d338f5b91a8afe35e5ff9a8bb19678817df79ce37aaec18b6ccdc349";"8f354bf840dfd71258156fecc4e95d2ccbc271ff24e4e14f9024f2866139e65f"
"Mentales Wohlbefinden";"Belastung & Stresskompetenz";"Empfehlungskarten";"Überschrift";"Empfehlungskarte · Mentales Wohlbefinden · Titel";"Belastung aktiv ausgleichen";"Actively balance stress";"";"";"Marketing";"Prüfung erforderlich";"";"";"";"recommendation.catalog.me_belastung.title";"recommendations";"en-CH";"3";"v1:d3fd3111d338f5b91a8afe35e5ff9a8bb19678817df79ce37aaec18b6ccdc349";"ac664d3c901a32070f36df6ea7f205f2bb225c6513821cf5591598c957e704aa"
"Mentales Wohlbefinden";"Belastung & Stresskompetenz";"Empfehlungskarten";"Begründung / Einordnung";"Empfehlungskarte · Mentales Wohlbefinden · Begründung";"Sie stehen gerade spürbar unter Druck oder finden schwer zur Ruhe. Dauerhafte Anspannung wirkt sich auf Schlaf, Herz, Stoffwechsel und Stimmung aus.";"You currently feel noticeably under pressure or find it difficult to relax. Persistent tension affects sleep, the heart, metabolism and mood.";"";"";"Marketing, Medizin";"Prüfung erforderlich";"";"";"";"recommendation.catalog.me_belastung.why";"recommendations";"en-CH";"3";"v1:d3fd3111d338f5b91a8afe35e5ff9a8bb19678817df79ce37aaec18b6ccdc349";"9ac891ea3c6f9ea53ce73c22e4a1c988d97ee21b620ac80d5f5cb5423e9c5b70"
"Mentales Wohlbefinden";"Belastung & Stresskompetenz";"Empfehlungskarten";"Nächster Schritt";"Empfehlungskarte · Mentales Wohlbefinden · konkreter nächster Schritt";"Planen Sie täglich eine kurze bewusste Pause: ein paar tiefe Atemzüge, ein Spaziergang oder ein paar Minuten ohne Bildschirm.";"Plan one short, deliberate break each day: take a few deep breaths, go for a walk or spend a few minutes away from screens.";"";"";"Marketing, Medizin";"Prüfung erforderlich";"";"";"";"recommendation.catalog.me_belastung.step";"recommendations";"en-CH";"3";"v1:d3fd3111d338f5b91a8afe35e5ff9a8bb19678817df79ce37aaec18b6ccdc349";"2be4cd311a8f5e1e38235df1df101b2e3b93336d7d549bc2e89e842c765b5b1b"
"Mentales Wohlbefinden";"Belastung & Stresskompetenz";"Empfehlungskarten";"Erwarteter Nutzen";"Empfehlungskarte · Mentales Wohlbefinden · erwarteter Nutzen";"Regelmässige Mini-Pausen senken die Anspannung und stärken Ihre Widerstandskraft.";"Regular mini-breaks reduce tension and strengthen resilience.";"";"";"Marketing, Medizin";"Prüfung erforderlich";"";"";"";"recommendation.catalog.me_belastung.benefit";"recommendations";"en-CH";"3";"v1:d3fd3111d338f5b91a8afe35e5ff9a8bb19678817df79ce37aaec18b6ccdc349";"07d70ed07dca6bae519e407fffec9d205392da57addd2654d0d28763691ba9e8"
"Mentales Wohlbefinden";"Belastung & Stresskompetenz";"4-Wochen-Pläne";"4-Wochen-Plan";"4-Wochen-Plan · Diese Woche";"Planen Sie <b>zwei fixe 10-Minuten-Pausen pro Tag</b> fest in den Kalender – ohne Bildschirm. Erholung entsteht nicht in der Restzeit, sie muss wie ein Termin geplant werden.";"Schedule <b>two fixed 10-minute breaks per day</b> in your calendar, without screens. Recovery does not simply happen in spare time; it must be planned like an appointment.";"";"";"Marketing, Medizin";"Prüfung erforderlich";"";"";"";"recommendation.plan.me_belastung.this_week";"recommendations";"en-CH";"3";"v1:d3fd3111d338f5b91a8afe35e5ff9a8bb19678817df79ce37aaec18b6ccdc349";"5839344c42a841653baada00a6f31aea4dca692c71010628a52bccf4a2194c4b"
"Mentales Wohlbefinden";"Belastung & Stresskompetenz";"4-Wochen-Pläne";"4-Wochen-Plan";"4-Wochen-Plan · Woche 2–3";"Bauen Sie eine kurze Technik ein, die nachweislich die Stressreaktion senkt: einige Minuten bewusste, langsame Atmung (z. B. 4 Sek. ein, 6 Sek. aus) oder ein Spaziergang in der Natur. Regelmässigkeit wirkt stärker als Dauer.";"Add a short technique shown to reduce the stress response: a few minutes of deliberate, slow breathing, such as 4 seconds in and 6 seconds out, or a walk in nature. Regularity matters more than duration.";"";"";"Marketing, Medizin";"Prüfung erforderlich";"";"";"";"recommendation.plan.me_belastung.weeks_2_3";"recommendations";"en-CH";"3";"v1:d3fd3111d338f5b91a8afe35e5ff9a8bb19678817df79ce37aaec18b6ccdc349";"4ebe40a6119110b7046362a090acf49a7cd301773b30f2b8db0a34fce5026403"
"Mentales Wohlbefinden";"Belastung & Stresskompetenz";"4-Wochen-Pläne";"4-Wochen-Plan";"4-Wochen-Plan · Woche 4";"Machen Sie die wirksamste Pause zum festen täglichen Ritual. Bemerken Sie, dass die Belastung dauerhaft hoch bleibt, holen Sie sich zusätzlich Unterstützung – das ist ein Zeichen von Stärke.";"Make the most effective break a fixed daily ritual. If you notice that the strain remains high over time, seek additional support. This is a sign of strength.";"";"";"Marketing, Medizin";"Prüfung erforderlich";"";"";"";"recommendation.plan.me_belastung.week_4";"recommendations";"en-CH";"3";"v1:d3fd3111d338f5b91a8afe35e5ff9a8bb19678817df79ce37aaec18b6ccdc349";"d2ab60d931865b8a42b9055f3015128c33f2f0b713ca3de9bddf43cca681fcec"
"Mentales Wohlbefinden";"Belastung & Stresskompetenz";"Empfehlungskarten";"Überschrift";"Empfehlungskarte · Mentales Wohlbefinden · Titel";"Unterstützung holen – Sie müssen das nicht allein tragen";"Seek support – you do not have to carry this alone";"";"";"Marketing, Medizin";"Prüfung erforderlich";"";"";"";"recommendation.catalog.me_unterstuetzung.title";"recommendations";"en-CH";"3";"v1:d3fd3111d338f5b91a8afe35e5ff9a8bb19678817df79ce37aaec18b6ccdc349";"1c6bbfa7141e58fab34656555c7a4616ed1075959a34bcaab1725228856d029e"
"Mentales Wohlbefinden";"Belastung & Stresskompetenz";"Empfehlungskarten";"Begründung / Einordnung";"Empfehlungskarte · Mentales Wohlbefinden · Begründung";"Einige Ihrer Antworten deuten auf eine erhöhte seelische Belastung hin. Das kann jede und jeden treffen und ist kein Zeichen von Schwäche. Hilfe anzunehmen ist ein starker Schritt.";"Some of your answers suggest increased emotional strain. This can affect anyone and is not a sign of weakness. Accepting help is a strong step.";"";"";"Marketing, Medizin";"Prüfung erforderlich";"";"";"";"recommendation.catalog.me_unterstuetzung.why";"recommendations";"en-CH";"3";"v1:d3fd3111d338f5b91a8afe35e5ff9a8bb19678817df79ce37aaec18b6ccdc349";"1af7c9582f70c9bafe291f532313e296d2ce6103da79b9aea40247025742c2c5"
"Mentales Wohlbefinden";"Belastung & Stresskompetenz";"Empfehlungskarten";"Nächster Schritt";"Empfehlungskarte · Mentales Wohlbefinden · konkreter nächster Schritt";"Sprechen Sie mit einer Vertrauensperson und ziehen Sie professionelle Unterstützung in Betracht. In einer akuten Krise wenden Sie sich sofort an eine Notfallstelle (z. B. Tel. 143, «Die Dargebotene Hand») oder den Notruf 144.";"Talk to someone you trust and consider professional support. For English-language emotional support, call Heart2Heart on 0800 143 000 daily from 6 to 11 p.m. If there is immediate danger, call the emergency number 144.";"";"";"Marketing, Medizin";"Prüfung erforderlich";"";"";"0800 143 000 | 6 to 11 p.m. | 144";"recommendation.catalog.me_unterstuetzung.step";"recommendations";"en-CH";"3";"v1:d3fd3111d338f5b91a8afe35e5ff9a8bb19678817df79ce37aaec18b6ccdc349";"126680dc6601e2f1d5bd7037747985b91d570b158464ca606033b403d6326294"
"Mentales Wohlbefinden";"Belastung & Stresskompetenz";"Empfehlungskarten";"Erwarteter Nutzen";"Empfehlungskarte · Mentales Wohlbefinden · erwarteter Nutzen";"Frühe Unterstützung entlastet spürbar und eröffnet neue Handlungsmöglichkeiten.";"Early support provides noticeable relief and opens up new options for action.";"";"";"Marketing, Medizin";"Prüfung erforderlich";"";"";"";"recommendation.catalog.me_unterstuetzung.benefit";"recommendations";"en-CH";"3";"v1:d3fd3111d338f5b91a8afe35e5ff9a8bb19678817df79ce37aaec18b6ccdc349";"a8094cc1517deca15420c426cf42925f08a843520c1b77d2b3837cfb93f3c39c"
"Mentales Wohlbefinden";"Belastung & Stresskompetenz";"4-Wochen-Pläne";"4-Wochen-Plan";"4-Wochen-Plan · Diese Woche";"Machen Sie den ersten Schritt: Sprechen Sie mit Ihrer Hausärztin oder Ihrem Hausarzt – das ist der übliche und unkomplizierte Einstieg in psychologische Unterstützung. Wenn es akut wird, ist die <b>Dargebotene Hand: 143</b> rund um die Uhr erreichbar, kostenlos und anonym.";"Take the first step by speaking with your GP, which is the usual and straightforward route into psychological support. For free and anonymous English-language emotional support, call <b>Heart2Heart on 0800 143 000</b> daily from 6 to 11 p.m. If there is immediate danger, call 144.";"";"";"Marketing, Medizin";"Prüfung erforderlich";"";"";"0800 143 000 | 6 to 11 p.m. | 144";"recommendation.plan.me_unterstuetzung.this_week";"recommendations";"en-CH";"3";"v1:d3fd3111d338f5b91a8afe35e5ff9a8bb19678817df79ce37aaec18b6ccdc349";"15b36510d920ffe2e67087ea76ccf5e1af534592a6924ea2679af11374035cb3"
"Mentales Wohlbefinden";"Belastung & Stresskompetenz";"4-Wochen-Pläne";"4-Wochen-Plan";"4-Wochen-Plan · Woche 2–3";"Bis zum Termin: Schreiben Sie täglich zwei Minuten auf, was belastet und was gut tat. Das klingt banal, verschafft aber Abstand – und Sie kommen mit konkretem Material ins Gespräch, statt es aus dem Moment heraus rekonstruieren zu müssen. Sagen Sie zusätzlich einer Person Ihres Vertrauens, wie es Ihnen geht.";"Until the appointment, spend two minutes each day writing down what was difficult and what felt good. This may sound simple, but it creates distance and gives you specific material for the conversation instead of having to reconstruct everything in the moment. Also tell someone you trust how you are feeling.";"";"";"Marketing, Medizin";"Prüfung erforderlich";"";"";"";"recommendation.plan.me_unterstuetzung.weeks_2_3";"recommendations";"en-CH";"3";"v1:d3fd3111d338f5b91a8afe35e5ff9a8bb19678817df79ce37aaec18b6ccdc349";"0ab674d9f2d0ddb6269acd1932e333dab0adfb5f7d112edca7dc53090707cacc"
"Mentales Wohlbefinden";"Belastung & Stresskompetenz";"4-Wochen-Pläne";"4-Wochen-Plan";"4-Wochen-Plan · Woche 4";"Dranbleiben ist hier das Ziel, nicht Leistung. Psychische Belastung ist behandelbar, und frühe Unterstützung verkürzt den Verlauf deutlich. Halten Sie den vereinbarten Termin – auch wenn es Ihnen zwischenzeitlich besser geht.";"The goal here is to keep going, not to perform. Emotional strain is treatable, and early support significantly shortens its course. Keep the appointment you arranged, even if you feel better in the meantime.";"";"";"Marketing, Medizin";"Prüfung erforderlich";"";"";"";"recommendation.plan.me_unterstuetzung.week_4";"recommendations";"en-CH";"3";"v1:d3fd3111d338f5b91a8afe35e5ff9a8bb19678817df79ce37aaec18b6ccdc349";"48ea65c8768ea1b0a07861002ce0b86a2b85d053e4889291efe874e391f47f28"
"Mentales Wohlbefinden";"Belastung & Stresskompetenz";"Atemübung";"Beschriftung";"Atemübungs-Sektion, Rubrik";"Technik zum Sofort-Anwenden";"A technique you can use now";"";"";"Marketing";"Prüfung erforderlich";"";"";"";"ui.breathing.eyebrow";"ui";"en-CH";"3";"v1:d3fd3111d338f5b91a8afe35e5ff9a8bb19678817df79ce37aaec18b6ccdc349";"5d3bd4d838dcaaa92f75706d1ec192cd3845b3a16945f11324fa09ce73623eaa"
"Mentales Wohlbefinden";"Belastung & Stresskompetenz";"Atemübung";"Überschrift";"Atemübungs-Sektion, Überschrift";"Kurze Atemübung zum Runterkommen";"A short breathing exercise to help you relax";"";"";"Marketing";"Prüfung erforderlich";"";"";"";"ui.breathing.title";"ui";"en-CH";"3";"v1:d3fd3111d338f5b91a8afe35e5ff9a8bb19678817df79ce37aaec18b6ccdc349";"a15540ad8ffcaba272f2f37028640c7afe35b575516ea8252397cf3444dbe0a8"
"Mentales Wohlbefinden";"Belastung & Stresskompetenz";"Atemübung";"Begründung / Einordnung";"Kurzanleitung unter dem Atemkreis";"<b>4s</b> einatmen · <b>7s</b> halten · <b>8s</b> ausatmen. Sie können jederzeit abbrechen.";"Breathe in for <b>4s</b> · hold for <b>7s</b> · breathe out for <b>8s</b>. You can stop at any time.";"";"";"Marketing, Medizin";"Prüfung erforderlich";"";"";"";"ui.breathing.instructions";"ui";"en-CH";"3";"v1:d3fd3111d338f5b91a8afe35e5ff9a8bb19678817df79ce37aaec18b6ccdc349";"298d6b3433892fb63af281e5c687c5457a8dc4e9c0c0a256ec11791ca767d870"
"Mentales Wohlbefinden";"Belastung & Stresskompetenz";"Atemübung";"Dynamischer Text";"Atemübungs-Sektion, Beschreibung mit optionalem Belastungshinweis";"Die 4-7-8-Atmung kann Anspannung in wenigen Minuten senken{{stressHint}}. Atmen Sie einfach mit dem Kreis.";"4-7-8 breathing can reduce tension within a few minutes{{stressHint}}. Simply breathe along with the circle.";"";"";"Marketing, Medizin";"Prüfung erforderlich";"";"{{stressHint}}";"";"ui.breathing.description";"ui";"en-CH";"3";"v1:d3fd3111d338f5b91a8afe35e5ff9a8bb19678817df79ce37aaec18b6ccdc349";"e0afa85c06b89c390088ec7f43c950f0b0624cb1f56cf47f12fdf5f945c7a75f"
"Mentales Wohlbefinden";"Belastung & Stresskompetenz";"Atemübung";"Dynamischer Text";"Dynamischer Zusatz bei aktivem Belastungssignal";" – gerade bei erhöhter Anspannung, wie sie Ihre Antworten andeuten";" – especially if you are experiencing the increased tension suggested by your answers";"";"";"Marketing, Medizin";"Prüfung erforderlich";"";"";"";"ui.breathing.stress_hint";"ui";"en-CH";"3";"v1:d3fd3111d338f5b91a8afe35e5ff9a8bb19678817df79ce37aaec18b6ccdc349";"0bd335c656b763349df20b4c0a504c0e24600420a0bdab9ee11e9687fc17e9b9"
"Mentales Wohlbefinden";"Belastung & Stresskompetenz";"Atemübung";"Nächster Schritt";"Button zum Beenden der Atemübung";"Übung beenden";"End exercise";"";"";"Marketing";"Prüfung erforderlich";"";"";"";"ui.breathing.button.stop";"ui";"en-CH";"3";"v1:d3fd3111d338f5b91a8afe35e5ff9a8bb19678817df79ce37aaec18b6ccdc349";"c7b4b106394067bc785b42bfd766f0414f89a1c05071dacbaf45003f50bd05ae"
"Mentales Wohlbefinden";"Belastung & Stresskompetenz";"Atemübung";"Nächster Schritt";"Button zum Starten der Atemübung";"Übung starten";"Start exercise";"";"";"Marketing";"Prüfung erforderlich";"";"";"";"ui.breathing.button.start";"ui";"en-CH";"3";"v1:d3fd3111d338f5b91a8afe35e5ff9a8bb19678817df79ce37aaec18b6ccdc349";"39cd6bf3ba06eaacadb17be128a8acb61466402ccb1f95246bce9b4e05f669ee"
"Mentales Wohlbefinden";"Belastung & Stresskompetenz";"Atemübung";"Beschriftung";"Atemkreis vor beziehungsweise nach der Übung";"Bereit?";"Ready?";"";"";"Marketing";"Prüfung erforderlich";"";"";"";"ui.breathing.cue.ready";"ui";"en-CH";"3";"v1:d3fd3111d338f5b91a8afe35e5ff9a8bb19678817df79ce37aaec18b6ccdc349";"c7d27e08076aea9e3954a4eb96a4a3eb7b865947857567d6e13027b19f801697"
"Mentales Wohlbefinden";"Belastung & Stresskompetenz";"Atemübung";"Beschriftung";"Atemkreis, Ausatemphase";"Ausatmen";"Breathe out";"";"";"Marketing";"Prüfung erforderlich";"";"";"";"ui.breathing.cue.exhale";"ui";"en-CH";"3";"v1:d3fd3111d338f5b91a8afe35e5ff9a8bb19678817df79ce37aaec18b6ccdc349";"c2e4528ea603560b14622ba8901f56f3b73f6556eacbbfc5e746edc1151c29be"
"Mentales Wohlbefinden";"Belastung & Stresskompetenz";"Atemübung";"Beschriftung";"Atemkreis, Einatemphase";"Einatmen";"Breathe in";"";"";"Marketing";"Prüfung erforderlich";"";"";"";"ui.breathing.cue.inhale";"ui";"en-CH";"3";"v1:d3fd3111d338f5b91a8afe35e5ff9a8bb19678817df79ce37aaec18b6ccdc349";"4ff9a8880850bb10b38d1008d076d19ab744463f1d0e334b798131facc93bdf5"
"Mentales Wohlbefinden";"Belastung & Stresskompetenz";"Atemübung";"Beschriftung";"Atemkreis, Haltephase";"Halten";"Hold";"";"";"Marketing";"Prüfung erforderlich";"";"";"";"ui.breathing.cue.hold";"ui";"en-CH";"3";"v1:d3fd3111d338f5b91a8afe35e5ff9a8bb19678817df79ce37aaec18b6ccdc349";"1695773477dcff4c7534787944e13f07376096f32217d07613ece2f9aa31e9d2"
"Mentales Wohlbefinden";"Belastung & Stresskompetenz";"Atemübung";"Beschriftung";"Zähler vor Beginn der Atemübung";"0 Zyklen";"0 cycles";"";"";"Marketing";"Prüfung erforderlich";"";"";"";"ui.breathing.cycles.initial";"ui";"en-CH";"3";"v1:d3fd3111d338f5b91a8afe35e5ff9a8bb19678817df79ce37aaec18b6ccdc349";"7080fd729c35c9f64ff7b32d178106d825dcba291328b56473ada02d1ed9902a"
"Mentales Wohlbefinden";"Belastung & Stresskompetenz";"Atemübung";"Dynamischer Text";"Zähler bei genau einem Atemzyklus";"{{cycleCount}} Zyklus";"{{cycleCount}} cycle";"";"";"Marketing";"Prüfung erforderlich";"";"{{cycleCount}}";"";"ui.breathing.cycles.one";"ui";"en-CH";"3";"v1:d3fd3111d338f5b91a8afe35e5ff9a8bb19678817df79ce37aaec18b6ccdc349";"9566394e477be24012dd8ed9c913de0c6b373650d532e68570c973f60a4da9c9"
"Mentales Wohlbefinden";"Belastung & Stresskompetenz";"Atemübung";"Dynamischer Text";"Zähler bei mehreren Atemzyklen";"{{cycleCount}} Zyklen";"{{cycleCount}} cycles";"";"";"Marketing";"Prüfung erforderlich";"";"{{cycleCount}}";"";"ui.breathing.cycles.multiple";"ui";"en-CH";"3";"v1:d3fd3111d338f5b91a8afe35e5ff9a8bb19678817df79ce37aaec18b6ccdc349";"7ce4fc4819913bf2c451bf8f7d0658e0d168b4d618752ce090a40fe06ac0a7b5"
"Mentales Wohlbefinden";"Belastung & Stresskompetenz";"Ergebnis-Einstieg";"Beschriftung";"Ergebnis-Zusammenfassung · Themenlabel «Belastung & Stresskompetenz»";"Belastbarkeit";"resilience";"";"";"Marketing";"Prüfung erforderlich";"";"";"";"ui.hero.topic.belastbarkeit";"ui";"en-CH";"3";"v1:d3fd3111d338f5b91a8afe35e5ff9a8bb19678817df79ce37aaec18b6ccdc349";"92b33562b58aeb41e9a53d2b3179f311d02ac5168a5647f67e2322292b0f2d94"
"Mentales Wohlbefinden";"Belastung & Stresskompetenz";"Ergebnis-Einstieg";"Beschriftung";"Ergebnis-Zusammenfassung · Themenlabel «Belastung & Stresskompetenz»";"Umgang mit Belastung";"coping with stress";"";"";"Marketing";"Prüfung erforderlich";"";"";"";"ui.hero.topic.coping";"ui";"en-CH";"3";"v1:d3fd3111d338f5b91a8afe35e5ff9a8bb19678817df79ce37aaec18b6ccdc349";"01f1703ee0b82a0537209bf68280df21987a62d2184ca6ace6478af6c923a6c4"
"Mentales Wohlbefinden";"Selbstfürsorge & positive Emotionen";"Handlungsfelder";"Beschriftung";"Handlungsfeld · Mentales Wohlbefinden · Kurzlabel";"Feste Erholungsinseln im Alltag einplanen";"Schedule fixed periods of recovery in daily life";"";"";"Marketing, Medizin";"Prüfung erforderlich";"";"";"";"recommendation.lever.lv_selbstfuersorge.label";"recommendations";"en-CH";"3";"v1:d3fd3111d338f5b91a8afe35e5ff9a8bb19678817df79ce37aaec18b6ccdc349";"43d79fdc87313f63e2a2a90965c4a7ef2c67eaa517345518fa24c67f44c68702"
"Mentales Wohlbefinden";"Selbstfürsorge & positive Emotionen";"Handlungsfelder";"Detailtext";"Handlungsfeld · Mentales Wohlbefinden · Detailtext";"Erholung passiert selten von allein – planen Sie kleine, fixe Momente der Ruhe wie einen Termin mit sich selbst.";"Recovery rarely happens by itself. Schedule small, fixed moments of calm as you would an appointment with yourself.";"";"";"Marketing, Medizin";"Prüfung erforderlich";"";"";"";"recommendation.lever.lv_selbstfuersorge.detail";"recommendations";"en-CH";"3";"v1:d3fd3111d338f5b91a8afe35e5ff9a8bb19678817df79ce37aaec18b6ccdc349";"99bdcf81a58e187d5e75de958afec4f377440641e3994825da42c993a802a679"
"Mentales Wohlbefinden";"Selbstfürsorge & positive Emotionen";"Empfehlungskarten";"Überschrift";"Empfehlungskarte · Mentales Wohlbefinden · Titel";"Eine kleine Erholungsroutine etablieren";"Establish a small recovery routine";"";"";"Marketing";"Prüfung erforderlich";"";"";"";"recommendation.catalog.me_selbstfuersorge.title";"recommendations";"en-CH";"3";"v1:d3fd3111d338f5b91a8afe35e5ff9a8bb19678817df79ce37aaec18b6ccdc349";"df2e9974eca79d5fa05c985e7c67a500bdbf8c8b0fabc1e12711556c38e57b8d"
"Mentales Wohlbefinden";"Selbstfürsorge & positive Emotionen";"Empfehlungskarten";"Begründung / Einordnung";"Empfehlungskarte · Mentales Wohlbefinden · Begründung";"Regelmässiges Auftanken hilft, Belastungen besser zu verarbeiten. Aktuell nehmen Sie sich dafür wenig bewusste Zeit.";"Recharging regularly helps you process stress more effectively. You currently set aside little deliberate time for this.";"";"";"Marketing, Medizin";"Prüfung erforderlich";"";"";"";"recommendation.catalog.me_selbstfuersorge.why";"recommendations";"en-CH";"3";"v1:d3fd3111d338f5b91a8afe35e5ff9a8bb19678817df79ce37aaec18b6ccdc349";"e65f9c3b1f0227e4e6b311eb67e563f3ba9372d2bbe9eadfdfaaa5a1fb12ca48"
"Mentales Wohlbefinden";"Selbstfürsorge & positive Emotionen";"Empfehlungskarten";"Nächster Schritt";"Empfehlungskarte · Mentales Wohlbefinden · konkreter nächster Schritt";"Wählen Sie eine Aktivität, die Ihnen guttut (Bewegung, Natur, Musik, Hobby), und reservieren Sie dafür diese Woche zwei feste Zeitfenster.";"Choose an activity that feels good, such as movement, nature, music or a hobby, and reserve two fixed time slots for it this week.";"";"";"Marketing, Medizin";"Prüfung erforderlich";"";"";"";"recommendation.catalog.me_selbstfuersorge.step";"recommendations";"en-CH";"3";"v1:d3fd3111d338f5b91a8afe35e5ff9a8bb19678817df79ce37aaec18b6ccdc349";"c3b8e348eaa3854ef102431d25ed4afa38ce99b3bb0bd1b70b7eed050d78bcb4"
"Mentales Wohlbefinden";"Selbstfürsorge & positive Emotionen";"Empfehlungskarten";"Erwarteter Nutzen";"Empfehlungskarte · Mentales Wohlbefinden · erwarteter Nutzen";"Bewusste Erholung stärkt Ihre mentale Widerstandskraft im Alltag.";"Deliberate recovery strengthens your mental resilience in daily life.";"";"";"Marketing, Medizin";"Prüfung erforderlich";"";"";"";"recommendation.catalog.me_selbstfuersorge.benefit";"recommendations";"en-CH";"3";"v1:d3fd3111d338f5b91a8afe35e5ff9a8bb19678817df79ce37aaec18b6ccdc349";"e69c3213d5f6a646b963a8e1a6e64cd1a2672c159e81d315ea927027943035bf"
"Mentales Wohlbefinden";"Selbstfürsorge & positive Emotionen";"4-Wochen-Pläne";"4-Wochen-Plan";"4-Wochen-Plan · Diese Woche";"Planen Sie <b>eine feste kleine Erholungsinsel pro Tag</b> – wie einen Termin mit sich selbst (10 Minuten ohne Bildschirm, Spaziergang, Tee, Musik). Erholung entsteht selten von allein.";"Schedule <b>one fixed, small period of recovery each day</b>, like an appointment with yourself: 10 minutes without a screen, a walk, tea or music. Recovery rarely happens by itself.";"";"";"Marketing, Medizin";"Prüfung erforderlich";"";"";"";"recommendation.plan.me_selbstfuersorge.this_week";"recommendations";"en-CH";"3";"v1:d3fd3111d338f5b91a8afe35e5ff9a8bb19678817df79ce37aaec18b6ccdc349";"e47b31e740281fe85b224b27adacc27ee9a09ef27428a31eba357f14fc572d88"
"Mentales Wohlbefinden";"Selbstfürsorge & positive Emotionen";"4-Wochen-Pläne";"4-Wochen-Plan";"4-Wochen-Plan · Woche 2–3";"Beobachten Sie, was Ihnen wirklich Energie gibt (nicht nur ablenkt), und bauen Sie davon mehr ein. Kurze, regelmässige Momente wirken stärker als seltene lange Auszeiten.";"Observe what genuinely gives you energy rather than merely distracting you, and include more of it. Short, regular moments are more effective than rare, long breaks.";"";"";"Marketing, Medizin";"Prüfung erforderlich";"";"";"";"recommendation.plan.me_selbstfuersorge.weeks_2_3";"recommendations";"en-CH";"3";"v1:d3fd3111d338f5b91a8afe35e5ff9a8bb19678817df79ce37aaec18b6ccdc349";"3367b14b8307749b2728843536b606753d8c2dc1262982f18fbd8452298c7554"
"Mentales Wohlbefinden";"Selbstfürsorge & positive Emotionen";"4-Wochen-Pläne";"4-Wochen-Plan";"4-Wochen-Plan · Woche 4";"Machen Sie die wirksamste Erholungsinsel zum festen täglichen Ritual, das nicht verhandelbar ist.";"Make the most effective period of recovery a fixed, non-negotiable daily ritual.";"";"";"Marketing, Medizin";"Prüfung erforderlich";"";"";"";"recommendation.plan.me_selbstfuersorge.week_4";"recommendations";"en-CH";"3";"v1:d3fd3111d338f5b91a8afe35e5ff9a8bb19678817df79ce37aaec18b6ccdc349";"6bc810cd9079d223667b1020e1d9dacf9b9bafe567a48d52fa0258679dcd8d38"
"Mentales Wohlbefinden";"Selbstfürsorge & positive Emotionen";"Ergebnis-Einstieg";"Beschriftung";"Ergebnis-Zusammenfassung · Themenlabel «Selbstfürsorge & positive Emotionen»";"positive Momente im Alltag";"positive moments in daily life";"";"";"Marketing";"Prüfung erforderlich";"";"";"";"ui.hero.topic.positive_emotionen";"ui";"en-CH";"3";"v1:d3fd3111d338f5b91a8afe35e5ff9a8bb19678817df79ce37aaec18b6ccdc349";"f85d0a49dbb9fae531b7f956012384620fd057f7bfc78a9da53cf76e5eb64df9"
"Mentales Wohlbefinden";"Selbstfürsorge & positive Emotionen";"Ergebnis-Einstieg";"Beschriftung";"Ergebnis-Zusammenfassung · Themenlabel «Selbstfürsorge & positive Emotionen»";"Selbstfürsorge";"self-care";"";"";"Marketing";"Prüfung erforderlich";"";"";"";"ui.hero.topic.selbstfuersorge";"ui";"en-CH";"3";"v1:d3fd3111d338f5b91a8afe35e5ff9a8bb19678817df79ce37aaec18b6ccdc349";"de9282880b546723bc9b4df02f64403a007bbeab01a26df90cc144df77fd81b9"
"Mentales Wohlbefinden";"Sinn & Selbstwirksamkeit";"Empfehlungskarten";"Überschrift";"Empfehlungskarte · Mentales Wohlbefinden · Titel";"Sinn und Zuversicht stärken";"Strengthen purpose and confidence";"";"";"Marketing";"Prüfung erforderlich";"";"";"";"recommendation.catalog.me_sinn.title";"recommendations";"en-CH";"3";"v1:d3fd3111d338f5b91a8afe35e5ff9a8bb19678817df79ce37aaec18b6ccdc349";"e24137397883afdaab0387ad567413da19b40822482a9e4b89c6817c446a233a"
"Mentales Wohlbefinden";"Sinn & Selbstwirksamkeit";"Empfehlungskarten";"Begründung / Einordnung";"Empfehlungskarte · Mentales Wohlbefinden · Begründung";"Sinn im Alltag und ein zuversichtlicher Blick nach vorn sind wichtige seelische Ressourcen. Beides erleben Sie gerade eher schwach.";"A sense of purpose in daily life and a confident outlook are important emotional resources. You currently experience both less strongly.";"";"";"Marketing, Medizin";"Prüfung erforderlich";"";"";"";"recommendation.catalog.me_sinn.why";"recommendations";"en-CH";"3";"v1:d3fd3111d338f5b91a8afe35e5ff9a8bb19678817df79ce37aaec18b6ccdc349";"b98f1ee460f4fccd26d0c6ac3120266e0a8d6c4aa328ff0b6f034b835fb6a900"
"Mentales Wohlbefinden";"Sinn & Selbstwirksamkeit";"Empfehlungskarten";"Nächster Schritt";"Empfehlungskarte · Mentales Wohlbefinden · konkreter nächster Schritt";"Überlegen Sie, welche Tätigkeit oder welcher Kontakt Ihnen Sinn gibt, und planen Sie diese Woche bewusst etwas davon ein.";"Consider which activity or connection gives you a sense of purpose and deliberately plan some of it this week.";"";"";"Marketing, Medizin";"Prüfung erforderlich";"";"";"";"recommendation.catalog.me_sinn.step";"recommendations";"en-CH";"3";"v1:d3fd3111d338f5b91a8afe35e5ff9a8bb19678817df79ce37aaec18b6ccdc349";"09963aaaae820f2f0c251bea9d84d58a2cac8efd3f9d73823f6c14edc9de5128"
"Mentales Wohlbefinden";"Sinn & Selbstwirksamkeit";"Empfehlungskarten";"Erwarteter Nutzen";"Empfehlungskarte · Mentales Wohlbefinden · erwarteter Nutzen";"Mehr Sinnerleben und kleine Erfolge stärken Zuversicht und seelische Gesundheit.";"A stronger sense of purpose and small successes support confidence and emotional health.";"";"";"Marketing, Medizin";"Prüfung erforderlich";"";"";"";"recommendation.catalog.me_sinn.benefit";"recommendations";"en-CH";"3";"v1:d3fd3111d338f5b91a8afe35e5ff9a8bb19678817df79ce37aaec18b6ccdc349";"278c77a7e09a84ec8698d3775a54b654178ee7100701652ac9ff5952bf90bbe2"
"Mentales Wohlbefinden";"Sinn & Selbstwirksamkeit";"4-Wochen-Pläne";"4-Wochen-Plan";"4-Wochen-Plan · Diese Woche";"Planen Sie bewusst <b>eine Tätigkeit ein, die Ihnen Sinn oder Freude gibt</b> – so klein sie auch scheint. Sinn entsteht selten von allein; er wird gemacht, oft in ganz alltäglichen Momenten.";"Deliberately schedule <b>an activity that gives you purpose or joy</b>, however small it may seem. Purpose rarely appears by itself; it is created, often in very ordinary moments.";"";"";"Marketing, Medizin";"Prüfung erforderlich";"";"";"";"recommendation.plan.me_sinn.this_week";"recommendations";"en-CH";"3";"v1:d3fd3111d338f5b91a8afe35e5ff9a8bb19678817df79ce37aaec18b6ccdc349";"6926f4ed907a1f64fe39963404bb2aed96ec627a701779dc26385d48d2ed880e"
"Mentales Wohlbefinden";"Sinn & Selbstwirksamkeit";"4-Wochen-Pläne";"4-Wochen-Plan";"4-Wochen-Plan · Woche 2–3";"Probieren Sie eine einfache Dankbarkeits-Übung: notieren Sie abends drei Dinge, die heute gut waren. Das lenkt die Aufmerksamkeit nachweislich auf das Positive und stärkt den zuversichtlichen Blick nach vorn.";"Try a simple gratitude exercise: each evening, write down three things that went well that day. This has been shown to direct attention towards the positive and supports a more confident outlook.";"";"";"Marketing, Medizin";"Prüfung erforderlich";"";"";"";"recommendation.plan.me_sinn.weeks_2_3";"recommendations";"en-CH";"3";"v1:d3fd3111d338f5b91a8afe35e5ff9a8bb19678817df79ce37aaec18b6ccdc349";"23f0de4eb66028ac1e607e8529dd3f498f7421b04d2dc81a8710733cbc277ee8"
"Mentales Wohlbefinden";"Sinn & Selbstwirksamkeit";"4-Wochen-Pläne";"4-Wochen-Plan";"4-Wochen-Plan · Woche 4";"Verankern Sie das, was Ihnen guttut, als festen Teil Ihrer Woche (Kontakt, Tätigkeit, Engagement). Hält die Sinnkrise oder Antriebslosigkeit an, ist das ein guter Grund, Unterstützung zu suchen – das ist ein Zeichen von Stärke.";"Make what is good for you a fixed part of your week, whether a connection, activity or commitment. If a loss of purpose or motivation persists, it is a good reason to seek support, which is a sign of strength.";"";"";"Marketing, Medizin";"Prüfung erforderlich";"";"";"";"recommendation.plan.me_sinn.week_4";"recommendations";"en-CH";"3";"v1:d3fd3111d338f5b91a8afe35e5ff9a8bb19678817df79ce37aaec18b6ccdc349";"cea2f229bdc5b38fdf601aee300823c7973914f59457c27e719b1691988cdbcc"
"Mentales Wohlbefinden";"Sinn & Selbstwirksamkeit";"Stärken";"Beschriftung";"Stärke · Mentales Wohlbefinden · Kurzlabel";"Sinn & Freude im Alltag";"Purpose and joy in daily life";"";"";"Marketing";"Prüfung erforderlich";"";"";"";"recommendation.strength.st_sinn.label";"recommendations";"en-CH";"3";"v1:d3fd3111d338f5b91a8afe35e5ff9a8bb19678817df79ce37aaec18b6ccdc349";"9a9fb2de247100d1ea3fe79bcab2963af943957edff3ed91c84d09de317e6e93"
"Mentales Wohlbefinden";"Sinn & Selbstwirksamkeit";"Stärken";"Detailtext";"Stärke · Mentales Wohlbefinden · Detailtext";"Sie erleben Ihr Leben als sinnvoll und finden regelmässig Momente der Freude – ein starker Schutz für die mentale Gesundheit.";"You experience your life as meaningful and regularly find moments of joy, a strong protective factor for mental health.";"";"";"Marketing, Medizin";"Prüfung erforderlich";"";"";"";"recommendation.strength.st_sinn.detail";"recommendations";"en-CH";"3";"v1:d3fd3111d338f5b91a8afe35e5ff9a8bb19678817df79ce37aaec18b6ccdc349";"86210ce361436818fc0c5c4c07a7be4df47a8ce46a18482c77362c71f82279e8"
"Mentales Wohlbefinden";"Sinn & Selbstwirksamkeit";"Ergebnis-Einstieg";"Beschriftung";"Ergebnis-Zusammenfassung · Themenlabel «Sinn & Selbstwirksamkeit»";"Selbstwirksamkeit";"self-efficacy";"";"";"Marketing";"Prüfung erforderlich";"";"";"";"ui.hero.topic.selbstwirksamkeit";"ui";"en-CH";"3";"v1:d3fd3111d338f5b91a8afe35e5ff9a8bb19678817df79ce37aaec18b6ccdc349";"382b43a1d70206507459735b34f2bd327f45f7d308d435a552a25c06aac689a9"
"Mentales Wohlbefinden";"Sinn & Selbstwirksamkeit";"Ergebnis-Einstieg";"Beschriftung";"Ergebnis-Zusammenfassung · Themenlabel «Sinn & Selbstwirksamkeit»";"Sinnerleben";"sense of purpose";"";"";"Marketing";"Prüfung erforderlich";"";"";"";"ui.hero.topic.sinnhaftigkeit";"ui";"en-CH";"3";"v1:d3fd3111d338f5b91a8afe35e5ff9a8bb19678817df79ce37aaec18b6ccdc349";"7beef2bb05be9b0232707c79b3e8a5f0bb0e63663258d5a3104cb1b9769f5d5e"
"Mentales Wohlbefinden";"Sinn & Selbstwirksamkeit";"Ergebnis-Einstieg";"Beschriftung";"Ergebnis-Zusammenfassung · Themenlabel «Sinn & Selbstwirksamkeit»";"Zukunftszuversicht";"confidence about the future";"";"";"Marketing";"Prüfung erforderlich";"";"";"";"ui.hero.topic.zukunft";"ui";"en-CH";"3";"v1:d3fd3111d338f5b91a8afe35e5ff9a8bb19678817df79ce37aaec18b6ccdc349";"f0acfe18c4b6ca809199552dadb1a268dcf31183a8888880a7af1eb661667532"
"Mentales Wohlbefinden";"Soziale Verbundenheit";"Dimensionsdetails";"Überschrift";"Dimensionsdetail · Titel";"Wenig soziale Verbundenheit";"Limited social connection";"";"";"Marketing, Medizin";"Prüfung erforderlich";"";"";"";"recommendation.signal.einsamkeit.title";"recommendations";"en-CH";"3";"v1:d3fd3111d338f5b91a8afe35e5ff9a8bb19678817df79ce37aaec18b6ccdc349";"e35e5ac8b3d83a19a4af39e127783911c1250cb0c15bb8c2ffb58e3e5c8b1c0d"
"Mentales Wohlbefinden";"Soziale Verbundenheit";"Dimensionsdetails";"Persönliche Einordnung";"Dimensionsdetail · Einordnung";"Soziale Verbundenheit gehört zu den stärksten bekannten Schutzfaktoren für Gesundheit und Lebenserwartung – vergleichbar mit klassischen Lebensstilfaktoren. Sie wird trotzdem selten aktiv gepflegt.";"Social connection is one of the strongest known protective factors for health and life expectancy, comparable with established lifestyle factors. Yet it is rarely maintained deliberately.";"";"";"Marketing, Medizin";"Prüfung erforderlich";"";"";"";"recommendation.signal.einsamkeit.insight";"recommendations";"en-CH";"3";"v1:d3fd3111d338f5b91a8afe35e5ff9a8bb19678817df79ce37aaec18b6ccdc349";"a82f0eb7c8fe81dbfde77fea94945e16d6d80f7017aa20df7c10448e7bfafc54"
"Mentales Wohlbefinden";"Soziale Verbundenheit";"Dimensionsdetails";"Nächster Schritt";"Dimensionsdetail · konkreter nächster Schritt";"Diese Woche eine Person aktiv kontaktieren und etwas Konkretes verabreden – nicht «mal wieder treffen».";"Actively contact one person this week and arrange something specific rather than vaguely intending to meet again.";"";"";"Marketing, Medizin";"Prüfung erforderlich";"";"";"";"recommendation.signal.einsamkeit.action";"recommendations";"en-CH";"3";"v1:d3fd3111d338f5b91a8afe35e5ff9a8bb19678817df79ce37aaec18b6ccdc349";"b4ced9486a72332ac3f9576db19bb08181c0317539b415d7af0c63f1e1a2af47"
"Mentales Wohlbefinden";"Soziale Verbundenheit";"Risikosignale";"Risikosignal";"Ergebnisseite, Lebensstil-Signal soziale Verbundenheit";"Sie fühlen sich aktuell wenig mit anderen Menschen verbunden.";"You currently feel little connection with other people.";"";"";"Marketing, Medizin";"Prüfung erforderlich";"";"";"";"recommendation.risk_signal.einsamkeit.label";"recommendations";"en-CH";"3";"v1:d3fd3111d338f5b91a8afe35e5ff9a8bb19678817df79ce37aaec18b6ccdc349";"137feb27004465c14f0cfd7ce13565f954f364650b3479be9ade2bc115ff59b8"
"Mentales Wohlbefinden";"Soziale Verbundenheit";"Handlungsfelder";"Beschriftung";"Handlungsfeld · Mentales Wohlbefinden · Kurzlabel";"Soziale Kontakte aktiv pflegen";"Actively maintain social connections";"";"";"Marketing, Medizin";"Prüfung erforderlich";"";"";"";"recommendation.lever.lv_verbundenheit.label";"recommendations";"en-CH";"3";"v1:d3fd3111d338f5b91a8afe35e5ff9a8bb19678817df79ce37aaec18b6ccdc349";"51b9f6a074379e0c730aaaa348a7915c191e6f857285765428d41ef46b58de47"
"Mentales Wohlbefinden";"Soziale Verbundenheit";"Handlungsfelder";"Detailtext";"Handlungsfeld · Mentales Wohlbefinden · Detailtext";"Verbundenheit ist einer der stärksten Schutzfaktoren für die Gesundheit – ein kleiner erster Schritt: eine Person diese Woche aktiv kontaktieren.";"Connection is one of the strongest protective factors for health. A small first step is to contact one person this week.";"";"";"Marketing, Medizin";"Prüfung erforderlich";"";"";"";"recommendation.lever.lv_verbundenheit.detail";"recommendations";"en-CH";"3";"v1:d3fd3111d338f5b91a8afe35e5ff9a8bb19678817df79ce37aaec18b6ccdc349";"11e7f4bab3071fedf027122cae6207c297f5e32d570095c3768eaf7a59c59277"
"Mentales Wohlbefinden";"Soziale Verbundenheit";"Empfehlungskarten";"Überschrift";"Empfehlungskarte · Mentales Wohlbefinden · Titel";"Soziale Verbindungen stärken";"Strengthen social connections";"";"";"Marketing";"Prüfung erforderlich";"";"";"";"recommendation.catalog.me_sozial.title";"recommendations";"en-CH";"3";"v1:d3fd3111d338f5b91a8afe35e5ff9a8bb19678817df79ce37aaec18b6ccdc349";"f39b57694350a8461c087e0701d33a7289ad22737c873a6d5b7d286f05c311c9"
"Mentales Wohlbefinden";"Soziale Verbundenheit";"Empfehlungskarten";"Begründung / Einordnung";"Empfehlungskarte · Mentales Wohlbefinden · Begründung";"Tragfähige Beziehungen gehören zu den stärksten Schutzfaktoren für die Gesundheit. Aktuell fühlen Sie sich wenig verbunden oder wenig unterstützt.";"Supportive relationships are among the strongest protective factors for health. You currently feel less connected or supported.";"";"";"Marketing, Medizin";"Prüfung erforderlich";"";"";"";"recommendation.catalog.me_sozial.why";"recommendations";"en-CH";"3";"v1:d3fd3111d338f5b91a8afe35e5ff9a8bb19678817df79ce37aaec18b6ccdc349";"e7bdc18b9d108ecafaf84feb09861740e1a1e3d977a34ac4ee7d1574ba6fac73"
"Mentales Wohlbefinden";"Soziale Verbundenheit";"Empfehlungskarten";"Nächster Schritt";"Empfehlungskarte · Mentales Wohlbefinden · konkreter nächster Schritt";"Nehmen Sie diese Woche bewusst Kontakt zu einer Person auf, die Ihnen guttut – ein Anruf oder eine kurze Nachricht genügt für den Anfang.";"Make a deliberate effort to contact someone who is good for you this week. A phone call or short message is enough to begin.";"";"";"Marketing, Medizin";"Prüfung erforderlich";"";"";"";"recommendation.catalog.me_sozial.step";"recommendations";"en-CH";"3";"v1:d3fd3111d338f5b91a8afe35e5ff9a8bb19678817df79ce37aaec18b6ccdc349";"68cb9eb4c7ec8120103c9d6a0e7a02055e70edece4becb4e23d812e46b195e10"
"Mentales Wohlbefinden";"Soziale Verbundenheit";"Empfehlungskarten";"Erwarteter Nutzen";"Empfehlungskarte · Mentales Wohlbefinden · erwarteter Nutzen";"Mehr Verbundenheit wirkt sich positiv auf Stimmung, Stress und körperliche Gesundheit aus.";"Greater connection has a positive effect on mood, stress and physical health.";"";"";"Marketing, Medizin";"Prüfung erforderlich";"";"";"";"recommendation.catalog.me_sozial.benefit";"recommendations";"en-CH";"3";"v1:d3fd3111d338f5b91a8afe35e5ff9a8bb19678817df79ce37aaec18b6ccdc349";"c2891396a42861ebc7cdee4d6e64eae1c1c107b875940c6a85c00afb71d2b96c"
"Mentales Wohlbefinden";"Soziale Verbundenheit";"4-Wochen-Pläne";"4-Wochen-Plan";"4-Wochen-Plan · Diese Woche";"Nehmen Sie <b>zu einer Person aktiv Kontakt auf</b>, die Ihnen guttut – und verabreden Sie etwas Konkretes (nicht «mal wieder treffen», sondern Tag und Uhrzeit).";"<b>Actively contact one person</b> who is good for you and arrange something specific, with a day and time rather than a vague intention to meet again.";"";"";"Marketing, Medizin";"Prüfung erforderlich";"";"";"";"recommendation.plan.me_sozial.this_week";"recommendations";"en-CH";"3";"v1:d3fd3111d338f5b91a8afe35e5ff9a8bb19678817df79ce37aaec18b6ccdc349";"a325c2c3b83cfc84dd3baf78b83f80d7c2e3c27a311b0b29efe16aef343d143a"
"Mentales Wohlbefinden";"Soziale Verbundenheit";"4-Wochen-Pläne";"4-Wochen-Plan";"4-Wochen-Plan · Woche 2–3";"Bauen Sie einen wiederkehrenden Kontakt auf (fester Spaziergang, Anruf, gemeinsames Essen). Soziale Verbundenheit zählt zu den stärksten bekannten Schutzfaktoren für Gesundheit und Lebenserwartung.";"Create a recurring connection, such as a fixed walk, phone call or shared meal. Social connection is one of the strongest known protective factors for health and life expectancy.";"";"";"Marketing, Medizin";"Prüfung erforderlich";"";"";"";"recommendation.plan.me_sozial.weeks_2_3";"recommendations";"en-CH";"3";"v1:d3fd3111d338f5b91a8afe35e5ff9a8bb19678817df79ce37aaec18b6ccdc349";"6cce8b5abfbb811d1e81d3ae42bb347470c066ae6ba5c9c5cb0cb461dd13462f"
"Mentales Wohlbefinden";"Soziale Verbundenheit";"4-Wochen-Pläne";"4-Wochen-Plan";"4-Wochen-Plan · Woche 4";"Verankern Sie mindestens einen regelmässigen sozialen Fixpunkt pro Woche. Auch ein Verein, Kurs oder Ehrenamt schafft verlässliche Begegnungen.";"Establish at least one regular social appointment each week. A club, course or volunteer role can also create reliable encounters.";"";"";"Marketing, Medizin";"Prüfung erforderlich";"";"";"";"recommendation.plan.me_sozial.week_4";"recommendations";"en-CH";"3";"v1:d3fd3111d338f5b91a8afe35e5ff9a8bb19678817df79ce37aaec18b6ccdc349";"184fbf66927578817b42c60d093fe3660efbc6b4ca32d8aa3f58e3741763964a"
"Mentales Wohlbefinden";"Soziale Verbundenheit";"Stärken";"Beschriftung";"Stärke · Mentales Wohlbefinden · Kurzlabel";"Starkes soziales Netz";"Strong social network";"";"";"Marketing";"Prüfung erforderlich";"";"";"";"recommendation.strength.st_sozial.label";"recommendations";"en-CH";"3";"v1:d3fd3111d338f5b91a8afe35e5ff9a8bb19678817df79ce37aaec18b6ccdc349";"497c37763bd2177ef1e0acba2faa728c06dc17eedc83c1a4564df1ea4704717f"
"Mentales Wohlbefinden";"Soziale Verbundenheit";"Stärken";"Detailtext";"Stärke · Mentales Wohlbefinden · Detailtext";"Sie fühlen sich akzeptiert und eingebunden – soziale Verbundenheit ist einer der stärksten bekannten Schutzfaktoren.";"You feel accepted and included. Social connection is one of the strongest known protective factors.";"";"";"Marketing, Medizin";"Prüfung erforderlich";"";"";"";"recommendation.strength.st_sozial.detail";"recommendations";"en-CH";"3";"v1:d3fd3111d338f5b91a8afe35e5ff9a8bb19678817df79ce37aaec18b6ccdc349";"754139bd36bb01105ee9c3ba03bcf45e7e1440cd20157d29504aaaba54a91b00"
"Mentales Wohlbefinden";"Soziale Verbundenheit";"Ergebnis-Einstieg";"Beschriftung";"Ergebnis-Zusammenfassung · Themenlabel «Soziale Verbundenheit»";"soziale Verbundenheit";"social connectedness";"";"";"Marketing";"Prüfung erforderlich";"";"";"";"ui.hero.topic.verbundenheit";"ui";"en-CH";"3";"v1:d3fd3111d338f5b91a8afe35e5ff9a8bb19678817df79ce37aaec18b6ccdc349";"a4671c9873d30c678eebd0b954b74be47481d92673345e2fe7adf802c603aada"
"Digital Coach";"Coach-Dialog & Übergabe";"Coach-Antworten";"Begründung / Einordnung";"Demo-Coach-Antwort zu Protein oder Eiweiss";"Für gesunde Erwachsene mit regelmässigem Krafttraining sind etwa <b>1,4–1,6 g/kg/Tag</b> eine praktische Orientierung. Die durchschnittlichen zusätzlichen Vorteile für den Aufbau fettfreier Masse flachen ab rund <b>1,6 g/kg/Tag</b> deutlich ab. Bis etwa <b>2,0 g/kg/Tag</b> können bei sehr hoher Trainingsbelastung oder einem gezielten Energiedefizit als individueller Spielraum sinnvoll sein; für die meisten Menschen ist das nicht nötig, und das Alter allein begründet dieses Ziel nicht. Für Personen unter 18 Jahren sowie bei einer Nierenerkrankung oder medizinisch verordneter Ernährung sollte die Menge fachlich geklärt werden.";"For healthy adults who strength-train regularly, around <b>1.4–1.6 g/kg/day</b> is a practical guide. On average, the additional benefits for building lean body mass level off markedly at around <b>1.6 g/kg/day</b>. Up to around <b>2.0 g/kg/day</b> may be a reasonable individual range during very high training loads or a planned energy deficit. Most people do not need this amount, and age alone does not justify this target. People under 18, or anyone with kidney disease or a medically prescribed diet, should discuss the appropriate amount with a healthcare professional.";"";"";"Marketing, Medizin";"Prüfung erforderlich";"Neue evidenzgebundene Proteinantwort mit klaren Anwendungs- und Sicherheitsgrenzen; durch Marketing und Medizin freigeben.";"";"1.4–1.6 g/kg/day | 1.6 g/kg/day | 2.0 g/kg/day";"coach.answer.protein";"coach";"en-CH";"3";"v1:d3fd3111d338f5b91a8afe35e5ff9a8bb19678817df79ce37aaec18b6ccdc349";"b9ed0366a276e39bd87930d34ef61a9a26d340493164a83dde9c42662449d352"
"Digital Coach";"Coach-Dialog & Übergabe";"Coach-Antworten";"Dynamischer Text";"Allgemeine Demo-Coach-Antwort, wenn keine speziellere Regel greift";"Ich bin eine Vorschau und antworte mit Beispielen zu Ihrer Auswertung. Am meisten Wirkung hat bei Ihnen gerade <b>{{weakestTitle}}</b> ({{weakestScore}}/100). Fragen Sie mich z. B. „Womit fange ich an?“ oder tippen Sie oben auf einen Vorschlag.";"I am a preview assistant and provide sample answers about your results. The area where you can currently make the biggest difference is <b>{{weakestTitle}}</b> ({{weakestScore}}/100). Ask me, for example, “Where should I start?” or select one of the suggestions above.";"";"";"Marketing";"Prüfung erforderlich";"";"{{weakestScore}} | {{weakestTitle}}";"";"coach.answer.fallback";"coach";"en-CH";"3";"v1:d3fd3111d338f5b91a8afe35e5ff9a8bb19678817df79ce37aaec18b6ccdc349";"9a1d17009b0e89e7ec68ea3c2ae785e99d2f438c5c537fbb183691131a87aede"
"Digital Coach";"Coach-Dialog & Übergabe";"Coach-Antworten";"Dynamischer Text";"Demo-Coach-Antwort zum Gesamtscore";"Ihr Gesamtscore liegt bei <b>{{overallScore}}/100</b> („{{statusLabel}}“). Am stärksten sind Sie bei <b>{{strongestTitle}}</b> ({{strongestScore}}/100), am meisten Hebel haben Sie bei <b>{{weakestTitle}}</b> ({{weakestScore}}/100). Das ist eine Momentaufnahme – kein medizinisches Urteil.";"Your overall score is <b>{{overallScore}}/100</b> (“{{statusLabel}}”). Your strongest area is <b>{{strongestTitle}}</b> ({{strongestScore}}/100), while <b>{{weakestTitle}}</b> ({{weakestScore}}/100) offers the most room for improvement. This is a snapshot, not a medical assessment.";"";"";"Marketing, Medizin";"Prüfung erforderlich";"";"{{overallScore}} | {{statusLabel}} | {{strongestScore}} | {{strongestTitle}} | {{weakestScore}} | {{weakestTitle}}";"";"coach.answer.overall_score";"coach";"en-CH";"3";"v1:d3fd3111d338f5b91a8afe35e5ff9a8bb19678817df79ce37aaec18b6ccdc349";"0a4bcf9288281524a04af405860ed16833b810eef31c181a51a8e27729205635"
"Digital Coach";"Coach-Dialog & Übergabe";"Coach-Antworten";"Nächster Schritt";"Demo-Coach-Antwort zum Einstieg ohne vorhandenen Aktionsschritt";"Aus Ihren Antworten lässt sich aktuell kein einzelner priorisierter Startschritt ableiten. Nutzen Sie die Dimensionswerte und Hinweise zur Einordnung und wählen Sie einen kleinen Schritt, der zu Ihrem Alltag passt.";"Your answers do not currently point to one prioritised first step. Use the dimension scores and guidance to understand your results, then choose a small step that fits into your everyday life.";"";"";"Marketing";"Prüfung erforderlich";"Leerzustand nicht mehr mit fehlendem Handlungsbedarf gleichgesetzt; durch Marketing freigeben.";"";"";"coach.answer.first_step.without_plan";"coach";"en-CH";"3";"v1:d3fd3111d338f5b91a8afe35e5ff9a8bb19678817df79ce37aaec18b6ccdc349";"f05ae20a45e4d8aedf4b12d4fb984e24e0941ed7aa21e53fb92e031dd6539c77"
"Digital Coach";"Coach-Dialog & Übergabe";"Coach-Antworten";"Dynamischer Text";"Demo-Coach-Antwort zum Einstieg mit vorhandenem Aktionsschritt";"Fangen Sie am besten klein an: <b>{{recommendationTitle}}</b>. Ihr erster Schritt: {{recommendationStep}} Wählen Sie nur diesen einen Schritt für diese Woche.";"The best way to start is small: <b>{{recommendationTitle}}</b>. Your first step: {{recommendationStep}} Focus on this one step for this week.";"";"";"Marketing";"Prüfung erforderlich";"";"{{recommendationStep}} | {{recommendationTitle}}";"";"coach.answer.first_step.with_plan";"coach";"en-CH";"3";"v1:d3fd3111d338f5b91a8afe35e5ff9a8bb19678817df79ce37aaec18b6ccdc349";"570c83f27d635d586952f40e255ca7344c26f01e3eb5da622fcefae133967245"
"Digital Coach";"Coach-Dialog & Übergabe";"Coach-Kontext";"Beschriftung";"Fallback-Titel, wenn keine schwächste Dimension vorliegt";"diesem Bereich";"this area";"";"";"Marketing";"Prüfung erforderlich";"";"";"";"coach.context.weakest_title_fallback";"coach";"en-CH";"3";"v1:d3fd3111d338f5b91a8afe35e5ff9a8bb19678817df79ce37aaec18b6ccdc349";"e6a10d846d6aee8fcb5e78838be2bffa50c5bbad48aa581a7da9949540f16345"
"Digital Coach";"Coach-Dialog & Übergabe";"Coach-Kontext";"Beschriftung";"Fallback-Titel, wenn keine stärkste Dimension vorliegt";"—";"—";"";"";"Marketing";"Prüfung erforderlich";"";"";"";"coach.context.strongest_title_fallback";"coach";"en-CH";"3";"v1:d3fd3111d338f5b91a8afe35e5ff9a8bb19678817df79ce37aaec18b6ccdc349";"aa8fe2edce3d8045539de32f2216245f5c5dc6cfec04863568069800878a4988"
"Digital Coach";"Coach-Dialog & Übergabe";"Coach-Kontext";"Beschriftung";"Fallback, wenn ein Dimensionsscore im Coach-Kontext fehlt";"noch nicht ermittelt";"not yet determined";"";"";"Marketing";"Prüfung erforderlich";"";"";"";"coach.context.score_unknown";"coach";"en-CH";"3";"v1:d3fd3111d338f5b91a8afe35e5ff9a8bb19678817df79ce37aaec18b6ccdc349";"399d1e96d2aca176bf170e2e98d1d0fc2f190104c9bca960f1fcea0e0b272ce6"
"Digital Coach";"Coach-Dialog & Übergabe";"Coach-Antworten";"Dynamischer Text";"Antwort zur Verbesserung einer Dimension mit passendem Top-Schritt";"Für <b>{{dimensionTitle}}</b> ist Ihr wirksamster Schritt: {{recommendationStep}} Klein anfangen und dranbleiben schlägt Perfektion.";"For <b>{{dimensionTitle}}</b>, your most effective step is: {{recommendationStep}} Starting small and staying consistent beats perfection.";"";"";"Marketing";"Prüfung erforderlich";"";"{{dimensionTitle}} | {{recommendationStep}}";"";"coach.improve_dimension.with_recommendation";"coach";"en-CH";"3";"v1:d3fd3111d338f5b91a8afe35e5ff9a8bb19678817df79ce37aaec18b6ccdc349";"1922a2140560e892fe0ec2dae2b20d98a7e62e3f3ca75e4399294a61bb3f64de"
"Digital Coach";"Coach-Dialog & Übergabe";"Coach-Antworten";"Dynamischer Text";"Antwort zur Verbesserung einer Dimension ohne passenden Top-Schritt";"Für <b>{{dimensionTitle}}</b> ({{dimensionScore}}/100) lässt sich aus den aktuellen Antworten keine einzelne spezifische Empfehlung ableiten. Nutzen Sie die Einordnung im Detailbereich und wählen Sie bei Bedarf eine kleine, alltagstaugliche Anpassung.";"For <b>{{dimensionTitle}}</b> ({{dimensionScore}}/100), your current answers do not point to one specific recommendation. Use the assessment in the detailed section and, if helpful, choose a small adjustment that fits into your everyday life.";"";"";"Marketing";"Prüfung erforderlich";"Funktioniert bei niedrigen wie hohen Scores ohne nicht vorhandene Empfehlungen zu versprechen; durch Marketing freigeben.";"{{dimensionScore}} | {{dimensionTitle}}";"";"coach.improve_dimension.without_recommendation";"coach";"en-CH";"3";"v1:d3fd3111d338f5b91a8afe35e5ff9a8bb19678817df79ce37aaec18b6ccdc349";"8e13a5990d6d6f9d0308e03d6421b3ac27b3151bde6bd881fbcc2219a931c24d"
"Digital Coach";"Coach-Dialog & Übergabe";"Vorschlagsfragen";"Nächster Schritt";"Immer sichtbarer Vorschlags-Chip zum Gesamtscore";"Was bedeutet mein Gesamtscore?";"What does my overall score mean?";"";"";"Marketing";"Prüfung erforderlich";"";"";"";"coach.prompt.overall_score";"coach";"en-CH";"3";"v1:d3fd3111d338f5b91a8afe35e5ff9a8bb19678817df79ce37aaec18b6ccdc349";"71cc8674179e5671fbba8d662ea268dded21f2d22d32256da73efcf482011c00"
"Digital Coach";"Coach-Dialog & Übergabe";"Vorschlagsfragen";"Nächster Schritt";"Vorschlags-Chip bei Belastungssignal";"Zeigen Sie mir eine Atemübung";"Show me a breathing exercise";"";"";"Marketing";"Prüfung erforderlich";"";"";"";"coach.prompt.breathing";"coach";"en-CH";"3";"v1:d3fd3111d338f5b91a8afe35e5ff9a8bb19678817df79ce37aaec18b6ccdc349";"3636e565849387a943fea39dfcc79db82547817297db76b2de29382485b4370e"
"Digital Coach";"Coach-Dialog & Übergabe";"Vorschlagsfragen";"Nächster Schritt";"Vorschlags-Chip zur Coach App";"Was kann die Coach App für mich tun?";"What can the Coach app do for me?";"";"";"Marketing";"Prüfung erforderlich";"";"";"";"coach.prompt.coach_app";"coach";"en-CH";"3";"v1:d3fd3111d338f5b91a8afe35e5ff9a8bb19678817df79ce37aaec18b6ccdc349";"840644215e9e9c95c58a2940fd875552cfc81c5f093bf48f59015fe0f8ea8fb9"
"Digital Coach";"Coach-Dialog & Übergabe";"Vorschlagsfragen";"Nächster Schritt";"Vorschlags-Chip, wenn ein Aktionsschritt vorhanden ist";"Womit fange ich am besten an?";"What is the best way to get started?";"";"";"Marketing";"Prüfung erforderlich";"";"";"";"coach.prompt.first_step";"coach";"en-CH";"3";"v1:d3fd3111d338f5b91a8afe35e5ff9a8bb19678817df79ce37aaec18b6ccdc349";"34ef5ed440ffe0803311a283def07b75f2408474c65b90bde6822907bcd71e3c"
"Digital Coach";"Coach-Dialog & Übergabe";"Vorschlagsfragen";"Dynamischer Text";"Vorschlags-Chip für die schwächste Dimension";"Wie verbessere ich „{{dimensionTitle}}“?";"How can I improve “{{dimensionTitle}}”?";"";"";"Marketing";"Prüfung erforderlich";"";"{{dimensionTitle}}";"";"coach.prompt.improve_dimension";"coach";"en-CH";"3";"v1:d3fd3111d338f5b91a8afe35e5ff9a8bb19678817df79ce37aaec18b6ccdc349";"1837271a6a0e71e351ee42891b8f203584c5107d6fff9fef088ad360ffe2f63c"
"Digital Coach";"Coach-Dialog & Übergabe";"Defensiver Ersatzplan";"Beschriftung";"Defensiver 4-Wochen-Plan ohne eigenen Plan, erster Zeitraum";"Diese Woche";"This week";"";"";"Marketing";"Prüfung erforderlich";"";"";"";"coach.week_plan.fallback.label.this_week";"coach";"en-CH";"3";"v1:d3fd3111d338f5b91a8afe35e5ff9a8bb19678817df79ce37aaec18b6ccdc349";"db5e0e5b96d395f0b757278c812739da86963fdac31467fa6acd38ab1c9e17eb"
"Digital Coach";"Coach-Dialog & Übergabe";"Defensiver Ersatzplan";"Beschriftung";"Defensiver 4-Wochen-Plan ohne eigenen Plan, letzter Zeitraum";"Woche 4";"Week 4";"";"";"Marketing";"Prüfung erforderlich";"";"";"";"coach.week_plan.fallback.label.week_four";"coach";"en-CH";"3";"v1:d3fd3111d338f5b91a8afe35e5ff9a8bb19678817df79ce37aaec18b6ccdc349";"b90e5d6ae3f6fb57fa9078d3d258d03f80a5a7ad966de7b734b7cd51b8a9bbaa"
"Digital Coach";"Coach-Dialog & Übergabe";"Defensiver Ersatzplan";"Beschriftung";"Defensiver 4-Wochen-Plan ohne eigenen Plan, mittlerer Zeitraum";"Woche 2–3";"Weeks 2–3";"";"";"Marketing";"Prüfung erforderlich";"";"";"";"coach.week_plan.fallback.label.weeks_two_three";"coach";"en-CH";"3";"v1:d3fd3111d338f5b91a8afe35e5ff9a8bb19678817df79ce37aaec18b6ccdc349";"eca7c52a7432a3023b9dc513c7180385c252fc883688a49074c4a31f4a075056"
"Digital Coach";"Coach-Dialog & Übergabe";"Defensiver Ersatzplan";"Nächster Schritt";"Defensiver erster Planschritt, wenn auch kein Empfehlungsschritt vorhanden ist";"Wählen Sie einen einzigen, kleinen Startschritt.";"Choose one small first step.";"";"";"Marketing";"Prüfung erforderlich";"";"";"";"coach.week_plan.fallback.step.this_week";"coach";"en-CH";"3";"v1:d3fd3111d338f5b91a8afe35e5ff9a8bb19678817df79ce37aaec18b6ccdc349";"524e21cd7223fc658328003d030186d52d6dba966918f22b9e82e3cd57789924"
"Digital Coach";"Coach-Dialog & Übergabe";"Defensiver Ersatzplan";"Nächster Schritt";"Defensiver letzter Planschritt";"Machen Sie den Schritt zu einer festen Gewohnheit.";"Make the step a regular habit.";"";"";"Marketing";"Prüfung erforderlich";"";"";"";"coach.week_plan.fallback.step.week_four";"coach";"en-CH";"3";"v1:d3fd3111d338f5b91a8afe35e5ff9a8bb19678817df79ce37aaec18b6ccdc349";"7227d8835e159fda5dbd37fe39d3ff2680c1fca46a357b25dc2c9d1015c16ba4"
"Digital Coach";"Coach-Dialog & Übergabe";"Defensiver Ersatzplan";"Nächster Schritt";"Defensiver mittlerer Planschritt";"Wiederholen Sie den Schritt regelmässig und steigern Sie sich langsam.";"Repeat the step regularly and build up slowly.";"";"";"Marketing";"Prüfung erforderlich";"";"";"";"coach.week_plan.fallback.step.weeks_two_three";"coach";"en-CH";"3";"v1:d3fd3111d338f5b91a8afe35e5ff9a8bb19678817df79ce37aaec18b6ccdc349";"ed805ffff5b0a159823cb0c2874ed1e40598c096817a3530f387ffdcb46e16a0"
"Digital Coach";"Coach-Dialog & Übergabe";"Coach-Dialog";"Beschriftung";"Barrierefreie Beschriftung des Senden-Buttons";"Senden";"Send";"";"";"Marketing";"Prüfung erforderlich";"";"";"";"ui.chat.send_aria";"ui";"en-CH";"3";"v1:d3fd3111d338f5b91a8afe35e5ff9a8bb19678817df79ce37aaec18b6ccdc349";"cab19891f94544870bc575284493c3641a70af028a39c022f6ef0ec5ce81daaf"
"Digital Coach";"Coach-Dialog & Übergabe";"Coach-Dialog";"Beschriftung";"Chat-Sektion, Demo-Badge";"Vorschau · Demo";"Preview · Demo";"";"";"Marketing";"Prüfung erforderlich";"";"";"";"ui.chat.badge";"ui";"en-CH";"3";"v1:d3fd3111d338f5b91a8afe35e5ff9a8bb19678817df79ce37aaec18b6ccdc349";"454d4ca80fda568a6953267d6094667884919eb9418a7ad3af11dd216da626c9"
"Digital Coach";"Coach-Dialog & Übergabe";"Coach-Dialog";"Beschriftung";"Chat-Sektion, Rubrik";"Ihr Gesundheits-Coach";"Your Health Coach";"";"";"Marketing";"Prüfung erforderlich";"";"";"";"ui.chat.eyebrow";"ui";"en-CH";"3";"v1:d3fd3111d338f5b91a8afe35e5ff9a8bb19678817df79ce37aaec18b6ccdc349";"57e5846a4901b73ad296aca0a7b4bff3951eb5f6f70143dafb12764a0bc3ed1b"
"Digital Coach";"Coach-Dialog & Übergabe";"Coach-Dialog";"Überschrift";"Chat-Sektion, Überschrift";"Haben Sie Fragen? Der Helsana Digital Coach ist für Sie da.";"Do you have any questions? The Helsana Digital Coach is here for you.";"";"";"Marketing";"Prüfung erforderlich";"Neue Chat-Überschrift durch Marketing freigeben.";"";"";"ui.chat.title";"ui";"en-CH";"3";"v1:d3fd3111d338f5b91a8afe35e5ff9a8bb19678817df79ce37aaec18b6ccdc349";"65d3e5f0a3e36d967d2c584dc0ff9b6a82521fb2ba285ea3cd9389f06deed64c"
"Digital Coach";"Coach-Dialog & Übergabe";"Coach-Dialog";"Beschriftung";"Sichtbarer Platzhalter im Eingabefeld";"Fragen Sie Ihren Coach …";"Ask your Coach …";"";"";"Marketing";"Prüfung erforderlich";"";"";"";"ui.chat.input_placeholder";"ui";"en-CH";"3";"v1:d3fd3111d338f5b91a8afe35e5ff9a8bb19678817df79ce37aaec18b6ccdc349";"b5b09cd330f69d7274bd39fe60fded5ab348cad1d1cdc8f4480ab47784923f3f"
"Digital Coach";"Coach-Dialog & Übergabe";"Coach-Dialog";"Begründung / Einordnung";"Chat-Sektion, Funktionsbeschreibung";"Der Coach kennt Ihre Auswertung (Score, Bereiche, Empfehlungen). In dieser Vorschau sehen Sie Beispielantworten – es werden keine Daten gesendet, alles bleibt auf Ihrem Gerät.";"The Coach knows your results, including your score, dimensions and recommendations. This preview shows sample answers. No data is sent; everything remains on your device.";"";"";"Marketing, Recht";"Prüfung erforderlich";"Aussage zur lokalen Datenverarbeitung vor Go-live durch Legal/Datenschutz freigeben.";"";"";"ui.chat.description";"ui";"en-CH";"3";"v1:d3fd3111d338f5b91a8afe35e5ff9a8bb19678817df79ce37aaec18b6ccdc349";"677422ab2883d3b12fe0cf75fe3b8c7967607e7a54d66f621e15531e54d72087"
"Digital Coach";"Coach-Dialog & Übergabe";"Coach-Dialog";"Begründung / Einordnung";"Hinweis unter dem Demo-Chat";"Konzept-Vorschau mit Beispielantworten. Ein echter Coach würde ein EU/CH-gehostetes KI-Modell nutzen – erst nach Ihrer ausdrücklichen Zustimmung. Keine medizinische Beratung; im Notfall <b>144</b>.";"Concept preview with sample answers. A live Coach would use an AI model hosted in the EU or Switzerland, and only after you have given your express consent. This is not medical advice. In an emergency, call <b>144</b>.";"";"";"Marketing, Medizin, Recht";"Prüfung erforderlich";"KI-Hosting-, Einwilligungs- und medizinischen Hinweis vor Go-live fachlich und rechtlich freigeben.";"";"144";"ui.chat.disclaimer";"ui";"en-CH";"3";"v1:d3fd3111d338f5b91a8afe35e5ff9a8bb19678817df79ce37aaec18b6ccdc349";"d2c8cd57b1ff8f2d6f221e9eb627e4cc0e55c0032469e844271e216eabf7f85f"
"Digital Coach";"Coach-Dialog & Übergabe";"Coach-Dialog";"Dynamischer Text";"Erste sichtbare Nachricht des Demo-Coachs mit priorisiertem Aktionsplan";"Hallo! Ich kenne Ihre Auswertung: Gesamtscore <b>{{overallScore}}/100</b> („{{statusLabel}}“). Fragen Sie mich, wie Sie Ihre nächsten Schritte angehen – oder tippen Sie unten auf einen Vorschlag.";"Hello! I know your results: overall score <b>{{overallScore}}/100</b> (“{{statusLabel}}”). Ask me how to approach your next steps, or select one of the suggestions below.";"";"";"Marketing";"Prüfung erforderlich";"";"{{overallScore}} | {{statusLabel}}";"";"ui.chat.greeting";"ui";"en-CH";"3";"v1:d3fd3111d338f5b91a8afe35e5ff9a8bb19678817df79ce37aaec18b6ccdc349";"0849f93e6618531a2841bde77c3418edc6425cbbc5f6a7de8e2bfcb87f96ced9"
"Digital Coach";"Coach-Dialog & Übergabe";"Coach-Dialog";"Dynamischer Text";"Erste sichtbare Nachricht des Demo-Coachs ohne priorisierten Handlungsbedarf";"Hallo! Ich kenne Ihre Auswertung: Gesamtscore <b>{{overallScore}}/100</b> („{{statusLabel}}“). Fragen Sie mich, wie Sie das Ergebnis einordnen oder einen passenden nächsten Schritt finden – oder tippen Sie unten auf einen Vorschlag.";"Hello! I know your results: overall score <b>{{overallScore}}/100</b> (“{{statusLabel}}”). Ask me how to interpret the result or find a suitable next step, or select one of the suggestions below.";"";"";"Marketing";"Prüfung erforderlich";"Leerzustand behauptet weder einen guten Kurs noch fehlenden Handlungsbedarf; durch Marketing freigeben.";"{{overallScore}} | {{statusLabel}}";"";"ui.chat.greeting.empty";"ui";"en-CH";"3";"v1:d3fd3111d338f5b91a8afe35e5ff9a8bb19678817df79ce37aaec18b6ccdc349";"1af457bfd9eac0a89e90b66820ab1b6fb1ed0bdc5e92693058159391e4851a76"
"Digital Coach";"Coach-Dialog & Übergabe";"Coach-Übergabe";"Beschriftung";"Coach-App-Karte, Rubrik";"Weiter mit Begleitung";"Continue with support";"";"";"Marketing";"Prüfung erforderlich";"";"";"";"ui.coach_handoff.eyebrow";"ui";"en-CH";"3";"v1:d3fd3111d338f5b91a8afe35e5ff9a8bb19678817df79ce37aaec18b6ccdc349";"388cc8ca434bd26e8106aecde1d87cd2948db0695676377562c2ee793b2787f5"
"Digital Coach";"Coach-Dialog & Übergabe";"Coach-Übergabe";"Überschrift";"Coach-App-Karte, Überschrift";"Nehmen Sie Ihre Ergebnisse mit in die Coach App";"Take your results with you into the Coach app";"";"";"Marketing";"Prüfung erforderlich";"";"";"";"ui.coach_handoff.title";"ui";"en-CH";"3";"v1:d3fd3111d338f5b91a8afe35e5ff9a8bb19678817df79ce37aaec18b6ccdc349";"bd7cb2c93dea41b378a08f2b636beba7300d13927493dbead25294acc28e3a48"
"Digital Coach";"Coach-Dialog & Übergabe";"Coach-Übergabe";"Beschriftung";"Fallback, wenn keine Fokus-Bereiche benannt werden";"werden aus Ihrer Auswertung abgeleitet";"are derived from your results";"";"";"Marketing";"Prüfung erforderlich";"";"";"";"ui.coach_handoff.focus_fallback";"ui";"en-CH";"3";"v1:d3fd3111d338f5b91a8afe35e5ff9a8bb19678817df79ce37aaec18b6ccdc349";"25baf4dd7fe248f9e5006f8c1490f34f4a8660269badc1160baf51a9797f1d1c"
"Digital Coach";"Coach-Dialog & Übergabe";"Coach-Übergabe";"Begründung / Einordnung";"Coach-App-Karte, Beschreibung";"Die Helsana Coach App begleitet Sie täglich beim Dranbleiben – mit persönlichen Plänen, Erinnerungen und Übungen. Ihr Gesundheitscheck kann Ihnen dort den Start abnehmen.";"The Helsana Coach app helps you stay on track every day with personalised plans, reminders and exercises. Your Health Check can provide the starting point.";"";"";"Marketing";"Prüfung erforderlich";"";"";"";"ui.coach_handoff.description";"ui";"en-CH";"3";"v1:d3fd3111d338f5b91a8afe35e5ff9a8bb19678817df79ce37aaec18b6ccdc349";"0a4aa5812b2514cbbf1d83182c9455af218a8dc5c7aa7578514ac59b24cf9744"
"Digital Coach";"Coach-Dialog & Übergabe";"Coach-Übergabe";"Nächster Schritt";"CTA zur Helsana Coach App";"Helsana Coach öffnen";"Open Helsana Coach";"";"";"Marketing";"Prüfung erforderlich";"";"";"";"ui.coach_handoff.cta";"ui";"en-CH";"3";"v1:d3fd3111d338f5b91a8afe35e5ff9a8bb19678817df79ce37aaec18b6ccdc349";"fb0d61f896b02c03b04e703ae1339a2bdd1d1288cca98dde9992933395ae999a"
"Digital Coach";"Coach-Dialog & Übergabe";"Coach-Übergabe";"Dynamischer Text";"Coach-App-Karte, Fokus-Bereiche-Zeile";"Ihre Fokus-Bereiche: {{focusTitles}}";"Your focus areas: {{focusTitles}}";"";"";"Marketing";"Prüfung erforderlich";"";"{{focusTitles}}";"";"ui.coach_handoff.focus";"ui";"en-CH";"3";"v1:d3fd3111d338f5b91a8afe35e5ff9a8bb19678817df79ce37aaec18b6ccdc349";"c7ef2d4929b6dd5b7fb48cf005a980bcdea9c95d3d1e342eb118dc5e1635e876"
"Digital Coach";"Coach-Dialog & Übergabe";"Coach-Übergabe";"Dynamischer Text";"Coach-App-Karte, Gesamtprofil-Zeile";"Ihr Gesamtprofil: <b>{{overallScore}}/100</b> ({{statusLabel}})";"Your overall profile: <b>{{overallScore}}/100</b> ({{statusLabel}})";"";"";"Marketing";"Prüfung erforderlich";"";"{{overallScore}} | {{statusLabel}}";"";"ui.coach_handoff.profile";"ui";"en-CH";"3";"v1:d3fd3111d338f5b91a8afe35e5ff9a8bb19678817df79ce37aaec18b6ccdc349";"ad841955b64e0528d9e714b26d437cc0fbd88e365d2e35fff94736690cc96026"
"Digital Coach";"Coach-Dialog & Übergabe";"Coach-Übergabe";"Beschriftung";"Coach-App-Karte mit drei Startschritten";"Ihre nächsten drei Schritte als fertiger Startplan";"Your next three steps as a ready-to-use starter plan";"";"";"Marketing";"Prüfung erforderlich";"";"";"";"ui.coach_handoff.plan.three";"ui";"en-CH";"3";"v1:d3fd3111d338f5b91a8afe35e5ff9a8bb19678817df79ce37aaec18b6ccdc349";"650f0cf6c9cc1095998015d2f720ec4b69c28a3a236f3de918df4cc6cbc610a9"
"Digital Coach";"Coach-Dialog & Übergabe";"Coach-Übergabe";"Beschriftung";"Coach-App-Karte mit genau einem Startschritt";"Ihr nächster Schritt als fertiger Startplan";"Your next step as a ready-to-use starter plan";"";"";"Marketing";"Prüfung erforderlich";"";"";"";"ui.coach_handoff.plan.one";"ui";"en-CH";"3";"v1:d3fd3111d338f5b91a8afe35e5ff9a8bb19678817df79ce37aaec18b6ccdc349";"78b089ac7effdef0fb0c60082176eb2d7291d009d6fefebccc87abab940e9b04"
"Digital Coach";"Coach-Dialog & Übergabe";"Coach-Übergabe";"Beschriftung";"Coach-App-Karte mit zwei Startschritten";"Ihre nächsten zwei Schritte als fertiger Startplan";"Your next two steps as a ready-to-use starter plan";"";"";"Marketing";"Prüfung erforderlich";"";"";"";"ui.coach_handoff.plan.two";"ui";"en-CH";"3";"v1:d3fd3111d338f5b91a8afe35e5ff9a8bb19678817df79ce37aaec18b6ccdc349";"d4e57f134106a40a34a6cb8ec39f50f40fd4ed5bd48bb3a4b51cd8de001b35b5"
"Digital Coach";"Coach-Dialog & Übergabe";"Coach-Übergabe";"Begründung / Einordnung";"Coach-App-Karte ohne eindeutig priorisierten Aktionsschritt";"Kein einzelner priorisierter Schritt; Fokus anhand der fünf Dimensionen gemeinsam festlegen";"No single prioritised step; define a focus together using the five dimensions";"";"";"Marketing";"Prüfung erforderlich";"Neutraler Leerzustand ohne unzulässigen Rückschluss auf eine starke Ausgangslage; durch Marketing freigeben.";"";"";"ui.coach_handoff.plan.empty";"ui";"en-CH";"3";"v1:d3fd3111d338f5b91a8afe35e5ff9a8bb19678817df79ce37aaec18b6ccdc349";"ce0e377f0090ce59b0c65bf48076b01639330bb8260f012b91088cc9efa6dfea"
"Digital Coach";"Coach-Dialog & Übergabe";"Gesundheitsberatung";"Überschrift";"Kontaktkarte, Überschrift";"Unsere Gesundheitsberatung ist gerne für Sie da";"Our health advice team is happy to help";"";"";"Marketing";"Prüfung erforderlich";"";"";"";"ui.contact.title";"ui";"en-CH";"3";"v1:d3fd3111d338f5b91a8afe35e5ff9a8bb19678817df79ce37aaec18b6ccdc349";"79898ed1203d799b74d6b418a2866699aa3c552f3c8de2f77ebf7168d5133f3c"
"Digital Coach";"Coach-Dialog & Übergabe";"Gesundheitsberatung";"Beschriftung";"Sichtbare Telefonnummer der Gesundheitsberatung; die technische tel-URL bleibt ausserhalb des Textkatalogs";"058 340 15 69";"058 340 15 69";"";"";"Marketing";"Prüfung erforderlich";"";"";"058 340 15 69";"ui.contact.phone";"ui";"en-CH";"3";"v1:d3fd3111d338f5b91a8afe35e5ff9a8bb19678817df79ce37aaec18b6ccdc349";"bc977ff7057845f2acd0081e33fc1cb2bfd901b32e393603304a593862918dd1"
"Digital Coach";"Coach-Dialog & Übergabe";"Gesundheitsberatung";"Nächster Schritt";"Kontaktkarte, Anruf-CTA";"Jetzt anrufen";"Call now";"";"";"Marketing";"Prüfung erforderlich";"";"";"";"ui.contact.cta";"ui";"en-CH";"3";"v1:d3fd3111d338f5b91a8afe35e5ff9a8bb19678817df79ce37aaec18b6ccdc349";"3e27d0c448be4eb3df1fb60a3d80ac95e465a18063a1d3a920c35d5195fdb0fb"
"Helsana-Angebote & Versicherung";"Angebote: Bewegung";"Helsana-Angebote";"Beschriftung";"Helsana-Angebot · sichtbarer Platzhalter solange keine echte URL hinterlegt ist";"[Helsana Bewegungsangebot verlinken]";"[Add link to Helsana physical activity service]";"";"";"Marketing";"Prüfung erforderlich";"";"";"";"service.offer.bewegung.placeholder";"services";"en-CH";"3";"v1:d3fd3111d338f5b91a8afe35e5ff9a8bb19678817df79ce37aaec18b6ccdc349";"61722c4c0448d8f3c2845f311992aa71e2d1a55d1f9fae4f7a4c0fec78f2ab88"
"Helsana-Angebote & Versicherung";"Angebote: Bewegung";"Helsana-Angebote";"Beschriftung";"Helsana-Angebot · sichtbares Linklabel; leere fit-Felder werden nicht katalogisiert, weil sie keinen sichtbaren Text erzeugen";"Bewegungsangebote & Ratgeber Bewegung";"Physical activity services & guidance";"";"";"Marketing";"Prüfung erforderlich";"";"";"";"service.offer.bewegung.label";"services";"en-CH";"3";"v1:d3fd3111d338f5b91a8afe35e5ff9a8bb19678817df79ce37aaec18b6ccdc349";"a6de9d9eec25e93576d781295cbdb3d313deaf563852514e847cbdcf7154639a"
"Helsana-Angebote & Versicherung";"Angebote: Bewegung";"Helsana-Angebote";"Begründung / Einordnung";"Helsana-Angebot · sichtbare Einordnung der Angebots-Passung";"Niederschwellige Impulse, um mehr Bewegung in den Alltag zu bringen.";"Easy-to-access ideas for adding more movement to your everyday life.";"";"";"Marketing";"Prüfung erforderlich";"";"";"";"service.offer.bewegung.fit";"services";"en-CH";"3";"v1:d3fd3111d338f5b91a8afe35e5ff9a8bb19678817df79ce37aaec18b6ccdc349";"8a01863feafa6b3cd3c95a9a2ee1b002e3438c73445091beaf1117aec3f72706"
"Helsana-Angebote & Versicherung";"Angebote: Bewegung";"Helsana-Angebote";"Beschriftung";"Helsana-Angebot · sichtbarer Platzhalter solange keine echte URL hinterlegt ist";"[Helsana Wissensinhalt zu Bewegung verlinken – z. B. warum der Einstieg den grössten Gewinn bringt, Konzept kurzer intensiver Alltags-Einheiten (VILPA: Treppe/steilen Weg 1–2 Min.), Fitness als starker Prädiktor für Lebenserwartung]";"[Add link to Helsana information on physical activity – e.g. why getting started brings the greatest benefit, the concept of short intense everyday bursts (VILPA: stairs/steep incline for 1–2 min), and fitness as a strong predictor of life expectancy]";"";"";"Marketing";"Prüfung erforderlich";"";"";"";"service.offer.wissen_bewegung.placeholder";"services";"en-CH";"3";"v1:d3fd3111d338f5b91a8afe35e5ff9a8bb19678817df79ce37aaec18b6ccdc349";"a74711c5fa6349bf78693b49362a84cdf67853835935f6d675608dd4cde08b5d"
"Helsana-Angebote & Versicherung";"Angebote: Bewegung";"Helsana-Angebote";"Beschriftung";"Helsana-Angebot · sichtbares Linklabel; leere fit-Felder werden nicht katalogisiert, weil sie keinen sichtbaren Text erzeugen";"Verständlich erklärt: Warum schon kurze, intensive Bewegung so viel bewirkt";"Clearly explained: why even short bursts of intense activity can make a difference";"";"";"Marketing";"Prüfung erforderlich";"";"";"";"service.offer.wissen_bewegung.label";"services";"en-CH";"3";"v1:d3fd3111d338f5b91a8afe35e5ff9a8bb19678817df79ce37aaec18b6ccdc349";"964d84e4f00a85d4f5ebc3f196bc45d5f32734983132ae5270e4ba15c7e29b81"
"Helsana-Angebote & Versicherung";"Angebote: Bewegung";"Helsana-Angebote";"Begründung / Einordnung";"Helsana-Angebot · sichtbare Einordnung der Angebots-Passung";"Warum der Einstieg am meisten bringt und kurze intensive Einheiten besonders wirksam sind.";"Why getting started brings the greatest benefit and why short, intense bursts can be particularly effective.";"";"";"Marketing";"Prüfung erforderlich";"";"";"";"service.offer.wissen_bewegung.fit";"services";"en-CH";"3";"v1:d3fd3111d338f5b91a8afe35e5ff9a8bb19678817df79ce37aaec18b6ccdc349";"809a725b8ee5318f4f6e9ec07be881c541ab93343a942599d1ddd4259184522a"
"Helsana-Angebote & Versicherung";"Angebote: Ernährung & Stoffwechsel";"Helsana-Angebote";"Beschriftung";"Helsana-Angebot · sichtbarer Platzhalter solange keine echte URL hinterlegt ist";"[Helsana Ernährungsberatung verlinken]";"[Add link to Helsana nutrition counselling]";"";"";"Marketing";"Prüfung erforderlich";"";"";"";"service.offer.ernaehrung.placeholder";"services";"en-CH";"3";"v1:d3fd3111d338f5b91a8afe35e5ff9a8bb19678817df79ce37aaec18b6ccdc349";"28eb89e8c6ab28c063ec74203bfafe085b328678e023703d41842e75a479efaa"
"Helsana-Angebote & Versicherung";"Angebote: Ernährung & Stoffwechsel";"Helsana-Angebote";"Beschriftung";"Helsana-Angebot · sichtbares Linklabel; leere fit-Felder werden nicht katalogisiert, weil sie keinen sichtbaren Text erzeugen";"Ernährungsberatung & Ratgeber Ernährung";"Nutrition counselling & nutrition guidance";"";"";"Marketing";"Prüfung erforderlich";"";"";"";"service.offer.ernaehrung.label";"services";"en-CH";"3";"v1:d3fd3111d338f5b91a8afe35e5ff9a8bb19678817df79ce37aaec18b6ccdc349";"40a3ef606804b073d35f5c0d29275de6e2df65775d690cf28053556fa2fdac79"
"Helsana-Angebote & Versicherung";"Angebote: Ernährung & Stoffwechsel";"Helsana-Angebote";"Begründung / Einordnung";"Helsana-Angebot · sichtbare Einordnung der Angebots-Passung";"Persönliche Begleitung für eine alltagstaugliche, gesunde Ernährung.";"Personal support for a healthy diet that works in everyday life.";"";"";"Marketing";"Prüfung erforderlich";"";"";"";"service.offer.ernaehrung.fit";"services";"en-CH";"3";"v1:d3fd3111d338f5b91a8afe35e5ff9a8bb19678817df79ce37aaec18b6ccdc349";"5016a108c4517ff48812b47052371288e8bf8f3c696e8494f6954622c9eec88f"
"Helsana-Angebote & Versicherung";"Angebote: Ernährung & Stoffwechsel";"Helsana-Angebote";"Beschriftung";"Helsana-Angebot · sichtbarer Platzhalter solange keine echte URL hinterlegt ist";"[Helsana Angebot metabolische Gesundheit verlinken]";"[Add link to Helsana metabolic health service]";"";"";"Marketing";"Prüfung erforderlich";"";"";"";"service.offer.metabolisch.placeholder";"services";"en-CH";"3";"v1:d3fd3111d338f5b91a8afe35e5ff9a8bb19678817df79ce37aaec18b6ccdc349";"a60566840ff05ba25589ad8983f6249fcbc8e5cd134279694e8007a64670307f"
"Helsana-Angebote & Versicherung";"Angebote: Ernährung & Stoffwechsel";"Helsana-Angebote";"Beschriftung";"Helsana-Angebot · sichtbares Linklabel; leere fit-Felder werden nicht katalogisiert, weil sie keinen sichtbaren Text erzeugen";"Inhalte zu Stoffwechsel & gesundem Gewicht";"Information on metabolism & a healthy weight";"";"";"Marketing";"Prüfung erforderlich";"";"";"";"service.offer.metabolisch.label";"services";"en-CH";"3";"v1:d3fd3111d338f5b91a8afe35e5ff9a8bb19678817df79ce37aaec18b6ccdc349";"d8ad92d7eb310fd037b53b68e8a73916f0dca941c2e21d246b3c124cf5af8a30"
"Helsana-Angebote & Versicherung";"Angebote: Ernährung & Stoffwechsel";"Helsana-Angebote";"Begründung / Einordnung";"Helsana-Angebot · sichtbare Einordnung der Angebots-Passung";"Unterstützt Sie rund um Blutzucker, Gewicht und Energie.";"Supports you with blood glucose, weight and energy.";"";"";"Marketing";"Prüfung erforderlich";"";"";"";"service.offer.metabolisch.fit";"services";"en-CH";"3";"v1:d3fd3111d338f5b91a8afe35e5ff9a8bb19678817df79ce37aaec18b6ccdc349";"5d4e44099fe661cfe1bd6f6414d7a85460da9967b44afdb99b4b211a78609670"
"Helsana-Angebote & Versicherung";"Angebote: Krafttraining";"Helsana-Angebote";"Beschriftung";"Helsana-Angebot · sichtbarer Platzhalter solange keine echte URL hinterlegt ist";"[Helsana Krafttraining-/Trainingsangebot verlinken]";"[Add link to Helsana strength training/training service]";"";"";"Marketing";"Prüfung erforderlich";"";"";"";"service.offer.kraft.placeholder";"services";"en-CH";"3";"v1:d3fd3111d338f5b91a8afe35e5ff9a8bb19678817df79ce37aaec18b6ccdc349";"f45ea44ae9276cd09d5f8aa77a5f9642c3da862f30ebbd7acc3971a8a7dc49b4"
"Helsana-Angebote & Versicherung";"Angebote: Krafttraining";"Helsana-Angebote";"Beschriftung";"Helsana-Angebot · sichtbares Linklabel; leere fit-Felder werden nicht katalogisiert, weil sie keinen sichtbaren Text erzeugen";"Krafttraining-Einstieg & Trainingspläne";"Getting started with strength training & training plans";"";"";"Marketing";"Prüfung erforderlich";"";"";"";"service.offer.kraft.label";"services";"en-CH";"3";"v1:d3fd3111d338f5b91a8afe35e5ff9a8bb19678817df79ce37aaec18b6ccdc349";"894e073faecdf83d6aa9ce5185063e6c1b290a2f28f0580a128eca1c853ed8fd"
"Helsana-Angebote & Versicherung";"Angebote: Krafttraining";"Helsana-Angebote";"Begründung / Einordnung";"Helsana-Angebot · sichtbare Einordnung der Angebots-Passung";"Hilft Ihnen, gezielt und sicher mit Krafttraining zu starten.";"Helps you start strength training safely and with a clear focus.";"";"";"Marketing";"Prüfung erforderlich";"";"";"";"service.offer.kraft.fit";"services";"en-CH";"3";"v1:d3fd3111d338f5b91a8afe35e5ff9a8bb19678817df79ce37aaec18b6ccdc349";"00fe79b98f6eb2f80a15e6d742d7473a561da2c178a46547fbe915a1db1e9862"
"Helsana-Angebote & Versicherung";"Angebote: Mentales Wohlbefinden";"Helsana-Angebote";"Beschriftung";"Helsana-Angebot · sichtbarer Platzhalter solange keine echte URL hinterlegt ist";"[Helsana Angebot psychische Gesundheit / Beratung verlinken]";"[Add link to Helsana mental health/counselling service]";"";"";"Marketing";"Prüfung erforderlich";"";"";"";"service.offer.mentale_hilfe.placeholder";"services";"en-CH";"3";"v1:d3fd3111d338f5b91a8afe35e5ff9a8bb19678817df79ce37aaec18b6ccdc349";"952f30cbec833f25d2e2c854d2fc0a74c972b2df581d40f87954d1c95ee2608d"
"Helsana-Angebote & Versicherung";"Angebote: Mentales Wohlbefinden";"Helsana-Angebote";"Beschriftung";"Helsana-Angebot · sichtbares Linklabel; leere fit-Felder werden nicht katalogisiert, weil sie keinen sichtbaren Text erzeugen";"Unterstützungsangebote bei psychischer Belastung";"Support services for mental distress";"";"";"Marketing";"Prüfung erforderlich";"";"";"";"service.offer.mentale_hilfe.label";"services";"en-CH";"3";"v1:d3fd3111d338f5b91a8afe35e5ff9a8bb19678817df79ce37aaec18b6ccdc349";"7ee68327c675183f497c69bf4e03002e898c780bd389a729252ffdeff82cff84"
"Helsana-Angebote & Versicherung";"Angebote: Mentales Wohlbefinden";"Helsana-Angebote";"Begründung / Einordnung";"Helsana-Angebot · sichtbare Einordnung der Angebots-Passung";"Vertrauliche Hilfe, wenn die Belastung gross wird.";"Confidential help when the strain becomes difficult to manage.";"";"";"Marketing";"Prüfung erforderlich";"";"";"";"service.offer.mentale_hilfe.fit";"services";"en-CH";"3";"v1:d3fd3111d338f5b91a8afe35e5ff9a8bb19678817df79ce37aaec18b6ccdc349";"a214d3ca26a8dcb0cffa6b4ceda1ce1854e9bb6501b5a83b4da66b611ffd65db"
"Helsana-Angebote & Versicherung";"Angebote: Mentales Wohlbefinden";"Helsana-Angebote";"Beschriftung";"Helsana-Angebot · sichtbarer Platzhalter solange keine echte URL hinterlegt ist";"[Helsana Stressmanagement-Angebot verlinken]";"[Add link to Helsana stress management service]";"";"";"Marketing";"Prüfung erforderlich";"";"";"";"service.offer.stress.placeholder";"services";"en-CH";"3";"v1:d3fd3111d338f5b91a8afe35e5ff9a8bb19678817df79ce37aaec18b6ccdc349";"97cc61566b9f118e233b7645ca9f1bd8b8e9ad09561d47b294d268b900837adf"
"Helsana-Angebote & Versicherung";"Angebote: Mentales Wohlbefinden";"Helsana-Angebote";"Beschriftung";"Helsana-Angebot · sichtbares Linklabel; leere fit-Felder werden nicht katalogisiert, weil sie keinen sichtbaren Text erzeugen";"Stressmanagement & mentale Gesundheit";"Stress management & mental health";"";"";"Marketing";"Prüfung erforderlich";"";"";"";"service.offer.stress.label";"services";"en-CH";"3";"v1:d3fd3111d338f5b91a8afe35e5ff9a8bb19678817df79ce37aaec18b6ccdc349";"b465f3999ed7b199b00311fc2e9365e1fc37aeccdc5ebed07e213ebce8d88837"
"Helsana-Angebote & Versicherung";"Angebote: Mentales Wohlbefinden";"Helsana-Angebote";"Begründung / Einordnung";"Helsana-Angebot · sichtbare Einordnung der Angebots-Passung";"Begleitung und Übungen, um Belastung zu reduzieren und aufzutanken.";"Support and exercises to reduce strain and recharge.";"";"";"Marketing";"Prüfung erforderlich";"";"";"";"service.offer.stress.fit";"services";"en-CH";"3";"v1:d3fd3111d338f5b91a8afe35e5ff9a8bb19678817df79ce37aaec18b6ccdc349";"5c1338b63b287cf9c98f643096c85c34ba623238f1ce6de4c1e5cceaaa0c7439"
"Helsana-Angebote & Versicherung";"Angebote: Rauchstopp";"Helsana-Angebote";"Beschriftung";"Helsana-Angebot · sichtbarer Platzhalter solange keine echte URL hinterlegt ist";"[Helsana Rauchstopp-Angebot verlinken]";"[Add link to Helsana stop-smoking service]";"";"";"Marketing";"Prüfung erforderlich";"";"";"";"service.offer.rauchstopp.placeholder";"services";"en-CH";"3";"v1:d3fd3111d338f5b91a8afe35e5ff9a8bb19678817df79ce37aaec18b6ccdc349";"e878a7bdc4bebdfec979e093344ad7cdb4c81babc27d1550b51841e5d47e0dc0"
"Helsana-Angebote & Versicherung";"Angebote: Rauchstopp";"Helsana-Angebote";"Beschriftung";"Helsana-Angebot · sichtbares Linklabel; leere fit-Felder werden nicht katalogisiert, weil sie keinen sichtbaren Text erzeugen";"Rauchstopp-Angebote & Beratung";"Stop-smoking services & counselling";"";"";"Marketing";"Prüfung erforderlich";"";"";"";"service.offer.rauchstopp.label";"services";"en-CH";"3";"v1:d3fd3111d338f5b91a8afe35e5ff9a8bb19678817df79ce37aaec18b6ccdc349";"76e6b6292f587cdb072f6c17bdf21cbc185e860db36272123740aba43715cbe8"
"Helsana-Angebote & Versicherung";"Angebote: Rauchstopp";"Helsana-Angebote";"Begründung / Einordnung";"Helsana-Angebot · sichtbare Einordnung der Angebots-Passung";"Begleitung und Methoden für einen erfolgreichen Rauchstopp.";"Support and methods to help you stop smoking successfully.";"";"";"Marketing";"Prüfung erforderlich";"";"";"";"service.offer.rauchstopp.fit";"services";"en-CH";"3";"v1:d3fd3111d338f5b91a8afe35e5ff9a8bb19678817df79ce37aaec18b6ccdc349";"9fb8c963cc3e8cc74adcb42b05ae667322d099e85dcae9a4cf44f835805fe85c"
"Helsana-Angebote & Versicherung";"Angebote: Rauchstopp";"Helsana-Angebote";"Beschriftung";"Helsana-Angebot · sichtbarer Platzhalter solange keine echte URL hinterlegt ist";"[Helsana Wissensinhalt zum Rauchstopp verlinken – z. B. Erholungs-Zeitleiste (20 Min. bis 15 Jahre), Umgang mit Entzug und Rückfällen, warum Begleitung + Nikotinersatz die Erfolgschance vervielfacht]";"[Add link to Helsana information on stopping smoking – e.g. a recovery timeline (20 min to 15 years), managing withdrawal and relapses, and why support plus nicotine replacement can multiply the chance of success]";"";"";"Marketing";"Prüfung erforderlich";"";"";"";"service.offer.wissen_rauchstopp.placeholder";"services";"en-CH";"3";"v1:d3fd3111d338f5b91a8afe35e5ff9a8bb19678817df79ce37aaec18b6ccdc349";"eda3c8f093ae03ac773b6e1dc7337cd5ff5674e05bb2bb71a81f19b416eb873d"
"Helsana-Angebote & Versicherung";"Angebote: Rauchstopp";"Helsana-Angebote";"Beschriftung";"Helsana-Angebot · sichtbares Linklabel; leere fit-Felder werden nicht katalogisiert, weil sie keinen sichtbaren Text erzeugen";"Verständlich erklärt: Was im Körper nach dem Rauchstopp passiert";"Clearly explained: what happens in your body after you stop smoking";"";"";"Marketing";"Prüfung erforderlich";"";"";"";"service.offer.wissen_rauchstopp.label";"services";"en-CH";"3";"v1:d3fd3111d338f5b91a8afe35e5ff9a8bb19678817df79ce37aaec18b6ccdc349";"43f30deefc1bf8462e9025d314a340fe24c5ba06642c8961f2105259c9968f59"
"Helsana-Angebote & Versicherung";"Angebote: Rauchstopp";"Helsana-Angebote";"Begründung / Einordnung";"Helsana-Angebot · sichtbare Einordnung der Angebots-Passung";"Die Erholungs-Zeitleiste und warum professionelle Begleitung den Unterschied macht.";"The recovery timeline and why professional support can make a difference.";"";"";"Marketing";"Prüfung erforderlich";"";"";"";"service.offer.wissen_rauchstopp.fit";"services";"en-CH";"3";"v1:d3fd3111d338f5b91a8afe35e5ff9a8bb19678817df79ce37aaec18b6ccdc349";"ebfb2a3ecdffa31c5fb922dc0b7128aae60911677952f07af7597ecaa2f9f4d7"
"Helsana-Angebote & Versicherung";"Angebote: Schlaf";"Helsana-Angebote";"Beschriftung";"Helsana-Angebot · sichtbarer Platzhalter solange keine echte URL hinterlegt ist";"[Helsana Schlafratgeber verlinken]";"[Add link to Helsana sleep guidance]";"";"";"Marketing";"Prüfung erforderlich";"";"";"";"service.offer.schlaf.placeholder";"services";"en-CH";"3";"v1:d3fd3111d338f5b91a8afe35e5ff9a8bb19678817df79ce37aaec18b6ccdc349";"806e0bc3f1aee51cf8278da0028d3d1f3528c88a38457c8b234166d3efdfe0e4"
"Helsana-Angebote & Versicherung";"Angebote: Schlaf";"Helsana-Angebote";"Beschriftung";"Helsana-Angebot · sichtbares Linklabel; leere fit-Felder werden nicht katalogisiert, weil sie keinen sichtbaren Text erzeugen";"Schlafratgeber & Regeneration";"Sleep guidance & recovery";"";"";"Marketing";"Prüfung erforderlich";"";"";"";"service.offer.schlaf.label";"services";"en-CH";"3";"v1:d3fd3111d338f5b91a8afe35e5ff9a8bb19678817df79ce37aaec18b6ccdc349";"5a9b7f9704fef1a283dd9d7c9bf9e8e11eefe9571ac71807e10fb54628506ae0"
"Helsana-Angebote & Versicherung";"Angebote: Schlaf";"Helsana-Angebote";"Begründung / Einordnung";"Helsana-Angebot · sichtbare Einordnung der Angebots-Passung";"Praktische Tipps für besseren, erholsameren Schlaf.";"Practical tips for better, more restorative sleep.";"";"";"Marketing";"Prüfung erforderlich";"";"";"";"service.offer.schlaf.fit";"services";"en-CH";"3";"v1:d3fd3111d338f5b91a8afe35e5ff9a8bb19678817df79ce37aaec18b6ccdc349";"87e9899f02431a7d65943126f30eae163b17f40af9f1cfc1df6a6a1e635cf5b9"
"Helsana-Angebote & Versicherung";"Angebote: Vorsorge";"Helsana-Angebote";"Beschriftung";"Helsana-Angebot · sichtbarer Platzhalter solange keine echte URL hinterlegt ist";"[Helsana Blutdruck-/Herzgesundheit-Angebot verlinken]";"[Add link to Helsana blood pressure/heart health service]";"";"";"Marketing";"Prüfung erforderlich";"";"";"";"service.offer.blutdruck.placeholder";"services";"en-CH";"3";"v1:d3fd3111d338f5b91a8afe35e5ff9a8bb19678817df79ce37aaec18b6ccdc349";"338ca493f09ed16a2c7ae369fc31865cab5e7d2e3f97b2ce4d1aa597b4fdd82b"
"Helsana-Angebote & Versicherung";"Angebote: Vorsorge";"Helsana-Angebote";"Beschriftung";"Helsana-Angebot · sichtbares Linklabel; leere fit-Felder werden nicht katalogisiert, weil sie keinen sichtbaren Text erzeugen";"Inhalte zu Blutdruck & Herzgesundheit";"Information on blood pressure & heart health";"";"";"Marketing";"Prüfung erforderlich";"";"";"";"service.offer.blutdruck.label";"services";"en-CH";"3";"v1:d3fd3111d338f5b91a8afe35e5ff9a8bb19678817df79ce37aaec18b6ccdc349";"f76397529dbc803966a30234cac27f8c00ef17752560a62c6d93e1ad945d6674"
"Helsana-Angebote & Versicherung";"Angebote: Vorsorge";"Helsana-Angebote";"Begründung / Einordnung";"Helsana-Angebot · sichtbare Einordnung der Angebots-Passung";"Wissen und Impulse rund um Blutdruck und Herz-Kreislauf.";"Information and practical ideas relating to blood pressure and cardiovascular health.";"";"";"Marketing";"Prüfung erforderlich";"";"";"";"service.offer.blutdruck.fit";"services";"en-CH";"3";"v1:d3fd3111d338f5b91a8afe35e5ff9a8bb19678817df79ce37aaec18b6ccdc349";"2140320ee59f3f248088158971769bfdd9fa802afb6365488a95ca6863b0e7de"
"Helsana-Angebote & Versicherung";"Angebote: Vorsorge";"Helsana-Angebote";"Beschriftung";"Helsana-Angebot · sichtbarer Platzhalter solange keine echte URL hinterlegt ist";"[Helsana Vorsorgeangebot verlinken]";"[Add link to Helsana prevention service]";"";"";"Marketing";"Prüfung erforderlich";"";"";"";"service.offer.vorsorge.placeholder";"services";"en-CH";"3";"v1:d3fd3111d338f5b91a8afe35e5ff9a8bb19678817df79ce37aaec18b6ccdc349";"bd7d2e51a70e7150c69fe5ec5e0cdc85848e02ac407125cb55169fc6b0f4219f"
"Helsana-Angebote & Versicherung";"Angebote: Vorsorge";"Helsana-Angebote";"Beschriftung";"Helsana-Angebot · sichtbares Linklabel; leere fit-Felder werden nicht katalogisiert, weil sie keinen sichtbaren Text erzeugen";"Vorsorge- & Check-up-Informationen";"Prevention & check-up information";"";"";"Marketing";"Prüfung erforderlich";"";"";"";"service.offer.vorsorge.label";"services";"en-CH";"3";"v1:d3fd3111d338f5b91a8afe35e5ff9a8bb19678817df79ce37aaec18b6ccdc349";"d92baca93735d0f956982a16198141636a8d78b1cb314f40cc250f1a0d15e9fc"
"Helsana-Angebote & Versicherung";"Angebote: Vorsorge";"Helsana-Angebote";"Begründung / Einordnung";"Helsana-Angebot · sichtbare Einordnung der Angebots-Passung";"Orientierung zu sinnvollen Vorsorge- und Kontrolluntersuchungen.";"Guidance on appropriate preventive and follow-up examinations.";"";"";"Marketing";"Prüfung erforderlich";"";"";"";"service.offer.vorsorge.fit";"services";"en-CH";"3";"v1:d3fd3111d338f5b91a8afe35e5ff9a8bb19678817df79ce37aaec18b6ccdc349";"adf310cb920fafb69dbfec16a8b6047ca073843760d8c7a387da3a6979562642"
"Helsana-Angebote & Versicherung";"Angebote: Vorsorge";"Helsana-Angebote";"Beschriftung";"Helsana-Angebot · sichtbarer Platzhalter solange keine echte URL hinterlegt ist";"[Helsana Wissensinhalt zu kardiovaskulären Markern & Prävention verlinken – z. B. erklärender Artikel/Video dazu, wie LDL-C, ApoB und Lp(a) unterschiedliche Aspekte des Herz-Kreislauf-Risikos abbilden und wann zusätzliche Messungen sinnvoll sind]";"[Add link to Helsana information on cardiovascular markers & prevention – e.g. an explanatory article/video on how LDL-C, ApoB and Lp(a) reflect different aspects of cardiovascular risk and when additional measurements may be useful]";"";"";"Marketing";"Prüfung erforderlich";"LDL-C ergänzt und ApoB/Lp(a) nicht als pauschal aussagekräftigste Marker bezeichnet; durch Marketing freigeben.";"";"";"service.offer.wissen_kardio.placeholder";"services";"en-CH";"3";"v1:d3fd3111d338f5b91a8afe35e5ff9a8bb19678817df79ce37aaec18b6ccdc349";"68c750e7102747265bc11a4b7ddb7656e07e34990ff77cc01da07b4461bc8245"
"Helsana-Angebote & Versicherung";"Angebote: Vorsorge";"Helsana-Angebote";"Beschriftung";"Helsana-Angebot · sichtbares Linklabel; leere fit-Felder werden nicht katalogisiert, weil sie keinen sichtbaren Text erzeugen";"Verständlich erklärt: ApoB, Lp(a) & moderne Herz-Kreislauf-Vorsorge";"Clearly explained: ApoB, Lp(a) & modern cardiovascular prevention";"";"";"Marketing";"Prüfung erforderlich";"";"";"";"service.offer.wissen_kardio.label";"services";"en-CH";"3";"v1:d3fd3111d338f5b91a8afe35e5ff9a8bb19678817df79ce37aaec18b6ccdc349";"a071785f4bdb122562f8d04a9ad6b3b91752af7c8c66ff2781c309a6b052931f"
"Helsana-Angebote & Versicherung";"Angebote: Vorsorge";"Helsana-Angebote";"Begründung / Einordnung";"Helsana-Angebot · sichtbare Einordnung der Angebots-Passung";"Einfach erklärt, warum diese Werte zählen und warum frühes Handeln so wirksam ist.";"A simple explanation of why these values matter and why acting early can be effective.";"";"";"Marketing";"Prüfung erforderlich";"";"";"";"service.offer.wissen_kardio.fit";"services";"en-CH";"3";"v1:d3fd3111d338f5b91a8afe35e5ff9a8bb19678817df79ce37aaec18b6ccdc349";"21bd55ec7ad7d81475bbe36e3efbcc9970176468610d06f4abe21576721323cc"
"Helsana-Angebote & Versicherung";"Datenschutz & Einwilligung";"Coach-Antworten";"Begründung / Einordnung";"Demo-Coach-Antwort zur Helsana Coach App";"Die Helsana Coach App begleitet Sie täglich beim Dranbleiben – mit Plänen, Erinnerungen und Übungen. Mit Ihrer Zustimmung könnten Sie Ihr Profil (Score, Fokus-Bereiche, nächste Schritte) direkt übernehmen. Den Absprung finden Sie weiter unten auf dieser Seite.";"The Helsana Coach app helps you stay on track each day with plans, reminders and exercises. With your consent, your profile (score, focus areas and next steps) could be transferred directly. You will find the link further down this page.";"";"";"Marketing, Recht";"Prüfung erforderlich";"Aussage zu Einwilligung und möglicher Profilübernahme vor Go-live durch Legal/Datenschutz freigeben.";"";"";"coach.answer.coach_app";"coach";"en-CH";"3";"v1:d3fd3111d338f5b91a8afe35e5ff9a8bb19678817df79ce37aaec18b6ccdc349";"bcfc1c2c4fc008df3b840ee2b3c08192d1cc09ff01f7dab8e6854e18face0061"
"Helsana-Angebote & Versicherung";"Datenschutz & Einwilligung";"Coach-Übergabe";"Überschrift";"Coach-App-Karte, Überschrift der übergebenen Daten";"Das würde übergeben – nur mit Ihrer Zustimmung:";"The following would be transferred, and only with your consent:";"";"";"Marketing, Recht";"Prüfung erforderlich";"Einwilligungsformulierung vor Umsetzung und Go-live durch Legal/Datenschutz freigeben.";"";"";"ui.coach_handoff.consent_title";"ui";"en-CH";"3";"v1:d3fd3111d338f5b91a8afe35e5ff9a8bb19678817df79ce37aaec18b6ccdc349";"14ed800e83f77d054d1a5448128e95fc7f842e440a2ac9357f6d69a0491fabb1"
"Helsana-Angebote & Versicherung";"Datenschutz & Einwilligung";"Coach-Übergabe";"Begründung / Einordnung";"Technischer Datenschutz-Hinweis zur Übergabe";"Konzept: Die Übergabe erfolgt über einen kurzlebigen, einmaligen Token – Ihre Antworten liegen nicht offen im Link.";"Concept: the transfer uses a short-lived, single-use token, so your answers are not exposed in the link.";"";"";"Marketing, Recht";"Prüfung erforderlich";"Technische Datenschutzbehauptung erst nach bestätigter Zielarchitektur durch Legal/Datenschutz freigeben.";"";"";"ui.coach_handoff.note";"ui";"en-CH";"3";"v1:d3fd3111d338f5b91a8afe35e5ff9a8bb19678817df79ce37aaec18b6ccdc349";"f971420b6e6f292bdb205453911faa0b061288c53c675c38359013c1e3460d9e"
"Helsana-Angebote & Versicherung";"Datenschutz & Einwilligung";"Gesundheitsberatung";"Begründung / Einordnung";"Kontaktkarte, Öffnungszeiten und Einwilligungshinweis";"Montag bis Freitag, 8.00 Uhr bis 18.00 Uhr (Lokaltarif). Mit Ihrem Anruf erklären Sie sich mit den Nutzungsbestimmungen und der Datenschutzerklärung der Helsana-Gesundheitsberatung einverstanden.";"Monday to Friday, 8 a.m. to 6 p.m. (local rate). By calling, you agree to the terms of use and privacy policy of Helsana health advice.";"";"";"Marketing, Recht";"Prüfung erforderlich";"Öffnungszeiten, Tarif- und Einwilligungshinweis vor Go-live durch Legal und den Service-Fachbereich freigeben.";"";"";"ui.contact.availability_legal";"ui";"en-CH";"3";"v1:d3fd3111d338f5b91a8afe35e5ff9a8bb19678817df79ce37aaec18b6ccdc349";"e0c8b46193b6a41ff1767c55f06c900f5b8af11e3d719fc242643e936848875a"
"Helsana-Angebote & Versicherung";"Datenschutz & Einwilligung";"Angebote & Kundenkontext";"Beschriftung";"Ergebnisseite, Ersatzname im Kundenkontext-Chip ohne Anzeigenamen";"Angemeldet";"Signed in";"";"";"Marketing";"Prüfung erforderlich";"";"";"";"ui.customer_context.fallback_name";"ui";"en-CH";"3";"v1:d3fd3111d338f5b91a8afe35e5ff9a8bb19678817df79ce37aaec18b6ccdc349";"c87da12cc99ce65ea7cc6acf53a6534fb0e1bfd2ad90e50a82ff6b9688546b8e"
"Helsana-Angebote & Versicherung";"Datenschutz & Einwilligung";"Angebote & Kundenkontext";"Dynamischer Text";"Ergebnisseite, Kundenkontext-Chip für angemeldete Personen";"<b>{{displayName}}</b> – passende Angebote werden mit Blick auf Ihre Versicherungsprodukte eingeordnet.";"<b>{{displayName}}</b> – suitable services are assessed with your insurance products in mind.";"";"";"Marketing, Recht";"Prüfung erforderlich";"Versicherungsbezogene Einordnung und Sichtbarkeit des Login-Chips vor Go-live durch Legal und den zuständigen Fachbereich freigeben.";"{{displayName}}";"";"ui.customer_context.chip";"ui";"en-CH";"3";"v1:d3fd3111d338f5b91a8afe35e5ff9a8bb19678817df79ce37aaec18b6ccdc349";"2e25e904120ad21ae593f7bddd9a307fd8944f07392e9ffb463e55693fcfc372"
"Helsana-Angebote & Versicherung";"Datenschutz & Einwilligung";"Ergebnislink-Dialog";"Rechtlicher Hinweis";"Datenschutzhinweis bei bewusst aktivierter Ergebnis-Link-Funktion";"Dieser Link enthält Ihre Antworten codiert, aber nicht verschlüsselt. Teilen Sie ihn nur mit Personen, denen Sie diese Gesundheitsangaben anvertrauen.";"This link contains your answers in encoded, but not encrypted, form. Share it only with people you trust with this health information.";"";"";"Marketing, Recht";"Prüfung erforderlich";"Vor Aktivierung der Ergebnis-Link-Funktion durch Datenschutz/Legal freigeben.";"";"";"ui.share_modal.privacy_warning";"ui";"en-CH";"3";"v1:d3fd3111d338f5b91a8afe35e5ff9a8bb19678817df79ce37aaec18b6ccdc349";"3f6afddb7099c6c2cb4993678bb80b80df7396fe028d208c43031c95ca635bd2"
"Helsana-Angebote & Versicherung";"Leistungs- und Deckungshinweise";"Versicherungs-Hinweise";"Begründung / Einordnung";"COVERAGE_HINTS.bewegung, unverbindlicher Hinweis für passende Produktkategorien";"Präventionsangebote wie dieses können je nach Zusatzversicherung unterstützt werden.";"Prevention services like this may be covered, depending on your supplementary insurance.";"";"";"Marketing, Recht";"Prüfung erforderlich";"Deckungsnahe Formulierung vor Go-live durch Legal und den zuständigen Fachbereich freigeben.";"";"";"service.coverage.bewegung.hint";"services";"en-CH";"3";"v1:d3fd3111d338f5b91a8afe35e5ff9a8bb19678817df79ce37aaec18b6ccdc349";"020b31cbaa38f1529f9119a06ea13d0d835427faf11725876b3d93ee62ca7628"
"Helsana-Angebote & Versicherung";"Leistungs- und Deckungshinweise";"Versicherungs-Hinweise";"Begründung / Einordnung";"COVERAGE_HINTS.ernaehrung, unverbindlicher Hinweis für passende Produktkategorien";"Mit Ihrer Zusatzversicherung potenziell relevant – ob und in welchem Umfang Kosten unterstützt werden, hängt von Ihrem konkreten Produkt ab.";"Potentially relevant with your supplementary insurance. Whether costs are covered, and to what extent, depends on your specific product.";"";"";"Marketing, Recht";"Prüfung erforderlich";"Deckungsnahe Formulierung vor Go-live durch Legal und den zuständigen Fachbereich freigeben.";"";"";"service.coverage.ernaehrung.hint";"services";"en-CH";"3";"v1:d3fd3111d338f5b91a8afe35e5ff9a8bb19678817df79ce37aaec18b6ccdc349";"abd07241320cc6be81cbc0952a1f2e93e7f53fcfabaca3e6ff8898cb9c1eba85"
"Helsana-Angebote & Versicherung";"Leistungs- und Deckungshinweise";"Versicherungs-Hinweise";"Begründung / Einordnung";"COVERAGE_HINTS.kraft, unverbindlicher Hinweis für passende Produktkategorien";"Trainings- und Präventionsangebote können je nach Zusatzversicherung unterstützt werden.";"Training and prevention services may be covered, depending on your supplementary insurance.";"";"";"Marketing, Recht";"Prüfung erforderlich";"Deckungsnahe Formulierung vor Go-live durch Legal und den zuständigen Fachbereich freigeben.";"";"";"service.coverage.kraft.hint";"services";"en-CH";"3";"v1:d3fd3111d338f5b91a8afe35e5ff9a8bb19678817df79ce37aaec18b6ccdc349";"625e2cdd24e065f70a74593b0a0a2faa2170509afed2592c5af9d0b4a91f49bc"
"Helsana-Angebote & Versicherung";"Leistungs- und Deckungshinweise";"Versicherungs-Hinweise";"Begründung / Einordnung";"COVERAGE_HINTS.mentaleHilfe, unverbindlicher Hinweis für passende Produktkategorien";"Mit Ihrer Zusatzversicherung potenziell relevant – ob und in welchem Umfang Kosten unterstützt werden, hängt von Ihrem konkreten Produkt ab.";"Potentially relevant with your supplementary insurance. Whether costs are covered, and to what extent, depends on your specific product.";"";"";"Marketing, Recht";"Prüfung erforderlich";"Deckungsnahe Formulierung vor Go-live durch Legal und den zuständigen Fachbereich freigeben.";"";"";"service.coverage.mentale_hilfe.hint";"services";"en-CH";"3";"v1:d3fd3111d338f5b91a8afe35e5ff9a8bb19678817df79ce37aaec18b6ccdc349";"8088228e3f8bf395f5e46716b244cf01d525bdfd6c1e5aa14cfa23c20f328887"
"Helsana-Angebote & Versicherung";"Leistungs- und Deckungshinweise";"Versicherungs-Hinweise";"Begründung / Einordnung";"COVERAGE_HINTS.rauchstopp, unverbindlicher Hinweis für passende Produktkategorien";"Mit Ihrer Zusatzversicherung potenziell relevant – ob und in welchem Umfang Kosten unterstützt werden, hängt von Ihrem konkreten Produkt ab.";"Potentially relevant with your supplementary insurance. Whether costs are covered, and to what extent, depends on your specific product.";"";"";"Marketing, Recht";"Prüfung erforderlich";"Deckungsnahe Formulierung vor Go-live durch Legal und den zuständigen Fachbereich freigeben.";"";"";"service.coverage.rauchstopp.hint";"services";"en-CH";"3";"v1:d3fd3111d338f5b91a8afe35e5ff9a8bb19678817df79ce37aaec18b6ccdc349";"0c22fed2f21bb26f8a3b29c1dee3cd18fb521371afef32ad7098863a9caa8d8c"
"Helsana-Angebote & Versicherung";"Leistungs- und Deckungshinweise";"Versicherungs-Hinweise";"Begründung / Einordnung";"COVERAGE_HINTS.stress, unverbindlicher Hinweis für passende Produktkategorien";"Mit Ihrer Zusatzversicherung potenziell relevant – ob und in welchem Umfang Kosten unterstützt werden, hängt von Ihrem konkreten Produkt ab.";"Potentially relevant with your supplementary insurance. Whether costs are covered, and to what extent, depends on your specific product.";"";"";"Marketing, Recht";"Prüfung erforderlich";"Deckungsnahe Formulierung vor Go-live durch Legal und den zuständigen Fachbereich freigeben.";"";"";"service.coverage.stress.hint";"services";"en-CH";"3";"v1:d3fd3111d338f5b91a8afe35e5ff9a8bb19678817df79ce37aaec18b6ccdc349";"61704de1125c13823f36ce22f546c3b0f4fb5224e475473a50aeebc1369fe538"
"Helsana-Angebote & Versicherung";"Leistungs- und Deckungshinweise";"Versicherungs-Hinweise";"Begründung / Einordnung";"COVERAGE_HINTS.vorsorge, unverbindlicher Hinweis für passende Produktkategorien";"Je nach Zusatzversicherung können Vorsorgeuntersuchungen unterstützt werden – Details klären Sie am besten direkt mit Helsana.";"Preventive examinations may be covered, depending on your supplementary insurance. It is best to confirm the details directly with Helsana.";"";"";"Marketing, Recht";"Prüfung erforderlich";"Deckungsnahe Formulierung vor Go-live durch Legal und den zuständigen Fachbereich freigeben.";"";"";"service.coverage.vorsorge.hint";"services";"en-CH";"3";"v1:d3fd3111d338f5b91a8afe35e5ff9a8bb19678817df79ce37aaec18b6ccdc349";"addf9d3fc494803c89b5b62f9fd8b6ffe95bb75f3a368fa9fbd127b62a91ed26"
"Helsana-Angebote & Versicherung";"Service- und Angebotskommunikation";"Gemeinsame Bereichstexte (Fragebogen und Ergebnis)";"Beschriftung";"Gemeinsam in Fragebogen und Ergebnis · Grundversicherung · Kurzlabel für Navigation und Ergebnisvisualisierung";"Grundinfo";"Basic information";"";"";"Marketing";"Prüfung erforderlich";"";"";"";"service.dimension.grund.short";"services";"en-CH";"3";"v1:d3fd3111d338f5b91a8afe35e5ff9a8bb19678817df79ce37aaec18b6ccdc349";"061f9ec14c47a219f83a397b53e2165c4769ec67a012939e482cee4355652c26"
"Helsana-Angebote & Versicherung";"Service- und Angebotskommunikation";"Gemeinsame Bereichstexte (Fragebogen und Ergebnis)";"Überschrift";"Gemeinsam in Fragebogen und Ergebnis · Grundversicherung · vollständiger Bereichstitel";"Persönliche Angaben";"Personal details";"";"";"Marketing, Medizin";"Prüfung erforderlich";"";"";"";"service.dimension.grund.title";"services";"en-CH";"3";"v1:d3fd3111d338f5b91a8afe35e5ff9a8bb19678817df79ce37aaec18b6ccdc349";"83c752de495382edc2eb654f8b7c587da292e33f3aa41b2e90f1b2fb4b3709f9"
"Helsana-Angebote & Versicherung";"Service- und Angebotskommunikation";"Gemeinsame Bereichstexte (Fragebogen und Ergebnis)";"Begründung / Einordnung";"Gemeinsam in Fragebogen und Ergebnis · Grundversicherung · Einleitung im Fragebogen und in den Ergebnisdetails";"Ihre persönlichen Angaben bilden ein Antwortprofil für diese Orientierung und die individuellen Empfehlungen. Ihre Angaben werden vertraulich behandelt und bleiben anonym.";"Your personal details create an answer profile for this assessment and its individual recommendations. Your information is treated confidentially and remains anonymous.";"";"";"Marketing, Medizin, Recht";"Prüfung erforderlich";"Datenschutz- und Anonymitätsaussage vor Go-live durch Legal/Datenschutz freigeben.";"";"";"service.dimension.grund.intro";"services";"en-CH";"3";"v1:d3fd3111d338f5b91a8afe35e5ff9a8bb19678817df79ce37aaec18b6ccdc349";"e639ad9b26abf6860cfd57084f59708b424ce505742a84ef845fe60e16dad88e"
"Helsana-Angebote & Versicherung";"Service- und Angebotskommunikation";"Demo-Kundenkontext";"Beschriftung";"Demo-Kundenprofil, nur Grundversicherung";"Demo-Profil «Nur Grundversicherung»";"Demo profile “Basic insurance only”";"";"";"Marketing";"Prüfung erforderlich";"Nur im expliziten Mock-Modus sichtbar.";"";"";"service.demo_profile.basic.display_name";"services";"en-CH";"3";"v1:d3fd3111d338f5b91a8afe35e5ff9a8bb19678817df79ce37aaec18b6ccdc349";"b54b09011006c6f2f16dde3b9440d5602d6d7867057af2d87f61b62f4c256d83"
"Helsana-Angebote & Versicherung";"Service- und Angebotskommunikation";"Demo-Kundenkontext";"Beschriftung";"Demo-Kundenprofil, vollständiger Zusatzversicherungs-Mix";"Demo-Profil «Grund + Zusatz ambulant/Spital/Prävention»";"Demo profile “Basic + supplementary outpatient/hospital/prevention”";"";"";"Marketing";"Prüfung erforderlich";"Nur im expliziten Mock-Modus sichtbar.";"";"";"service.demo_profile.complete.display_name";"services";"en-CH";"3";"v1:d3fd3111d338f5b91a8afe35e5ff9a8bb19678817df79ce37aaec18b6ccdc349";"0a7bdbeb53115d76dc55aff624410385ca4544d1415e67d7a9e77edace12b9f8"
"Helsana-Angebote & Versicherung";"Service- und Angebotskommunikation";"Demo-Kundenkontext";"Beschriftung";"Demo-Kundenprofil, Grundversicherung und Prävention";"Demo-Profil «Grund + Prävention»";"Demo profile “Basic + prevention”";"";"";"Marketing";"Prüfung erforderlich";"Nur im expliziten Mock-Modus sichtbar.";"";"";"service.demo_profile.prevention.display_name";"services";"en-CH";"3";"v1:d3fd3111d338f5b91a8afe35e5ff9a8bb19678817df79ce37aaec18b6ccdc349";"90a96496665b5ea5818edf9c5dc38a175588138533a4da6103c2fc3620951d24"
"Helsana-Angebote & Versicherung";"Service- und Angebotskommunikation";"Demo-Kundenkontext";"Beschriftung";"Demo-Produkt, ambulanter Zusatz";"Zusatzversicherung ambulant (Demo)";"Outpatient supplementary insurance (demo)";"";"";"Marketing";"Prüfung erforderlich";"Nur im expliziten Mock-Modus sichtbar.";"";"";"service.demo_profile.product.ambulant";"services";"en-CH";"3";"v1:d3fd3111d338f5b91a8afe35e5ff9a8bb19678817df79ce37aaec18b6ccdc349";"8bacd6bfdedae51e0184cb53e0633b19f4d88d43ac9dcb8feccb9966185c2994"
"Helsana-Angebote & Versicherung";"Service- und Angebotskommunikation";"Demo-Kundenkontext";"Beschriftung";"Demo-Produkt, Grundversicherung";"Grundversicherung (Demo)";"Basic insurance (demo)";"";"";"Marketing";"Prüfung erforderlich";"Nur im expliziten Mock-Modus sichtbar.";"";"";"service.demo_profile.product.basic";"services";"en-CH";"3";"v1:d3fd3111d338f5b91a8afe35e5ff9a8bb19678817df79ce37aaec18b6ccdc349";"d83f305413ace2bad433dd418e4a718da7823a5fafda45404e35fca57f13ad2e"
"Helsana-Angebote & Versicherung";"Service- und Angebotskommunikation";"Demo-Kundenkontext";"Beschriftung";"Demo-Produkt, Präventionszusatz";"Zusatzversicherung Prävention (Demo)";"Prevention supplementary insurance (demo)";"";"";"Marketing";"Prüfung erforderlich";"Nur im expliziten Mock-Modus sichtbar.";"";"";"service.demo_profile.product.prevention";"services";"en-CH";"3";"v1:d3fd3111d338f5b91a8afe35e5ff9a8bb19678817df79ce37aaec18b6ccdc349";"89a8d0fd8a736ae92d9b3e840211c55a9a56e97d4145b2efb7f7d70b877ff3f8"
"Helsana-Angebote & Versicherung";"Service- und Angebotskommunikation";"Demo-Kundenkontext";"Beschriftung";"Demo-Produkt, Spitalzusatz";"Spital-Zusatzversicherung (Demo)";"Hospital supplementary insurance (demo)";"";"";"Marketing";"Prüfung erforderlich";"Nur im expliziten Mock-Modus sichtbar.";"";"";"service.demo_profile.product.hospital";"services";"en-CH";"3";"v1:d3fd3111d338f5b91a8afe35e5ff9a8bb19678817df79ce37aaec18b6ccdc349";"cd9b09b67394223ab292b756b22f147596f468d7cb4cb9a0c56d2ac165377032"
"Helsana-Angebote & Versicherung";"Service- und Angebotskommunikation";"Statusbänder";"Beschriftung";"Scoring STATUS_BANDS, sichtbares Label für aufmerksam";"Erhöhte Aufmerksamkeit";"Needs attention";"";"";"Marketing, Medizin";"Prüfung erforderlich";"";"";"";"service.status_band.aufmerksam.label";"services";"en-CH";"3";"v1:d3fd3111d338f5b91a8afe35e5ff9a8bb19678817df79ce37aaec18b6ccdc349";"d59b9d282c7f5f71da73fb88f5774a5c930b7571b160834d2210ab6bcf1214ed"
"Helsana-Angebote & Versicherung";"Service- und Angebotskommunikation";"Statusbänder";"Beschriftung";"Scoring STATUS_BANDS, sichtbares Label für ausbau";"Ausbaufähig";"Room for improvement";"";"";"Marketing, Medizin";"Prüfung erforderlich";"";"";"";"service.status_band.ausbau.label";"services";"en-CH";"3";"v1:d3fd3111d338f5b91a8afe35e5ff9a8bb19678817df79ce37aaec18b6ccdc349";"a7157f3286cd063e215b5ca55ba6559599580ed4f21de336de9b53776a130a02"
"Helsana-Angebote & Versicherung";"Service- und Angebotskommunikation";"Statusbänder";"Beschriftung";"Scoring STATUS_BANDS, sichtbares Label für solide";"Solide Basis";"Solid foundation";"";"";"Marketing, Medizin";"Prüfung erforderlich";"";"";"";"service.status_band.solide.label";"services";"en-CH";"3";"v1:d3fd3111d338f5b91a8afe35e5ff9a8bb19678817df79ce37aaec18b6ccdc349";"adc72114a47ae62f26252836e3d8bc4c07b13fdba76a6ec84936ca0960b3bd60"
"Helsana-Angebote & Versicherung";"Service- und Angebotskommunikation";"Statusbänder";"Beschriftung";"Scoring STATUS_BANDS, sichtbares Label für stark";"Stark";"Strong";"";"";"Marketing, Medizin";"Prüfung erforderlich";"";"";"";"service.status_band.stark.label";"services";"en-CH";"3";"v1:d3fd3111d338f5b91a8afe35e5ff9a8bb19678817df79ce37aaec18b6ccdc349";"4aae4a6f2c3ecd863564f84414a40f14536bbbcc991c51dd57d01344a8301bae"
"Helsana-Angebote & Versicherung";"Weitere Angebote";"Helsana-Angebote";"Beschriftung";"Helsana-Angebot · sichtbarer Platzhalter solange keine echte URL hinterlegt ist";"[Helsana Coach App / Deep-Link verlinken]";"[Add Helsana Coach app/deep link]";"";"";"Marketing";"Prüfung erforderlich";"";"";"";"service.offer.coach_app.placeholder";"services";"en-CH";"3";"v1:d3fd3111d338f5b91a8afe35e5ff9a8bb19678817df79ce37aaec18b6ccdc349";"747406506ddec56a6fbb1ad411c1d7048c36a64267bb6b17bed0f8684188e11f"
"Helsana-Angebote & Versicherung";"Weitere Angebote";"Helsana-Angebote";"Beschriftung";"Helsana-Angebot · sichtbares Linklabel; leere fit-Felder werden nicht katalogisiert, weil sie keinen sichtbaren Text erzeugen";"Helsana Coach öffnen";"Open Helsana Coach";"";"";"Marketing";"Prüfung erforderlich";"";"";"";"service.offer.coach_app.label";"services";"en-CH";"3";"v1:d3fd3111d338f5b91a8afe35e5ff9a8bb19678817df79ce37aaec18b6ccdc349";"dd7157677326cfda5378ce5cf53cf32e4f00d1e058cb8da3e4c92fea137c09a2"
"Helsana-Angebote & Versicherung";"Weitere Angebote";"Helsana-Angebote";"Beschriftung";"Helsana-Angebot · sichtbarer Platzhalter solange keine echte URL hinterlegt ist";"[Feedback-Formular verlinken]";"[Add link to feedback form]";"";"";"Marketing";"Prüfung erforderlich";"";"";"";"service.offer.feedback.placeholder";"services";"en-CH";"3";"v1:d3fd3111d338f5b91a8afe35e5ff9a8bb19678817df79ce37aaec18b6ccdc349";"a2af5b6901ae57fd376a2e8528598b276d0837a9070632d268bc4d268c7b7c88"
"Helsana-Angebote & Versicherung";"Weitere Angebote";"Helsana-Angebote";"Beschriftung";"Helsana-Angebot · sichtbares Linklabel; leere fit-Felder werden nicht katalogisiert, weil sie keinen sichtbaren Text erzeugen";"Zum Formular";"Go to form";"";"";"Marketing";"Prüfung erforderlich";"";"";"";"service.offer.feedback.label";"services";"en-CH";"3";"v1:d3fd3111d338f5b91a8afe35e5ff9a8bb19678817df79ce37aaec18b6ccdc349";"c7090929f90c64cfa4fec8996592099980d3058d2e1f0f126124b61adbf88cc0"
"Helsana-Angebote & Versicherung";"Weitere Angebote";"Helsana-Angebote";"Beschriftung";"Helsana-Angebot · sichtbarer Platzhalter solange keine echte URL hinterlegt ist";"[Helsana+ passendes Partnerangebot verlinken]";"[Add link to a suitable Helsana+ partner offer]";"";"";"Marketing";"Prüfung erforderlich";"";"";"";"service.offer.plus.placeholder";"services";"en-CH";"3";"v1:d3fd3111d338f5b91a8afe35e5ff9a8bb19678817df79ce37aaec18b6ccdc349";"a18b719cb01e472167714238849491413b84dc1047668c90d6e95d7974326c9f"
"Helsana-Angebote & Versicherung";"Weitere Angebote";"Helsana-Angebote";"Beschriftung";"Helsana-Angebot · sichtbares Linklabel; leere fit-Felder werden nicht katalogisiert, weil sie keinen sichtbaren Text erzeugen";"Helsana+ Partnerangebote";"Helsana+ partner offers";"";"";"Marketing";"Prüfung erforderlich";"";"";"";"service.offer.plus.label";"services";"en-CH";"3";"v1:d3fd3111d338f5b91a8afe35e5ff9a8bb19678817df79ce37aaec18b6ccdc349";"3b0d0f6bae889477de2b3183ecc577adb0739798beb901747d4c8ca5fc7e4103"
"Helsana-Angebote & Versicherung";"Weitere Angebote";"Helsana-Angebote";"Begründung / Einordnung";"Helsana-Angebot · sichtbare Einordnung der Angebots-Passung";"Belohnt aktive Schritte und macht das Dranbleiben leichter.";"Rewards active steps and makes it easier to stay on track.";"";"";"Marketing";"Prüfung erforderlich";"";"";"";"service.offer.plus.fit";"services";"en-CH";"3";"v1:d3fd3111d338f5b91a8afe35e5ff9a8bb19678817df79ce37aaec18b6ccdc349";"7f4f941273bf4e7fa5393a5094c413550ff75329495080f1eaad896ee1e0929e"
"Helsana-Angebote & Versicherung";"Weitere Angebote";"Helsana-Angebote";"Beschriftung";"Helsana-Angebot · sichtbarer Platzhalter solange keine echte URL hinterlegt ist";"[Helsana+ Programmseite verlinken]";"[Add link to the Helsana+ programme page]";"";"";"Marketing";"Prüfung erforderlich";"";"";"";"service.offer.plus_entdecken.placeholder";"services";"en-CH";"3";"v1:d3fd3111d338f5b91a8afe35e5ff9a8bb19678817df79ce37aaec18b6ccdc349";"fe5b5b49c92ceec39c3212b75726d91295406aa49cf9f4245b04d21130ab0895"
"Helsana-Angebote & Versicherung";"Weitere Angebote";"Helsana-Angebote";"Beschriftung";"Helsana-Angebot · sichtbares Linklabel; leere fit-Felder werden nicht katalogisiert, weil sie keinen sichtbaren Text erzeugen";"Helsana+ entdecken";"Discover Helsana+";"";"";"Marketing";"Prüfung erforderlich";"";"";"";"service.offer.plus_entdecken.label";"services";"en-CH";"3";"v1:d3fd3111d338f5b91a8afe35e5ff9a8bb19678817df79ce37aaec18b6ccdc349";"b538027a25f01afa8ea72c75a049c8ef2d9bdfb7b3591b7aea6f05ea11c511a4"
"Medizin & Sicherheit";"Medizinische Hinweise & Notfallrouting";"Coach-Antworten";"Dynamischer Text";"Demo-Coach-Antwort bei Notfall- oder Krisenbegriffen";"Wenn es akut ist, zögern Sie nicht: Bei starken oder plötzlichen Beschwerden wählen Sie den Notruf <b>144</b>, in seelischen Krisen die Dargebotene Hand <b>143</b>. Ich bin nur eine Vorschau und kann keine medizinische Hilfe leisten.";"If the situation is urgent, do not wait: call emergency services on <b>144</b> for severe or sudden symptoms. For English-language emotional support, call <b>Heart2Heart on 0800 143 000</b> daily from 6 to 11 p.m. I am only a preview and cannot provide medical assistance.";"";"";"Marketing, Medizin";"Prüfung erforderlich";"";"";"144 | 0800 143 000 | 6 to 11 p.m.";"coach.answer.emergency";"coach";"en-CH";"3";"v1:d3fd3111d338f5b91a8afe35e5ff9a8bb19678817df79ce37aaec18b6ccdc349";"c30e92a5cc67b50da56c2be371a003e216913a795b9a1a3fc7e35d2f88c99038"
"Medizin & Sicherheit";"Medizinische Hinweise & Notfallrouting";"Medizinischer Hinweis";"Überschrift";"Medizinischer Abschlussblock, Überschrift";"Medizinischer Hinweis & nächste Schritte";"Medical information and next steps";"";"";"Marketing, Medizin";"Prüfung erforderlich";"";"";"";"ui.medical_notice.title";"ui";"en-CH";"3";"v1:d3fd3111d338f5b91a8afe35e5ff9a8bb19678817df79ce37aaec18b6ccdc349";"b743ae2fc66a33e3dcac0c1a950dba15c1cc09f2a809a9056ff03da49fd09c9a"
"Medizin & Sicherheit";"Medizinische Hinweise & Notfallrouting";"Medizinischer Hinweis";"Überschrift";"Medizinischer Abschlussblock, Zwischenüberschrift";"Sinnvolle nächste Schritte:";"Useful next steps:";"";"";"Marketing, Medizin";"Prüfung erforderlich";"";"";"";"ui.medical_notice.steps_title";"ui";"en-CH";"3";"v1:d3fd3111d338f5b91a8afe35e5ff9a8bb19678817df79ce37aaec18b6ccdc349";"402a6adf6c43d79b7f42806e24db42330b8ee21e8838d22e9df113df83952bfd"
"Medizin & Sicherheit";"Medizinische Hinweise & Notfallrouting";"Medizinischer Hinweis";"Begründung / Einordnung";"Medizinischer Abschlussblock, Disclaimer";"Dieser Check ersetzt keine Diagnose, Untersuchung oder Behandlung. Er kann und soll keine medizinische Fachperson ersetzen. Nutzen Sie die Ergebnisse als Gesprächsgrundlage – nicht als abschliessende Beurteilung.";"This check is not a diagnosis and does not replace an examination or treatment. It cannot and should not replace a healthcare professional. Use the results as a basis for discussion, not as a final assessment.";"";"";"Marketing, Medizin";"Prüfung erforderlich";"";"";"";"ui.medical_notice.disclaimer";"ui";"en-CH";"3";"v1:d3fd3111d338f5b91a8afe35e5ff9a8bb19678817df79ce37aaec18b6ccdc349";"4e2569c388e3c4f84c274542acdea6ee0b271b240fb6349ec5160232a8b75042"
"Medizin & Sicherheit";"Medizinische Hinweise & Notfallrouting";"Medizinischer Hinweis";"Nächster Schritt";"Medizinischer Abschlussblock, dritter Listenpunkt";"Wählen Sie aus Ihrem Aktionsplan einen einzigen, kleinen Schritt für diese Woche.";"Choose one small step from your action plan for this week.";"";"";"Marketing";"Prüfung erforderlich";"";"";"";"ui.medical_notice.step.choose";"ui";"en-CH";"3";"v1:d3fd3111d338f5b91a8afe35e5ff9a8bb19678817df79ce37aaec18b6ccdc349";"b03c2df2253714aa5a36cb4b1353512ddb57899982283c6f87d20a6d1b10f3b8"
"Medizin & Sicherheit";"Medizinische Hinweise & Notfallrouting";"Medizinischer Hinweis";"Nächster Schritt";"Medizinischer Abschlussblock, erster Listenpunkt";"Besprechen Sie auffällige Werte, bestehende Diagnosen oder familiäre Vorbelastung mit einer medizinischen Fachperson.";"Discuss unusual values, existing diagnoses or a family history with a healthcare professional.";"";"";"Marketing, Medizin";"Prüfung erforderlich";"";"";"";"ui.medical_notice.step.discuss";"ui";"en-CH";"3";"v1:d3fd3111d338f5b91a8afe35e5ff9a8bb19678817df79ce37aaec18b6ccdc349";"5651bfc612e4d7db51e5c4a232b0b7a0ad452427ff215abedb6b7c3d90097166"
"Medizin & Sicherheit";"Medizinische Hinweise & Notfallrouting";"Medizinischer Hinweis";"Nächster Schritt";"Medizinischer Abschlussblock, Notfall-Listenpunkt";"Bei akuten, starken oder plötzlichen Beschwerden: Notruf <b>144</b>. In seelischen Krisen: Dargebotene Hand <b>143</b>.";"For sudden, severe or acute symptoms, call the emergency number <b>144</b>. For English-language emotional support, call <b>Heart2Heart on 0800 143 000</b> daily from 6 to 11 p.m.";"";"";"Marketing, Medizin";"Prüfung erforderlich";"";"";"144 | 0800 143 000 | 6 to 11 p.m.";"ui.medical_notice.step.emergency";"ui";"en-CH";"3";"v1:d3fd3111d338f5b91a8afe35e5ff9a8bb19678817df79ce37aaec18b6ccdc349";"2557367101f34a2410bdc58078c4240eb4761b02eb428bc66409d3f2197048b3"
"Medizin & Sicherheit";"Medizinische Hinweise & Notfallrouting";"Medizinischer Hinweis";"Nächster Schritt";"Medizinischer Abschlussblock, zweiter Listenpunkt";"Lassen Sie unbekannte Basiswerte (z. B. Blutdruck, Blutzucker/HbA1c, Blutfette) bei Gelegenheit bestimmen.";"At an appropriate opportunity, have any unknown baseline values measured, such as blood pressure, blood glucose/HbA1c or blood lipids.";"";"";"Marketing, Medizin";"Prüfung erforderlich";"";"";"";"ui.medical_notice.step.measure";"ui";"en-CH";"3";"v1:d3fd3111d338f5b91a8afe35e5ff9a8bb19678817df79ce37aaec18b6ccdc349";"df0fe37dec5a1d2fdf25ceacb1cff4c0c2747fd819bce3f4c365939c66b07d2d"
"Medizin & Sicherheit";"Medizinische Hinweise & Notfallrouting";"Warnhinweis";"Überschrift";"Warnbanner bei dringendem beziehungsweise hohem mentalem Signal";"Bitte zeitnah ärztlich abklären";"Please seek prompt medical advice";"";"";"Marketing, Medizin";"Prüfung erforderlich";"";"";"";"ui.urgent.title";"ui";"en-CH";"3";"v1:d3fd3111d338f5b91a8afe35e5ff9a8bb19678817df79ce37aaec18b6ccdc349";"9231d9a608177d5e41a4c60b2b90eb9c9806f4c52353f215cb5e22fdf16bdff8"
"Medizin & Sicherheit";"Medizinische Hinweise & Notfallrouting";"Warnhinweis";"Begründung / Einordnung";"Warnbanner bei dringendem beziehungsweise hohem mentalem Signal";"Einige Ihrer Angaben sollten zeitnah mit einer medizinischen Fachperson besprochen werden. Bei akuten, starken Beschwerden wählen Sie den Notruf <b>144</b>; in seelischen Krisen die Dargebotene Hand <b>143</b>.";"Some of your answers should be discussed promptly with a healthcare professional. For sudden or severe symptoms, call the emergency number <b>144</b>. For English-language emotional support, call <b>Heart2Heart on 0800 143 000</b> daily from 6 to 11 p.m.";"";"";"Marketing, Medizin";"Prüfung erforderlich";"";"";"144 | 0800 143 000 | 6 to 11 p.m.";"ui.urgent.body";"ui";"en-CH";"3";"v1:d3fd3111d338f5b91a8afe35e5ff9a8bb19678817df79ce37aaec18b6ccdc349";"9648ea2c129b9b90cb6158dc67295c92c923125fcaf6f190a12de545f7959ca5"
"Globale Navigation";"Navigation, Sprache & Installation";"Barrierefreiheit";"Barrierefreie Beschriftung";"Sprunglink zum Hauptinhalt";"Zum Inhalt springen";"Skip to content";"";"";"Marketing";"Prüfung erforderlich";"";"";"";"shell.skip_to_content";"shell";"en-CH";"3";"v1:d3fd3111d338f5b91a8afe35e5ff9a8bb19678817df79ce37aaec18b6ccdc349";"74fcabd4296563ac36aa897993c5d82942daebdc8d71c3142243c0b9fc620c41"
"Globale Navigation";"Navigation, Sprache & Installation";"Fusszeile";"Beschriftung";"Link zur Helsana-Gruppe";"Helsana Gruppe";"Helsana Group";"";"";"Marketing";"Prüfung erforderlich";"";"";"";"shell.footer.helsana_group";"shell";"en-CH";"3";"v1:d3fd3111d338f5b91a8afe35e5ff9a8bb19678817df79ce37aaec18b6ccdc349";"94bcc8145b1eff61b815e8b6305106797647919e263832281a1757e3b5f3f866"
"Globale Navigation";"Navigation, Sprache & Installation";"Fusszeile";"Beschriftung";"Platzhalter für den Newsletter";"Newsletter";"Newsletter";"";"";"Marketing";"Prüfung erforderlich";"Ziel-Link vor Go-live ergänzen.";"";"";"shell.footer.newsletter";"shell";"en-CH";"3";"v1:d3fd3111d338f5b91a8afe35e5ff9a8bb19678817df79ce37aaec18b6ccdc349";"3685ce493bafdf7c8be1536cbbfc11601031679f91abf7b7c7a9289258f946f7"
"Globale Navigation";"Navigation, Sprache & Installation";"Fusszeile";"Beschriftung";"Platzhalter für den Prämienrechner";"Prämienrechner";"Premium calculator";"";"";"Marketing";"Prüfung erforderlich";"Ziel-Link vor Go-live ergänzen.";"";"";"shell.footer.premium_calculator";"shell";"en-CH";"3";"v1:d3fd3111d338f5b91a8afe35e5ff9a8bb19678817df79ce37aaec18b6ccdc349";"1bceabe4cda140ba4212566ed0127b4f644599f06e9b4d9dfc51f1106c1efc51"
"Globale Navigation";"Navigation, Sprache & Installation";"Fusszeile";"Beschriftung";"Platzhalter für Jobs und Karriere";"Jobs & Karriere";"Jobs & careers";"";"";"Marketing";"Prüfung erforderlich";"Ziel-Link vor Go-live ergänzen.";"";"";"shell.footer.jobs";"shell";"en-CH";"3";"v1:d3fd3111d338f5b91a8afe35e5ff9a8bb19678817df79ce37aaec18b6ccdc349";"07b1a831e32b7007928d14350759634c82ea2a6a6ee8195c7c6926d0ee2e477d"
"Globale Navigation";"Navigation, Sprache & Installation";"Fusszeile";"Beschriftung";"Platzhalter für Medien und Publikationen";"Medien & Publikationen";"Media & publications";"";"";"Marketing";"Prüfung erforderlich";"Ziel-Link vor Go-live ergänzen.";"";"";"shell.footer.media";"shell";"en-CH";"3";"v1:d3fd3111d338f5b91a8afe35e5ff9a8bb19678817df79ce37aaec18b6ccdc349";"740ea749b0b0c8aa1247bc2f0e39adfe57603ac45d6f242629509987c68d83a8"
"Globale Navigation";"Navigation, Sprache & Installation";"Fusszeile";"Beschriftung";"Platzhalter für Service Adresse ändern";"Adresse ändern";"Change your address";"";"";"Marketing";"Prüfung erforderlich";"Ziel-Link vor Go-live ergänzen.";"";"";"shell.footer.change_address";"shell";"en-CH";"3";"v1:d3fd3111d338f5b91a8afe35e5ff9a8bb19678817df79ce37aaec18b6ccdc349";"5c6605273007a8dae80d9299c0a97b76f75af7706cf39b1bd0cc981283c2e672"
"Globale Navigation";"Navigation, Sprache & Installation";"Fusszeile";"Beschriftung";"Platzhalter für Service Rechnung einsenden";"Rechnung einsenden";"Submit an invoice";"";"";"Marketing";"Prüfung erforderlich";"Ziel-Link vor Go-live ergänzen.";"";"";"shell.footer.submit_invoice";"shell";"en-CH";"3";"v1:d3fd3111d338f5b91a8afe35e5ff9a8bb19678817df79ce37aaec18b6ccdc349";"56f7614f31fa9f4e7fc6ed19e6ae2ee82fa0acc6b973d24b110e32819b6f199d"
"Globale Navigation";"Navigation, Sprache & Installation";"Fusszeile";"Beschriftung";"Platzhalter für Über uns";"Über uns";"About us";"";"";"Marketing";"Prüfung erforderlich";"Ziel-Link vor Go-live ergänzen.";"";"";"shell.footer.about";"shell";"en-CH";"3";"v1:d3fd3111d338f5b91a8afe35e5ff9a8bb19678817df79ce37aaec18b6ccdc349";"baa26cf240e81ef84e34897de5329b24894c2bdf5bab9be7805bd00ad741d804"
"Globale Navigation";"Navigation, Sprache & Installation";"Fusszeile";"Beschriftung";"Platzhalter für Übersicht aller Services";"Alle Services";"All services";"";"";"Marketing";"Prüfung erforderlich";"Ziel-Link vor Go-live ergänzen.";"";"";"shell.footer.all_services";"shell";"en-CH";"3";"v1:d3fd3111d338f5b91a8afe35e5ff9a8bb19678817df79ce37aaec18b6ccdc349";"ac05b9f7c72fca0b6f270f6c74e57cedc81a5122e6fcd318a23d8e1adedfd17b"
"Globale Navigation";"Navigation, Sprache & Installation";"Fusszeile";"Überschrift";"Spaltenüberschrift Bereiche";"Bereiche";"Areas";"";"";"Marketing";"Prüfung erforderlich";"";"";"";"shell.footer.areas_heading";"shell";"en-CH";"3";"v1:d3fd3111d338f5b91a8afe35e5ff9a8bb19678817df79ce37aaec18b6ccdc349";"954252d23db0182ec80ad4a587752315387e24ebb5d41aca7d6bf55d9fb8bb5d"
"Globale Navigation";"Navigation, Sprache & Installation";"Fusszeile";"Überschrift";"Spaltenüberschrift Helsana";"Helsana";"Helsana";"";"";"Marketing";"Prüfung erforderlich";"Markenname nicht übersetzen.";"";"";"shell.footer.helsana_heading";"shell";"en-CH";"3";"v1:d3fd3111d338f5b91a8afe35e5ff9a8bb19678817df79ce37aaec18b6ccdc349";"2164403cdcfd5e667c9e1fbb2f515495f428c931b1ad01d3c0cf41ac2f028ebe"
"Globale Navigation";"Navigation, Sprache & Installation";"Fusszeile";"Überschrift";"Spaltenüberschrift Services";"Services";"Services";"";"";"Marketing";"Prüfung erforderlich";"";"";"";"shell.footer.services_heading";"shell";"en-CH";"3";"v1:d3fd3111d338f5b91a8afe35e5ff9a8bb19678817df79ce37aaec18b6ccdc349";"9d0d0e68dfe3cb9cb58fe4c9b6fe512e324156516209dd7031d5e0867fa64289"
"Globale Navigation";"Navigation, Sprache & Installation";"Barrierefreiheit";"Barrierefreie Beschriftung";"Fusszeile, barrierefreie Bezeichnung der Linknavigation";"Weitere Helsana-Links";"More Helsana links";"";"";"Marketing";"Prüfung erforderlich";"";"";"";"shell.footer.nav_aria";"shell";"en-CH";"3";"v1:d3fd3111d338f5b91a8afe35e5ff9a8bb19678817df79ce37aaec18b6ccdc349";"3a5c16a5e33c643aecee8689d096b81403a175f7c5af8153311b0973da800bce"
"Globale Navigation";"Navigation, Sprache & Installation";"Fusszeile";"Detailtext";"Erklärung der grau markierten Platzhalter";"Grau markierte Links sind Platzhalter und werden vor Go-live final verlinkt.";"Links shown in grey are placeholders and will be linked before go-live.";"";"";"Marketing";"Prüfung erforderlich";"Vor Go-live zusammen mit den Platzhaltern entfernen oder aktualisieren.";"";"";"shell.footer.placeholder_note";"shell";"en-CH";"3";"v1:d3fd3111d338f5b91a8afe35e5ff9a8bb19678817df79ce37aaec18b6ccdc349";"a7a8d1d1fa746cde65d15535a297cd5677cd0188910b779b9e8bb58e63644cb2"
"Globale Navigation";"Navigation, Sprache & Installation";"Kopfzeile";"Beschriftung";"Bezeichnung des Gesundheitschecks neben dem Logo";"Ihr Gesundheitscheck";"Your health check";"";"";"Marketing";"Prüfung erforderlich";"";"";"";"shell.header.tagline";"shell";"en-CH";"3";"v1:d3fd3111d338f5b91a8afe35e5ff9a8bb19678817df79ce37aaec18b6ccdc349";"47a5ffba6ccdf92ce6f9c1b68447f7520731711a78d777ac80b56d6e64f6cd5b"
"Globale Navigation";"Navigation, Sprache & Installation";"Barrierefreiheit";"Barrierefreie Beschriftung";"Alternativtext des Helsana-Logos";"Helsana";"Helsana";"";"";"Marketing";"Prüfung erforderlich";"Markenname nicht übersetzen.";"";"";"shell.header.logo_alt";"shell";"en-CH";"3";"v1:d3fd3111d338f5b91a8afe35e5ff9a8bb19678817df79ce37aaec18b6ccdc349";"28c3f838202a811a1cd2aff22c7b3d17359caee1a7dd788e2e9b2b203432583b"
"Globale Navigation";"Navigation, Sprache & Installation";"Barrierefreiheit";"Barrierefreie Beschriftung";"Helsana-Logo als Link zum Gesundheitscheck";"Helsana – Gesundheitscheck";"Helsana – Health Check";"";"";"Marketing";"Prüfung erforderlich";"";"";"";"shell.header.brand_aria";"shell";"en-CH";"3";"v1:d3fd3111d338f5b91a8afe35e5ff9a8bb19678817df79ce37aaec18b6ccdc349";"c080ad3938ec7bb5e39fe9fda852b58d410b8400db0629ab2e2aa9fc269cc181"
"Globale Navigation";"Navigation, Sprache & Installation";"Sprachwahl";"Beschriftung";"Kurzbezeichnung Deutsch";"DE";"DE";"";"";"Marketing";"Prüfung erforderlich";"Nicht übersetzen.";"";"";"shell.language.de_short";"shell";"en-CH";"3";"v1:d3fd3111d338f5b91a8afe35e5ff9a8bb19678817df79ce37aaec18b6ccdc349";"0a2d938fc3a8c984f35b88f84de0d16818160c0663069043634f27cabcee7811"
"Globale Navigation";"Navigation, Sprache & Installation";"Sprachwahl";"Beschriftung";"Kurzbezeichnung Englisch";"EN";"EN";"";"";"Marketing";"Prüfung erforderlich";"Nicht übersetzen.";"";"";"shell.language.en_short";"shell";"en-CH";"3";"v1:d3fd3111d338f5b91a8afe35e5ff9a8bb19678817df79ce37aaec18b6ccdc349";"f3a3d984cbdbbb1d5c472f7a411dbaa9e993a9d25fcd1c95567e2a6237167dfb"
"Globale Navigation";"Navigation, Sprache & Installation";"Sprachwahl";"Beschriftung";"Kurzbezeichnung Französisch";"FR";"FR";"";"";"Marketing";"Prüfung erforderlich";"Nicht übersetzen.";"";"";"shell.language.fr_short";"shell";"en-CH";"3";"v1:d3fd3111d338f5b91a8afe35e5ff9a8bb19678817df79ce37aaec18b6ccdc349";"e0820994ad86bae5966e4e33642fa21e80ecadbee5d834443df21f3542005c6a"
"Globale Navigation";"Navigation, Sprache & Installation";"Sprachwahl";"Beschriftung";"Kurzbezeichnung Italienisch";"IT";"IT";"";"";"Marketing";"Prüfung erforderlich";"Nicht übersetzen.";"";"";"shell.language.it_short";"shell";"en-CH";"3";"v1:d3fd3111d338f5b91a8afe35e5ff9a8bb19678817df79ce37aaec18b6ccdc349";"cea7a3136ab4940ead3b75eaee3879e9b9814a40e446d5e6ba12184cda1f64a9"
"Globale Navigation";"Navigation, Sprache & Installation";"Sprachwahl";"Barrierefreie Beschriftung";"Barrierefreie Bezeichnung der Sprachwahl";"Sprache wählen";"Choose language";"";"";"Marketing";"Prüfung erforderlich";"";"";"";"shell.language.group_aria";"shell";"en-CH";"3";"v1:d3fd3111d338f5b91a8afe35e5ff9a8bb19678817df79ce37aaec18b6ccdc349";"82172d9021d565b3d0dec36a0e473569300e192093d499dae5466941de87a94d"
"Globale Navigation";"Navigation, Sprache & Installation";"Sprachwahl";"Barrierefreie Beschriftung";"Barrierefreie Bezeichnung Deutsch";"Deutsch";"Deutsch";"";"";"Marketing";"Prüfung erforderlich";"";"";"";"shell.language.de_label";"shell";"en-CH";"3";"v1:d3fd3111d338f5b91a8afe35e5ff9a8bb19678817df79ce37aaec18b6ccdc349";"302cb2668ab27141723f68c58e0afa3b5cee9f139fc6f8e94f845fb682b45a46"
"Globale Navigation";"Navigation, Sprache & Installation";"Sprachwahl";"Barrierefreie Beschriftung";"Barrierefreie Bezeichnung Englisch";"English";"English";"";"";"Marketing";"Prüfung erforderlich";"Eigenbezeichnung beibehalten.";"";"";"shell.language.en_label";"shell";"en-CH";"3";"v1:d3fd3111d338f5b91a8afe35e5ff9a8bb19678817df79ce37aaec18b6ccdc349";"e9ee6eed3709f23c67e6c92d8ec2fac0b878be113292a6f68b45214c82e066d1"
"Globale Navigation";"Navigation, Sprache & Installation";"Sprachwahl";"Barrierefreie Beschriftung";"Barrierefreie Bezeichnung Französisch";"Français";"Français";"";"";"Marketing";"Prüfung erforderlich";"Eigenbezeichnung beibehalten.";"";"";"shell.language.fr_label";"shell";"en-CH";"3";"v1:d3fd3111d338f5b91a8afe35e5ff9a8bb19678817df79ce37aaec18b6ccdc349";"9465a4e573ba0fc883d182a0af7c9a05f7ddfe488a32a602839cea18b21bd028"
"Globale Navigation";"Navigation, Sprache & Installation";"Sprachwahl";"Barrierefreie Beschriftung";"Barrierefreie Bezeichnung Italienisch";"Italiano";"Italiano";"";"";"Marketing";"Prüfung erforderlich";"Eigenbezeichnung beibehalten.";"";"";"shell.language.it_label";"shell";"en-CH";"3";"v1:d3fd3111d338f5b91a8afe35e5ff9a8bb19678817df79ce37aaec18b6ccdc349";"cece50090df96204778d3101590111b0f68c2034352e83c1d8e21b92479ff0a4"
"Globale Navigation";"Navigation, Sprache & Installation";"Fusszeile";"Rechtlicher Hinweis";"Platzhalter für Cookie-Einstellungen";"Cookie-Einstellungen";"Cookie settings";"";"";"Marketing, Recht";"Prüfung erforderlich";"Ziel-Link vor Go-live ergänzen.";"";"";"shell.legal.cookies";"shell";"en-CH";"3";"v1:d3fd3111d338f5b91a8afe35e5ff9a8bb19678817df79ce37aaec18b6ccdc349";"6f1d821782c4d8ec5024b2351a7ab28955f4b2efad19cd52e2a26dd57f8c2891"
"Globale Navigation";"Navigation, Sprache & Installation";"Fusszeile";"Rechtlicher Hinweis";"Platzhalter für Datenschutz";"Datenschutz";"Privacy";"";"";"Marketing, Recht";"Prüfung erforderlich";"Ziel-Link vor Go-live ergänzen.";"";"";"shell.legal.privacy";"shell";"en-CH";"3";"v1:d3fd3111d338f5b91a8afe35e5ff9a8bb19678817df79ce37aaec18b6ccdc349";"001f613d17f9833e83f2afa6b2c6a9008937811fc97262d4b401cabc1ef70364"
"Globale Navigation";"Navigation, Sprache & Installation";"Fusszeile";"Rechtlicher Hinweis";"Platzhalter für Impressum";"Impressum";"Legal notice";"";"";"Marketing, Recht";"Prüfung erforderlich";"Ziel-Link vor Go-live ergänzen.";"";"";"shell.legal.imprint";"shell";"en-CH";"3";"v1:d3fd3111d338f5b91a8afe35e5ff9a8bb19678817df79ce37aaec18b6ccdc349";"0036edb50701b1aa90c0bf03ba2ee41bb0c3a271a9c2bc6116c6025d2b5cc43b"
"Globale Navigation";"Navigation, Sprache & Installation";"Fusszeile";"Rechtlicher Hinweis";"Platzhalter für Nutzungsbedingungen";"Nutzungsbedingungen";"Terms of use";"";"";"Marketing, Recht";"Prüfung erforderlich";"Ziel-Link vor Go-live ergänzen.";"";"";"shell.legal.terms";"shell";"en-CH";"3";"v1:d3fd3111d338f5b91a8afe35e5ff9a8bb19678817df79ce37aaec18b6ccdc349";"30cf19b65a7f2efa627abce7043269fef79af14f23b4c13604542fdcc8d0d62e"
"Globale Navigation";"Navigation, Sprache & Installation";"Fusszeile";"Rechtlicher Hinweis";"Platzhalter für rechtliche Hinweise";"Rechtliche Hinweise";"Legal information";"";"";"Marketing, Recht";"Prüfung erforderlich";"Ziel-Link vor Go-live ergänzen.";"";"";"shell.legal.legal_notice";"shell";"en-CH";"3";"v1:d3fd3111d338f5b91a8afe35e5ff9a8bb19678817df79ce37aaec18b6ccdc349";"e21df6989528ff227bc1d3e5c3746aa3b9450f797b224c675ec0d51d8e291a49"
"Globale Navigation";"Navigation, Sprache & Installation";"Mobile Installation";"Überschrift";"Vollständiger App-Name auf dem Startbildschirm und in der Installationsansicht";"Helsana Gesundheitscheck";"Helsana Health Check";"";"";"Marketing";"Prüfung erforderlich";"Wird beim Build automatisch in das sprachspezifische Web-App-Manifest übernommen.";"";"";"shell.manifest.name";"shell";"en-CH";"3";"v1:d3fd3111d338f5b91a8afe35e5ff9a8bb19678817df79ce37aaec18b6ccdc349";"c5974de75dbaed13bcb690113b9c0f30f2c8a982370d8a4cfe5e4d4049612464"
"Globale Navigation";"Navigation, Sprache & Installation";"Mobile Installation";"Detailtext";"Kurzbeschreibung der installierbaren Web-App";"Ihr persönlicher Gesundheitscheck von Helsana.";"Your personal health check from Helsana.";"";"";"Marketing, Recht";"Prüfung erforderlich";"Wird beim Build automatisch in das sprachspezifische Web-App-Manifest übernommen.";"";"";"shell.manifest.description";"shell";"en-CH";"3";"v1:d3fd3111d338f5b91a8afe35e5ff9a8bb19678817df79ce37aaec18b6ccdc349";"c29917645e6b661881b2dfe771e1213b5d46e34da5dcc64ccff14d97470eaaf1"
"Globale Navigation";"Navigation, Sprache & Installation";"Seitengerüst";"Überschrift";"Installierte Web-App, Titel auf dem Startbildschirm";"Gesundheitscheck";"Health Check";"";"";"Marketing";"Prüfung erforderlich";"";"";"";"shell.meta.app_title";"shell";"en-CH";"3";"v1:d3fd3111d338f5b91a8afe35e5ff9a8bb19678817df79ce37aaec18b6ccdc349";"5c92c99b1a710a2c4d56d0edd58ffc1d30472e0c370ef983f4088791844b3330"
"Globale Navigation";"Navigation, Sprache & Installation";"Seitengerüst";"Überschrift";"Startseite, Browser-Titel";"Gesundheitscheck";"Health Check";"";"";"Marketing";"Prüfung erforderlich";"";"";"";"shell.meta.index_title";"shell";"en-CH";"3";"v1:d3fd3111d338f5b91a8afe35e5ff9a8bb19678817df79ce37aaec18b6ccdc349";"75c5b8c8ba2924fe5d2270bb89e926bb9e8dbd2e16dbbc1294dd3afd5eb2250d"
"Globale Navigation";"Navigation, Sprache & Installation";"Seitengerüst";"Detailtext";"Startseite, Meta-Beschreibung";"Digitaler Gesundheitscheck: Ihr persönlicher Healthspan- und Präventions-Check. Keine Diagnose, sondern eine motivierende Standortbestimmung.";"Digital health check: your personal healthspan and prevention check. Not a diagnosis, but a motivating snapshot of your current health.";"";"";"Marketing, Recht";"Prüfung erforderlich";"Meta-Text vor Go-live sprachlich und rechtlich freigeben.";"";"";"shell.meta.index_description";"shell";"en-CH";"3";"v1:d3fd3111d338f5b91a8afe35e5ff9a8bb19678817df79ce37aaec18b6ccdc349";"85d4df560f9c22b096bde38b507f59e095116f99be5edb94b5f85af27c6afb4c"
"Globale Navigation";"Navigation, Sprache & Installation";"Fusszeile";"Barrierefreie Beschriftung";"Hinweistitel eines noch nicht verlinkten Platzhalters";"Platzhalter – echten Link ergänzen";"Placeholder – add final link";"";"";"Marketing";"Prüfung erforderlich";"Wird entfernt, sobald der jeweilige Link produktiv ist.";"";"";"shell.placeholder.link_title";"shell";"en-CH";"3";"v1:d3fd3111d338f5b91a8afe35e5ff9a8bb19678817df79ce37aaec18b6ccdc349";"2b4cb7bd0f5badc4495f6ad300d72f86de6e8c598b7a321ac32bb88d1fd848d9"
"Globale Navigation";"Navigation, Sprache & Installation";"Barrierefreiheit";"Barrierefreie Beschriftung";"Facebook-Platzhalter in der Fusszeile";"Facebook (Platzhalter)";"Facebook (placeholder)";"";"";"Marketing";"Prüfung erforderlich";"Ziel-Link vor Go-live ergänzen.";"";"";"shell.social.facebook_aria";"shell";"en-CH";"3";"v1:d3fd3111d338f5b91a8afe35e5ff9a8bb19678817df79ce37aaec18b6ccdc349";"3947be988b74d9b5b8946feef156a94b1e3ed51cd0e2a8550cd5ce1ffde2ced0"
"Globale Navigation";"Navigation, Sprache & Installation";"Barrierefreiheit";"Barrierefreie Beschriftung";"Instagram-Platzhalter in der Fusszeile";"Instagram (Platzhalter)";"Instagram (placeholder)";"";"";"Marketing";"Prüfung erforderlich";"Ziel-Link vor Go-live ergänzen.";"";"";"shell.social.instagram_aria";"shell";"en-CH";"3";"v1:d3fd3111d338f5b91a8afe35e5ff9a8bb19678817df79ce37aaec18b6ccdc349";"0c56f374e239dfee8c4af169c1bef74ad87d6186441acbbb0dfca92c8e06b7a6"
"Globale Navigation";"Navigation, Sprache & Installation";"Barrierefreiheit";"Barrierefreie Beschriftung";"LinkedIn-Platzhalter in der Fusszeile";"LinkedIn (Platzhalter)";"LinkedIn (placeholder)";"";"";"Marketing";"Prüfung erforderlich";"Ziel-Link vor Go-live ergänzen.";"";"";"shell.social.linkedin_aria";"shell";"en-CH";"3";"v1:d3fd3111d338f5b91a8afe35e5ff9a8bb19678817df79ce37aaec18b6ccdc349";"a99238d5330dce4440ed23b7f362d34d5335b7a6b891a496ae6911ffd6c16788"
"Globale Navigation";"Navigation, Sprache & Installation";"Barrierefreiheit";"Barrierefreie Beschriftung";"YouTube-Platzhalter in der Fusszeile";"YouTube (Platzhalter)";"YouTube (placeholder)";"";"";"Marketing";"Prüfung erforderlich";"Ziel-Link vor Go-live ergänzen.";"";"";"shell.social.youtube_aria";"shell";"en-CH";"3";"v1:d3fd3111d338f5b91a8afe35e5ff9a8bb19678817df79ce37aaec18b6ccdc349";"3e1d297b96e5978ebc2c3155c27343b185c501d6850d82f908ad060fcf6783cf"
"Globale Navigation";"Navigation, Sprache & Installation";"Kopf- und Fusszeile";"Beschriftung";"Link zu myHelsana";"myHelsana";"myHelsana";"";"";"Marketing";"Prüfung erforderlich";"Markenname nicht übersetzen.";"";"";"shell.utility.myhelsana";"shell";"en-CH";"3";"v1:d3fd3111d338f5b91a8afe35e5ff9a8bb19678817df79ce37aaec18b6ccdc349";"76c16f534522067fab0bc5dc1a97477410ad966ff8356866cfa54dd19ebde6cb"
"Globale Navigation";"Navigation, Sprache & Installation";"Kopf- und Fusszeile";"Beschriftung";"Link zum Bereich für Privatpersonen";"Für Private";"For individuals";"";"";"Marketing";"Prüfung erforderlich";"";"";"";"shell.utility.private";"shell";"en-CH";"3";"v1:d3fd3111d338f5b91a8afe35e5ff9a8bb19678817df79ce37aaec18b6ccdc349";"a13d1989a819309ddd49b4dd6b7c4cbfeca508d2f6be37aa630aef084b73e491"
"Globale Navigation";"Navigation, Sprache & Installation";"Kopf- und Fusszeile";"Beschriftung";"Link zum Bereich für Unternehmen";"Für Unternehmen";"For companies";"";"";"Marketing";"Prüfung erforderlich";"";"";"";"shell.utility.business";"shell";"en-CH";"3";"v1:d3fd3111d338f5b91a8afe35e5ff9a8bb19678817df79ce37aaec18b6ccdc349";"4f763f0599f3fd0a7d058a56d4db2aeb6fed531bbb51ec366dfb624b73e42e33"
"Globale Navigation";"Navigation, Sprache & Installation";"Kopfzeile";"Beschriftung";"Helsana-Gruppenmenü";"Helsana-Gruppe";"Helsana Group";"";"";"Marketing";"Prüfung erforderlich";"";"";"";"shell.utility.group";"shell";"en-CH";"3";"v1:d3fd3111d338f5b91a8afe35e5ff9a8bb19678817df79ce37aaec18b6ccdc349";"382c5e122597ce1dc7dd11ecad7f5951e80c5a2e74726e762e68b96864977942"
"Globale Navigation";"Navigation, Sprache & Installation";"Kopfzeile";"Beschriftung";"Link zum Helsana-Blog";"Blog";"Blog";"";"";"Marketing";"Prüfung erforderlich";"";"";"";"shell.utility.blog";"shell";"en-CH";"3";"v1:d3fd3111d338f5b91a8afe35e5ff9a8bb19678817df79ce37aaec18b6ccdc349";"cd7c4f9975e0981a54dcb4a202e59aabe502552e7171e2202befb6a0cb5589a6"
"Globale Navigation";"Navigation, Sprache & Installation";"Barrierefreiheit";"Barrierefreie Beschriftung";"Kopfzeile, barrierefreie Bezeichnung der Helsana-Verweise";"Helsana Verweise";"Helsana links";"";"";"Marketing";"Prüfung erforderlich";"";"";"";"shell.utility.nav_aria";"shell";"en-CH";"3";"v1:d3fd3111d338f5b91a8afe35e5ff9a8bb19678817df79ce37aaec18b6ccdc349";"d16bcb36e200469368c3ac6804c2543521f719b338be427c0f8aad6f75bf8f34"
"Quellen & Transparenz";"Fachquellen & Quellenverzeichnis";"Quellenlinks";"Beschriftung";"Quellenseite, Trennzeichen zwischen mehreren Fachquellen";"·";"·";"";"";"Marketing, Medizin";"Prüfung erforderlich";"Typografisches Trennzeichen; in allen Sprachen unverändert.";"";"";"sources.separator";"sources";"en-CH";"3";"v1:d3fd3111d338f5b91a8afe35e5ff9a8bb19678817df79ce37aaec18b6ccdc349";"e99388751c90a88b99339b9cf5e00f7b1140bb4ac552df29a2145869447b90b0"
"Quellen & Transparenz";"Fachquellen & Quellenverzeichnis";"Fachliche Freigabe";"Medizinischer Hinweis";"Allgemeine Quellenseite · Prüfhinweis";"Vor produktivem Einsatz sollten die fachlichen Inhalte und Orientierungswerte durch medizinische Fachpersonen von Helsana final geprüft und freigegeben werden.";"Before the product is used in practice, Helsana medical professionals should complete a final review and approval of the specialist content and reference values.";"";"";"Marketing, Medizin";"Prüfung erforderlich";"";"";"";"sources.review_disclaimer";"sources";"en-CH";"3";"v1:d3fd3111d338f5b91a8afe35e5ff9a8bb19678817df79ce37aaec18b6ccdc349";"d51f3293a6e83bddb092094b3a2a5fa08af7884ba4624f74e90c88a61bf5ecea"
"Quellen & Transparenz";"Fachquellen & Quellenverzeichnis";"Navigation";"Detailtext";"Allgemeine Quellenseite · Zurück-Navigation";"← Zurück zum Check";"← Back to the check";"";"";"Marketing, Medizin";"Prüfung erforderlich";"";"";"";"sources.back_to_check";"sources";"en-CH";"3";"v1:d3fd3111d338f5b91a8afe35e5ff9a8bb19678817df79ce37aaec18b6ccdc349";"82e2f252e370be0cc8edfdf2c640ffd646a1e7cdb0c33112682d0af8ce0c32e7"
"Quellen & Transparenz";"Fachquellen & Quellenverzeichnis";"Blutdruck und Herz-Kreislauf-Prävention";"Überschrift";"Blutdruck · Überschrift";"Blutdruck & Herz-Kreislauf-Prävention";"Blood pressure & cardiovascular prevention";"";"";"Marketing, Medizin";"Prüfung erforderlich";"";"";"";"sources.blood_pressure.title";"sources";"en-CH";"3";"v1:d3fd3111d338f5b91a8afe35e5ff9a8bb19678817df79ce37aaec18b6ccdc349";"10c3fbf8b111e99419904d6109e733138d1d1adbbfd79f6865c0bda0f2d6547d"
"Quellen & Transparenz";"Fachquellen & Quellenverzeichnis";"Blutdruck und Herz-Kreislauf-Prävention";"Quellenbezeichnung";"Blutdruck · Quellenangabe";"WHO – Hypertension";"WHO – Hypertension";"";"";"Marketing, Medizin";"Prüfung erforderlich";"";"";"";"sources.blood_pressure.reference";"sources";"en-CH";"3";"v1:d3fd3111d338f5b91a8afe35e5ff9a8bb19678817df79ce37aaec18b6ccdc349";"df9d01face8727104580690b3135613bea79353583080891560808fa2b05ed68"
"Quellen & Transparenz";"Fachquellen & Quellenverzeichnis";"Blutdruck und Herz-Kreislauf-Prävention";"Detailtext";"Blutdruck · Fachlicher Punkt";"Bluthochdruck ab 140/90 mmHg (an zwei Tagen gemessen).";"Hypertension is defined as 140/90 mmHg or higher when measured on two different days.";"";"";"Marketing, Medizin";"Prüfung erforderlich";"";"";"";"sources.blood_pressure.point.1";"sources";"en-CH";"3";"v1:d3fd3111d338f5b91a8afe35e5ff9a8bb19678817df79ce37aaec18b6ccdc349";"0c0fc2ebe5470a3d942e626f70e57f611d47f812ed96f99cc0d2307c4f7cab87"
"Quellen & Transparenz";"Fachquellen & Quellenverzeichnis";"Blutdruck und Herz-Kreislauf-Prävention";"Detailtext";"Blutdruck · Fachlicher Punkt";"Sehr hohe Werte (~180/120 mmHg) → zeitnahe ärztliche Abklärung.";"Very high readings (~180/120 mmHg) → prompt medical assessment.";"";"";"Marketing, Medizin";"Prüfung erforderlich";"";"";"";"sources.blood_pressure.point.2";"sources";"en-CH";"3";"v1:d3fd3111d338f5b91a8afe35e5ff9a8bb19678817df79ce37aaec18b6ccdc349";"df4f8a89cb0bdd5c481af29ff1532b7c9b814c1e264ff7221b2a131902ba648d"
"Quellen & Transparenz";"Fachquellen & Quellenverzeichnis";"Blutdruck und Herz-Kreislauf-Prävention";"Detailtext";"Blutdruck · Fachlicher Punkt";"Zielwert oft unter 130/80 mmHg bei erhöhtem Risiko, sonst unter 140/90.";"The target is often below 130/80 mmHg for people at higher risk, and otherwise below 140/90.";"";"";"Marketing, Medizin";"Prüfung erforderlich";"";"";"";"sources.blood_pressure.point.3";"sources";"en-CH";"3";"v1:d3fd3111d338f5b91a8afe35e5ff9a8bb19678817df79ce37aaec18b6ccdc349";"91702d6e47474cfc35e468d8388851cc3e7c01b64f9260d52ea1bb654d90251e"
"Quellen & Transparenz";"Fachquellen & Quellenverzeichnis";"Blutdruck und Herz-Kreislauf-Prävention";"Detailtext";"Blutdruck · Fachlicher Punkt";"Lebensstil senkt Blutdruck; Alkohol max. 1 (Frauen) bzw. 2 (Männer) Glas/Tag.";"Lifestyle changes can lower blood pressure; alcohol: no more than 1 drink/day for women or 2 for men.";"";"";"Marketing, Medizin";"Prüfung erforderlich";"";"";"";"sources.blood_pressure.point.4";"sources";"en-CH";"3";"v1:d3fd3111d338f5b91a8afe35e5ff9a8bb19678817df79ce37aaec18b6ccdc349";"12e610e5972e38f8edc9ed7da6d3d789cfc9969133af58c7b3f71282d4f9d86e"
"Quellen & Transparenz";"Fachquellen & Quellenverzeichnis";"Bereichsnummern";"Überschrift";"Quellenkarte · Inhalt";"1";"1";"";"";"Marketing, Medizin";"Prüfung erforderlich";"";"";"";"sources.card.1.number";"sources";"en-CH";"3";"v1:d3fd3111d338f5b91a8afe35e5ff9a8bb19678817df79ce37aaec18b6ccdc349";"9ce71ca12f75073624d2821eeb2e6cfe005c0d2361e10d37b096a02809096600"
"Quellen & Transparenz";"Fachquellen & Quellenverzeichnis";"Bereichsnummern";"Überschrift";"Quellenkarte · Inhalt";"10";"10";"";"";"Marketing, Medizin";"Prüfung erforderlich";"";"";"";"sources.card.10.number";"sources";"en-CH";"3";"v1:d3fd3111d338f5b91a8afe35e5ff9a8bb19678817df79ce37aaec18b6ccdc349";"81f7374f0275f40d98f77bdec9298f244786cf8d8ff34365dc2a378104c9d2be"
"Quellen & Transparenz";"Fachquellen & Quellenverzeichnis";"Bereichsnummern";"Überschrift";"Quellenkarte · Inhalt";"2";"2";"";"";"Marketing, Medizin";"Prüfung erforderlich";"";"";"";"sources.card.2.number";"sources";"en-CH";"3";"v1:d3fd3111d338f5b91a8afe35e5ff9a8bb19678817df79ce37aaec18b6ccdc349";"b5724d771706af29071d927eb0508c1957af140ab401ba1f364328c7b54df03f"
"Quellen & Transparenz";"Fachquellen & Quellenverzeichnis";"Bereichsnummern";"Überschrift";"Quellenkarte · Inhalt";"3";"3";"";"";"Marketing, Medizin";"Prüfung erforderlich";"";"";"";"sources.card.3.number";"sources";"en-CH";"3";"v1:d3fd3111d338f5b91a8afe35e5ff9a8bb19678817df79ce37aaec18b6ccdc349";"42ae82e598ecff4a2fb4a0718dbd7cffa1d75e5d3bdef5af4ee9d0d0a0232337"
"Quellen & Transparenz";"Fachquellen & Quellenverzeichnis";"Bereichsnummern";"Überschrift";"Quellenkarte · Inhalt";"4";"4";"";"";"Marketing, Medizin";"Prüfung erforderlich";"";"";"";"sources.card.4.number";"sources";"en-CH";"3";"v1:d3fd3111d338f5b91a8afe35e5ff9a8bb19678817df79ce37aaec18b6ccdc349";"2ed71cfcd47b5c031527198cf7104207b1cf8547cf88e9139787480b494fd677"
"Quellen & Transparenz";"Fachquellen & Quellenverzeichnis";"Bereichsnummern";"Überschrift";"Quellenkarte · Inhalt";"5";"5";"";"";"Marketing, Medizin";"Prüfung erforderlich";"";"";"";"sources.card.5.number";"sources";"en-CH";"3";"v1:d3fd3111d338f5b91a8afe35e5ff9a8bb19678817df79ce37aaec18b6ccdc349";"aa1ea12001fa7ceb627e5128fc215d89a109c5b4d95d7b41f3dece7efee65e07"
"Quellen & Transparenz";"Fachquellen & Quellenverzeichnis";"Bereichsnummern";"Überschrift";"Quellenkarte · Inhalt";"6";"6";"";"";"Marketing, Medizin";"Prüfung erforderlich";"";"";"";"sources.card.6.number";"sources";"en-CH";"3";"v1:d3fd3111d338f5b91a8afe35e5ff9a8bb19678817df79ce37aaec18b6ccdc349";"c7035a040d3a4efa963461f3212867c96f92b839d2d64ec7d4f615cc2340006b"
"Quellen & Transparenz";"Fachquellen & Quellenverzeichnis";"Bereichsnummern";"Überschrift";"Quellenkarte · Inhalt";"7";"7";"";"";"Marketing, Medizin";"Prüfung erforderlich";"";"";"";"sources.card.7.number";"sources";"en-CH";"3";"v1:d3fd3111d338f5b91a8afe35e5ff9a8bb19678817df79ce37aaec18b6ccdc349";"a49912b1ba4f2dcd519a67c9d0eb006e0e2459e0a307863d112cced5e69874d5"
"Quellen & Transparenz";"Fachquellen & Quellenverzeichnis";"Bereichsnummern";"Überschrift";"Quellenkarte · Inhalt";"8";"8";"";"";"Marketing, Medizin";"Prüfung erforderlich";"";"";"";"sources.card.8.number";"sources";"en-CH";"3";"v1:d3fd3111d338f5b91a8afe35e5ff9a8bb19678817df79ce37aaec18b6ccdc349";"6bd6a0bff8301fdb1febfff8d25adf8a31a435ea8323a7dd71efd86f298031dc"
"Quellen & Transparenz";"Fachquellen & Quellenverzeichnis";"Bereichsnummern";"Überschrift";"Quellenkarte · Inhalt";"9";"9";"";"";"Marketing, Medizin";"Prüfung erforderlich";"";"";"";"sources.card.9.number";"sources";"en-CH";"3";"v1:d3fd3111d338f5b91a8afe35e5ff9a8bb19678817df79ce37aaec18b6ccdc349";"4974cd20aad3bec72f1102e9ea738fce56d7f262f8745873b21f91ba12f2b35b"
"Quellen & Transparenz";"Fachquellen & Quellenverzeichnis";"Einstieg";"Überschrift";"Einstieg · Überschrift";"Wissenschaftliche Quellen & Grundlagen";"Scientific Sources & Foundations";"";"";"Marketing, Medizin";"Prüfung erforderlich";"";"";"";"sources.hero.title";"sources";"en-CH";"3";"v1:d3fd3111d338f5b91a8afe35e5ff9a8bb19678817df79ce37aaec18b6ccdc349";"8f135c4cd6748c777b76a739bf1d71bcb02e322a12ff04061441bd43d86495c3"
"Quellen & Transparenz";"Fachquellen & Quellenverzeichnis";"Einstieg";"Detailtext";"Einstieg · Inhalt";"Transparenz & Evidenz";"Transparency & evidence";"";"";"Marketing, Medizin";"Prüfung erforderlich";"";"";"";"sources.hero.eyebrow";"sources";"en-CH";"3";"v1:d3fd3111d338f5b91a8afe35e5ff9a8bb19678817df79ce37aaec18b6ccdc349";"c6a8867bcf17ad69ca9b18d45b818ca89645685a51d3cff92981b228f681bd46"
"Quellen & Transparenz";"Fachquellen & Quellenverzeichnis";"Einstieg";"Detailtext";"Einstieg · Inhalt";"Die Empfehlungen des Gesundheitschecks orientieren sich an anerkannten Public-Health-Institutionen und medizinischen Fachgesellschaften. Hier finden Sie die fachlichen Grundlagen je Themenbereich.";"The Health Check recommendations are based on recognised public health institutions and medical professional societies. Here you can find the professional foundations for each topic area.";"";"";"Marketing, Medizin";"Prüfung erforderlich";"";"";"";"sources.hero.lead";"sources";"en-CH";"3";"v1:d3fd3111d338f5b91a8afe35e5ff9a8bb19678817df79ce37aaec18b6ccdc349";"36a403ab061777bdfa3df020650187e7d02e6fe4e6ad4f1d366a388adec216c0"
"Quellen & Transparenz";"Fachquellen & Quellenverzeichnis";"Einstieg";"Detailtext";"Einstieg · Stand der Recherche";"Stand der Recherche: Juli 2026";"Research last updated: July 2026";"";"";"Marketing, Medizin";"Prüfung erforderlich";"";"";"";"sources.hero.research_date";"sources";"en-CH";"3";"v1:d3fd3111d338f5b91a8afe35e5ff9a8bb19678817df79ce37aaec18b6ccdc349";"e9eaf1af56d222efbf6c8dd97784f98ef84b93391dd5c66ed1b9c669ef7fd435"
"Quellen & Transparenz";"Fachquellen & Quellenverzeichnis";"Quellenlinks";"Quellenbezeichnung";"Externer Quellenlink · Linkbeschriftung";"cdc.gov";"cdc.gov";"";"";"Marketing, Medizin";"Prüfung erforderlich";"";"";"";"sources.link.cdc";"sources";"en-CH";"3";"v1:d3fd3111d338f5b91a8afe35e5ff9a8bb19678817df79ce37aaec18b6ccdc349";"53c4db6e7e1954902ed7a26e7eda9b75f2290e528c44dfbdfb19d67298d93348"
"Quellen & Transparenz";"Fachquellen & Quellenverzeichnis";"Quellenlinks";"Quellenbezeichnung";"Externer Quellenlink · Linkbeschriftung";"espen.org";"espen.org";"";"";"Marketing, Medizin";"Prüfung erforderlich";"";"";"";"sources.link.espen";"sources";"en-CH";"3";"v1:d3fd3111d338f5b91a8afe35e5ff9a8bb19678817df79ce37aaec18b6ccdc349";"94d987ad055c0d8c7c102e501c6339b4823d6a3ab2fca571616c0a5167b67e98"
"Quellen & Transparenz";"Fachquellen & Quellenverzeichnis";"Quellenlinks";"Quellenbezeichnung";"Externer Quellenlink · Linkbeschriftung";"jissn.biomedcentral.com";"jissn.biomedcentral.com";"";"";"Marketing, Medizin";"Prüfung erforderlich";"";"";"";"sources.link.jissn";"sources";"en-CH";"3";"v1:d3fd3111d338f5b91a8afe35e5ff9a8bb19678817df79ce37aaec18b6ccdc349";"73994ae0e5572ed101daf7711b954c6b487b92dc24d342475edb5d92ae704bc6"
"Quellen & Transparenz";"Fachquellen & Quellenverzeichnis";"Quellenlinks";"Quellenbezeichnung";"Externer Quellenlink · Linkbeschriftung";"pubmed.ncbi.nlm.nih.gov";"pubmed.ncbi.nlm.nih.gov";"";"";"Marketing, Medizin";"Prüfung erforderlich";"";"";"";"sources.link.pubmed";"sources";"en-CH";"3";"v1:d3fd3111d338f5b91a8afe35e5ff9a8bb19678817df79ce37aaec18b6ccdc349";"5084c31b66298ca88420424e43e1a56ec1663f9d2b5bd7d335460f6645cf8079"
"Quellen & Transparenz";"Fachquellen & Quellenverzeichnis";"Quellenlinks";"Quellenbezeichnung";"Externer Quellenlink · Linkbeschriftung";"who.int";"who.int";"";"";"Marketing, Medizin";"Prüfung erforderlich";"";"";"";"sources.link.who";"sources";"en-CH";"3";"v1:d3fd3111d338f5b91a8afe35e5ff9a8bb19678817df79ce37aaec18b6ccdc349";"7ba03ea30e1722bce195486f8ea3e9361d512b4da1a594d036b719bd3ada24f7"
"Quellen & Transparenz";"Fachquellen & Quellenverzeichnis";"Blutfette";"Überschrift";"Blutfette · Überschrift";"Blutfette, ApoB, LDL, Non-HDL & Lp(a)";"Blood lipids, ApoB, LDL, non-HDL & Lp(a)";"";"";"Marketing, Medizin";"Prüfung erforderlich";"";"";"";"sources.lipids.title";"sources";"en-CH";"3";"v1:d3fd3111d338f5b91a8afe35e5ff9a8bb19678817df79ce37aaec18b6ccdc349";"60bc8f9824d037ed4f22839d87ae8677678b4b0eae11f5d1150f41b1f24b42ba"
"Quellen & Transparenz";"Fachquellen & Quellenverzeichnis";"Blutfette";"Quellenbezeichnung";"Blutfette · Linkbeschriftung";"Diese Werte müssen Sie kennen";"The values you need to know";"";"";"Marketing, Medizin";"Prüfung erforderlich";"";"";"";"sources.lipids.link_label";"sources";"en-CH";"3";"v1:d3fd3111d338f5b91a8afe35e5ff9a8bb19678817df79ce37aaec18b6ccdc349";"72f7fe45fe974b04181df6c383673ff17264b6c55ea2e65aa4c2d6b6b78f8b62"
"Quellen & Transparenz";"Fachquellen & Quellenverzeichnis";"Blutfette";"Quellenbezeichnung";"Blutfette · Quellenangabe";"Konsens medizinischer Fachgesellschaften (u. a. ESC/EAS-Leitlinien zur Dyslipidämie) · Schweizerische Herzstiftung –";"Consensus of medical professional societies (including ESC/EAS guidelines on dyslipidaemia) · Swiss Heart Foundation –";"";"";"Marketing, Medizin";"Prüfung erforderlich";"";"";"";"sources.lipids.reference";"sources";"en-CH";"3";"v1:d3fd3111d338f5b91a8afe35e5ff9a8bb19678817df79ce37aaec18b6ccdc349";"9c78c43e4d993dd91625f5b37937bf9ffa1cf71e140b4e29a27ab5d0a2591e0b"
"Quellen & Transparenz";"Fachquellen & Quellenverzeichnis";"Blutfette";"Detailtext";"Blutfette · Fachlicher Punkt";"ApoB ≈ Anzahl gefässschädigender Partikel; bildet Risiko oft genauer ab als LDL allein.";"ApoB ≈ number of atherogenic particles; it often reflects risk more accurately than LDL alone.";"";"";"Marketing, Medizin";"Prüfung erforderlich";"";"";"";"sources.lipids.point.1";"sources";"en-CH";"3";"v1:d3fd3111d338f5b91a8afe35e5ff9a8bb19678817df79ce37aaec18b6ccdc349";"09002aa3d652d681eef543e5f3088ee401c2f773df80c5c9b25a51884c5f7e0d"
"Quellen & Transparenz";"Fachquellen & Quellenverzeichnis";"Blutfette";"Detailtext";"Blutfette · Fachlicher Punkt";"LDL-Cholesterin: zentraler Faktor der Atherosklerose; Non-HDL als einfacher Kombinationswert.";"LDL cholesterol: a central factor in atherosclerosis; non-HDL is a simple combined measure.";"";"";"Marketing, Medizin";"Prüfung erforderlich";"";"";"";"sources.lipids.point.2";"sources";"en-CH";"3";"v1:d3fd3111d338f5b91a8afe35e5ff9a8bb19678817df79ce37aaec18b6ccdc349";"6c7fba68ef552c1cff299169f4855915117bba58c96c422ca3d2010e7207d8d6"
"Quellen & Transparenz";"Fachquellen & Quellenverzeichnis";"Blutfette";"Detailtext";"Blutfette · Fachlicher Punkt";"ApoB wünschenswert ca. unter 90–100 mg/dL (grobe Einordnung).";"A desirable ApoB level is approximately below 90–100 mg/dL (broad guide).";"";"";"Marketing, Medizin";"Prüfung erforderlich";"";"";"";"sources.lipids.point.3";"sources";"en-CH";"3";"v1:d3fd3111d338f5b91a8afe35e5ff9a8bb19678817df79ce37aaec18b6ccdc349";"7909fe34fe98c21c023f8f58455112d2db4563e5489721eeaf1b4faec281b508"
"Quellen & Transparenz";"Fachquellen & Quellenverzeichnis";"Blutfette";"Detailtext";"Blutfette · Fachlicher Punkt";"Lp(a) genetisch bestimmt, einmalige Messung; erhöht über 50 mg/dL bzw. über 125 nmol/L.";"Lp(a) is genetically determined and usually measured once; elevated above 50 mg/dL or 125 nmol/L.";"";"";"Marketing, Medizin";"Prüfung erforderlich";"";"";"";"sources.lipids.point.4";"sources";"en-CH";"3";"v1:d3fd3111d338f5b91a8afe35e5ff9a8bb19678817df79ce37aaec18b6ccdc349";"a0beb14817491259031e062edde841fc6d3153ba63f1592cbe6d06d37b89c9c9"
"Quellen & Transparenz";"Fachquellen & Quellenverzeichnis";"Mentale Gesundheit";"Überschrift";"Mentale Gesundheit · Überschrift";"Mentale Gesundheit, Stress & soziale Ressourcen";"Mental health, stress & social resources";"";"";"Marketing, Medizin";"Prüfung erforderlich";"";"";"";"sources.mental.title";"sources";"en-CH";"3";"v1:d3fd3111d338f5b91a8afe35e5ff9a8bb19678817df79ce37aaec18b6ccdc349";"afd4e4d370390fbfde0f2a96a5853369070e9c2e440ca9ff6e1bc0883b5f5a39"
"Quellen & Transparenz";"Fachquellen & Quellenverzeichnis";"Mentale Gesundheit";"Quellenbezeichnung";"Mentale Gesundheit · Quellenangabe";"WHO zu mentaler Gesundheit · Evidenz zu sozialer Verbundenheit";"WHO on mental health · evidence on social connection";"";"";"Marketing, Medizin";"Prüfung erforderlich";"";"";"";"sources.mental.reference";"sources";"en-CH";"3";"v1:d3fd3111d338f5b91a8afe35e5ff9a8bb19678817df79ce37aaec18b6ccdc349";"618604c3963a76184f64c4099f2288093a2e4656932aea8cf2c6963d72c17e27"
"Quellen & Transparenz";"Fachquellen & Quellenverzeichnis";"Mentale Gesundheit";"Detailtext";"Mentale Gesundheit · Fachlicher Punkt";"Chronischer Stress wirkt auf Schlaf, Blutdruck, Stoffwechsel, Stimmung.";"Chronic stress affects sleep, blood pressure, metabolism and mood.";"";"";"Marketing, Medizin";"Prüfung erforderlich";"";"";"";"sources.mental.point.1";"sources";"en-CH";"3";"v1:d3fd3111d338f5b91a8afe35e5ff9a8bb19678817df79ce37aaec18b6ccdc349";"cfec6e2dd1dccba58306cd17a68c978380161ea5bb5e60944c936275c98ed7d7"
"Quellen & Transparenz";"Fachquellen & Quellenverzeichnis";"Mentale Gesundheit";"Detailtext";"Mentale Gesundheit · Fachlicher Punkt";"Soziale Verbundenheit schützt; Einsamkeit ist ein Risikofaktor.";"Social connection is protective; loneliness is a risk factor.";"";"";"Marketing, Medizin";"Prüfung erforderlich";"";"";"";"sources.mental.point.2";"sources";"en-CH";"3";"v1:d3fd3111d338f5b91a8afe35e5ff9a8bb19678817df79ce37aaec18b6ccdc349";"42423df48afb3c8544f20b7e512cbaaa3ec2fc16b8ff08725a8e7d99feb13d55"
"Quellen & Transparenz";"Fachquellen & Quellenverzeichnis";"Mentale Gesundheit";"Detailtext";"Mentale Gesundheit · Fachlicher Punkt";"Akute Krise: CH Tel. 143 (Dargebotene Hand), Notruf 144.";"English-language emotional support in Switzerland: Heart2Heart on 0800 143 000, daily from 6 to 11 p.m.; emergency services on 144.";"";"";"Marketing, Medizin";"Prüfung erforderlich";"";"";"";"sources.mental.point.3";"sources";"en-CH";"3";"v1:d3fd3111d338f5b91a8afe35e5ff9a8bb19678817df79ce37aaec18b6ccdc349";"c8782a00931473f650ce8a3723c56bdbcc4552eb36f2c787edc7320bc0a8229b"
"Quellen & Transparenz";"Fachquellen & Quellenverzeichnis";"Seitenmetadaten";"Überschrift";"Seitendaten · Überschrift";"Wissenschaftliche Quellen & Grundlagen – Gesundheitscheck";"Scientific Sources & Foundations – Health Check";"";"";"Marketing, Medizin";"Prüfung erforderlich";"";"";"";"sources.meta.title";"sources";"en-CH";"3";"v1:d3fd3111d338f5b91a8afe35e5ff9a8bb19678817df79ce37aaec18b6ccdc349";"be7965b12792b8e6bc33baadfc2fe189739c3b9eb9995718d085f5d5e27df81a"
"Quellen & Transparenz";"Fachquellen & Quellenverzeichnis";"Seitenmetadaten";"Detailtext";"Seitendaten · Inhalt";"Wissenschaftliche Quellen und fachliche Grundlagen des Gesundheitschecks: Empfehlungen von WHO, CDC und medizinischen Fachgesellschaften.";"Scientific sources and professional foundations of the Health Check: recommendations from the WHO, CDC and medical professional societies.";"";"";"Marketing, Medizin";"Prüfung erforderlich";"";"";"";"sources.meta.description";"sources";"en-CH";"3";"v1:d3fd3111d338f5b91a8afe35e5ff9a8bb19678817df79ce37aaec18b6ccdc349";"c471bf6dddfe4b516e4ada306d8b081ee38b28a0cfeb428e43ed0fb43b50fa06"
"Quellen & Transparenz";"Fachquellen & Quellenverzeichnis";"Metabolische Gesundheit";"Überschrift";"Stoffwechsel · Überschrift";"Metabolische Gesundheit, Blutzucker & HbA1c";"Metabolic health, blood glucose & HbA1c";"";"";"Marketing, Medizin";"Prüfung erforderlich";"";"";"";"sources.metabolic.title";"sources";"en-CH";"3";"v1:d3fd3111d338f5b91a8afe35e5ff9a8bb19678817df79ce37aaec18b6ccdc349";"b172ba698941439aaed3498b388261630969668c4c087a5b6ddf477cb17fda60"
"Quellen & Transparenz";"Fachquellen & Quellenverzeichnis";"Metabolische Gesundheit";"Quellenbezeichnung";"Stoffwechsel · Quellenangabe";"WHO/ADA-Kriterien zu (Prä-)Diabetes";"WHO/ADA criteria for (pre)diabetes";"";"";"Marketing, Medizin";"Prüfung erforderlich";"";"";"";"sources.metabolic.reference";"sources";"en-CH";"3";"v1:d3fd3111d338f5b91a8afe35e5ff9a8bb19678817df79ce37aaec18b6ccdc349";"d000a66cf33116c50b9f1b828f97cc050ad13a212440af27cb45891b09dfd8d5"
"Quellen & Transparenz";"Fachquellen & Quellenverzeichnis";"Metabolische Gesundheit";"Detailtext";"Stoffwechsel · Fachlicher Punkt";"HbA1c: normal unter 5,7 %; Prädiabetes 5,7–6,4 %; Diabetes ab 6,5 %.";"HbA1c: normal below 5.7%; prediabetes 5.7–6.4%; diabetes from 6.5%.";"";"";"Marketing, Medizin";"Prüfung erforderlich";"";"";"";"sources.metabolic.point.1";"sources";"en-CH";"3";"v1:d3fd3111d338f5b91a8afe35e5ff9a8bb19678817df79ce37aaec18b6ccdc349";"362b9c618417bd2845b30ac3c75d757f8dbf8471b2df266cdbe56fa21a09a490"
"Quellen & Transparenz";"Fachquellen & Quellenverzeichnis";"Metabolische Gesundheit";"Detailtext";"Stoffwechsel · Fachlicher Punkt";"Nüchternblutzucker: normal unter 5,6; Prädiabetes 5,6–6,9; Diabetes ab 7,0 mmol/L.";"Fasting blood glucose: normal below 5.6; prediabetes 5.6–6.9; diabetes from 7.0 mmol/L.";"";"";"Marketing, Medizin";"Prüfung erforderlich";"";"";"";"sources.metabolic.point.2";"sources";"en-CH";"3";"v1:d3fd3111d338f5b91a8afe35e5ff9a8bb19678817df79ce37aaec18b6ccdc349";"5fcf9b09883bcdf0b4d0bab53527f6e5c1611268e40e3f6e2e4de0c9d362835b"
"Quellen & Transparenz";"Fachquellen & Quellenverzeichnis";"Metabolische Gesundheit";"Detailtext";"Stoffwechsel · Fachlicher Punkt";"Triglyceride: normal unter 1,7 mmol/L (unter 150 mg/dL).";"Triglycerides: normal below 1.7 mmol/L (below 150 mg/dL).";"";"";"Marketing, Medizin";"Prüfung erforderlich";"";"";"";"sources.metabolic.point.3";"sources";"en-CH";"3";"v1:d3fd3111d338f5b91a8afe35e5ff9a8bb19678817df79ce37aaec18b6ccdc349";"826a0607ed203a955ea22bfd8381894aedaef0a2fa3f9f7fc78ef4d02313a28e"
"Quellen & Transparenz";"Fachquellen & Quellenverzeichnis";"Metabolische Gesundheit";"Detailtext";"Stoffwechsel · Fachlicher Punkt";"Prädiabetes oft reversibel durch Bewegung, Gewichtsmanagement, Ernährung.";"Prediabetes can often be reversed through physical activity, weight management and nutrition.";"";"";"Marketing, Medizin";"Prüfung erforderlich";"";"";"";"sources.metabolic.point.4";"sources";"en-CH";"3";"v1:d3fd3111d338f5b91a8afe35e5ff9a8bb19678817df79ce37aaec18b6ccdc349";"c2d06ac8817cb57b4a7f227bbb3fa9cb85f1d6ce1aed861316b0b0e36248e187"
"Quellen & Transparenz";"Fachquellen & Quellenverzeichnis";"Medizinischer Hinweis";"Medizinischer Hinweis";"Hinweis · Inhalt";"Hinweis:";"Please note:";"";"";"Marketing, Medizin";"Prüfung erforderlich";"";"";"";"sources.notice.label";"sources";"en-CH";"3";"v1:d3fd3111d338f5b91a8afe35e5ff9a8bb19678817df79ce37aaec18b6ccdc349";"a211b120e84454673c47a14bc5ae18c8297fb31796abbf9b8d74a7824d0cc2a7"
"Quellen & Transparenz";"Fachquellen & Quellenverzeichnis";"Medizinischer Hinweis";"Medizinischer Hinweis";"Hinweis · Inhalt";"Die Inhalte sind präventiv formuliert und stellen keine Diagnose, Therapie oder medizinische Beratung dar. Orientierungswerte sind grobe Richtwerte, keine Diagnosegrenzen.";"The content focuses on prevention and does not constitute a diagnosis, treatment or medical advice. Reference values are broad guides, not diagnostic thresholds.";"";"";"Marketing, Medizin";"Prüfung erforderlich";"";"";"";"sources.notice.text";"sources";"en-CH";"3";"v1:d3fd3111d338f5b91a8afe35e5ff9a8bb19678817df79ce37aaec18b6ccdc349";"e2a77c65310988225b178ea2948e4a56d95aa748e53dd3b0a544f62b6ed22cc4"
"Quellen & Transparenz";"Fachquellen & Quellenverzeichnis";"Ernährung";"Überschrift";"Ernährung · Überschrift";"Ernährung";"Nutrition";"";"";"Marketing, Medizin";"Prüfung erforderlich";"";"";"";"sources.nutrition.title";"sources";"en-CH";"3";"v1:d3fd3111d338f5b91a8afe35e5ff9a8bb19678817df79ce37aaec18b6ccdc349";"08b8e8631a9c9e31754fd88196cd6f946d4141d6e06906251e9dfd8b70562b68"
"Quellen & Transparenz";"Fachquellen & Quellenverzeichnis";"Ernährung";"Detailtext";"Ernährung · Fachlicher Punkt";"≥ 400 g Gemüse & Früchte/Tag (rund fünf Portionen).";"At least 400 g of vegetables & fruit per day (around five portions).";"";"";"Marketing, Medizin";"Prüfung erforderlich";"";"";"";"sources.nutrition.point.1";"sources";"en-CH";"3";"v1:d3fd3111d338f5b91a8afe35e5ff9a8bb19678817df79ce37aaec18b6ccdc349";"dc750f07838ec4ab8ef9bde276355e4cb6e3a1fcf5263080a546b15a3681eeb1"
"Quellen & Transparenz";"Fachquellen & Quellenverzeichnis";"Ernährung";"Detailtext";"Ernährung · Fachlicher Punkt";"≥ 25 g Ballaststoffe/Tag (Hülsenfrüchte, Vollkorn).";"At least 25 g of fibre per day (pulses, whole grains).";"";"";"Marketing, Medizin";"Prüfung erforderlich";"";"";"";"sources.nutrition.point.2";"sources";"en-CH";"3";"v1:d3fd3111d338f5b91a8afe35e5ff9a8bb19678817df79ce37aaec18b6ccdc349";"8434a9e48e1e7678f0db538718faa62c6b414713818775097ae09d69bd3c06a6"
"Quellen & Transparenz";"Fachquellen & Quellenverzeichnis";"Ernährung";"Detailtext";"Ernährung · Fachlicher Punkt";"Freie Zucker unter 10 % der Energie (~50 g), idealerweise unter 5 %.";"Free sugars below 10% of total energy intake (~50 g), ideally below 5%.";"";"";"Marketing, Medizin";"Prüfung erforderlich";"";"";"";"sources.nutrition.point.3";"sources";"en-CH";"3";"v1:d3fd3111d338f5b91a8afe35e5ff9a8bb19678817df79ce37aaec18b6ccdc349";"6ab615435d63d90aec7322833f7eeabbbe617f134f89e7fdd9eaee1015984184"
"Quellen & Transparenz";"Fachquellen & Quellenverzeichnis";"Ernährung";"Detailtext";"Ernährung · Fachlicher Punkt";"Salz unter 5 g/Tag; gesättigte Fette unter 10 % der Energie.";"Salt below 5 g/day; saturated fats below 10% of total energy intake.";"";"";"Marketing, Medizin";"Prüfung erforderlich";"";"";"";"sources.nutrition.point.4";"sources";"en-CH";"3";"v1:d3fd3111d338f5b91a8afe35e5ff9a8bb19678817df79ce37aaec18b6ccdc349";"76d532ecfa6e6daffafa71ca6ddb9e270023d2832e203fb6650f064731b4b368"
"Quellen & Transparenz";"Fachquellen & Quellenverzeichnis";"Ernährung";"Detailtext";"Ernährung · Fachlicher Punkt";"Bei regelmässigem Krafttraining sind für gesunde Erwachsene 1,4–1,6 g Protein/kg/Tag eine praktische Orientierung; zusätzliche Vorteile flachen im Mittel ab rund 1,6 g/kg/Tag deutlich ab.";"For healthy adults who strength-train regularly, 1.4–1.6 g of protein/kg/day is a practical guide; on average, additional benefits level off markedly at around 1.6 g/kg/day.";"";"";"Marketing, Medizin";"Prüfung erforderlich";"";"";"";"sources.nutrition.point.5";"sources";"en-CH";"3";"v1:d3fd3111d338f5b91a8afe35e5ff9a8bb19678817df79ce37aaec18b6ccdc349";"c711f2fcdbe9bed10fd14d9e3263eec7bae9ef3478deed224bbcee77d210071e"
"Quellen & Transparenz";"Fachquellen & Quellenverzeichnis";"Ernährung";"Detailtext";"Ernährung · Fachlicher Punkt";"Bis etwa 2,0 g/kg/Tag sind nur ein möglicher individueller Spielraum bei sehr hoher Trainingsbelastung oder gezieltem Energiedefizit – kein allgemeines Ziel und nicht allein durch das Alter begründet.";"Up to around 2.0 g/kg/day is only a possible individual range during very high training loads or a planned energy deficit. It is not a general target and is not justified by age alone.";"";"";"Marketing, Medizin";"Prüfung erforderlich";"";"";"";"sources.nutrition.point.6";"sources";"en-CH";"3";"v1:d3fd3111d338f5b91a8afe35e5ff9a8bb19678817df79ce37aaec18b6ccdc349";"80003ebd5265ababb5626325445396eaa9f5cc63f0e7312c38e305e23bebfac9"
"Quellen & Transparenz";"Fachquellen & Quellenverzeichnis";"Ernährung";"Detailtext";"Ernährung · Fachlicher Punkt";"Die Proteinfrage misst die Regelmässigkeit von Proteinquellen, nicht die tatsächliche Tagesmenge.";"The protein question measures how regularly protein sources are included, not the actual daily amount.";"";"";"Marketing, Medizin";"Prüfung erforderlich";"";"";"";"sources.nutrition.point.7";"sources";"en-CH";"3";"v1:d3fd3111d338f5b91a8afe35e5ff9a8bb19678817df79ce37aaec18b6ccdc349";"902d83e6b36c8609bcd95897903147ca1c454bc5014d9582669e01e13e5388d9"
"Quellen & Transparenz";"Fachquellen & Quellenverzeichnis";"Ernährung";"Detailtext";"Ernährung · Fachlicher Punkt";"Mehr pflanzliche und weniger stark verarbeitete Lebensmittel.";"Eat more plant-based and fewer highly processed foods.";"";"";"Marketing, Medizin";"Prüfung erforderlich";"";"";"";"sources.nutrition.point.8";"sources";"en-CH";"3";"v1:d3fd3111d338f5b91a8afe35e5ff9a8bb19678817df79ce37aaec18b6ccdc349";"98ca9270b27e6751e893e793eacc52512a8b45fa00dc557bf6fd7d0e9b5110b3"
"Quellen & Transparenz";"Fachquellen & Quellenverzeichnis";"Ernährung";"Quellenbezeichnung";"Ernährung · Inhalt";"Protein im Alter – ESPEN Practical Guideline";"Protein in older age – ESPEN Practical Guideline";"";"";"Marketing, Medizin";"Prüfung erforderlich";"";"";"";"sources.nutrition.reference.espen";"sources";"en-CH";"3";"v1:d3fd3111d338f5b91a8afe35e5ff9a8bb19678817df79ce37aaec18b6ccdc349";"0c749aaa8a0756c58bd9dc2c6f2a3dda63b453ae606261ccb4b9365843fc9a27"
"Quellen & Transparenz";"Fachquellen & Quellenverzeichnis";"Ernährung";"Quellenbezeichnung";"Ernährung · Inhalt";"Protein & Training – ISSN Position Stand";"Protein & training – ISSN Position Stand";"";"";"Marketing, Medizin";"Prüfung erforderlich";"";"";"";"sources.nutrition.reference.issn";"sources";"en-CH";"3";"v1:d3fd3111d338f5b91a8afe35e5ff9a8bb19678817df79ce37aaec18b6ccdc349";"ef4f2c377e2f80d1aa0931c258e08759d45b2d1f3685f73b404c1dc73bcf19c0"
"Quellen & Transparenz";"Fachquellen & Quellenverzeichnis";"Ernährung";"Quellenbezeichnung";"Ernährung · Inhalt";"Protein & Krafttraining – Morton et al., Meta-Analyse";"Protein & strength training – Morton et al., meta-analysis";"";"";"Marketing, Medizin";"Prüfung erforderlich";"";"";"";"sources.nutrition.reference.morton";"sources";"en-CH";"3";"v1:d3fd3111d338f5b91a8afe35e5ff9a8bb19678817df79ce37aaec18b6ccdc349";"ccceec2f2da7f8fc1a1be3618f2d1cd5ce73cb114edd971e99ef6b0da3689566"
"Quellen & Transparenz";"Fachquellen & Quellenverzeichnis";"Ernährung";"Quellenbezeichnung";"Ernährung · Inhalt";"WHO – Healthy diet";"WHO – Healthy diet";"";"";"Marketing, Medizin";"Prüfung erforderlich";"";"";"";"sources.nutrition.reference.who";"sources";"en-CH";"3";"v1:d3fd3111d338f5b91a8afe35e5ff9a8bb19678817df79ce37aaec18b6ccdc349";"d4afd3607b3bea6d3d1908adb7bf55c64fced705ca7c8ec89aa33e24286b1306"
"Quellen & Transparenz";"Fachquellen & Quellenverzeichnis";"Bewegung und körperliche Leistungsfähigkeit";"Überschrift";"Körperliche Aktivität · Überschrift";"Bewegung & körperliche Leistungsfähigkeit";"Physical activity & physical performance";"";"";"Marketing, Medizin";"Prüfung erforderlich";"";"";"";"sources.physical.title";"sources";"en-CH";"3";"v1:d3fd3111d338f5b91a8afe35e5ff9a8bb19678817df79ce37aaec18b6ccdc349";"f78f6a1621aa199b3dd9f8dc5f3de18fc75b85a974452053b586278f9f912f54"
"Quellen & Transparenz";"Fachquellen & Quellenverzeichnis";"Bewegung und körperliche Leistungsfähigkeit";"Quellenbezeichnung";"Körperliche Aktivität · Quellenangabe";"WHO – Physical activity · WHO Guidelines on physical activity and sedentary behaviour (2020)";"WHO – Physical activity · WHO Guidelines on physical activity and sedentary behaviour (2020)";"";"";"Marketing, Medizin";"Prüfung erforderlich";"";"";"";"sources.physical.reference";"sources";"en-CH";"3";"v1:d3fd3111d338f5b91a8afe35e5ff9a8bb19678817df79ce37aaec18b6ccdc349";"579d5dfd15defc7bc392415c5071338191470af3f8347a76cc2bb9f1ef360952"
"Quellen & Transparenz";"Fachquellen & Quellenverzeichnis";"Bewegung und körperliche Leistungsfähigkeit";"Detailtext";"Körperliche Aktivität · Fachlicher Punkt";"150–300 Min./Woche moderate oder 75–150 Min./Woche intensive Ausdaueraktivität.";"150–300 min/week of moderate-intensity or 75–150 min/week of vigorous-intensity aerobic activity.";"";"";"Marketing, Medizin";"Prüfung erforderlich";"";"";"";"sources.physical.point.1";"sources";"en-CH";"3";"v1:d3fd3111d338f5b91a8afe35e5ff9a8bb19678817df79ce37aaec18b6ccdc349";"29bc4710e09eca42edfef6149186d9dca7527d25c231d66f732c2e12ddaaa3cc"
"Quellen & Transparenz";"Fachquellen & Quellenverzeichnis";"Bewegung und körperliche Leistungsfähigkeit";"Detailtext";"Körperliche Aktivität · Fachlicher Punkt";"Muskelkräftigung an ≥ 2 Tagen/Woche.";"Muscle-strengthening activity on at least 2 days/week.";"";"";"Marketing, Medizin";"Prüfung erforderlich";"";"";"";"sources.physical.point.2";"sources";"en-CH";"3";"v1:d3fd3111d338f5b91a8afe35e5ff9a8bb19678817df79ce37aaec18b6ccdc349";"be1fae401325e72f089c71d1c7d12d7ec7832fc3fca15a2afc88b7a810dcd074"
"Quellen & Transparenz";"Fachquellen & Quellenverzeichnis";"Bewegung und körperliche Leistungsfähigkeit";"Detailtext";"Körperliche Aktivität · Fachlicher Punkt";"Sitzzeit reduzieren – jede Bewegung zählt.";"Reduce sedentary time – every movement counts.";"";"";"Marketing, Medizin";"Prüfung erforderlich";"";"";"";"sources.physical.point.3";"sources";"en-CH";"3";"v1:d3fd3111d338f5b91a8afe35e5ff9a8bb19678817df79ce37aaec18b6ccdc349";"11e2ef8247bf8b46b9217a67396c5ed310c974c33a20fdf6a641b4217d5027dc"
"Quellen & Transparenz";"Fachquellen & Quellenverzeichnis";"Bewegung und körperliche Leistungsfähigkeit";"Detailtext";"Körperliche Aktivität · Fachlicher Punkt";"Senkt Risiko für Herz-Kreislauf-Erkrankungen, Typ-2-Diabetes, einige Krebsarten, Stürze; verbessert mentale Gesundheit, Schlaf, Körperzusammensetzung.";"Reduces the risk of cardiovascular disease, type 2 diabetes, some cancers and falls; improves mental health, sleep and body composition.";"";"";"Marketing, Medizin";"Prüfung erforderlich";"";"";"";"sources.physical.point.4";"sources";"en-CH";"3";"v1:d3fd3111d338f5b91a8afe35e5ff9a8bb19678817df79ce37aaec18b6ccdc349";"4a6f5c17d3848386d181ffdbec5d09c3852e281973528467fe17338829fda71b"
"Quellen & Transparenz";"Fachquellen & Quellenverzeichnis";"Scoring";"Überschrift";"Scoring · Überschrift";"Umsetzung im Scoring";"How the scoring works";"";"";"Marketing, Medizin";"Prüfung erforderlich";"";"";"";"sources.scoring.title";"sources";"en-CH";"3";"v1:d3fd3111d338f5b91a8afe35e5ff9a8bb19678817df79ce37aaec18b6ccdc349";"059d43bcc72ff15fe06479051cbd9cba1904169496e7c35b930bb4e14e161ea2"
"Quellen & Transparenz";"Fachquellen & Quellenverzeichnis";"Scoring";"Detailtext";"Scoring · Fachlicher Punkt";"Jede Dimension erhält einen Score 0–100 (gewichteter Mittelwert der beantworteten Items).";"Each dimension receives a score from 0–100 (the weighted average of answered items).";"";"";"Marketing, Medizin";"Prüfung erforderlich";"";"";"";"sources.scoring.point.1";"sources";"en-CH";"3";"v1:d3fd3111d338f5b91a8afe35e5ff9a8bb19678817df79ce37aaec18b6ccdc349";"f4c4f4577b9954a259a363b85dffc622c1d489dcef44465ef86fe36ed9477247"
"Quellen & Transparenz";"Fachquellen & Quellenverzeichnis";"Scoring";"Detailtext";"Scoring · Fachlicher Punkt";"Optionale Fitness-Kurztests ergänzen den jeweils passenden Fitness-Teilbereich. Medizinisch freigegeben ist: Liegestütz und Wandsitz bilden gemeinsam die Testhälfte des Teilbereichs Muskulatur; der Wandsitz zählt nicht zur Kondition. Der Einbeinstand bildet die Testhälfte von Balance/Beweglichkeit. Sichtbar wird eine Einordnung nur bei passendem Alter, Geschlecht und Testprotokoll; beim Wandsitz beruht sie ab 18 Jahren auf einer harmonisierten Trainingsorientierung und ist keine klinische Norm.";"Optional short fitness tests complement the relevant fitness sub-area. The medically approved allocation is as follows: push-ups and wall sits together form the test half of the muscular fitness sub-area; the wall sit does not count towards cardiovascular endurance. The single-leg stance forms the test half of balance/mobility. A category is only shown when age, sex and test protocol match; from age 18, the wall-sit category is based on a harmonised training guide and is not a clinical norm.";"";"";"Marketing, Medizin";"Prüfung erforderlich";"";"";"";"sources.scoring.point.2";"sources";"en-CH";"3";"v1:d3fd3111d338f5b91a8afe35e5ff9a8bb19678817df79ce37aaec18b6ccdc349";"0487eb0a41d0c382b4cb84e70cc145a557006aaebc3ad0c8296bf212d1db5c5b"
"Quellen & Transparenz";"Fachquellen & Quellenverzeichnis";"Scoring";"Detailtext";"Scoring · Fachlicher Punkt";"Statusstufen: 80–100 Stark, 60–79 Solide Basis, 40–59 Ausbaufähig, 0–39 Erhöhte Aufmerksamkeit.";"Status levels: 80–100 Strong, 60–79 Solid foundation, 40–59 Room for improvement, 0–39 Needs attention.";"";"";"Marketing, Medizin";"Prüfung erforderlich";"";"";"";"sources.scoring.point.3";"sources";"en-CH";"3";"v1:d3fd3111d338f5b91a8afe35e5ff9a8bb19678817df79ce37aaec18b6ccdc349";"5470ae87e1b8e7c98864a106e677c5860eb65591d481002107aa9681f0a83a33"
"Quellen & Transparenz";"Fachquellen & Quellenverzeichnis";"Scoring";"Detailtext";"Scoring · Fachlicher Punkt";"Risikosignale werden in Lebensstilpotenzial vs. medizinische Abklärungsrelevanz unterschieden.";"Risk signals are separated into lifestyle potential and the need for medical assessment.";"";"";"Marketing, Medizin";"Prüfung erforderlich";"";"";"";"sources.scoring.point.4";"sources";"en-CH";"3";"v1:d3fd3111d338f5b91a8afe35e5ff9a8bb19678817df79ce37aaec18b6ccdc349";"3005c1b312c1be643eaf5aca01f801e7d1771e726b6a049628008a530fbc2ceb"
"Quellen & Transparenz";"Fachquellen & Quellenverzeichnis";"Scoring";"Detailtext";"Scoring · Fachlicher Punkt";"Stärken, Handlungsfelder und die Top-3-Schritte werden aus denselben antwortbasierten Hebeln abgeleitet (inkl. dimensionsübergreifender Risikomuster, z. B. kardiovaskulär); kritische Signale sind immer vorrangig.";"Strengths, areas for action and the top 3 steps are derived from the same answer-based levers (including cross-dimensional risk patterns such as cardiovascular patterns); critical signals always take priority.";"";"";"Marketing, Medizin";"Prüfung erforderlich";"";"";"";"sources.scoring.point.5";"sources";"en-CH";"3";"v1:d3fd3111d338f5b91a8afe35e5ff9a8bb19678817df79ce37aaec18b6ccdc349";"b7b5896246604e2278096f828d7efcfbc19524c8d18e6df16623bd7f6c1c1f92"
"Quellen & Transparenz";"Fachquellen & Quellenverzeichnis";"Schlaf und Regeneration";"Überschrift";"Schlaf · Überschrift";"Schlaf & Regeneration";"Sleep & recovery";"";"";"Marketing, Medizin";"Prüfung erforderlich";"";"";"";"sources.sleep.title";"sources";"en-CH";"3";"v1:d3fd3111d338f5b91a8afe35e5ff9a8bb19678817df79ce37aaec18b6ccdc349";"f5f8642f2fb0d91fc9699c9b15fff59ef67285b2a9d975e82931d70758cd10c9"
"Quellen & Transparenz";"Fachquellen & Quellenverzeichnis";"Schlaf und Regeneration";"Quellenbezeichnung";"Schlaf · Quellenangabe";"CDC – About Sleep";"CDC – About Sleep";"";"";"Marketing, Medizin";"Prüfung erforderlich";"";"";"";"sources.sleep.reference";"sources";"en-CH";"3";"v1:d3fd3111d338f5b91a8afe35e5ff9a8bb19678817df79ce37aaec18b6ccdc349";"b560c70340c282682ae4679036a3af2f6c4fd9ef697e487128a3ba4c6668f0c2"
"Quellen & Transparenz";"Fachquellen & Quellenverzeichnis";"Schlaf und Regeneration";"Detailtext";"Schlaf · Fachlicher Punkt";"Erwachsene: ≥ 7 Stunden (Orientierung 7–9 Stunden).";"Adults: at least 7 hours (a guide of 7–9 hours).";"";"";"Marketing, Medizin";"Prüfung erforderlich";"";"";"";"sources.sleep.point.1";"sources";"en-CH";"3";"v1:d3fd3111d338f5b91a8afe35e5ff9a8bb19678817df79ce37aaec18b6ccdc349";"cf90fc49e01e1aff0b0b3e59b5baea6481109b807a58a414998bbdfe7ee2ce96"
"Quellen & Transparenz";"Fachquellen & Quellenverzeichnis";"Schlaf und Regeneration";"Detailtext";"Schlaf · Fachlicher Punkt";"Schlafhygiene: feste Zeiten, kühl/dunkel/ruhig, Bildschirme ~30 Min. vorher aus.";"Sleep hygiene: keep regular times, make the room cool/dark/quiet, and switch off screens around 30 minutes beforehand.";"";"";"Marketing, Medizin";"Prüfung erforderlich";"";"";"";"sources.sleep.point.2";"sources";"en-CH";"3";"v1:d3fd3111d338f5b91a8afe35e5ff9a8bb19678817df79ce37aaec18b6ccdc349";"333f561cd9b827eeaa76467413f06b8b43739305e51756c19af7d7d79098accc"
"Quellen & Transparenz";"Fachquellen & Quellenverzeichnis";"Schlaf und Regeneration";"Detailtext";"Schlaf · Fachlicher Punkt";"Anhaltende Probleme, Schnarchen oder Atemaussetzer ärztlich abklären.";"Seek medical advice for persistent problems, snoring or pauses in breathing.";"";"";"Marketing, Medizin";"Prüfung erforderlich";"";"";"";"sources.sleep.point.3";"sources";"en-CH";"3";"v1:d3fd3111d338f5b91a8afe35e5ff9a8bb19678817df79ce37aaec18b6ccdc349";"7f686d4b8eddb1f4328d8a899f0879ce2e97fa41024b762e2acb9649c34da1f5"
"Quellen & Transparenz";"Fachquellen & Quellenverzeichnis";"Rauchen und Nikotin";"Überschrift";"Rauchen · Überschrift";"Rauchen / Nikotin";"Smoking / nicotine";"";"";"Marketing, Medizin";"Prüfung erforderlich";"";"";"";"sources.smoking.title";"sources";"en-CH";"3";"v1:d3fd3111d338f5b91a8afe35e5ff9a8bb19678817df79ce37aaec18b6ccdc349";"b0b2eb411929e7811a10293ad60b88a2b35f35c5ddac56b90fb4e5fa46431a01"
"Quellen & Transparenz";"Fachquellen & Quellenverzeichnis";"Rauchen und Nikotin";"Quellenbezeichnung";"Rauchen · Quellenangabe";"WHO – Herz-Kreislauf-Erkrankungen & Hypertension";"WHO – Cardiovascular diseases & hypertension";"";"";"Marketing, Medizin";"Prüfung erforderlich";"";"";"";"sources.smoking.reference";"sources";"en-CH";"3";"v1:d3fd3111d338f5b91a8afe35e5ff9a8bb19678817df79ce37aaec18b6ccdc349";"e648327b1c52ef783aa796ef7c14d6f91530fc9d97c1b3069a5461036953cf12"
"Quellen & Transparenz";"Fachquellen & Quellenverzeichnis";"Rauchen und Nikotin";"Detailtext";"Rauchen · Fachlicher Punkt";"Tabak/Nikotin ist ein zentraler, gut beeinflussbarer Risikofaktor.";"Tobacco/nicotine is a major modifiable risk factor.";"";"";"Marketing, Medizin";"Prüfung erforderlich";"";"";"";"sources.smoking.point.1";"sources";"en-CH";"3";"v1:d3fd3111d338f5b91a8afe35e5ff9a8bb19678817df79ce37aaec18b6ccdc349";"4039f701bbf56fa3564d54005eca7211f4a0b9b12b203ed237f6652718c5e5c5"
"Quellen & Transparenz";"Fachquellen & Quellenverzeichnis";"Rauchen und Nikotin";"Detailtext";"Rauchen · Fachlicher Punkt";"Rauchstopp senkt das kardiovaskuläre Risiko bereits nach kurzer Zeit.";"Stopping smoking reduces cardiovascular risk within a short time.";"";"";"Marketing, Medizin";"Prüfung erforderlich";"";"";"";"sources.smoking.point.2";"sources";"en-CH";"3";"v1:d3fd3111d338f5b91a8afe35e5ff9a8bb19678817df79ce37aaec18b6ccdc349";"4eb6a34e06ab50377c536d63d57824b4c10cbf2342cf8c6f80796d598ffc5c7b"
"Quellen & Transparenz";"Fachquellen & Quellenverzeichnis";"Krafttraining und gesundes Altern";"Überschrift";"Muskelkraft · Überschrift";"Krafttraining, Muskelmasse & gesundes Altern";"Strength training, muscle mass & healthy ageing";"";"";"Marketing, Medizin";"Prüfung erforderlich";"";"";"";"sources.strength.title";"sources";"en-CH";"3";"v1:d3fd3111d338f5b91a8afe35e5ff9a8bb19678817df79ce37aaec18b6ccdc349";"dce8b0b09ea081055e938089bd43bc8e4ea2c6958431d4f1973a7206bb69d815"
"Quellen & Transparenz";"Fachquellen & Quellenverzeichnis";"Krafttraining und gesundes Altern";"Quellenbezeichnung";"Muskelkraft · Linkbeschriftung";"EWGSOP2";"EWGSOP2";"";"";"Marketing, Medizin";"Prüfung erforderlich";"";"";"";"sources.strength.link_ewgsop";"sources";"en-CH";"3";"v1:d3fd3111d338f5b91a8afe35e5ff9a8bb19678817df79ce37aaec18b6ccdc349";"1cb34d3158d39a488239d4b6670dea75c969685d23ef0a5d872c4949f47710ff"
"Quellen & Transparenz";"Fachquellen & Quellenverzeichnis";"Krafttraining und gesundes Altern";"Quellenbezeichnung";"Muskelkraft · Linkbeschriftung";"Liegestütz-Studie";"Push-up study";"";"";"Marketing, Medizin";"Prüfung erforderlich";"";"";"";"sources.strength.link_pushup";"sources";"en-CH";"3";"v1:d3fd3111d338f5b91a8afe35e5ff9a8bb19678817df79ce37aaec18b6ccdc349";"47885167dcfd9058790c1624b3b64f848eea8a0606be77bbcd154a58f1aee01d"
"Quellen & Transparenz";"Fachquellen & Quellenverzeichnis";"Krafttraining und gesundes Altern";"Quellenbezeichnung";"Muskelkraft · Linkbeschriftung";"Wandsitz-Sicherheit";"Wall-sit safety";"";"";"Marketing, Medizin";"Prüfung erforderlich";"";"";"";"sources.strength.link_wall_sit";"sources";"en-CH";"3";"v1:d3fd3111d338f5b91a8afe35e5ff9a8bb19678817df79ce37aaec18b6ccdc349";"98a0d08f4e7c6429525bfc54602705859f5061781e0324b15df0c0fbecc475ef"
"Quellen & Transparenz";"Fachquellen & Quellenverzeichnis";"Krafttraining und gesundes Altern";"Quellenbezeichnung";"Muskelkraft · Quellenangabe";"WHO-Bewegungsleitlinie · EWGSOP2 zu Muskelkraft und Sarkopenie · Studien zu funktionellen Kurztests";"WHO physical activity guidelines · EWGSOP2 on muscle strength and sarcopenia · studies on short functional tests";"";"";"Marketing, Medizin";"Prüfung erforderlich";"";"";"";"sources.strength.reference";"sources";"en-CH";"3";"v1:d3fd3111d338f5b91a8afe35e5ff9a8bb19678817df79ce37aaec18b6ccdc349";"dd240d920a45607d44423b36afbf05419b06c5c22e64ea4ba8b58aad9c20c005"
"Quellen & Transparenz";"Fachquellen & Quellenverzeichnis";"Krafttraining und gesundes Altern";"Detailtext";"Muskelkraft · Fachlicher Punkt";"Muskelkraft und körperliche Funktion sind wichtige Bausteine für Belastbarkeit und Selbstständigkeit.";"Muscle strength and physical function are important building blocks for resilience and independence.";"";"";"Marketing, Medizin";"Prüfung erforderlich";"";"";"";"sources.strength.point.1";"sources";"en-CH";"3";"v1:d3fd3111d338f5b91a8afe35e5ff9a8bb19678817df79ce37aaec18b6ccdc349";"c73f9ec5250cd38579c392256a8e7d4df5443bdf4109e7bbe80a31edf7409df5"
"Quellen & Transparenz";"Fachquellen & Quellenverzeichnis";"Krafttraining und gesundes Altern";"Detailtext";"Muskelkraft · Fachlicher Punkt";"Einstieg auch mit Körpergewichtsübungen möglich.";"You can also start with bodyweight exercises.";"";"";"Marketing, Medizin";"Prüfung erforderlich";"";"";"";"sources.strength.point.2";"sources";"en-CH";"3";"v1:d3fd3111d338f5b91a8afe35e5ff9a8bb19678817df79ce37aaec18b6ccdc349";"12ab04327023ac3339cbaaecd712b7eabb616c5e9dd88dad65ecbb03dd7c11dc"
"Quellen & Transparenz";"Fachquellen & Quellenverzeichnis";"Krafttraining und gesundes Altern";"Detailtext";"Muskelkraft · Fachlicher Punkt";"Einbeinstand, Liegestütze und Wandsitz zeigen nur Teilbereiche der Leistungsfähigkeit; sie sind keine persönlichen Krankheitsrisiko-Tests.";"The single-leg stance, push-up and wall-sit tests each show only part of physical performance; they are not tests of your personal disease risk.";"";"";"Marketing, Medizin";"Prüfung erforderlich";"";"";"";"sources.strength.point.3";"sources";"en-CH";"3";"v1:d3fd3111d338f5b91a8afe35e5ff9a8bb19678817df79ce37aaec18b6ccdc349";"bcdf15ed87733d3cf73ca78957c4ebaa3cc06391fa286698dd0a1b677ee8fbe4"
"Quellen & Transparenz";"Fachquellen & Quellenverzeichnis";"Krafttraining und gesundes Altern";"Detailtext";"Muskelkraft · Fachlicher Punkt";"Für den beidbeinigen Wandsitz wird ab 18 Jahren eine harmonisierte Trainingsorientierung verwendet; sie ist keine klinische Norm oder Diagnosegrenze. Ein maximaler Test kann den Blutdruck akut stark erhöhen.";"From age 18, a harmonised training guide is used for the bilateral wall sit; it is not a clinical norm or diagnostic threshold. A maximal test can cause a marked acute rise in blood pressure.";"";"";"Marketing, Medizin";"Prüfung erforderlich";"";"";"";"sources.strength.point.4";"sources";"en-CH";"3";"v1:d3fd3111d338f5b91a8afe35e5ff9a8bb19678817df79ce37aaec18b6ccdc349";"920314daae9e1f027c3c853feb1aae4250ad6219dbacb552f4390aff9bab95a0"
"Quellen & Transparenz";"Fachquellen & Quellenverzeichnis";"Bauchfett und Taillenumfang";"Überschrift";"Taillenumfang · Überschrift";"Bauchfett & Taillenumfang";"Abdominal fat & waist circumference";"";"";"Marketing, Medizin";"Prüfung erforderlich";"";"";"";"sources.waist.title";"sources";"en-CH";"3";"v1:d3fd3111d338f5b91a8afe35e5ff9a8bb19678817df79ce37aaec18b6ccdc349";"a83638badd9068f544d8baf22afb89b4e44c910268d9b610beff82eb75514d60"
"Quellen & Transparenz";"Fachquellen & Quellenverzeichnis";"Bauchfett und Taillenumfang";"Quellenbezeichnung";"Taillenumfang · Linkbeschriftung";"NICE NG246";"NICE NG246";"";"";"Marketing, Medizin";"Prüfung erforderlich";"";"";"";"sources.waist.link_nice";"sources";"en-CH";"3";"v1:d3fd3111d338f5b91a8afe35e5ff9a8bb19678817df79ce37aaec18b6ccdc349";"7798e31c6d0b0f09fd1021692ab75517b2f399fd19c02559ab85620ad02d9960"
"Quellen & Transparenz";"Fachquellen & Quellenverzeichnis";"Bauchfett und Taillenumfang";"Quellenbezeichnung";"Taillenumfang · Linkbeschriftung";"WHO-Expert Consultation";"WHO Expert Consultation";"";"";"Marketing, Medizin";"Prüfung erforderlich";"";"";"";"sources.waist.link_who";"sources";"en-CH";"3";"v1:d3fd3111d338f5b91a8afe35e5ff9a8bb19678817df79ce37aaec18b6ccdc349";"46869f196cf8022e42f95c5215831a07fe6c2de8505bf64525b46e3f80f4a725"
"Quellen & Transparenz";"Fachquellen & Quellenverzeichnis";"Bauchfett und Taillenumfang";"Quellenbezeichnung";"Taillenumfang · Quellenangabe";"WHO/IDF-Schwellenwerte zum Taillenumfang ·";"WHO/IDF waist circumference thresholds ·";"";"";"Marketing, Medizin";"Prüfung erforderlich";"";"";"";"sources.waist.reference";"sources";"en-CH";"3";"v1:d3fd3111d338f5b91a8afe35e5ff9a8bb19678817df79ce37aaec18b6ccdc349";"fdbd2dd4ca675dff65c9cf2391c850cafcc2fe406b796c4e5fc96f5d53716d85"
"Quellen & Transparenz";"Fachquellen & Quellenverzeichnis";"Bauchfett und Taillenumfang";"Detailtext";"Taillenumfang · Fachlicher Punkt";"Normalbereich: Männer unter 94 cm, Frauen unter 80 cm.";"Normal range: men below 94 cm, women below 80 cm.";"";"";"Marketing, Medizin";"Prüfung erforderlich";"";"";"";"sources.waist.point.1";"sources";"en-CH";"3";"v1:d3fd3111d338f5b91a8afe35e5ff9a8bb19678817df79ce37aaec18b6ccdc349";"e96f4449ed73cffbdb2490d87e27c123091cc36162f184df7029820238eb33ee"
"Quellen & Transparenz";"Fachquellen & Quellenverzeichnis";"Bauchfett und Taillenumfang";"Detailtext";"Taillenumfang · Fachlicher Punkt";"Erhöhter Referenzbereich: Männer 94 bis unter 102 cm, Frauen 80 bis unter 88 cm.";"Elevated reference range: men 94 to below 102 cm, women 80 to below 88 cm.";"";"";"Marketing, Medizin";"Prüfung erforderlich";"";"";"";"sources.waist.point.2";"sources";"en-CH";"3";"v1:d3fd3111d338f5b91a8afe35e5ff9a8bb19678817df79ce37aaec18b6ccdc349";"2ac6b74d96c2ea1691f4a8b33ea0aa0c975b252180677bc844bd099ff4c80a4a"
"Quellen & Transparenz";"Fachquellen & Quellenverzeichnis";"Bauchfett und Taillenumfang";"Detailtext";"Taillenumfang · Fachlicher Punkt";"Deutlich erhöhter Referenzbereich: Männer ≥ 102 cm, Frauen ≥ 88 cm.";"Markedly elevated reference range: men 102 cm or above, women 88 cm or above.";"";"";"Marketing, Medizin";"Prüfung erforderlich";"";"";"";"sources.waist.point.3";"sources";"en-CH";"3";"v1:d3fd3111d338f5b91a8afe35e5ff9a8bb19678817df79ce37aaec18b6ccdc349";"65069d8a06daf0a6ee1872761a22e173aa5703301f57dfac842af48eff5235e1"
"Quellen & Transparenz";"Fachquellen & Quellenverzeichnis";"Bauchfett und Taillenumfang";"Detailtext";"Taillenumfang · Fachlicher Punkt";"BMI und Taillenumfang sind Orientierungswerte und ergänzen sich.";"BMI and waist circumference are guides and complement each other.";"";"";"Marketing, Medizin";"Prüfung erforderlich";"";"";"";"sources.waist.point.4";"sources";"en-CH";"3";"v1:d3fd3111d338f5b91a8afe35e5ff9a8bb19678817df79ce37aaec18b6ccdc349";"73dd4bbd677c6fb32999db17518d54f8fd1ab578103cfa98ce494ed3708b56cc"
"Übergreifende Ergebnisdarstellung";"Navigation, Ergebnis & Bedienung";"Aktionsplan";"Überschrift";"Aufklappbarer 4-Wochen-Plan einer Aktionskarte";"Mein 4-Wochen-Plan";"My 4-week plan";"";"";"Marketing";"Prüfung erforderlich";"";"";"";"ui.action_card.plan_title";"ui";"en-CH";"3";"v1:d3fd3111d338f5b91a8afe35e5ff9a8bb19678817df79ce37aaec18b6ccdc349";"54b59b964aa3b7b2541de5a8338436b4c6abb9a541128d6cb0cba115394b88b0"
"Übergreifende Ergebnisdarstellung";"Navigation, Ergebnis & Bedienung";"Aktionsplan";"Dynamischer Text";"Fortschritt innerhalb eines 4-Wochen-Plans";"{{done}}/{{total}}";"{{done}}/{{total}}";"";"";"Marketing";"Prüfung erforderlich";"";"{{done}} | {{total}}";"";"ui.action_card.progress";"ui";"en-CH";"3";"v1:d3fd3111d338f5b91a8afe35e5ff9a8bb19678817df79ce37aaec18b6ccdc349";"18e44788d99268c5140318c02672709e70569df0d407220934d148a060f8f6b2"
"Übergreifende Ergebnisdarstellung";"Navigation, Ergebnis & Bedienung";"Aktionsplan";"Beschriftung";"Aktionskarte, Kurzlabel der Begründung";"Warum:";"Why:";"";"";"Marketing";"Prüfung erforderlich";"";"";"";"ui.action_card.label.why";"ui";"en-CH";"3";"v1:d3fd3111d338f5b91a8afe35e5ff9a8bb19678817df79ce37aaec18b6ccdc349";"55a23cfafa4fb1fa6050fcc0e2b3f4b94b3f9d1201f63a5cbb80f29bb85e6032"
"Übergreifende Ergebnisdarstellung";"Navigation, Ergebnis & Bedienung";"Aktionsplan";"Beschriftung";"Aktionskarte, Kurzlabel des Nutzens";"Das bringt es:";"The benefit:";"";"";"Marketing";"Prüfung erforderlich";"";"";"";"ui.action_card.label.benefit";"ui";"en-CH";"3";"v1:d3fd3111d338f5b91a8afe35e5ff9a8bb19678817df79ce37aaec18b6ccdc349";"996129ace9cc73858aa032ce4de0664c155375f77db59428d9b109a78934f6f1"
"Übergreifende Ergebnisdarstellung";"Navigation, Ergebnis & Bedienung";"Aktionsplan";"Beschriftung";"Aktionskarte, Kurzlabel des Startschritts";"Ihr Startschritt:";"Your first step:";"";"";"Marketing";"Prüfung erforderlich";"";"";"";"ui.action_card.label.step";"ui";"en-CH";"3";"v1:d3fd3111d338f5b91a8afe35e5ff9a8bb19678817df79ce37aaec18b6ccdc349";"8d06d8ed79e86b8c36d05519da6cc8d3326d0dc42d06566577805dc46bacf5e6"
"Übergreifende Ergebnisdarstellung";"Navigation, Ergebnis & Bedienung";"Ergebnisbereiche";"Beschriftung";"Aktionsplan-Sektion, Rubrik";"Ihr Aktionsplan";"Your action plan";"";"";"Marketing";"Prüfung erforderlich";"";"";"";"ui.action_plan.eyebrow";"ui";"en-CH";"3";"v1:d3fd3111d338f5b91a8afe35e5ff9a8bb19678817df79ce37aaec18b6ccdc349";"60ff7e29bf6f029cdfca3f42f40a7e978d532b4c8cbf1d2114dba0fac4b3b16f"
"Übergreifende Ergebnisdarstellung";"Navigation, Ergebnis & Bedienung";"Aktionsplan";"Dynamischer Text";"Gesamtfortschritt über alle abgehakten Planschritte";"{{done}} von {{total}} Schritten erledigt – dranbleiben lohnt sich!";"{{done}} of {{total}} steps completed – it is worth keeping going!";"";"";"Marketing";"Prüfung erforderlich";"";"{{done}} | {{total}}";"";"ui.action_plan.total_progress";"ui";"en-CH";"3";"v1:d3fd3111d338f5b91a8afe35e5ff9a8bb19678817df79ce37aaec18b6ccdc349";"1ac4511f67f99fadf061262f90033efae95a4f3670cb761c75db724ee87335ff"
"Übergreifende Ergebnisdarstellung";"Navigation, Ergebnis & Bedienung";"Aktionsplan";"Überschrift";"Neutrale Karte ohne eindeutig priorisierten Aktionsschritt, Titel";"Kein eindeutiger Top-Schritt";"No clear top-priority step";"";"";"Marketing";"Prüfung erforderlich";"Neutraler Leerzustand ohne unzulässigen Rückschluss auf eine starke Ausgangslage; durch Marketing freigeben.";"";"";"ui.action_plan.empty.title";"ui";"en-CH";"3";"v1:d3fd3111d338f5b91a8afe35e5ff9a8bb19678817df79ce37aaec18b6ccdc349";"cba2cdbf3580bb73c2116dd02c7e4248c2da72b6d5dc35dd3f9fbf27edc86685"
"Übergreifende Ergebnisdarstellung";"Navigation, Ergebnis & Bedienung";"Aktionsplan";"Begründung / Einordnung";"Neutrale Karte ohne eindeutig priorisierten Aktionsschritt, Text";"Ihre Angaben ergeben derzeit keinen einzelnen klar priorisierten Schritt. Behalten Sie Bewährtes bei; wenn Sie etwas verändern möchten, helfen die Dimensionsdetails und der Digital Coach bei der Auswahl.";"Your answers do not currently indicate one clearly prioritised step. Keep doing what works well. If you would like to make a change, the dimension details and Digital Coach can help you choose.";"";"";"Marketing";"Prüfung erforderlich";"Neutraler Leerzustand ohne unzulässigen Rückschluss auf eine starke Ausgangslage; durch Marketing freigeben.";"";"";"ui.action_plan.empty.body";"ui";"en-CH";"3";"v1:d3fd3111d338f5b91a8afe35e5ff9a8bb19678817df79ce37aaec18b6ccdc349";"9e61bbd764ce5df652e172939d28af328dfbd4cf2321ee31bb7ac6976c7907f9"
"Übergreifende Ergebnisdarstellung";"Navigation, Ergebnis & Bedienung";"Aktionsplan";"Überschrift";"Sektionsüberschrift bei drei priorisierten Schritten";"Ihre nächsten drei Schritte";"Your next three steps";"";"";"Marketing";"Prüfung erforderlich";"";"";"";"ui.action_plan.heading.three";"ui";"en-CH";"3";"v1:d3fd3111d338f5b91a8afe35e5ff9a8bb19678817df79ce37aaec18b6ccdc349";"59b5b93676a47bd695337d0a95e8eebf572faa37c515d14ee88dc7b924818131"
"Übergreifende Ergebnisdarstellung";"Navigation, Ergebnis & Bedienung";"Aktionsplan";"Überschrift";"Sektionsüberschrift bei genau einem priorisierten Schritt";"Ihr nächster Schritt";"Your next step";"";"";"Marketing";"Prüfung erforderlich";"";"";"";"ui.action_plan.heading.one";"ui";"en-CH";"3";"v1:d3fd3111d338f5b91a8afe35e5ff9a8bb19678817df79ce37aaec18b6ccdc349";"0b1c0e9622d4b16e0ec3b2c8fe26286449e5fd23f044fde5515c32047ea77d0b"
"Übergreifende Ergebnisdarstellung";"Navigation, Ergebnis & Bedienung";"Aktionsplan";"Überschrift";"Sektionsüberschrift bei genau zwei priorisierten Schritten";"Ihre nächsten zwei Schritte";"Your next two steps";"";"";"Marketing";"Prüfung erforderlich";"";"";"";"ui.action_plan.heading.two";"ui";"en-CH";"3";"v1:d3fd3111d338f5b91a8afe35e5ff9a8bb19678817df79ce37aaec18b6ccdc349";"13aae352e6fc7401e60583e1c7cc8cfeb48931c4014a10c1772efdc7440b684f"
"Übergreifende Ergebnisdarstellung";"Navigation, Ergebnis & Bedienung";"Aktionsplan";"Überschrift";"Sektionsüberschrift ohne vordringliches Handlungsfeld";"Ihr persönlicher Startpunkt";"Your personal starting point";"";"";"Marketing";"Prüfung erforderlich";"Neutraler Leerzustand ohne unzulässigen Rückschluss auf eine starke Ausgangslage; durch Marketing freigeben.";"";"";"ui.action_plan.heading.empty";"ui";"en-CH";"3";"v1:d3fd3111d338f5b91a8afe35e5ff9a8bb19678817df79ce37aaec18b6ccdc349";"1e67978af07d3c7049321da290b211fe0ba006c0805d3f2c399a71fa9c5c2c99"
"Übergreifende Ergebnisdarstellung";"Navigation, Ergebnis & Bedienung";"Aktionsplan";"Begründung / Einordnung";"Beschreibung bei genau einem priorisierten Schritt";"Klein anfangen, dranbleiben: Dieser Hebel hat für Sie gerade besonders viel Wirkung. Öffnen Sie pro Schritt Ihren 4-Wochen-Plan und haken Sie ab, was Sie geschafft haben.";"Start small and keep going: this action can make a particularly meaningful difference for you now. Open your 4-week plan for the step and tick off what you have completed.";"";"";"Marketing";"Prüfung erforderlich";"";"";"";"ui.action_plan.intro.one";"ui";"en-CH";"3";"v1:d3fd3111d338f5b91a8afe35e5ff9a8bb19678817df79ce37aaec18b6ccdc349";"e20bcf3f0e5b3e392f70d056950855cb53fd5c0ab65025c1b89bc6084f0a8f60"
"Übergreifende Ergebnisdarstellung";"Navigation, Ergebnis & Bedienung";"Aktionsplan";"Begründung / Einordnung";"Beschreibung bei zwei oder drei priorisierten Schritten";"Klein anfangen, dranbleiben: Diese Hebel haben für Sie gerade besonders viel Wirkung. Öffnen Sie pro Schritt Ihren 4-Wochen-Plan und haken Sie ab, was Sie geschafft haben.";"Start small and keep going: these actions can make a particularly meaningful difference for you now. Open the 4-week plan for each step and tick off what you have completed.";"";"";"Marketing";"Prüfung erforderlich";"";"";"";"ui.action_plan.intro.multiple";"ui";"en-CH";"3";"v1:d3fd3111d338f5b91a8afe35e5ff9a8bb19678817df79ce37aaec18b6ccdc349";"baaab45c3a0e5be74ec27e4e5062b3c5c0ff63f55ff47098145c5c4671f9f083"
"Übergreifende Ergebnisdarstellung";"Navigation, Ergebnis & Bedienung";"Aktionsplan";"Begründung / Einordnung";"Neutrale Beschreibung ohne eindeutig priorisierten Aktionsschritt";"Aktuell hebt sich kein einzelnes Handlungsfeld klar ab. Die fünf Dimensionen unten zeigen, wo Sie Bewährtes erhalten oder einen passenden kleinen Schritt wählen können.";"No single area for action currently stands out clearly. The five dimensions below show where you can maintain what is working well or choose a suitable small step.";"";"";"Marketing";"Prüfung erforderlich";"Neutraler Leerzustand ohne unzulässigen Rückschluss auf eine starke Ausgangslage; durch Marketing freigeben.";"";"";"ui.action_plan.intro.empty";"ui";"en-CH";"3";"v1:d3fd3111d338f5b91a8afe35e5ff9a8bb19678817df79ce37aaec18b6ccdc349";"a770d1c04e2593636778e74efca5f46628bc0341a8ed2702a24d9dee3905dbef"
"Übergreifende Ergebnisdarstellung";"Navigation, Ergebnis & Bedienung";"Ergebnisbereiche";"Beschriftung";"Dimensionsdetails-Sektion, Rubrik";"Im Detail";"In detail";"";"";"Marketing";"Prüfung erforderlich";"";"";"";"ui.details.eyebrow";"ui";"en-CH";"3";"v1:d3fd3111d338f5b91a8afe35e5ff9a8bb19678817df79ce37aaec18b6ccdc349";"3c34cd2e28845d8cff6509478b304a0b47250ab88f55244276204d1268f66400"
"Übergreifende Ergebnisdarstellung";"Navigation, Ergebnis & Bedienung";"Ergebnisbereiche";"Überschrift";"Dimensionsdetails-Sektion, Überschrift";"Ihre fünf Dimensionen";"Your five dimensions";"";"";"Marketing";"Prüfung erforderlich";"";"";"";"ui.details.title";"ui";"en-CH";"3";"v1:d3fd3111d338f5b91a8afe35e5ff9a8bb19678817df79ce37aaec18b6ccdc349";"88c8dbb63b69cb343b8a31ec6300763bcb2f1fddb9d8ebe6850b015771a2d988"
"Übergreifende Ergebnisdarstellung";"Navigation, Ergebnis & Bedienung";"Ergebnisbereiche";"Begründung / Einordnung";"Dimensionsdetails-Sektion, Bedienhinweis";"Tippen Sie auf einen Bereich, um die Einordnung, persönliche Empfehlungen und weitere konkrete Schritte oder medizinische Klärungshinweise zu sehen.";"Select a dimension to see the assessment, personalised recommendations and further specific steps or indications that require medical clarification.";"";"";"Marketing";"Prüfung erforderlich";"Bedienhinweis an die einheitlich strukturierten Dimensionshinweise angepasst; durch Marketing freigeben.";"";"";"ui.details.description";"ui";"en-CH";"3";"v1:d3fd3111d338f5b91a8afe35e5ff9a8bb19678817df79ce37aaec18b6ccdc349";"aae9ecd27fa996c3fcf673560e170585f63b5536214cf44f0331bff07b98aaff"
"Übergreifende Ergebnisdarstellung";"Navigation, Ergebnis & Bedienung";"Einordnung & Metriken";"Begründung / Einordnung";"Dimensionsdetail mit zusätzlichem Risiko- oder Abklärungssignal, unabhängig vom Scorestatus";"Zu diesem Bereich liegt zusätzlich ein Hinweis vor, der bei der Einordnung Vorrang hat.";"There is also an indication in this area that takes priority in the assessment.";"";"";"Marketing, Medizin";"Prüfung erforderlich";"Verhindert eine Erfolgseinordnung bei hohem Score und gleichzeitig offenem Signal; durch Marketing und Medizin freigeben.";"";"";"ui.dimension.classification.open_signal";"ui";"en-CH";"3";"v1:d3fd3111d338f5b91a8afe35e5ff9a8bb19678817df79ce37aaec18b6ccdc349";"849c202bd3cd958f97e88010c90a0ef8bc5029c20de77d026ce64e4dee200538"
"Übergreifende Ergebnisdarstellung";"Navigation, Ergebnis & Bedienung";"Einordnung & Metriken";"Begründung / Einordnung";"Dimensionsdetail, Einordnung für Status aufmerksam";"Dieser Bereich verdient gerade etwas mehr Aufmerksamkeit.";"This area currently needs a little more attention.";"";"";"Marketing, Medizin";"Prüfung erforderlich";"";"";"";"ui.dimension.classification.aufmerksam";"ui";"en-CH";"3";"v1:d3fd3111d338f5b91a8afe35e5ff9a8bb19678817df79ce37aaec18b6ccdc349";"0b25fbd2a87b9dab6874274423d125deca4701f5ab2f1995010c878b6d2dfc9f"
"Übergreifende Ergebnisdarstellung";"Navigation, Ergebnis & Bedienung";"Einordnung & Metriken";"Begründung / Einordnung";"Dimensionsdetail, Einordnung für Status ausbau";"Ausbaufähig – in diesem Bereich gibt es Entwicklungspotenzial.";"There is room for improvement in this area.";"";"";"Marketing, Medizin";"Prüfung erforderlich";"Einordnung verspricht keine spezifische Empfehlung, wenn die Regel-Engine keinen eindeutigen Hebel ableitet; durch Marketing und Medizin freigeben.";"";"";"ui.dimension.classification.ausbau";"ui";"en-CH";"3";"v1:d3fd3111d338f5b91a8afe35e5ff9a8bb19678817df79ce37aaec18b6ccdc349";"2a6cfe214df21905c6c99fca2c2502d45e1ad017588a3f6dedf7f4f481b2eb26"
"Übergreifende Ergebnisdarstellung";"Navigation, Ergebnis & Bedienung";"Einordnung & Metriken";"Begründung / Einordnung";"Dimensionsdetail, Einordnung für Status solide";"Hier sind Sie insgesamt solide aufgestellt.";"Overall, you have a solid foundation here.";"";"";"Marketing, Medizin";"Prüfung erforderlich";"Redaktionell von der dimensionsspezifischen Nutzenbotschaft entkoppeln und durch Marketing und Medizin freigeben.";"";"";"ui.dimension.classification.solide";"ui";"en-CH";"3";"v1:d3fd3111d338f5b91a8afe35e5ff9a8bb19678817df79ce37aaec18b6ccdc349";"7426e69614c32213187026d597b30d7b27289f830f55f94fc8f499dea3121928"
"Übergreifende Ergebnisdarstellung";"Navigation, Ergebnis & Bedienung";"Einordnung & Metriken";"Begründung / Einordnung";"Dimensionsdetail, Einordnung für Status stark";"Hier zeigt sich eine klare Stärke – schön, das zu sehen.";"This is a clear strength, which is good to see.";"";"";"Marketing, Medizin";"Prüfung erforderlich";"Redaktionell von der dimensionsspezifischen Nutzenbotschaft entkoppeln und durch Marketing und Medizin freigeben.";"";"";"ui.dimension.classification.stark";"ui";"en-CH";"3";"v1:d3fd3111d338f5b91a8afe35e5ff9a8bb19678817df79ce37aaec18b6ccdc349";"3321ca0ce387aec715ca78568aeb9d8f7b95a36d94fe32fe19cf77febdd4269e"
"Übergreifende Ergebnisdarstellung";"Navigation, Ergebnis & Bedienung";"Dimensionsdetails";"Begründung / Einordnung";"Dimensionsdetail ohne spezifische Empfehlung und ohne soliden Score";"Aus den aktuellen Antworten ergibt sich hier kein einzelner priorisierter Schritt. Nutzen Sie den Orientierungswert als Ausgangspunkt und beobachten Sie, was sich im Alltag verändert.";"Your current answers do not indicate a single prioritised step here. Use the guide value as a starting point and observe what changes in daily life.";"";"";"Marketing";"Prüfung erforderlich";"Neutraler Fallback ohne räumlich falschen Verweis; durch Marketing freigeben.";"";"";"ui.dimension.empty.neutral";"ui";"en-CH";"3";"v1:d3fd3111d338f5b91a8afe35e5ff9a8bb19678817df79ce37aaec18b6ccdc349";"d692ad153dd39638a0b3687f5f0ccd85af8d27c9fccb4d2e8fd6ed0f20f9dd70"
"Übergreifende Ergebnisdarstellung";"Navigation, Ergebnis & Bedienung";"Dimensionsdetails";"Begründung / Einordnung";"Dimensionsdetail ohne spezifische Empfehlung, aber mit offenem Risiko- oder Abklärungssignal";"Der Orientierungswert bildet nur die bewerteten Antworten ab. Beziehen Sie den zugehörigen Hinweis in der Ergebnisübersicht zusätzlich ein.";"The guide value reflects only the scored answers. Also take the related indication in the results overview into account.";"";"";"Marketing, Medizin";"Prüfung erforderlich";"Eigener Fallback für offene Signale statt einer positiven oder pauschal neutralen Aussage; durch Marketing und Medizin freigeben.";"";"";"ui.dimension.empty.open_signal";"ui";"en-CH";"3";"v1:d3fd3111d338f5b91a8afe35e5ff9a8bb19678817df79ce37aaec18b6ccdc349";"5596835300befde776c918c3542964a95f4aab0544e193c817a49e9cfefaa219"
"Übergreifende Ergebnisdarstellung";"Navigation, Ergebnis & Bedienung";"Promo & Feedback";"Beschriftung";"Feedback-Sektion, Rubrik";"Ihr Feedback ist uns wichtig";"Your feedback matters to us";"";"";"Marketing";"Prüfung erforderlich";"";"";"";"ui.feedback.eyebrow";"ui";"en-CH";"3";"v1:d3fd3111d338f5b91a8afe35e5ff9a8bb19678817df79ce37aaec18b6ccdc349";"91164a898b5648d42f0ecc9fdf029d0a2eb55dda7cc2f0b944a83e367e5ed04c"
"Übergreifende Ergebnisdarstellung";"Navigation, Ergebnis & Bedienung";"Promo & Feedback";"Überschrift";"Feedback-Sektion, Überschrift";"Wie war Ihr Gesundheitscheck?";"How was your Health Check?";"";"";"Marketing";"Prüfung erforderlich";"";"";"";"ui.feedback.title";"ui";"en-CH";"3";"v1:d3fd3111d338f5b91a8afe35e5ff9a8bb19678817df79ce37aaec18b6ccdc349";"07c2b8b9e61e12561fb071525c18642d800f56ef6e2461c10dc97b8ed9c76cff"
"Übergreifende Ergebnisdarstellung";"Navigation, Ergebnis & Bedienung";"Promo & Feedback";"Begründung / Einordnung";"Feedback-Sektion, Beschreibung";"Ihre Rückmeldung hilft uns, den Check laufend zu verbessern – das Ausfüllen dauert nur zwei Minuten.";"Your feedback helps us continuously improve the check. It takes only two minutes to complete.";"";"";"Marketing";"Prüfung erforderlich";"";"";"";"ui.feedback.description";"ui";"en-CH";"3";"v1:d3fd3111d338f5b91a8afe35e5ff9a8bb19678817df79ce37aaec18b6ccdc349";"2602304affc8de1ae9ae11c2f10aa1f072f29706f946b997c671ed77331be62f"
"Übergreifende Ergebnisdarstellung";"Navigation, Ergebnis & Bedienung";"Ergebnis-Einstieg";"Beschriftung";"Verweis auf die Detailauswertung, wenn kein Aktionsschritt priorisiert wurde";"die Detailauswertung";"the detailed results";"";"";"Marketing";"Prüfung erforderlich";"Verhindert einen falschen Verweis auf drei nicht vorhandene Aktionsschritte; durch Marketing freigeben.";"";"";"ui.hero.action_plan_reference.empty";"ui";"en-CH";"3";"v1:d3fd3111d338f5b91a8afe35e5ff9a8bb19678817df79ce37aaec18b6ccdc349";"a682c9e9f9b6c9d5fc7e907203c474e138e49780d69b520b43990352ca701dc1"
"Übergreifende Ergebnisdarstellung";"Navigation, Ergebnis & Bedienung";"Ergebnis-Einstieg";"Beschriftung";"Verbform beim Verweis auf genau einen priorisierten Schritt";"setzt";"starts";"";"";"Marketing";"Prüfung erforderlich";"";"";"";"ui.hero.action_plan_verb.singular";"ui";"en-CH";"3";"v1:d3fd3111d338f5b91a8afe35e5ff9a8bb19678817df79ce37aaec18b6ccdc349";"d9e6c1600d5762cefc101c8999f155bc4513c8f92e9296a7566cec44806fce18"
"Übergreifende Ergebnisdarstellung";"Navigation, Ergebnis & Bedienung";"Ergebnis-Einstieg";"Beschriftung";"Verbform beim Verweis auf mehrere priorisierte Schritte";"setzen";"start";"";"";"Marketing";"Prüfung erforderlich";"";"";"";"ui.hero.action_plan_verb.plural";"ui";"en-CH";"3";"v1:d3fd3111d338f5b91a8afe35e5ff9a8bb19678817df79ce37aaec18b6ccdc349";"8ed1c6ca933c79f96fbd7561690aa382a7fb4b14efc9ff3f80e02d522faf918d"
"Übergreifende Ergebnisdarstellung";"Navigation, Ergebnis & Bedienung";"Ergebnis-Einstieg";"Beschriftung";"Hero-Zusammenfassung, Fallback für eine unbekannte Dimension im Nominativ";"diese Dimension";"this dimension";"";"";"Marketing";"Prüfung erforderlich";"";"";"";"ui.hero.dimension.fallback.nominative";"ui";"en-CH";"3";"v1:d3fd3111d338f5b91a8afe35e5ff9a8bb19678817df79ce37aaec18b6ccdc349";"4f1f0a8295f164953e5be3b7212482e11569a330ed8baf77713240308eebcd0b"
"Übergreifende Ergebnisdarstellung";"Navigation, Ergebnis & Bedienung";"Ergebnis-Einstieg";"Beschriftung";"Hero-Zusammenfassung, Fallback für eine unbekannte Dimension mit Präposition";"in dieser Dimension";"in this dimension";"";"";"Marketing";"Prüfung erforderlich";"";"";"";"ui.hero.dimension.fallback.prepositional";"ui";"en-CH";"3";"v1:d3fd3111d338f5b91a8afe35e5ff9a8bb19678817df79ce37aaec18b6ccdc349";"7dbc819ee4cf99ecec992e37b0e5dc8ff68256b382fec0ed2264224184c2c796"
"Übergreifende Ergebnisdarstellung";"Navigation, Ergebnis & Bedienung";"Ergebnis-Einstieg";"Dynamischer Text";"Ausgeglichenes Profil, Status ausbaufähig";"«Ausbaufähig» heisst bei Ihnen: ein ausgeglichenes Profil mit Luft nach oben in allen fünf Dimensionen. Wählen Sie den Einstieg, der Sie am meisten motiviert – zum Beispiel <b>{{weakestPrepositional}}</b> ({{weakestScore}} von 100){{topicSuffix}}.";"For you, “Room for improvement” means a balanced profile with potential to improve in all five dimensions. Choose the starting point that motivates you most, for example <b>{{weakestPrepositional}}</b> ({{weakestScore}} out of 100){{topicSuffix}}.";"";"";"Marketing, Medizin";"Prüfung erforderlich";"";"{{topicSuffix}} | {{weakestPrepositional}} | {{weakestScore}}";"";"ui.hero.lead.balanced.ausbau";"ui";"en-CH";"3";"v1:d3fd3111d338f5b91a8afe35e5ff9a8bb19678817df79ce37aaec18b6ccdc349";"f081922e97118d5b3bf25167de9e9a3f0f8f7f7dd9459847140db5761ee6d7b6"
"Übergreifende Ergebnisdarstellung";"Navigation, Ergebnis & Bedienung";"Ergebnis-Einstieg";"Dynamischer Text";"Ausgeglichenes Profil, Status erhöhte Aufmerksamkeit";"Ihr Ergebnis verdient jetzt Aufmerksamkeit – über alle Dimensionen hinweg. Verstehen Sie es als Startpunkt, nicht als Urteil. Wählen Sie den Einstieg, der Sie am meisten motiviert – zum Beispiel <b>{{weakestPrepositional}}</b> ({{weakestScore}} von 100){{topicSuffix}}.";"Your result needs attention across all five dimensions. See it as a starting point, not a judgement. Choose the starting point that motivates you most, for example <b>{{weakestPrepositional}}</b> ({{weakestScore}} out of 100){{topicSuffix}}.";"";"";"Marketing, Medizin";"Prüfung erforderlich";"";"{{topicSuffix}} | {{weakestPrepositional}} | {{weakestScore}}";"";"ui.hero.lead.balanced.aufmerksam";"ui";"en-CH";"3";"v1:d3fd3111d338f5b91a8afe35e5ff9a8bb19678817df79ce37aaec18b6ccdc349";"739fbc6edaae64fd266e68da20ec0d4ea7176f0befa61fa1f35aa9de93f1e68e"
"Übergreifende Ergebnisdarstellung";"Navigation, Ergebnis & Bedienung";"Ergebnis-Einstieg";"Dynamischer Text";"Ausgeglichenes Profil, Status solide";"«Solide Basis» heisst bei Ihnen: ein bemerkenswert ausgeglichenes Profil, in dem kein Bereich abfällt. Wählen Sie den Einstieg, der Sie am meisten motiviert – zum Beispiel <b>{{weakestPrepositional}}</b> ({{weakestScore}} von 100){{topicSuffix}}.";"For you, “Solid foundation” means a remarkably balanced profile, with no dimension falling behind. Choose the starting point that motivates you most, for example <b>{{weakestPrepositional}}</b> ({{weakestScore}} out of 100){{topicSuffix}}.";"";"";"Marketing, Medizin";"Prüfung erforderlich";"";"{{topicSuffix}} | {{weakestPrepositional}} | {{weakestScore}}";"";"ui.hero.lead.balanced.solide";"ui";"en-CH";"3";"v1:d3fd3111d338f5b91a8afe35e5ff9a8bb19678817df79ce37aaec18b6ccdc349";"b8d8876f90f3d2ac1eff092353532b6775c9f65d17c1181a08af3e16eaaf4173"
"Übergreifende Ergebnisdarstellung";"Navigation, Ergebnis & Bedienung";"Ergebnis-Einstieg";"Dynamischer Text";"Ausgeglichenes Profil, Status stark; globale Header/Footer aus index.html sind ausgeschlossen, weil sie nicht resultatspezifisch sind";"Stark unterwegs: Ihre Antworten zeichnen über alle fünf Dimensionen ein sehr gutes, auffallend ausgeglichenes Bild. Halten Sie Ihren Kurs – wenn Sie feilen möchten, dann <b>{{weakestPrepositional}}</b> ({{weakestScore}} von 100){{topicSuffix}}.";"Strong: your answers show a very positive and notably balanced picture across all five dimensions. Stay on course. If you would like to fine-tune something, start <b>{{weakestPrepositional}}</b> ({{weakestScore}} out of 100){{topicSuffix}}.";"";"";"Marketing, Medizin";"Prüfung erforderlich";"";"{{topicSuffix}} | {{weakestPrepositional}} | {{weakestScore}}";"";"ui.hero.lead.balanced.stark";"ui";"en-CH";"3";"v1:d3fd3111d338f5b91a8afe35e5ff9a8bb19678817df79ce37aaec18b6ccdc349";"a91ff75fd0cfc617dd0706f7a1265faea9b4f18d567c68e658bb021b4df038b1"
"Übergreifende Ergebnisdarstellung";"Navigation, Ergebnis & Bedienung";"Ergebnis-Einstieg";"Dynamischer Text";"Profil mit deutlichem Unterschied zwischen Dimensionen, Status solide";"«Solide Basis» heisst bei Ihnen: Vieles trägt bereits – allen voran <b>{{strongestNominative}}</b> ({{strongestScore}}). Den grössten Unterschied machen jetzt die nächsten Schritte <b>{{weakestPrepositional}}</b> ({{weakestScore}} von 100){{topicSuffix}}.";"For you, “Solid foundation” means that many things are already supporting your health, led by <b>{{strongestNominative}}</b> ({{strongestScore}}). Your next steps can now make the greatest difference <b>{{weakestPrepositional}}</b> ({{weakestScore}} out of 100){{topicSuffix}}.";"";"";"Marketing, Medizin";"Prüfung erforderlich";"";"{{strongestNominative}} | {{strongestScore}} | {{topicSuffix}} | {{weakestPrepositional}} | {{weakestScore}}";"";"ui.hero.lead.spread.solide";"ui";"en-CH";"3";"v1:d3fd3111d338f5b91a8afe35e5ff9a8bb19678817df79ce37aaec18b6ccdc349";"7ccc2af14bf065f13b40a43d2af1367049a6e9421ea17ca38c67e6c2a9f0046b"
"Übergreifende Ergebnisdarstellung";"Navigation, Ergebnis & Bedienung";"Ergebnis-Einstieg";"Dynamischer Text";"Profil mit deutlichem Unterschied zwischen Dimensionen, Status stark";"Stark unterwegs: Ihre Antworten zeichnen ein sehr gutes Gesamtbild – allen voran <b>{{strongestNominative}}</b> ({{strongestScore}}). Ihre grösste Reserve liegt <b>{{weakestPrepositional}}</b> ({{weakestScore}} von 100){{topicSuffix}}.";"Strong: your answers show a very positive overall picture, led by <b>{{strongestNominative}}</b> ({{strongestScore}}). Your greatest opportunity lies <b>{{weakestPrepositional}}</b> ({{weakestScore}} out of 100){{topicSuffix}}.";"";"";"Marketing, Medizin";"Prüfung erforderlich";"";"{{strongestNominative}} | {{strongestScore}} | {{topicSuffix}} | {{weakestPrepositional}} | {{weakestScore}}";"";"ui.hero.lead.spread.stark";"ui";"en-CH";"3";"v1:d3fd3111d338f5b91a8afe35e5ff9a8bb19678817df79ce37aaec18b6ccdc349";"d24b9d3f67227b2e4b8a744bd89da302e8663586ff04c942b33d816769335adf"
"Übergreifende Ergebnisdarstellung";"Navigation, Ergebnis & Bedienung";"Ergebnis-Einstieg";"Dynamischer Text";"Profil mit erhöhter Aufmerksamkeit ohne ausreichend starke Ankerdimension";"Ihr Ergebnis verdient jetzt etwas Aufmerksamkeit – verstehen Sie es als Startpunkt, nicht als Urteil. Beginnen Sie <b>{{weakestPrepositional}}</b> ({{weakestScore}} von 100){{topicSuffix}}; {{actionPlanReference}} unten {{actionPlanVerb}} genau dort an.";"Your result needs some attention. See it as a starting point, not a judgement. Begin <b>{{weakestPrepositional}}</b> ({{weakestScore}} out of 100){{topicSuffix}}; {{actionPlanReference}} below {{actionPlanVerb}} exactly there.";"";"";"Marketing, Medizin";"Prüfung erforderlich";"";"{{actionPlanReference}} | {{actionPlanVerb}} | {{topicSuffix}} | {{weakestPrepositional}} | {{weakestScore}}";"";"ui.hero.lead.spread.aufmerksam.no_wind";"ui";"en-CH";"3";"v1:d3fd3111d338f5b91a8afe35e5ff9a8bb19678817df79ce37aaec18b6ccdc349";"f87f070d364cdec2d2507d884f668f0f073572d6525350f701e0812a9fab5803"
"Übergreifende Ergebnisdarstellung";"Navigation, Ergebnis & Bedienung";"Ergebnis-Einstieg";"Dynamischer Text";"Profil mit erhöhter Aufmerksamkeit und grammatisch pluraler Ankerdimension";"Ihr Ergebnis verdient jetzt etwas Aufmerksamkeit – verstehen Sie es als Startpunkt, nicht als Urteil. Beginnen Sie <b>{{weakestPrepositional}}</b> ({{weakestScore}} von 100){{topicSuffix}}; {{actionPlanReference}} unten {{actionPlanVerb}} genau dort an. <b>{{strongestNominative}}</b> ({{strongestScore}}) geben Ihnen dabei Rückenwind.";"Your result needs some attention. See it as a starting point, not a judgement. Begin <b>{{weakestPrepositional}}</b> ({{weakestScore}} out of 100){{topicSuffix}}; {{actionPlanReference}} below {{actionPlanVerb}} exactly there. <b>{{strongestNominative}}</b> ({{strongestScore}}) gives you useful momentum.";"";"";"Marketing, Medizin";"Prüfung erforderlich";"";"{{actionPlanReference}} | {{actionPlanVerb}} | {{strongestNominative}} | {{strongestScore}} | {{topicSuffix}} | {{weakestPrepositional}} | {{weakestScore}}";"";"ui.hero.lead.spread.aufmerksam.with_wind.plural";"ui";"en-CH";"3";"v1:d3fd3111d338f5b91a8afe35e5ff9a8bb19678817df79ce37aaec18b6ccdc349";"c741c9948456547235b6a590afe7215dc120fe1bc860a6cbfbad1235ef01f378"
"Übergreifende Ergebnisdarstellung";"Navigation, Ergebnis & Bedienung";"Ergebnis-Einstieg";"Dynamischer Text";"Profil mit erhöhter Aufmerksamkeit und grammatisch singulärer Ankerdimension";"Ihr Ergebnis verdient jetzt etwas Aufmerksamkeit – verstehen Sie es als Startpunkt, nicht als Urteil. Beginnen Sie <b>{{weakestPrepositional}}</b> ({{weakestScore}} von 100){{topicSuffix}}; {{actionPlanReference}} unten {{actionPlanVerb}} genau dort an. <b>{{strongestNominative}}</b> ({{strongestScore}}) gibt Ihnen dabei Rückenwind.";"Your result needs some attention. See it as a starting point, not a judgement. Begin <b>{{weakestPrepositional}}</b> ({{weakestScore}} out of 100){{topicSuffix}}; {{actionPlanReference}} below {{actionPlanVerb}} exactly there. <b>{{strongestNominative}}</b> ({{strongestScore}}) gives you useful momentum.";"";"";"Marketing, Medizin";"Prüfung erforderlich";"";"{{actionPlanReference}} | {{actionPlanVerb}} | {{strongestNominative}} | {{strongestScore}} | {{topicSuffix}} | {{weakestPrepositional}} | {{weakestScore}}";"";"ui.hero.lead.spread.aufmerksam.with_wind.singular";"ui";"en-CH";"3";"v1:d3fd3111d338f5b91a8afe35e5ff9a8bb19678817df79ce37aaec18b6ccdc349";"0c19c9d6987521e049ffc7b83a66257a5f4489117461561f104ab7b92bb25db2"
"Übergreifende Ergebnisdarstellung";"Navigation, Ergebnis & Bedienung";"Ergebnis-Einstieg";"Dynamischer Text";"Profil ausbaufähig; stärkste Dimension unter solide und grammatisch plural";"«Ausbaufähig» heisst bei Ihnen: Das Fundament ist da, und es gibt klare Hebel. Am meisten bewirken Sie aktuell <b>{{weakestPrepositional}}</b> ({{weakestScore}} von 100){{topicSuffix}}. Am stabilsten zeigen sich <b>{{strongestNominative}}</b> ({{strongestScore}}) – darauf lässt sich aufbauen.";"For you, “Room for improvement” means the foundation is there and there are clear opportunities. You can currently make the greatest difference <b>{{weakestPrepositional}}</b> ({{weakestScore}} out of 100){{topicSuffix}}. Your most stable areas are <b>{{strongestNominative}}</b> ({{strongestScore}}), which gives you something to build on.";"";"";"Marketing, Medizin";"Prüfung erforderlich";"";"{{strongestNominative}} | {{strongestScore}} | {{topicSuffix}} | {{weakestPrepositional}} | {{weakestScore}}";"";"ui.hero.lead.spread.ausbau.anchor_stable.plural";"ui";"en-CH";"3";"v1:d3fd3111d338f5b91a8afe35e5ff9a8bb19678817df79ce37aaec18b6ccdc349";"627a3a92afe79a68d1b38c6e906176e240ae540bafcaf7dc5d06a68233c03646"
"Übergreifende Ergebnisdarstellung";"Navigation, Ergebnis & Bedienung";"Ergebnis-Einstieg";"Dynamischer Text";"Profil ausbaufähig; stärkste Dimension unter solide und grammatisch singular";"«Ausbaufähig» heisst bei Ihnen: Das Fundament ist da, und es gibt klare Hebel. Am meisten bewirken Sie aktuell <b>{{weakestPrepositional}}</b> ({{weakestScore}} von 100){{topicSuffix}}. Am stabilsten zeigt sich <b>{{strongestNominative}}</b> ({{strongestScore}}) – darauf lässt sich aufbauen.";"For you, “Room for improvement” means the foundation is there and there are clear opportunities. You can currently make the greatest difference <b>{{weakestPrepositional}}</b> ({{weakestScore}} out of 100){{topicSuffix}}. Your most stable area is <b>{{strongestNominative}}</b> ({{strongestScore}}), which gives you something to build on.";"";"";"Marketing, Medizin";"Prüfung erforderlich";"";"{{strongestNominative}} | {{strongestScore}} | {{topicSuffix}} | {{weakestPrepositional}} | {{weakestScore}}";"";"ui.hero.lead.spread.ausbau.anchor_stable.singular";"ui";"en-CH";"3";"v1:d3fd3111d338f5b91a8afe35e5ff9a8bb19678817df79ce37aaec18b6ccdc349";"deabd3c20cc4c0f2e4734793e82fc0e5fbd1e22e640fdef4a824984c5ac6b846"
"Übergreifende Ergebnisdarstellung";"Navigation, Ergebnis & Bedienung";"Ergebnis-Einstieg";"Dynamischer Text";"Profil ausbaufähig; stärkste Dimension mindestens solide und grammatisch plural";"«Ausbaufähig» heisst bei Ihnen: Das Fundament ist da, und es gibt klare Hebel. Am meisten bewirken Sie aktuell <b>{{weakestPrepositional}}</b> ({{weakestScore}} von 100){{topicSuffix}}. Gut zu sehen: <b>{{strongestNominative}}</b> ({{strongestScore}}) stützen Sie dabei bereits.";"For you, “Room for improvement” means the foundation is there and there are clear opportunities. You can currently make the greatest difference <b>{{weakestPrepositional}}</b> ({{weakestScore}} out of 100){{topicSuffix}}. A positive sign is that <b>{{strongestNominative}}</b> ({{strongestScore}}) already supports you.";"";"";"Marketing, Medizin";"Prüfung erforderlich";"";"{{strongestNominative}} | {{strongestScore}} | {{topicSuffix}} | {{weakestPrepositional}} | {{weakestScore}}";"";"ui.hero.lead.spread.ausbau.anchor_strong.plural";"ui";"en-CH";"3";"v1:d3fd3111d338f5b91a8afe35e5ff9a8bb19678817df79ce37aaec18b6ccdc349";"4260df3f738fa01d3333ffcaff51683c3c05628c0fe70099d3f8734065d120b7"
"Übergreifende Ergebnisdarstellung";"Navigation, Ergebnis & Bedienung";"Ergebnis-Einstieg";"Dynamischer Text";"Profil ausbaufähig; stärkste Dimension mindestens solide und grammatisch singular";"«Ausbaufähig» heisst bei Ihnen: Das Fundament ist da, und es gibt klare Hebel. Am meisten bewirken Sie aktuell <b>{{weakestPrepositional}}</b> ({{weakestScore}} von 100){{topicSuffix}}. Gut zu sehen: <b>{{strongestNominative}}</b> ({{strongestScore}}) stützt Sie dabei bereits.";"For you, “Room for improvement” means the foundation is there and there are clear opportunities. You can currently make the greatest difference <b>{{weakestPrepositional}}</b> ({{weakestScore}} out of 100){{topicSuffix}}. A positive sign is that <b>{{strongestNominative}}</b> ({{strongestScore}}) already supports you.";"";"";"Marketing, Medizin";"Prüfung erforderlich";"";"{{strongestNominative}} | {{strongestScore}} | {{topicSuffix}} | {{weakestPrepositional}} | {{weakestScore}}";"";"ui.hero.lead.spread.ausbau.anchor_strong.singular";"ui";"en-CH";"3";"v1:d3fd3111d338f5b91a8afe35e5ff9a8bb19678817df79ce37aaec18b6ccdc349";"195950d045be5bc58349760a2cee61aa6eb838638b6840dd1a3ccbb031c46da6"
"Übergreifende Ergebnisdarstellung";"Navigation, Ergebnis & Bedienung";"Ergebnis-Einstieg";"Dynamischer Text";"Hero-Zusammenfassung mit genau einem konkreten Defizitthema";" – Stichwort: {{topicOne}}";" – focus: {{topicOne}}";"";"";"Marketing";"Prüfung erforderlich";"";"{{topicOne}}";"";"ui.hero.topic_suffix.one";"ui";"en-CH";"3";"v1:d3fd3111d338f5b91a8afe35e5ff9a8bb19678817df79ce37aaec18b6ccdc349";"1ef0ba6b6af42eb20f13ebb0f2f9954573cdbb5cbf093f1ed68481a6b6ad01cd"
"Übergreifende Ergebnisdarstellung";"Navigation, Ergebnis & Bedienung";"Ergebnis-Einstieg";"Dynamischer Text";"Hero-Zusammenfassung mit zwei konkreten Defizitthemen";" – Stichworte: {{topicOne}} und {{topicTwo}}";" – focus: {{topicOne}} and {{topicTwo}}";"";"";"Marketing";"Prüfung erforderlich";"";"{{topicOne}} | {{topicTwo}}";"";"ui.hero.topic_suffix.two";"ui";"en-CH";"3";"v1:d3fd3111d338f5b91a8afe35e5ff9a8bb19678817df79ce37aaec18b6ccdc349";"d4360192228a6ef9e81490d28b3205ba01ce9aacad60e32bced9e416ea0f16d7"
"Übergreifende Ergebnisdarstellung";"Navigation, Ergebnis & Bedienung";"Angebote & Kundenkontext";"Beschriftung";"Ergebnisseite, Präfix vor einem noch nicht verlinkten Helsana-Angebot";"Platzhalter: {{placeholder}}";"Placeholder: {{placeholder}}";"";"";"Marketing";"Prüfung erforderlich";"";"{{placeholder}}";"";"ui.offer.placeholder_prefix";"ui";"en-CH";"3";"v1:d3fd3111d338f5b91a8afe35e5ff9a8bb19678817df79ce37aaec18b6ccdc349";"9dd239cbc7faaca7e2dec58bde6875f48819b9356fef5100100e9a4798585323"
"Übergreifende Ergebnisdarstellung";"Navigation, Ergebnis & Bedienung";"Ergebnisbereiche";"Überschrift";"Handlungsfelder-Karte, Überschrift";"Grösste Handlungsfelder";"Main areas for action";"";"";"Marketing";"Prüfung erforderlich";"";"";"";"ui.overview.fields_title";"ui";"en-CH";"3";"v1:d3fd3111d338f5b91a8afe35e5ff9a8bb19678817df79ce37aaec18b6ccdc349";"011452898320dea6a7e3f82535c3343e72511edc966bf7ce91771a558104d2b7"
"Übergreifende Ergebnisdarstellung";"Navigation, Ergebnis & Bedienung";"Ergebnisbereiche";"Beschriftung";"Stärken-und-Handlungsfelder-Sektion, Rubrik";"Auf einen Blick";"At a glance";"";"";"Marketing";"Prüfung erforderlich";"";"";"";"ui.overview.eyebrow";"ui";"en-CH";"3";"v1:d3fd3111d338f5b91a8afe35e5ff9a8bb19678817df79ce37aaec18b6ccdc349";"ccf6dcffb3572ac4d5fa0ac2710a8bd545b92191d2f2e368710ca6d9e2828009"
"Übergreifende Ergebnisdarstellung";"Navigation, Ergebnis & Bedienung";"Ergebnisbereiche";"Überschrift";"Stärken-und-Handlungsfelder-Sektion, Überschrift";"Ihre Stärken & Handlungsfelder";"Your strengths and areas for action";"";"";"Marketing";"Prüfung erforderlich";"";"";"";"ui.overview.title";"ui";"en-CH";"3";"v1:d3fd3111d338f5b91a8afe35e5ff9a8bb19678817df79ce37aaec18b6ccdc349";"2b9996edb45b0a8993a70a6c311e3da92e7a3e06ab8207255172871bf0350fa4"
"Übergreifende Ergebnisdarstellung";"Navigation, Ergebnis & Bedienung";"Ergebnisbereiche";"Überschrift";"Stärkenkarte, Überschrift";"Ihre Stärken";"Your strengths";"";"";"Marketing";"Prüfung erforderlich";"";"";"";"ui.overview.strengths_title";"ui";"en-CH";"3";"v1:d3fd3111d338f5b91a8afe35e5ff9a8bb19678817df79ce37aaec18b6ccdc349";"28247bc54180e41067802a800a1ef0410b257d0d1cebb6fa897ca08bd2161f21"
"Übergreifende Ergebnisdarstellung";"Navigation, Ergebnis & Bedienung";"Ergebnisbereiche";"Positive Rückmeldung";"Handlungsfelder-Karte ohne dringendes Feld";"Aktuell kein dringendes Handlungsfeld – halten Sie Ihren Kurs.";"No urgent area for action at present – stay on course.";"";"";"Marketing";"Prüfung erforderlich";"";"";"";"ui.overview.fields_empty";"ui";"en-CH";"3";"v1:d3fd3111d338f5b91a8afe35e5ff9a8bb19678817df79ce37aaec18b6ccdc349";"1b758593960c54d0ae48f8b7b85b0098acb60ba9db3259ba69bdc9334a117102"
"Übergreifende Ergebnisdarstellung";"Navigation, Ergebnis & Bedienung";"Ergebnisbereiche";"Positive Rückmeldung";"Stärkenkarte ohne konkrete Stärke";"Jeder Bereich bietet gerade Potenzial – ein guter Startpunkt.";"Every dimension currently offers potential – a good starting point.";"";"";"Marketing";"Prüfung erforderlich";"";"";"";"ui.overview.strengths_empty";"ui";"en-CH";"3";"v1:d3fd3111d338f5b91a8afe35e5ff9a8bb19678817df79ce37aaec18b6ccdc349";"6a14b11be3f0fab2c6341d974898219327f3fc005c46b7ef9ecc75738c8e2bbe"
"Übergreifende Ergebnisdarstellung";"Navigation, Ergebnis & Bedienung";"Gemeinsame Oberflächentexte";"Beschriftung";"Gemeinsames Periodenlabel aller 4-Wochen-Pläne";"Diese Woche";"This week";"";"";"Marketing";"Prüfung erforderlich";"";"";"";"ui.plan.period.this_week";"recommendations";"en-CH";"3";"v1:d3fd3111d338f5b91a8afe35e5ff9a8bb19678817df79ce37aaec18b6ccdc349";"c7835306bc7e3e18db141f8187eb9b0f35543403961ad8473054d93ca8f9e5b1"
"Übergreifende Ergebnisdarstellung";"Navigation, Ergebnis & Bedienung";"Gemeinsame Oberflächentexte";"Beschriftung";"Gemeinsames Periodenlabel aller 4-Wochen-Pläne";"Woche 4";"Week 4";"";"";"Marketing";"Prüfung erforderlich";"";"";"";"ui.plan.period.week_4";"recommendations";"en-CH";"3";"v1:d3fd3111d338f5b91a8afe35e5ff9a8bb19678817df79ce37aaec18b6ccdc349";"8e1c5cd3891461510ecd7a4a91ea679d2ab1699124a8ddd93586dbd98a7e1b23"
"Übergreifende Ergebnisdarstellung";"Navigation, Ergebnis & Bedienung";"Gemeinsame Oberflächentexte";"Beschriftung";"Gemeinsames Periodenlabel aller 4-Wochen-Pläne";"Woche 2–3";"Weeks 2–3";"";"";"Marketing";"Prüfung erforderlich";"";"";"";"ui.plan.period.weeks_2_3";"recommendations";"en-CH";"3";"v1:d3fd3111d338f5b91a8afe35e5ff9a8bb19678817df79ce37aaec18b6ccdc349";"a2e106d096e5ea099c7f830746b2c43f0d888f03252a51a5159ebc8f7d2f0522"
"Übergreifende Ergebnisdarstellung";"Navigation, Ergebnis & Bedienung";"Promo & Feedback";"Überschrift";"Helsana-Plus-Promokarte, Überschrift";"Punkte sammeln";"Earn points";"";"";"Marketing";"Prüfung erforderlich";"";"";"";"ui.promo.title";"ui";"en-CH";"3";"v1:d3fd3111d338f5b91a8afe35e5ff9a8bb19678817df79ce37aaec18b6ccdc349";"ce47d5aafa272fdd52d686ba9187ee7ce34a0ca1d7ad33719b0ff2293d04a2fd"
"Übergreifende Ergebnisdarstellung";"Navigation, Ergebnis & Bedienung";"Promo & Feedback";"Begründung / Einordnung";"Helsana-Plus-Promokarte, Beschreibung";"Sammeln Sie mit Ihrem gesundheitsbewussten Lebensstil Pluspunkte und profitieren Sie von attraktiven Rabatten und Barauszahlungen.";"Earn Plus points with your health-conscious lifestyle and benefit from attractive discounts and cash payments.";"";"";"Marketing";"Prüfung erforderlich";"";"";"";"ui.promo.description";"ui";"en-CH";"3";"v1:d3fd3111d338f5b91a8afe35e5ff9a8bb19678817df79ce37aaec18b6ccdc349";"320ced3187157a73aee1e2aaeb831d8b699013f7fc5a0caf0bbeba2adb6df520"
"Übergreifende Ergebnisdarstellung";"Navigation, Ergebnis & Bedienung";"Fragebogen";"Beschriftung";"Fragebogen, Ersatztitel für eine Hilfe ohne eigenen Titel";"Was bedeutet das?";"What does this mean?";"";"";"Marketing";"Prüfung erforderlich";"";"";"";"ui.quiz.help_fallback";"ui";"en-CH";"3";"v1:d3fd3111d338f5b91a8afe35e5ff9a8bb19678817df79ce37aaec18b6ccdc349";"e59eaa30e4ebb790918b693fcb80aa155cd749dd7be8dd4d9d059a9eb333ea20"
"Übergreifende Ergebnisdarstellung";"Navigation, Ergebnis & Bedienung";"Fragebogen";"Dynamischer Text";"Fragebogen, Screenreader-Label eines Fortschrittsschritts";"Bereich {{current}} von {{total}}: {{dimensionShort}}{{stateLabel}}";"Dimension {{current}} of {{total}}: {{dimensionShort}}{{stateLabel}}";"";"";"Marketing";"Prüfung erforderlich";"";"{{current}} | {{dimensionShort}} | {{stateLabel}} | {{total}}";"";"ui.quiz.step_aria";"ui";"en-CH";"3";"v1:d3fd3111d338f5b91a8afe35e5ff9a8bb19678817df79ce37aaec18b6ccdc349";"c40ce7216b94a9851518fc5ba533f4bf6e73e3ffcc74134bca580c309e9d0a36"
"Übergreifende Ergebnisdarstellung";"Navigation, Ergebnis & Bedienung";"Fragebogen";"Hint";"Fragebogen, Hinweis bei optionalem Zahlenfeld";"Optional – Sie können das Feld auch leer lassen.";"Optional – you may also leave this field blank.";"";"";"Marketing";"Prüfung erforderlich";"";"";"";"ui.quiz.optional_hint";"ui";"en-CH";"3";"v1:d3fd3111d338f5b91a8afe35e5ff9a8bb19678817df79ce37aaec18b6ccdc349";"c9cf29fab97e5084ba052926832a7c062de2ee8a5d438fdfe6a15e3dc9fa71f8"
"Übergreifende Ergebnisdarstellung";"Navigation, Ergebnis & Bedienung";"Fragebogen";"Validation";"Fragebogen, Pflichtfeldvalidierung beim Bereichswechsel";"Bitte beantworten Sie alle nicht optionalen Fragen in diesem Bereich, um fortzufahren.";"Please answer all non-optional questions in this dimension to continue.";"";"";"Marketing";"Prüfung erforderlich";"";"";"";"ui.quiz.incomplete_hint";"ui";"en-CH";"3";"v1:d3fd3111d338f5b91a8afe35e5ff9a8bb19678817df79ce37aaec18b6ccdc349";"9e639e823a52cbafed04b0f7530a00fd3bfdcb98a5a7b41cbcc60d9d23fa6f2f"
"Übergreifende Ergebnisdarstellung";"Navigation, Ergebnis & Bedienung";"Fragebogen";"Aria label";"Fragebogen, Screenreader-Label der Bereichsnavigation";"Fortschritt";"Progress";"";"";"Marketing";"Prüfung erforderlich";"";"";"";"ui.quiz.progress_aria";"ui";"en-CH";"3";"v1:d3fd3111d338f5b91a8afe35e5ff9a8bb19678817df79ce37aaec18b6ccdc349";"5f9429595e032bfb3026f43ea7370d00dbc7c9611d36ed6f9dcd0291884d757c"
"Übergreifende Ergebnisdarstellung";"Navigation, Ergebnis & Bedienung";"Fragebogen";"Dynamischer Text";"Fragebogen, sichtbare Bereichsnummer";"Bereich {{current}} von {{total}}";"Dimension {{current}} of {{total}}";"";"";"Marketing";"Prüfung erforderlich";"";"{{current}} | {{total}}";"";"ui.quiz.dimension_count";"ui";"en-CH";"3";"v1:d3fd3111d338f5b91a8afe35e5ff9a8bb19678817df79ce37aaec18b6ccdc349";"896c1da95276178677d123478873256c9d5d2da15d98cdcf8664168bfaa1ea02"
"Übergreifende Ergebnisdarstellung";"Navigation, Ergebnis & Bedienung";"Fragebogen";"Button";"Fragebogen, Ergebnisse anzeigen";"Auswertung anzeigen";"Show results";"";"";"Marketing";"Prüfung erforderlich";"";"";"";"ui.quiz.button.results";"ui";"en-CH";"3";"v1:d3fd3111d338f5b91a8afe35e5ff9a8bb19678817df79ce37aaec18b6ccdc349";"478384dc3c8abdf1a832a02646c70176ca8dc4beb8248b2c4f098fba5a550c52"
"Übergreifende Ergebnisdarstellung";"Navigation, Ergebnis & Bedienung";"Fragebogen";"Button";"Fragebogen, zum nächsten Bereich";"Weiter";"Continue";"";"";"Marketing";"Prüfung erforderlich";"";"";"";"ui.quiz.button.continue";"ui";"en-CH";"3";"v1:d3fd3111d338f5b91a8afe35e5ff9a8bb19678817df79ce37aaec18b6ccdc349";"bf2ca72e2c01c3445f162f9570536903c0823daa84ca14f3054398ba72f45283"
"Übergreifende Ergebnisdarstellung";"Navigation, Ergebnis & Bedienung";"Fragebogen";"Button";"Fragebogen, zum vorherigen Bereich";"Zurück";"Back";"";"";"Marketing";"Prüfung erforderlich";"";"";"";"ui.quiz.button.back";"ui";"en-CH";"3";"v1:d3fd3111d338f5b91a8afe35e5ff9a8bb19678817df79ce37aaec18b6ccdc349";"43ee0fb371aad29849ffcd90b84c999b358b720412f9c3ca35d4009458ed07f9"
"Übergreifende Ergebnisdarstellung";"Navigation, Ergebnis & Bedienung";"Fragebogen";"Dynamischer Text";"Fragebogen, ungültiger Zahlenwert mit Höchstwert";"Bitte geben Sie einen gültigen Wert bis {{max}}{{unit}} ein.";"Please enter a valid value of no more than {{max}}{{unit}}.";"";"";"Marketing";"Prüfung erforderlich";"";"{{max}} | {{unit}}";"";"ui.quiz.number_error.maximum";"ui";"en-CH";"3";"v1:d3fd3111d338f5b91a8afe35e5ff9a8bb19678817df79ce37aaec18b6ccdc349";"f587b1c4ec0e0d06fc58fe88598eaf7f9516d95ce13cd4ff63e029fa1e20c851"
"Übergreifende Ergebnisdarstellung";"Navigation, Ergebnis & Bedienung";"Fragebogen";"Dynamischer Text";"Fragebogen, ungültiger Zahlenwert mit Mindest- und Höchstwert";"Bitte geben Sie einen gültigen Wert zwischen {{min}} und {{max}}{{unit}} ein.";"Please enter a valid value between {{min}} and {{max}}{{unit}}.";"";"";"Marketing";"Prüfung erforderlich";"";"{{max}} | {{min}} | {{unit}}";"";"ui.quiz.number_error.between";"ui";"en-CH";"3";"v1:d3fd3111d338f5b91a8afe35e5ff9a8bb19678817df79ce37aaec18b6ccdc349";"9ec4b4f5e493e9e34f8e1075fcc975cd796e419f32f15831786bc5b5658327d0"
"Übergreifende Ergebnisdarstellung";"Navigation, Ergebnis & Bedienung";"Fragebogen";"Dynamischer Text";"Fragebogen, ungültiger Zahlenwert mit Mindestwert";"Bitte geben Sie einen gültigen Wert ab {{min}}{{unit}} ein.";"Please enter a valid value of at least {{min}}{{unit}}.";"";"";"Marketing";"Prüfung erforderlich";"";"{{min}} | {{unit}}";"";"ui.quiz.number_error.minimum";"ui";"en-CH";"3";"v1:d3fd3111d338f5b91a8afe35e5ff9a8bb19678817df79ce37aaec18b6ccdc349";"69fa15a2f6e90eb32417aab0e1237a2d1666f2c1374eed7349d584501b24915a"
"Übergreifende Ergebnisdarstellung";"Navigation, Ergebnis & Bedienung";"Fragebogen";"Aria label";"Fragebogen, Screenreader-Zusatz für aktuellen Bereich";" (aktuell)";" (current)";"";"";"Marketing";"Prüfung erforderlich";"";"";"";"ui.quiz.step_state.current";"ui";"en-CH";"3";"v1:d3fd3111d338f5b91a8afe35e5ff9a8bb19678817df79ce37aaec18b6ccdc349";"695a72169e0c689c238f937a8de11736327a79d59b3a586af2c63d639419641a"
"Übergreifende Ergebnisdarstellung";"Navigation, Ergebnis & Bedienung";"Fragebogen";"Aria label";"Fragebogen, Screenreader-Zusatz für erledigten Bereich";" (erledigt)";" (completed)";"";"";"Marketing";"Prüfung erforderlich";"";"";"";"ui.quiz.step_state.done";"ui";"en-CH";"3";"v1:d3fd3111d338f5b91a8afe35e5ff9a8bb19678817df79ce37aaec18b6ccdc349";"2c66262840fd62c2c14ce4367d4b34e2bc3011c53b46e1a564790e74a3b9ecc5"
"Übergreifende Ergebnisdarstellung";"Navigation, Ergebnis & Bedienung";"Gesundheitsprofil";"Barrierefreie Beschriftung";"Barrierefreie Beschreibung des Radardiagramms auf der Ergebnisseite";"Radardiagramm Ihres Gesundheitsprofils über die bewerteten Dimensionen";"Radar chart of your health profile across the assessed dimensions";"";"";"Marketing";"Prüfung erforderlich";"";"";"";"ui.radar.aria_label";"ui";"en-CH";"3";"v1:d3fd3111d338f5b91a8afe35e5ff9a8bb19678817df79ce37aaec18b6ccdc349";"d87ec49bf612dc944dba06b3b682a97bacf7bb03246d96ce79c070b257f052bd"
"Übergreifende Ergebnisdarstellung";"Navigation, Ergebnis & Bedienung";"Gesundheitsprofil";"Dynamischer Text";"Barrierefreie Beschriftung einer anklickbaren Dimensionsachse im Radardiagramm";"Zur Detailansicht {{dimensionShort}}";"Open details for {{dimensionShort}}";"";"";"Marketing";"Prüfung erforderlich";"";"{{dimensionShort}}";"";"ui.radar.dimension_detail_aria";"ui";"en-CH";"3";"v1:d3fd3111d338f5b91a8afe35e5ff9a8bb19678817df79ce37aaec18b6ccdc349";"b5b22d5dd55c095d2e56a64554749c74b51f8e23b10f496a5cac96bdd0698037"
"Übergreifende Ergebnisdarstellung";"Navigation, Ergebnis & Bedienung";"Dimensionsdetails";"Dynamischer Text";"Badge an einer Empfehlung, die identisch im priorisierten Aktionsplan erscheint";"Schritt {{planStep}} in Ihrem Aktionsplan";"Step {{planStep}} in your action plan";"";"";"Marketing";"Prüfung erforderlich";"Neue Orientierung zwischen Aktionsplan und Dimensionsdetails durch Marketing freigeben.";"{{planStep}}";"";"ui.recommendation.action_plan_badge";"ui";"en-CH";"3";"v1:d3fd3111d338f5b91a8afe35e5ff9a8bb19678817df79ce37aaec18b6ccdc349";"bb7f1b0c298213b0068377a69b0995d1c32b04b6f9e805e2aabecfce91f993e1"
"Übergreifende Ergebnisdarstellung";"Navigation, Ergebnis & Bedienung";"Empfehlungsdarstellung";"Beschriftung";"Detailkarte einer Empfehlung, Label vor dem nächsten Schritt";"Konkreter nächster Schritt:";"Specific next step:";"";"";"Marketing";"Prüfung erforderlich";"";"";"";"ui.recommendation.label.step";"ui";"en-CH";"3";"v1:d3fd3111d338f5b91a8afe35e5ff9a8bb19678817df79ce37aaec18b6ccdc349";"a3db5a5131dae1729869643e18548fe78b8a7d7b463956589e140a33329729d0"
"Übergreifende Ergebnisdarstellung";"Navigation, Ergebnis & Bedienung";"Empfehlungsdarstellung";"Beschriftung";"Detailkarte einer Empfehlung, Label vor dem Nutzen";"Erwarteter Nutzen:";"Expected benefit:";"";"";"Marketing";"Prüfung erforderlich";"";"";"";"ui.recommendation.label.benefit";"ui";"en-CH";"3";"v1:d3fd3111d338f5b91a8afe35e5ff9a8bb19678817df79ce37aaec18b6ccdc349";"a541daaa420a3f715ce8c7dce33bad8715f576a34f2657c0ef3ebd27cb5854f9"
"Übergreifende Ergebnisdarstellung";"Navigation, Ergebnis & Bedienung";"Empfehlungsdarstellung";"Beschriftung";"Detailkarte einer Empfehlung, Label vor der Begründung";"Warum das für Sie relevant ist:";"Why this is relevant for you:";"";"";"Marketing";"Prüfung erforderlich";"";"";"";"ui.recommendation.label.why";"ui";"en-CH";"3";"v1:d3fd3111d338f5b91a8afe35e5ff9a8bb19678817df79ce37aaec18b6ccdc349";"d1cb5b057074ab5b55c79bbb827b9b9fc5bd3fa2da3c8c0eeb958d665024f3f6"
"Übergreifende Ergebnisdarstellung";"Navigation, Ergebnis & Bedienung";"Ergebnisbereiche";"Beschriftung";"Ergebnis-Hero, Rubrik";"Ergebnis";"Result";"";"";"Marketing";"Prüfung erforderlich";"";"";"";"ui.result.eyebrow";"ui";"en-CH";"3";"v1:d3fd3111d338f5b91a8afe35e5ff9a8bb19678817df79ce37aaec18b6ccdc349";"619f27431bf26cb194983fb78deff80f8bfdc1bee07524ee171d361b5c9cdc7d"
"Übergreifende Ergebnisdarstellung";"Navigation, Ergebnis & Bedienung";"Ergebnisbereiche";"Überschrift";"Ergebnis-Hero, Überschrift";"Ihre Standortbestimmung";"Your health snapshot";"";"";"Marketing";"Prüfung erforderlich";"";"";"";"ui.result.title";"ui";"en-CH";"3";"v1:d3fd3111d338f5b91a8afe35e5ff9a8bb19678817df79ce37aaec18b6ccdc349";"08f55c4aa373d645224cc70cbdc7e9eb921316e2da70579392812e91caf4b35a"
"Übergreifende Ergebnisdarstellung";"Navigation, Ergebnis & Bedienung";"Ergebnisbereiche";"Beschriftung";"Score-Ring, Nenner";"von 100";"out of 100";"";"";"Marketing";"Prüfung erforderlich";"";"";"";"ui.result.score_max";"ui";"en-CH";"3";"v1:d3fd3111d338f5b91a8afe35e5ff9a8bb19678817df79ce37aaec18b6ccdc349";"e057abd1ff3e4850cb703b99891258cfbcbfa18d26d41362f8381a23b6243081"
"Übergreifende Ergebnisdarstellung";"Navigation, Ergebnis & Bedienung";"Ergebnis-Einstieg";"Dynamischer Text";"Barrierefreie Beschreibung des Gesamtscores";"Gesamtscore {{overallScore}} von 100";"Overall score {{overallScore}} out of 100";"";"";"Marketing";"Prüfung erforderlich";"";"{{overallScore}}";"";"ui.result.score_aria";"ui";"en-CH";"3";"v1:d3fd3111d338f5b91a8afe35e5ff9a8bb19678817df79ce37aaec18b6ccdc349";"c72b298ba7cbb9a032da977cae863b901da820750d92c9ca737b89003d6c522b"
"Übergreifende Ergebnisdarstellung";"Navigation, Ergebnis & Bedienung";"Ergebnisbereiche";"Dynamischer Text";"Radar-Legende, Statusband mit Mindestwert";"{{statusLabel}} ({{minimumScore}}+)";"{{statusLabel}} ({{minimumScore}}+)";"";"";"Marketing";"Prüfung erforderlich";"";"{{minimumScore}} | {{statusLabel}}";"";"ui.result.legend_item";"ui";"en-CH";"3";"v1:d3fd3111d338f5b91a8afe35e5ff9a8bb19678817df79ce37aaec18b6ccdc349";"1380fdda8ca894d5a29a40dc85749320ab1e997bd572dda04868dc8ab1fcfad1"
"Übergreifende Ergebnisdarstellung";"Navigation, Ergebnis & Bedienung";"Ergebnisaktionen";"Begründung / Einordnung";"Bestätigungsdialog vor dem Löschen der bisherigen Antworten";"Möchten Sie den Check wirklich neu beginnen? Ihre bisherigen Antworten werden gelöscht.";"Do you really want to start a new check? Your previous answers will be deleted.";"";"";"Marketing";"Prüfung erforderlich";"";"";"";"ui.result_action.restart_confirm";"ui";"en-CH";"3";"v1:d3fd3111d338f5b91a8afe35e5ff9a8bb19678817df79ce37aaec18b6ccdc349";"808949e3e52c98cdd3706c3eec541364ec9a808d861daab1bbceacd361672dab"
"Übergreifende Ergebnisdarstellung";"Navigation, Ergebnis & Bedienung";"Ergebnisaktionen";"Nächster Schritt";"Button für einen neuen Check";"Neuer Check";"New check";"";"";"Marketing";"Prüfung erforderlich";"";"";"";"ui.result_action.restart";"ui";"en-CH";"3";"v1:d3fd3111d338f5b91a8afe35e5ff9a8bb19678817df79ce37aaec18b6ccdc349";"c21d444b3f56004fb2c047aab6e62e4cb55eab9c5eeb5226c1cb716185f4fb03"
"Übergreifende Ergebnisdarstellung";"Navigation, Ergebnis & Bedienung";"Ergebnisaktionen";"Nächster Schritt";"Button zum Anpassen der Antworten";"Antworten anpassen";"Edit answers";"";"";"Marketing";"Prüfung erforderlich";"";"";"";"ui.result_action.edit";"ui";"en-CH";"3";"v1:d3fd3111d338f5b91a8afe35e5ff9a8bb19678817df79ce37aaec18b6ccdc349";"b34439ce5c71801f248e604afe446124367ac52649f9147768d4cec70d2752c3"
"Übergreifende Ergebnisdarstellung";"Navigation, Ergebnis & Bedienung";"Ergebnisaktionen";"Nächster Schritt";"Button zum Speichern des Ergebnis-Links";"Ergebnisse als Link speichern";"Save results as a link";"";"";"Marketing";"Prüfung erforderlich";"";"";"";"ui.result_action.save_link";"ui";"en-CH";"3";"v1:d3fd3111d338f5b91a8afe35e5ff9a8bb19678817df79ce37aaec18b6ccdc349";"ca6e09c2da2b3e69ce754c94226746805870e58b72c64661262fdf3f841e17d3"
"Übergreifende Ergebnisdarstellung";"Navigation, Ergebnis & Bedienung";"Ergebnisaktionen";"Überschrift";"Dialog beim Klick auf die Marke während eines laufenden Checks, Titel";"Zurück zur Startseite";"Back to the home page";"";"";"Marketing";"Prüfung erforderlich";"";"";"";"ui.result_action.home_modal.title";"ui";"en-CH";"3";"v1:d3fd3111d338f5b91a8afe35e5ff9a8bb19678817df79ce37aaec18b6ccdc349";"46e9e125e37f18128a9def8bf915e05508991d4cd2cf397a31a98431fcd10af3"
"Übergreifende Ergebnisdarstellung";"Navigation, Ergebnis & Bedienung";"Ergebnisaktionen";"Begründung / Einordnung";"Dialog beim Klick auf die Marke während eines laufenden Checks, Text";"Möchten Sie Ihre bisherigen Eingaben behalten oder den Check von vorne beginnen?";"Would you like to keep your previous entries or start the check again from the beginning?";"";"";"Marketing";"Prüfung erforderlich";"";"";"";"ui.result_action.home_modal.message";"ui";"en-CH";"3";"v1:d3fd3111d338f5b91a8afe35e5ff9a8bb19678817df79ce37aaec18b6ccdc349";"db77d14c862fa7e31ef7f7067d071cc6458ae8862428877b98ff79fb666450a8"
"Übergreifende Ergebnisdarstellung";"Navigation, Ergebnis & Bedienung";"Ergebnisaktionen";"Nächster Schritt";"Dialog beim Klick auf die Marke, Eingaben behalten";"Eingaben behalten";"Keep entries";"";"";"Marketing";"Prüfung erforderlich";"";"";"";"ui.result_action.home_modal.keep";"ui";"en-CH";"3";"v1:d3fd3111d338f5b91a8afe35e5ff9a8bb19678817df79ce37aaec18b6ccdc349";"e288234af3eb98314620d03e666087eef2301ab0106d9a902edc8af64bce1bdb"
"Übergreifende Ergebnisdarstellung";"Navigation, Ergebnis & Bedienung";"Ergebnisaktionen";"Nächster Schritt";"Dialoge zum Verlassen oder Neustarten eines laufenden Checks, neu beginnen";"Neu beginnen";"Start again";"";"";"Marketing";"Prüfung erforderlich";"";"";"";"ui.result_action.home_modal.restart";"ui";"en-CH";"3";"v1:d3fd3111d338f5b91a8afe35e5ff9a8bb19678817df79ce37aaec18b6ccdc349";"93b5d77d8447530d7272055dbacb0395afa9924aae382dc0552e2f964c1bbdec"
"Übergreifende Ergebnisdarstellung";"Navigation, Ergebnis & Bedienung";"Ergebnisaktionen";"Überschrift";"Dialog nach «Neu beginnen» auf der Startseite, Titel";"Check neu beginnen?";"Start a new check?";"";"";"Marketing";"Prüfung erforderlich";"";"";"";"ui.result_action.restart_modal.title";"ui";"en-CH";"3";"v1:d3fd3111d338f5b91a8afe35e5ff9a8bb19678817df79ce37aaec18b6ccdc349";"08e2249147b3da3cadc7141c0fbc85156e1364b12cab6d776bf486360b4bd568"
"Übergreifende Ergebnisdarstellung";"Navigation, Ergebnis & Bedienung";"Ergebnisaktionen";"Nächster Schritt";"Dialog nach «Neu beginnen» auf der Startseite, Fortschritt behalten";"Check fortsetzen";"Continue check";"";"";"Marketing";"Prüfung erforderlich";"";"";"";"ui.result_action.restart_modal.continue";"ui";"en-CH";"3";"v1:d3fd3111d338f5b91a8afe35e5ff9a8bb19678817df79ce37aaec18b6ccdc349";"0ecb319882539e93bdee6b58d7fdd71a2f4c15c5f640765e26f556696edc605b"
"Übergreifende Ergebnisdarstellung";"Navigation, Ergebnis & Bedienung";"Ergebnislink-Dialog";"Beschriftung";"Barrierefreie Beschriftung des Ergebnis-Link-Feldes";"Ergebnis-Link";"Results link";"";"";"Marketing";"Prüfung erforderlich";"";"";"";"ui.share_modal.input_aria";"ui";"en-CH";"3";"v1:d3fd3111d338f5b91a8afe35e5ff9a8bb19678817df79ce37aaec18b6ccdc349";"0e44d50d75bc7a468c526d299a36f775a9a945b00e5dbe029103e55d462d5e04"
"Übergreifende Ergebnisdarstellung";"Navigation, Ergebnis & Bedienung";"Ergebnislink-Dialog";"Überschrift";"Ergebnis-Link-Dialog, Überschrift";"Ihr persönlicher Ergebnis-Link";"Your personal results link";"";"";"Marketing";"Prüfung erforderlich";"";"";"";"ui.share_modal.title";"ui";"en-CH";"3";"v1:d3fd3111d338f5b91a8afe35e5ff9a8bb19678817df79ce37aaec18b6ccdc349";"554186fc4a2d1eb0198686b9323f8ebe1b0999fc5d36cb6785794aa62e558e2a"
"Übergreifende Ergebnisdarstellung";"Navigation, Ergebnis & Bedienung";"Ergebnislink-Dialog";"Begründung / Einordnung";"Ergebnis-Link-Dialog, Beschreibung";"Speichern oder teilen Sie diesen Link. Sie können Ihr Ergebnis später wieder öffnen, Ihre Antworten anpassen oder einen neuen Check starten.";"Save or share this link. You can reopen your result later, edit your answers or start a new check.";"";"";"Marketing";"Prüfung erforderlich";"";"";"";"ui.share_modal.description";"ui";"en-CH";"3";"v1:d3fd3111d338f5b91a8afe35e5ff9a8bb19678817df79ce37aaec18b6ccdc349";"ff3f76bb54f5edf00b1629d5fb1133a93ed3ad0cd4a669881eec6133fd527123"
"Übergreifende Ergebnisdarstellung";"Navigation, Ergebnis & Bedienung";"Ergebnislink-Dialog";"Nächster Schritt";"Ergebnis-Link-Dialog, Kopierbutton";"Kopieren";"Copy";"";"";"Marketing";"Prüfung erforderlich";"";"";"";"ui.share_modal.copy";"ui";"en-CH";"3";"v1:d3fd3111d338f5b91a8afe35e5ff9a8bb19678817df79ce37aaec18b6ccdc349";"4817668651402fe78bdc2d895413084186985c9bbe2736e41b2ebedaa476fc19"
"Übergreifende Ergebnisdarstellung";"Navigation, Ergebnis & Bedienung";"Ergebnislink-Dialog";"Nächster Schritt";"Ergebnis-Link-Dialog, Schliessen-Button";"Schliessen";"Close";"";"";"Marketing";"Prüfung erforderlich";"";"";"";"ui.share_modal.close";"ui";"en-CH";"3";"v1:d3fd3111d338f5b91a8afe35e5ff9a8bb19678817df79ce37aaec18b6ccdc349";"2fd44c8e66ff72cbf4e053ec213314fff6fdce7abac5206a9373a0bfcb90f7f5"
"Übergreifende Ergebnisdarstellung";"Navigation, Ergebnis & Bedienung";"Ergebnislink-Dialog";"Rechtlicher Hinweis";"Ergebnis-Link-Dialog, Hinweis bei lokaler Doppelklick-Nutzung";"Hinweis zur lokalen Nutzung: Der Link enthält den lokalen Dateipfad. Er funktioniert nur auf diesem Gerät und solange die Anwendung am selben Speicherort bleibt.";"Note for local use: the link contains the local file path. It works only on this device and while the application remains in the same location.";"";"";"Marketing, Recht";"Prüfung erforderlich";"Technischer Hinweis für den bewusst aktivierten Standalone-Fallback; vor produktiver Nutzung durch Marketing und Datenschutz/Legal freigeben.";"";"";"ui.share_modal.local_file_warning";"ui";"en-CH";"3";"v1:d3fd3111d338f5b91a8afe35e5ff9a8bb19678817df79ce37aaec18b6ccdc349";"958d2113d70298746e420a922a6ea510ec7e4dfaf35fab0787a9fb16b989d908"
"Übergreifende Ergebnisdarstellung";"Navigation, Ergebnis & Bedienung";"Ergebnislink-Dialog";"Begründung / Einordnung";"Ergebnis-Link-Dialog, Fallback bei fehlgeschlagenem Kopieren";"Bitte den markierten Link manuell kopieren (Strg/Cmd + C).";"Please copy the selected link manually (Ctrl/Cmd + C).";"";"";"Marketing";"Prüfung erforderlich";"";"";"";"ui.share_modal.status.manual";"ui";"en-CH";"3";"v1:d3fd3111d338f5b91a8afe35e5ff9a8bb19678817df79ce37aaec18b6ccdc349";"18ad68d574e23c1992952680a9e043250c8adcd7d13b42476f8e1da160e9d430"
"Übergreifende Ergebnisdarstellung";"Navigation, Ergebnis & Bedienung";"Ergebnislink-Dialog";"Positive Rückmeldung";"Ergebnis-Link-Dialog, Status nach erfolgreichem Kopieren";"Link in die Zwischenablage kopiert.";"Link copied to the clipboard.";"";"";"Marketing";"Prüfung erforderlich";"";"";"";"ui.share_modal.status.copied";"ui";"en-CH";"3";"v1:d3fd3111d338f5b91a8afe35e5ff9a8bb19678817df79ce37aaec18b6ccdc349";"cdd5fa4f4feae9807dfeb6371a813b0dffcd3fa1f8ff7c30ccd4d24b3549f6cf"
"Übergreifende Ergebnisdarstellung";"Navigation, Ergebnis & Bedienung";"Ergebnislink-Dialog";"Begründung / Einordnung";"Ergebnis-Link-Dialog, Status vor dem Kopieren";"Tippen Sie auf „Kopieren“, um den Link zu sichern.";"Select “Copy” to save the link.";"";"";"Marketing";"Prüfung erforderlich";"";"";"";"ui.share_modal.status.prompt";"ui";"en-CH";"3";"v1:d3fd3111d338f5b91a8afe35e5ff9a8bb19678817df79ce37aaec18b6ccdc349";"a2e68e1584c630fc0e0601abda9fc991159468791b55dace8baa6e5de82d6803"
"Übergreifende Ergebnisdarstellung";"Navigation, Ergebnis & Bedienung";"Startseite";"Beschriftung";"Startseite, Einleitung";"Ihr persönlicher Gesundheitscheck";"Your personal Health Check";"";"";"Marketing";"Prüfung erforderlich";"";"";"";"ui.start.eyebrow";"ui";"en-CH";"3";"v1:d3fd3111d338f5b91a8afe35e5ff9a8bb19678817df79ce37aaec18b6ccdc349";"7556ab051be2931bdcd4e5189c9bb8bc61373088bd29449bde9c16f0a0e1e31e"
"Übergreifende Ergebnisdarstellung";"Navigation, Ergebnis & Bedienung";"Startseite";"Überschrift";"Startseite, Haupttitel";"Verstehen Sie Ihren Gesundheitszustand – und erkennen Sie, wo sich Handeln am meisten lohnt.";"Understand your health and discover where action can make the greatest difference.";"";"";"Marketing";"Prüfung erforderlich";"";"";"";"ui.start.title";"ui";"en-CH";"3";"v1:d3fd3111d338f5b91a8afe35e5ff9a8bb19678817df79ce37aaec18b6ccdc349";"8ae07e199d1ff39e553b62746183f3697895452d5472f1bc5068fc423c7248ae"
"Übergreifende Ergebnisdarstellung";"Navigation, Ergebnis & Bedienung";"Startseite";"Begründung / Einordnung";"Startseite, Einleitungstext";"In wenigen Minuten erhalten Sie eine motivierende Standortbestimmung über fünf Gesundheitsdimensionen, persönliche Empfehlungen und Ihre wirkungsvollsten nächsten Schritte.";"In just a few minutes, you will receive an encouraging snapshot across five health dimensions, personalised recommendations and your most effective next steps.";"";"";"Marketing";"Prüfung erforderlich";"";"";"";"ui.start.lead";"ui";"en-CH";"3";"v1:d3fd3111d338f5b91a8afe35e5ff9a8bb19678817df79ce37aaec18b6ccdc349";"a4d9dddc66fe3245cbc615fedb0461078cce753ac6768536b6fb36fd5caa2f83"
"Übergreifende Ergebnisdarstellung";"Navigation, Ergebnis & Bedienung";"Startseite";"Link label";"Startseite, Link zur Quellenseite";"Wissenschaftliche Grundlagen anzeigen";"View the scientific basis";"";"";"Marketing";"Prüfung erforderlich";"";"";"";"ui.start.sources_link";"ui";"en-CH";"3";"v1:d3fd3111d338f5b91a8afe35e5ff9a8bb19678817df79ce37aaec18b6ccdc349";"8cb0601f2b28442de1f11671d453bad252a452c986c78ab2ec3e6f890b378e19"
"Übergreifende Ergebnisdarstellung";"Navigation, Ergebnis & Bedienung";"Startseite";"Button";"Startseite, Check mit vorhandenem Fortschritt fortsetzen";"Check fortsetzen";"Continue check";"";"";"Marketing";"Prüfung erforderlich";"";"";"";"ui.start.button.continue";"ui";"en-CH";"3";"v1:d3fd3111d338f5b91a8afe35e5ff9a8bb19678817df79ce37aaec18b6ccdc349";"fd54276b72859ba9ac5db7171c01d5a557e9bb37597a1ac1622cceed643dea85"
"Übergreifende Ergebnisdarstellung";"Navigation, Ergebnis & Bedienung";"Startseite";"Button";"Startseite, neuen Check starten";"Check starten";"Start check";"";"";"Marketing";"Prüfung erforderlich";"";"";"";"ui.start.button.begin";"ui";"en-CH";"3";"v1:d3fd3111d338f5b91a8afe35e5ff9a8bb19678817df79ce37aaec18b6ccdc349";"b6bdbaef8094cf39436d9b1c79ff719f69656126e4adeb9b41c57ce81d663e37"
"Übergreifende Ergebnisdarstellung";"Navigation, Ergebnis & Bedienung";"Startseite";"Button";"Startseite, vorhandenen Check neu beginnen";"Neu beginnen";"Start again";"";"";"Marketing";"Prüfung erforderlich";"";"";"";"ui.start.button.restart";"ui";"en-CH";"3";"v1:d3fd3111d338f5b91a8afe35e5ff9a8bb19678817df79ce37aaec18b6ccdc349";"69156ca99e270830e94074945d9d101491274f539bdb84030f1271c071085814"
"Übergreifende Ergebnisdarstellung";"Navigation, Ergebnis & Bedienung";"Startseite";"Beschriftung";"Startseite, medizinischer Hinweis, Label";"Wichtig:";"Important:";"";"";"Marketing";"Prüfung erforderlich";"";"";"";"ui.start.disclaimer.title";"ui";"en-CH";"3";"v1:d3fd3111d338f5b91a8afe35e5ff9a8bb19678817df79ce37aaec18b6ccdc349";"638532a7fc9f9e12bb0bfea09403d8965840a54a83e109e37c9046de855f1b18"
"Übergreifende Ergebnisdarstellung";"Navigation, Ergebnis & Bedienung";"Startseite";"Disclaimer";"Startseite, medizinischer Hinweis";"Dieser Check ist keine medizinische Diagnose und ersetzt keine ärztliche Beratung. Er hilft Ihnen, Stärken und Handlungsfelder zu erkennen. Bei auffälligen Werten empfehlen wir, eine medizinische Fachperson einzubeziehen.";"This check is not a medical diagnosis and does not replace medical advice. It helps you identify strengths and areas for action. If any values are unusual, we recommend consulting a healthcare professional.";"";"";"Marketing, Medizin, Recht";"Prüfung erforderlich";"";"";"";"ui.start.disclaimer.body";"ui";"en-CH";"3";"v1:d3fd3111d338f5b91a8afe35e5ff9a8bb19678817df79ce37aaec18b6ccdc349";"55a3f54bff0f6211c1fade3a9395486de851362093ac9fd869508d116b8e8d54"
"Übergreifende Ergebnisdarstellung";"Navigation, Ergebnis & Bedienung";"Startseite";"Beschriftung";"Startseite, Vorteil evidenzbasiert";"Evidenzbasiert";"Evidence-based";"";"";"Marketing";"Prüfung erforderlich";"";"";"";"ui.start.point.evidence.title";"ui";"en-CH";"3";"v1:d3fd3111d338f5b91a8afe35e5ff9a8bb19678817df79ce37aaec18b6ccdc349";"2c66a62b3099c147244817a7da856b9f6d64e145c5568b43bf5e0a9ea61e8d12"
"Übergreifende Ergebnisdarstellung";"Navigation, Ergebnis & Bedienung";"Startseite";"Beschriftung";"Startseite, Vorteil evidenzbasiert, Erläuterung";"Orientiert an anerkannten Empfehlungen";"Guided by recognised recommendations";"";"";"Marketing";"Prüfung erforderlich";"";"";"";"ui.start.point.evidence.detail";"ui";"en-CH";"3";"v1:d3fd3111d338f5b91a8afe35e5ff9a8bb19678817df79ce37aaec18b6ccdc349";"ff6c6f42423fa38f11d610431fbbd05c3e850a798eab3fb2bad0134c8ce2982d"
"Übergreifende Ergebnisdarstellung";"Navigation, Ergebnis & Bedienung";"Startseite";"Beschriftung";"Startseite, Vorteil persönlich";"Persönlich";"Personalised";"";"";"Marketing";"Prüfung erforderlich";"";"";"";"ui.start.point.personal.title";"ui";"en-CH";"3";"v1:d3fd3111d338f5b91a8afe35e5ff9a8bb19678817df79ce37aaec18b6ccdc349";"ce1cf4d389ca2d8856d324fbf9afd5095a336da0d36d972a4d3a8802a8c97c49"
"Übergreifende Ergebnisdarstellung";"Navigation, Ergebnis & Bedienung";"Startseite";"Beschriftung";"Startseite, Vorteil persönlich, Erläuterung";"Auswertung auf Basis Ihrer Antworten";"Assessment based on your answers";"";"";"Marketing";"Prüfung erforderlich";"";"";"";"ui.start.point.personal.detail";"ui";"en-CH";"3";"v1:d3fd3111d338f5b91a8afe35e5ff9a8bb19678817df79ce37aaec18b6ccdc349";"1bf66faaf51e0e9171e5222db89853b6c3091e679e40470071bcbb9d632c5cd5"
"Übergreifende Ergebnisdarstellung";"Navigation, Ergebnis & Bedienung";"Startseite";"Beschriftung";"Startseite, Vorteil Datenschutz";"Privat";"Private";"";"";"Marketing";"Prüfung erforderlich";"";"";"";"ui.start.point.private.title";"ui";"en-CH";"3";"v1:d3fd3111d338f5b91a8afe35e5ff9a8bb19678817df79ce37aaec18b6ccdc349";"bba724e45ea10f6d4b170dd217db9d7349897d16bc85021eb24f9a92e9faf894"
"Übergreifende Ergebnisdarstellung";"Navigation, Ergebnis & Bedienung";"Startseite";"Beschriftung";"Startseite, Vorteil Datenschutz, Erläuterung";"Antworten bleiben auf Ihrem Gerät";"Your answers remain on your device";"";"";"Marketing";"Prüfung erforderlich";"";"";"";"ui.start.point.private.detail";"ui";"en-CH";"3";"v1:d3fd3111d338f5b91a8afe35e5ff9a8bb19678817df79ce37aaec18b6ccdc349";"ca1649fee9a02534a209e34755536e501dfeb58a161528bd2ee461ed63e5ceb4"
"Übergreifende Ergebnisdarstellung";"Weitere Empfehlungen";"Stärken";"Detailtext";"Fallback, wenn keine konkrete Stärke ausgewählt werden kann";"Auch wenn gerade vieles Aufmerksamkeit braucht: Hier haben Sie die solideste Grundlage, auf der sich aufbauen lässt.";"Even if several things currently need attention, this is your most solid foundation and gives you something to build on.";"";"";"Marketing, Medizin";"Prüfung erforderlich";"";"";"";"recommendation.strength.fallback.detail";"recommendations";"en-CH";"3";"v1:d3fd3111d338f5b91a8afe35e5ff9a8bb19678817df79ce37aaec18b6ccdc349";"904a4644b2ce09675a82f88b4baafca9c15860f697c7d8472a8cdf3a9414eb6b"
"Übergreifende Ergebnisdarstellung";"Weitere Empfehlungen";"Stärken";"Dynamischer Text";"Fallback, wenn keine konkrete Stärke ausgewählt werden kann";"{{dimensionTitle}} ist Ihr stabilster Bereich";"{{dimensionTitle}} is your most stable area";"";"";"Marketing";"Prüfung erforderlich";"";"{{dimensionTitle}}";"";"recommendation.strength.fallback.label";"recommendations";"en-CH";"3";"v1:d3fd3111d338f5b91a8afe35e5ff9a8bb19678817df79ce37aaec18b6ccdc349";"825ea2455113ed30242e6846d4b226f92bb77a35bd04a7a7ef066dcad62edb84"
