"Gesundheitsbereich";"Thema";"Seitenelement";"Textfunktion";"Kontext / Variante";"Deutscher Ausgangstext";"Aktueller Text";"Neuer Text";"Review-Kommentar";"Freigabe durch";"Freigabestatus";"Prüfhinweis";"Platzhalter";"Geschützte Begriffe";"ID (technisch)";"Domain (technisch)";"Sprache (technisch)";"Austauschformat (technisch)";"Quellversion (technisch)";"Zeilen-Hash (technisch)"
"Fragebogen";"Fragebogen";"Fragebogen";"Antwortoption";"Allgemeine Antwortoption für unterstützte Fragen";"Weiss ich nicht";"Je ne sais pas";"";"";"Marketing";"Prüfung erforderlich";"";"";"";"questionnaire.common.dont_know";"questionnaire";"fr-CH";"3";"v1:d69b55804c14335744a0a12a0aa976d1ec91e2438349a6a77f6bb61bec9ba1ac";"d63fc3ddd83df079e22805b68c8b78900ed51ab7a3b5db9fbbd700eb9e4ed0f2"
"Fragebogen";"Fragebogen";"Fragebogen";"Sicherheitshinweis";"Optionale Fitness-Kurztests, Sicherheitshinweis";"Bei körperlichen Einschränkungen oder Verletzungsrisiken sollte dieser Test nicht durchgeführt werden.";"N’effectuez pas ce test si vous avez des limitations physiques ou s’il présente un risque de blessure.";"";"";"Marketing, Medizin";"Prüfung erforderlich";"";"";"";"questionnaire.common.fitness_test_safety_note";"questionnaire";"fr-CH";"3";"v1:d69b55804c14335744a0a12a0aa976d1ec91e2438349a6a77f6bb61bec9ba1ac";"16fd4f806b02ac1737b4597046f70e29f3a57200cd9e9c7f147a59291e8b3099"
"Fragebogen";"Fragebogen";"Fragebogen";"Antwortoption";"Mentale Gesundheit, gemeinsame Zustimmungsskala";"Stimme völlig zu";"Tout à fait d’accord";"";"";"Marketing";"Prüfung erforderlich";"";"";"";"questionnaire.common.agreement.fully";"questionnaire";"fr-CH";"3";"v1:d69b55804c14335744a0a12a0aa976d1ec91e2438349a6a77f6bb61bec9ba1ac";"2df37241bb23af13dd407c9b5dc434f30f4223c713edf847aefbcdf31c3883a4"
"Fragebogen";"Fragebogen";"Fragebogen";"Antwortoption";"Mentale Gesundheit, gemeinsame Zustimmungsskala";"Stimme eher zu";"Plutôt d’accord";"";"";"Marketing";"Prüfung erforderlich";"";"";"";"questionnaire.common.agreement.mostly";"questionnaire";"fr-CH";"3";"v1:d69b55804c14335744a0a12a0aa976d1ec91e2438349a6a77f6bb61bec9ba1ac";"3971b749752b9273b30921e76e328dc31be6c3d37537b4825c75db83aeee9ef1"
"Fragebogen";"Fragebogen";"Fragebogen";"Antwortoption";"Mentale Gesundheit, gemeinsame Zustimmungsskala";"Stimme eher nicht zu";"Plutôt pas d’accord";"";"";"Marketing";"Prüfung erforderlich";"";"";"";"questionnaire.common.agreement.mostly_not";"questionnaire";"fr-CH";"3";"v1:d69b55804c14335744a0a12a0aa976d1ec91e2438349a6a77f6bb61bec9ba1ac";"3933f6e08d9a2b1b452d33c60b128d96ac1ef226780fc9c29be3c91b0b3881e6"
"Fragebogen";"Fragebogen";"Fragebogen";"Antwortoption";"Mentale Gesundheit, gemeinsame Zustimmungsskala";"Weder noch";"Ni l’un ni l’autre";"";"";"Marketing";"Prüfung erforderlich";"";"";"";"questionnaire.common.agreement.neutral";"questionnaire";"fr-CH";"3";"v1:d69b55804c14335744a0a12a0aa976d1ec91e2438349a6a77f6bb61bec9ba1ac";"6fee636e8aa09701bec9220c33fcb199fa3c59991e8269e2d9a3d0c5e9c19adc"
"Fragebogen";"Fragebogen";"Fragebogen";"Antwortoption";"Mentale Gesundheit, gemeinsame Zustimmungsskala";"Stimme gar nicht zu";"Pas du tout d’accord";"";"";"Marketing";"Prüfung erforderlich";"";"";"";"questionnaire.common.agreement.not_at_all";"questionnaire";"fr-CH";"3";"v1:d69b55804c14335744a0a12a0aa976d1ec91e2438349a6a77f6bb61bec9ba1ac";"5b7c3e944dc305b983339f9f8499d73066a7a3a7e88f9ef4aa585b97e727c0e9"
"Fragebogen";"Fragebogen";"Fragebogen";"Frage";"Frage «Alkohol» · Fragetext";"Wie häufig haben Sie im letzten Monat alkoholische Getränke konsumiert?";"À quelle fréquence avez-vous consommé des boissons alcoolisées au cours du dernier mois ?";"";"";"Marketing, Medizin";"Prüfung erforderlich";"";"";"";"questionnaire.question.alkohol.text";"questionnaire";"fr-CH";"3";"v1:d69b55804c14335744a0a12a0aa976d1ec91e2438349a6a77f6bb61bec9ba1ac";"7ae3eb7adb0c484991712aa241e6de23fa62cfd56526df9f993612566e8134fd"
"Fragebogen";"Fragebogen";"Fragebogen";"Hilfetext";"Frage «Alkohol» · Hilfetext";"Die Vorstellung, dass ein Glas Wein pro Tag gesund sei, ist ein Mythos, der auf fehlerhaften Studien beruht. Bereits in geringen Mengen erhöht Alkohol das Risiko für Krebs und Herz-Kreislauf-Erkrankungen. Auch das Suchtpotential von Alkohol, selbst bei geringen Mengen und regelmässigem Konsum, wird stark unterschätzt.";"L’idée selon laquelle un verre de vin par jour serait bon pour la santé est un mythe fondé sur des études erronées. Même en petite quantité, l’alcool augmente le risque de cancer et de maladies cardiovasculaires. Le potentiel de dépendance de l’alcool, même à faible dose et en cas de consommation régulière, est lui aussi fortement sous-estimé.";"";"";"Marketing, Medizin";"Prüfung erforderlich";"";"";"";"questionnaire.question.alkohol.help";"questionnaire";"fr-CH";"3";"v1:d69b55804c14335744a0a12a0aa976d1ec91e2438349a6a77f6bb61bec9ba1ac";"2ee74379cd2595d79d55040620dc3860a44bc86c66cc58c0ebc0bbd2068a890e"
"Fragebogen";"Fragebogen";"Fragebogen";"Titel des Hilfetexts";"Frage «Alkohol» · Titel des Hilfetexts";"Haben Sie gewusst?";"Le saviez-vous ?";"";"";"Marketing";"Prüfung erforderlich";"";"";"";"questionnaire.question.alkohol.help_title";"questionnaire";"fr-CH";"3";"v1:d69b55804c14335744a0a12a0aa976d1ec91e2438349a6a77f6bb61bec9ba1ac";"b51bb7d08be434d7be1d074e51929c16a09988fc0ddbe060b4787423f1249ece"
"Fragebogen";"Fragebogen";"Fragebogen";"Antwortoption";"Frage «Alkohol» · Antwortoption";"Keine Angaben";"Aucune indication";"";"";"Marketing";"Prüfung erforderlich";"";"";"";"questionnaire.question.alkohol.option.keine_angabe";"questionnaire";"fr-CH";"3";"v1:d69b55804c14335744a0a12a0aa976d1ec91e2438349a6a77f6bb61bec9ba1ac";"78b4fe959f9a2b63e2e6d4b43244c8664f45f39becbe41e429d957a837b9462e"
"Fragebogen";"Fragebogen";"Fragebogen";"Antwortoption";"Frage «Alkohol» · Antwortoption";"2–4 x pro Monat";"2 à 4 fois par mois";"";"";"Marketing";"Prüfung erforderlich";"";"";"";"questionnaire.question.alkohol.option.m1_4";"questionnaire";"fr-CH";"3";"v1:d69b55804c14335744a0a12a0aa976d1ec91e2438349a6a77f6bb61bec9ba1ac";"48a32812814dda5e0a96289c5980657f9ab3cd6a4b52e83ec9f58ca557dc6231"
"Fragebogen";"Fragebogen";"Fragebogen";"Antwortoption";"Frage «Alkohol» · Antwortoption";"Nie oder selten";"Jamais ou rarement";"";"";"Marketing";"Prüfung erforderlich";"";"";"";"questionnaire.question.alkohol.option.nie_selten";"questionnaire";"fr-CH";"3";"v1:d69b55804c14335744a0a12a0aa976d1ec91e2438349a6a77f6bb61bec9ba1ac";"418ad2ecae254c9ad1334111e97154b3f69f2410b2b7b64f114e07bb4734959f"
"Fragebogen";"Fragebogen";"Fragebogen";"Antwortoption";"Frage «Alkohol» · Antwortoption";"2–3 x pro Woche";"2 à 3 fois par semaine";"";"";"Marketing";"Prüfung erforderlich";"";"";"";"questionnaire.question.alkohol.option.w2_3";"questionnaire";"fr-CH";"3";"v1:d69b55804c14335744a0a12a0aa976d1ec91e2438349a6a77f6bb61bec9ba1ac";"6196289960eaa5375f857fe1874965b986f7fdd52b02f34d4e71d0365bde99ad"
"Fragebogen";"Fragebogen";"Fragebogen";"Antwortoption";"Frage «Alkohol» · Antwortoption";"4 x oder öfter pro Woche";"4 fois ou plus par semaine";"";"";"Marketing";"Prüfung erforderlich";"";"";"";"questionnaire.question.alkohol.option.w4plus";"questionnaire";"fr-CH";"3";"v1:d69b55804c14335744a0a12a0aa976d1ec91e2438349a6a77f6bb61bec9ba1ac";"88b9487d57c6d35a7653217d51c99e622863458a219310605b60549674787668"
"Fragebogen";"Fragebogen";"Fragebogen";"Eingabehinweis";"Frage «Alter» · Eingabehinweis";"z. B. 45";"p. ex. 45";"";"";"Marketing";"Prüfung erforderlich";"";"";"";"questionnaire.question.alter.placeholder";"questionnaire";"fr-CH";"3";"v1:d69b55804c14335744a0a12a0aa976d1ec91e2438349a6a77f6bb61bec9ba1ac";"a287d3e43c18ed5e22158ef292a4d9f8948d46d9c752f8acbb378d8f57cbfad3"
"Fragebogen";"Fragebogen";"Fragebogen";"Einheit";"Frage «Alter» · Einheit";"Jahre";"ans";"";"";"Marketing";"Prüfung erforderlich";"";"";"";"questionnaire.question.alter.unit";"questionnaire";"fr-CH";"3";"v1:d69b55804c14335744a0a12a0aa976d1ec91e2438349a6a77f6bb61bec9ba1ac";"438cd8851e2da9360837b3f44eb871bc8bf318f8b0e04389820ae0b3c687e933"
"Fragebogen";"Fragebogen";"Fragebogen";"Frage";"Frage «Alter» · Fragetext";"Bitte geben Sie Ihr Alter in Jahren an.";"Veuillez indiquer votre âge en années.";"";"";"Marketing, Medizin";"Prüfung erforderlich";"";"";"";"questionnaire.question.alter.text";"questionnaire";"fr-CH";"3";"v1:d69b55804c14335744a0a12a0aa976d1ec91e2438349a6a77f6bb61bec9ba1ac";"8fde841e4d7882bbe1ddb6a03b08d845dd0e4cdb4958a2a827f1fd619898365a"
"Fragebogen";"Fragebogen";"Fragebogen";"Frage";"Frage «Ausdauer intensiv» · Fragetext";"Wie viele Stunden intensive Ausdaueraktivität machen Sie pro Woche?";"Combien d’heures d’activité d’endurance intense pratiquez-vous par semaine ?";"";"";"Marketing, Medizin";"Prüfung erforderlich";"";"";"";"questionnaire.question.ausdauer_intensiv.text";"questionnaire";"fr-CH";"3";"v1:d69b55804c14335744a0a12a0aa976d1ec91e2438349a6a77f6bb61bec9ba1ac";"88e80eaed901b8a95c608ea70d7b4cc87a96fbf24a3dff46ad80ad181cd9c6ea"
"Fragebogen";"Fragebogen";"Fragebogen";"Hilfetext";"Frage «Ausdauer intensiv» · Hilfetext";"Sie geraten ins Schwitzen und können nur noch wenige Worte oder gar nicht mehr sprechen (z. B. Joggen, schnelles Radfahren, intensives Schwimmen).

<b>WHO-Empfehlung:</b> Mindestens 75 Minuten intensive Aktivität pro Woche, wobei jede Aktivitätsdauer zählt.";"Vous transpirez et ne pouvez plus prononcer que quelques mots, voire plus parler du tout (p. ex. jogging, vélo rapide, natation intensive).

<b>Recommandation de l’OMS :</b> au moins 75 minutes d’activité intense par semaine, chaque durée d’activité étant prise en compte.";"";"";"Marketing, Medizin";"Prüfung erforderlich";"";"";"";"questionnaire.question.ausdauer_intensiv.help";"questionnaire";"fr-CH";"3";"v1:d69b55804c14335744a0a12a0aa976d1ec91e2438349a6a77f6bb61bec9ba1ac";"26e4c07b1de37ee871a7d5925dc6d8c345ead746bc4e4dbe5f31983e6667acc6"
"Fragebogen";"Fragebogen";"Fragebogen";"Titel des Hilfetexts";"Frage «Ausdauer intensiv» · Titel des Hilfetexts";"Was bedeutet intensive Ausdaueraktivität?";"Qu’est-ce qu’une activité d’endurance intense ?";"";"";"Marketing";"Prüfung erforderlich";"";"";"";"questionnaire.question.ausdauer_intensiv.help_title";"questionnaire";"fr-CH";"3";"v1:d69b55804c14335744a0a12a0aa976d1ec91e2438349a6a77f6bb61bec9ba1ac";"13f6ee9bd5469781aa2e4d1c7a7d67165d5f7881b7a8af0c77bfa30197ccab4a"
"Fragebogen";"Fragebogen";"Fragebogen";"Antwortoption";"Frage «Ausdauer intensiv» · Antwortoption";"Keine";"Aucune";"";"";"Marketing";"Prüfung erforderlich";"";"";"";"questionnaire.question.ausdauer_intensiv.option.keine";"questionnaire";"fr-CH";"3";"v1:d69b55804c14335744a0a12a0aa976d1ec91e2438349a6a77f6bb61bec9ba1ac";"a9a4cfb1e0c37658bbf46e96cb5a85456cf2fb5cb463525ace6a642be0e7ff98"
"Fragebogen";"Fragebogen";"Fragebogen";"Antwortoption";"Frage «Ausdauer intensiv» · Antwortoption";"30 min – 1 h 15 min";"30 min – 1 h 15 min";"";"";"Marketing";"Prüfung erforderlich";"";"";"";"questionnaire.question.ausdauer_intensiv.option.m30_75";"questionnaire";"fr-CH";"3";"v1:d69b55804c14335744a0a12a0aa976d1ec91e2438349a6a77f6bb61bec9ba1ac";"504a8e70e6d4da5f2a71bb9e644d69138692225e7fbc6c2948d19bd05a14e35c"
"Fragebogen";"Fragebogen";"Fragebogen";"Antwortoption";"Frage «Ausdauer intensiv» · Antwortoption";"1 h 15 min – 2 h 30 min";"1 h 15 min – 2 h 30 min";"";"";"Marketing";"Prüfung erforderlich";"";"";"";"questionnaire.question.ausdauer_intensiv.option.m75_150";"questionnaire";"fr-CH";"3";"v1:d69b55804c14335744a0a12a0aa976d1ec91e2438349a6a77f6bb61bec9ba1ac";"9f67d60021908337006145b2963fdd42ca9a3cd29c7ec13c80e041c91444f75b"
"Fragebogen";"Fragebogen";"Fragebogen";"Antwortoption";"Frage «Ausdauer intensiv» · Antwortoption";"Weniger als 30 min";"Moins de 30 min";"";"";"Marketing";"Prüfung erforderlich";"";"";"";"questionnaire.question.ausdauer_intensiv.option.u30";"questionnaire";"fr-CH";"3";"v1:d69b55804c14335744a0a12a0aa976d1ec91e2438349a6a77f6bb61bec9ba1ac";"1b81f6fa1c438ed18d9700a8132d0d3019a8cff8585343fbe0d6dd08921c26ec"
"Fragebogen";"Fragebogen";"Fragebogen";"Antwortoption";"Frage «Ausdauer intensiv» · Antwortoption";"2 h 30 min oder mehr";"2 h 30 min ou plus";"";"";"Marketing";"Prüfung erforderlich";"";"";"";"questionnaire.question.ausdauer_intensiv.option.ue150";"questionnaire";"fr-CH";"3";"v1:d69b55804c14335744a0a12a0aa976d1ec91e2438349a6a77f6bb61bec9ba1ac";"1408a27ddb48f698affe17888e29e0c36e7e4908e4a0e47517498bbc3f7e8bf0"
"Fragebogen";"Fragebogen";"Fragebogen";"Frage";"Frage «Ausdauer moderat» · Fragetext";"Wie viele Stunden moderate Ausdaueraktivität machen Sie pro Woche?";"Combien d’heures d’activité d’endurance modérée pratiquez-vous par semaine ?";"";"";"Marketing, Medizin";"Prüfung erforderlich";"";"";"";"questionnaire.question.ausdauer_moderat.text";"questionnaire";"fr-CH";"3";"v1:d69b55804c14335744a0a12a0aa976d1ec91e2438349a6a77f6bb61bec9ba1ac";"a58a8cc093d626e0586d920a1ca3a41c5f825206d15f638c6dbb123921f1ebbe"
"Fragebogen";"Fragebogen";"Fragebogen";"Hilfetext";"Frage «Ausdauer moderat» · Hilfetext";"Sie atmen schneller als normal, können sich aber noch unterhalten (z. B. zügiges Gehen, langsames Radfahren, Schwimmen in mässigem Tempo).

<b>WHO-Empfehlung:</b> Mindestens 150 Minuten moderate Aktivität pro Woche, wobei jede Aktivitätsdauer zählt.";"Vous respirez plus vite que d’habitude, mais pouvez encore tenir une conversation (p. ex. marche rapide, vélo lent, natation à rythme modéré).

<b>Recommandation de l’OMS :</b> au moins 150 minutes d’activité modérée par semaine, chaque durée d’activité étant prise en compte.";"";"";"Marketing, Medizin";"Prüfung erforderlich";"";"";"";"questionnaire.question.ausdauer_moderat.help";"questionnaire";"fr-CH";"3";"v1:d69b55804c14335744a0a12a0aa976d1ec91e2438349a6a77f6bb61bec9ba1ac";"493da668cf63facf7fa93babc70d6b83c8fcbc289a857c882ba2c8592aea6027"
"Fragebogen";"Fragebogen";"Fragebogen";"Titel des Hilfetexts";"Frage «Ausdauer moderat» · Titel des Hilfetexts";"Was bedeutet moderate Ausdaueraktivität?";"Qu’est-ce qu’une activité d’endurance modérée ?";"";"";"Marketing";"Prüfung erforderlich";"";"";"";"questionnaire.question.ausdauer_moderat.help_title";"questionnaire";"fr-CH";"3";"v1:d69b55804c14335744a0a12a0aa976d1ec91e2438349a6a77f6bb61bec9ba1ac";"da11d5dd71811d916e95dfd73148ca1f36fc5270cd5392f660e47cb86c5b0bf3"
"Fragebogen";"Fragebogen";"Fragebogen";"Antwortoption";"Frage «Ausdauer moderat» · Antwortoption";"2 h 30 min – 5 h";"2 h 30 min – 5 h";"";"";"Marketing";"Prüfung erforderlich";"";"";"";"questionnaire.question.ausdauer_moderat.option.m150_300";"questionnaire";"fr-CH";"3";"v1:d69b55804c14335744a0a12a0aa976d1ec91e2438349a6a77f6bb61bec9ba1ac";"996f1d289b95d07b43461a0f81e0ea646b974abe8dd2745f78501316974e8b07"
"Fragebogen";"Fragebogen";"Fragebogen";"Antwortoption";"Frage «Ausdauer moderat» · Antwortoption";"30 min – 1 h 15 min";"30 min – 1 h 15 min";"";"";"Marketing";"Prüfung erforderlich";"";"";"";"questionnaire.question.ausdauer_moderat.option.m30_75";"questionnaire";"fr-CH";"3";"v1:d69b55804c14335744a0a12a0aa976d1ec91e2438349a6a77f6bb61bec9ba1ac";"34f60fd1aa9dccaf89bf38c95b61c7e2a88df388f9fcc22a09f91a35a60e9da5"
"Fragebogen";"Fragebogen";"Fragebogen";"Antwortoption";"Frage «Ausdauer moderat» · Antwortoption";"1 h 15 min – 2 h 30 min";"1 h 15 min – 2 h 30 min";"";"";"Marketing";"Prüfung erforderlich";"";"";"";"questionnaire.question.ausdauer_moderat.option.m75_150";"questionnaire";"fr-CH";"3";"v1:d69b55804c14335744a0a12a0aa976d1ec91e2438349a6a77f6bb61bec9ba1ac";"458b219084a3b625a1a85f7fa37178294b89895b0a61ab83d38eb827687a957b"
"Fragebogen";"Fragebogen";"Fragebogen";"Antwortoption";"Frage «Ausdauer moderat» · Antwortoption";"Weniger als 30 min";"Moins de 30 min";"";"";"Marketing";"Prüfung erforderlich";"";"";"";"questionnaire.question.ausdauer_moderat.option.u30";"questionnaire";"fr-CH";"3";"v1:d69b55804c14335744a0a12a0aa976d1ec91e2438349a6a77f6bb61bec9ba1ac";"0477ea970c059990b9407aa41d2c5f994e1ac531c0d36f1d89f0a99cc63f6ac8"
"Fragebogen";"Fragebogen";"Fragebogen";"Antwortoption";"Frage «Ausdauer moderat» · Antwortoption";"5 h oder mehr";"5 h ou plus";"";"";"Marketing";"Prüfung erforderlich";"";"";"";"questionnaire.question.ausdauer_moderat.option.ue300";"questionnaire";"fr-CH";"3";"v1:d69b55804c14335744a0a12a0aa976d1ec91e2438349a6a77f6bb61bec9ba1ac";"efce01674a3643dcac17a53567a00cf70a30c39e595f77c93193ec783640166f"
"Fragebogen";"Fragebogen";"Fragebogen";"Eingabehinweis";"Frage «Bauchumfang» · Eingabehinweis";"z. B. 92";"p. ex. 92";"";"";"Marketing";"Prüfung erforderlich";"";"";"";"questionnaire.question.bauchumfang.placeholder";"questionnaire";"fr-CH";"3";"v1:d69b55804c14335744a0a12a0aa976d1ec91e2438349a6a77f6bb61bec9ba1ac";"40055020763639a85d7e0e955d3d5f84298bbf34c2db6cbd2c5d0d5cd93e77e8"
"Fragebogen";"Fragebogen";"Fragebogen";"Einheit";"Frage «Bauchumfang» · Einheit";"cm";"cm";"";"";"Marketing";"Prüfung erforderlich";"";"";"";"questionnaire.question.bauchumfang.unit";"questionnaire";"fr-CH";"3";"v1:d69b55804c14335744a0a12a0aa976d1ec91e2438349a6a77f6bb61bec9ba1ac";"0ee89c88a9413307e9fc4a92ca29356bde3c04d207465fb107478a1c75fcb79f"
"Fragebogen";"Fragebogen";"Fragebogen";"Frage";"Frage «Bauchumfang» · Fragetext";"Kennen Sie Ihren Taillenumfang?";"Connaissez-vous votre tour de taille ?";"";"";"Marketing, Medizin";"Prüfung erforderlich";"";"";"";"questionnaire.question.bauchumfang.text";"questionnaire";"fr-CH";"3";"v1:d69b55804c14335744a0a12a0aa976d1ec91e2438349a6a77f6bb61bec9ba1ac";"a85a7020f978ac5396d4d267d2a366e17244b47f4d3bcf9d736d44fc190c478f"
"Fragebogen";"Fragebogen";"Fragebogen";"Hilfetext";"Frage «Bauchumfang» · Hilfetext";"Messen Sie nach normalem Ausatmen ungefähr auf halber Strecke zwischen der untersten tastbaren Rippe und der Oberkante des Beckenkamms. Bauchfett ist stoffwechselaktiv – das Verhältnis von Taille zu Körpergrösse ergänzt den BMI als praktischer Marker der zentralen Fettverteilung. Wenn Sie den Wert nicht kennen oder schwanger sind, lassen Sie das Feld einfach leer.";"Mesurez après une expiration normale, approximativement à mi-distance entre la dernière côte palpable et le bord supérieur de la crête iliaque. La graisse abdominale est métaboliquement active : le rapport tour de taille/taille complète l’IMC comme marqueur pratique de la répartition centrale des graisses. Si vous ne connaissez pas la valeur ou si vous êtes enceinte, laissez simplement le champ vide.";"";"";"Marketing, Medizin";"Prüfung erforderlich";"";"";"";"questionnaire.question.bauchumfang.help";"questionnaire";"fr-CH";"3";"v1:d69b55804c14335744a0a12a0aa976d1ec91e2438349a6a77f6bb61bec9ba1ac";"e6e88e4369e8a0001b4220ed5f6998761454e61fd5877f19181275764ee7d47c"
"Fragebogen";"Fragebogen";"Fragebogen";"Frage";"Frage «Belastbarkeit» · Fragetext";"Ich bewahre auch in schwierigen Situationen den Überblick und Ruhe.";"Même dans les situations difficiles, je garde une vue d’ensemble et mon calme.";"";"";"Marketing, Medizin";"Prüfung erforderlich";"";"";"";"questionnaire.question.belastbarkeit.text";"questionnaire";"fr-CH";"3";"v1:d69b55804c14335744a0a12a0aa976d1ec91e2438349a6a77f6bb61bec9ba1ac";"317858f86c7733f17d5ff40085be62b3fa6d90a5409ea3362e7e19a121dd872d"
"Fragebogen";"Fragebogen";"Fragebogen";"Frage";"Frage «Beweglichkeit» · Fragetext";"Wie schwer fällt es Ihnen, ohne Hilfe vom Boden aufzustehen?";"Dans quelle mesure avez-vous de la difficulté à vous relever du sol sans aide ?";"";"";"Marketing, Medizin";"Prüfung erforderlich";"";"";"";"questionnaire.question.beweglichkeit.text";"questionnaire";"fr-CH";"3";"v1:d69b55804c14335744a0a12a0aa976d1ec91e2438349a6a77f6bb61bec9ba1ac";"4d4911aaf20562805fa8f407ef477796501018c22a01e18f09ddffef24d551f6"
"Fragebogen";"Fragebogen";"Fragebogen";"Antwortoption";"Frage «Beweglichkeit» · Antwortoption";"Überhaupt nicht schwer";"Pas du tout difficile";"";"";"Marketing";"Prüfung erforderlich";"";"";"";"questionnaire.question.beweglichkeit.option.gar_nicht";"questionnaire";"fr-CH";"3";"v1:d69b55804c14335744a0a12a0aa976d1ec91e2438349a6a77f6bb61bec9ba1ac";"bdf70fefcb24c17089f726818802ac8ecf72b89eab18674c730d0f3844bbffb5"
"Fragebogen";"Fragebogen";"Fragebogen";"Antwortoption";"Frage «Beweglichkeit» · Antwortoption";"Mässig schwer";"Moyennement difficile";"";"";"Marketing";"Prüfung erforderlich";"";"";"";"questionnaire.question.beweglichkeit.option.maessig";"questionnaire";"fr-CH";"3";"v1:d69b55804c14335744a0a12a0aa976d1ec91e2438349a6a77f6bb61bec9ba1ac";"cffe061fd518573e9f1456b9bc0d2087fe57a4116e1fcf3a81db9f0c8f842786"
"Fragebogen";"Fragebogen";"Fragebogen";"Antwortoption";"Frage «Beweglichkeit» · Antwortoption";"Unmöglich";"Impossible";"";"";"Marketing";"Prüfung erforderlich";"";"";"";"questionnaire.question.beweglichkeit.option.nicht";"questionnaire";"fr-CH";"3";"v1:d69b55804c14335744a0a12a0aa976d1ec91e2438349a6a77f6bb61bec9ba1ac";"f4f9465b4bc27f0dedc74b064916286c50bd2f0dbc4904143ed0539a56de3ff2"
"Fragebogen";"Fragebogen";"Fragebogen";"Antwortoption";"Frage «Beweglichkeit» · Antwortoption";"Wenig schwer";"Un peu difficile";"";"";"Marketing";"Prüfung erforderlich";"";"";"";"questionnaire.question.beweglichkeit.option.wenig";"questionnaire";"fr-CH";"3";"v1:d69b55804c14335744a0a12a0aa976d1ec91e2438349a6a77f6bb61bec9ba1ac";"2c26cd518f21100048275f84eb707f6b60c55820cb1bf33a8e7a2d8f0a0383ee"
"Fragebogen";"Fragebogen";"Fragebogen";"Antwortoption";"Frage «Beweglichkeit» · Antwortoption";"Sehr schwer";"Très difficile";"";"";"Marketing";"Prüfung erforderlich";"";"";"";"questionnaire.question.beweglichkeit.option.ziemlich";"questionnaire";"fr-CH";"3";"v1:d69b55804c14335744a0a12a0aa976d1ec91e2438349a6a77f6bb61bec9ba1ac";"26e5c1e87d456fda73e7de732417af613d3cefaa67c2872ea406ef46cda8368f"
"Fragebogen";"Fragebogen";"Fragebogen";"Frage";"Frage «Bluthochdruck» · Fragetext";"Wurde bei Ihnen ärztlich Bluthochdruck festgestellt oder nehmen Sie Blutdruckmedikamente?";"Un médecin a-t-il diagnostiqué une hypertension chez vous ou prenez-vous des médicaments contre l’hypertension ?";"";"";"Marketing, Medizin";"Prüfung erforderlich";"";"";"";"questionnaire.question.bluthochdruck.text";"questionnaire";"fr-CH";"3";"v1:d69b55804c14335744a0a12a0aa976d1ec91e2438349a6a77f6bb61bec9ba1ac";"6874df6f620f0a5064fdbc9ea26502ea86d8164e198794810f13ece1cb5c4bfa"
"Fragebogen";"Fragebogen";"Fragebogen";"Hilfetext";"Frage «Bluthochdruck» · Hilfetext";"Bluthochdruck (ab ca. 140/90 mmHg) verläuft oft unbemerkt, lässt sich aber gut behandeln. Wenn Sie unsicher sind, lohnt sich eine Messung.";"L’hypertension (à partir d’environ 140/90 mmHg) passe souvent inaperçue, mais se traite bien. Si vous avez un doute, une mesure est utile.";"";"";"Marketing, Medizin";"Prüfung erforderlich";"";"";"";"questionnaire.question.bluthochdruck.help";"questionnaire";"fr-CH";"3";"v1:d69b55804c14335744a0a12a0aa976d1ec91e2438349a6a77f6bb61bec9ba1ac";"47cc46021277958641df91fa5cc2f63cb4013347aa8eb91450378b591c77c350"
"Fragebogen";"Fragebogen";"Fragebogen";"Antwortoption";"Frage «Bluthochdruck» · Antwortoption";"Ja";"Oui";"";"";"Marketing";"Prüfung erforderlich";"";"";"";"questionnaire.question.bluthochdruck.option.ja";"questionnaire";"fr-CH";"3";"v1:d69b55804c14335744a0a12a0aa976d1ec91e2438349a6a77f6bb61bec9ba1ac";"46519465fa1339bdcb7b41c5bd0edfaa044ad796a20f6dc352c240d295e3eeab"
"Fragebogen";"Fragebogen";"Fragebogen";"Antwortoption";"Frage «Bluthochdruck» · Antwortoption";"Nein";"Non";"";"";"Marketing";"Prüfung erforderlich";"";"";"";"questionnaire.question.bluthochdruck.option.nein";"questionnaire";"fr-CH";"3";"v1:d69b55804c14335744a0a12a0aa976d1ec91e2438349a6a77f6bb61bec9ba1ac";"4d642d2ceb55a3d2f1d0f26b4a9b21be36991b1d187489fe34e202c40eb152a2"
"Fragebogen";"Fragebogen";"Fragebogen";"Antwortoption";"Frage «Bluthochdruck» · Antwortoption";"Weiss ich nicht";"Je ne sais pas";"";"";"Marketing";"Prüfung erforderlich";"";"";"";"questionnaire.question.bluthochdruck.option.weiss_nicht";"questionnaire";"fr-CH";"3";"v1:d69b55804c14335744a0a12a0aa976d1ec91e2438349a6a77f6bb61bec9ba1ac";"83035248ccb20683a1c890282e4e3a2a6f426ce78f529ddce1b17e351b240630"
"Fragebogen";"Fragebogen";"Fragebogen";"Frage";"Frage «Coping» · Fragetext";"Ich finde auch in belastenden Situationen Wege, die mir helfen, klarzukommen.";"Même dans les situations éprouvantes, je trouve des moyens qui m’aident à y faire face.";"";"";"Marketing, Medizin";"Prüfung erforderlich";"";"";"";"questionnaire.question.coping.text";"questionnaire";"fr-CH";"3";"v1:d69b55804c14335744a0a12a0aa976d1ec91e2438349a6a77f6bb61bec9ba1ac";"b762eb9e642ddcec8dbd7749388161a6e7a1219fb1d9005a5a02cdeadf297a03"
"Fragebogen";"Fragebogen";"Fragebogen";"Eingabehinweis";"Frage «Einbeinstand» · Eingabehinweis";"z. B. 30";"p. ex. 30";"";"";"Marketing";"Prüfung erforderlich";"";"";"";"questionnaire.question.einbeinstand.placeholder";"questionnaire";"fr-CH";"3";"v1:d69b55804c14335744a0a12a0aa976d1ec91e2438349a6a77f6bb61bec9ba1ac";"a908b40603bb096c741641c1a3555fae909e3a54202813f5c6a40b519937fe94"
"Fragebogen";"Fragebogen";"Fragebogen";"Einheit";"Frage «Einbeinstand» · Einheit";"Sekunden";"secondes";"";"";"Marketing";"Prüfung erforderlich";"";"";"";"questionnaire.question.einbeinstand.unit";"questionnaire";"fr-CH";"3";"v1:d69b55804c14335744a0a12a0aa976d1ec91e2438349a6a77f6bb61bec9ba1ac";"db8fd303cb3cec6c14dfc7201dedfe597d278f8a94f3cae52da4024634d07085"
"Fragebogen";"Fragebogen";"Fragebogen";"Frage";"Frage «Einbeinstand» · Fragetext";"Wie lange können Sie auf einem Bein stehen, ohne sich festzuhalten? (optional)";"Combien de temps pouvez-vous tenir sur une jambe sans vous appuyer ? (facultatif)";"";"";"Marketing, Medizin";"Prüfung erforderlich";"";"";"";"questionnaire.question.einbeinstand.text";"questionnaire";"fr-CH";"3";"v1:d69b55804c14335744a0a12a0aa976d1ec91e2438349a6a77f6bb61bec9ba1ac";"1b945f35c904f06136f9093726317b80eb4b8ef8fe19935fd6b42227aa729e0e"
"Fragebogen";"Fragebogen";"Fragebogen";"Hilfetext";"Frage «Einbeinstand» · Hilfetext";"1 – Stellen Sie sich aufrecht hin, Füsse hüftbreit.
2 – Fixieren Sie Ihre Augen auf einen Punkt.
3 – Heben Sie ein Bein so an, dass der Fuss den Boden nicht berührt.
4 – Halten Sie das Gleichgewicht so lange wie möglich.

Stoppen Sie die Zeit, sobald der angehobene Fuss den Boden berührt.

Wiederholen Sie den Test mit jedem Bein und notieren Sie Ihren besten Wert. Ein grosser Unterschied zwischen den Beinen kann auf einen trainierbaren Unterschied hinweisen.

<b>Was der Einbeinstand-Test verrät:</b>
Der Test gibt unter den beschriebenen Bedingungen mit offenen Augen einen orientierenden Hinweis auf Ihr statisches Gleichgewicht und Ihre Koordination. Regelmässiges Üben kann die Balance verbessern und zu sicheren Alltagsbewegungen beitragen. Der Test ersetzt keine medizinische Untersuchung.";"1 – Tenez-vous droit, les pieds écartés à la largeur des hanches.
2 – Fixez du regard un point devant vous.
3 – Levez une jambe de manière à ce que le pied ne touche plus le sol.
4 – Gardez l’équilibre aussi longtemps que possible.

Arrêtez le chronomètre dès que le pied levé touche le sol.

Répétez le test avec chaque jambe et notez votre meilleure valeur. Une grande différence entre les jambes peut indiquer une différence susceptible d’être entraînée.

<b>Ce que révèle le test d’équilibre sur une jambe :</b>
Dans les conditions décrites, les yeux ouverts, ce test donne une indication sur votre équilibre statique et votre coordination. Une pratique régulière peut améliorer l’équilibre et contribuer à des mouvements quotidiens plus sûrs. Le test ne remplace pas un examen médical.";"";"";"Marketing, Medizin";"Prüfung erforderlich";"";"";"";"questionnaire.question.einbeinstand.help";"questionnaire";"fr-CH";"3";"v1:d69b55804c14335744a0a12a0aa976d1ec91e2438349a6a77f6bb61bec9ba1ac";"43e68083d98efd5e62eac9f27860f5506f3a31ba83a48b3cfe0d6dfb9533d144"
"Fragebogen";"Fragebogen";"Fragebogen";"Titel des Hilfetexts";"Frage «Einbeinstand» · Titel des Hilfetexts";"So führen Sie den Einbeinstand-Test korrekt aus";"Comment effectuer correctement le test d’équilibre sur une jambe";"";"";"Marketing";"Prüfung erforderlich";"";"";"";"questionnaire.question.einbeinstand.help_title";"questionnaire";"fr-CH";"3";"v1:d69b55804c14335744a0a12a0aa976d1ec91e2438349a6a77f6bb61bec9ba1ac";"7ca4daf04e8d3175dabc88fa27adc72906565bf6fe7479c4966ad857702432a2"
"Fragebogen";"Fragebogen";"Fragebogen";"Frage";"Frage «Einkaufstaschen» · Fragetext";"Wie schwer fällt es Ihnen, zwei volle Einkaufstaschen zu tragen?";"Dans quelle mesure avez-vous de la difficulté à porter deux sacs de courses pleins ?";"";"";"Marketing, Medizin";"Prüfung erforderlich";"";"";"";"questionnaire.question.einkaufstaschen.text";"questionnaire";"fr-CH";"3";"v1:d69b55804c14335744a0a12a0aa976d1ec91e2438349a6a77f6bb61bec9ba1ac";"de6ec86d1a55a3d7521b9d93be0894d05025a77b141195f230aa27c7390cb8b1"
"Fragebogen";"Fragebogen";"Fragebogen";"Antwortoption";"Frage «Einkaufstaschen» · Antwortoption";"Überhaupt nicht schwer";"Pas du tout difficile";"";"";"Marketing";"Prüfung erforderlich";"";"";"";"questionnaire.question.einkaufstaschen.option.gar_nicht";"questionnaire";"fr-CH";"3";"v1:d69b55804c14335744a0a12a0aa976d1ec91e2438349a6a77f6bb61bec9ba1ac";"16e3540284364957ac76983079c7c6dd27fd8f5f4c9bbe2c36f2eb36e24759a9"
"Fragebogen";"Fragebogen";"Fragebogen";"Antwortoption";"Frage «Einkaufstaschen» · Antwortoption";"Mässig schwer";"Moyennement difficile";"";"";"Marketing";"Prüfung erforderlich";"";"";"";"questionnaire.question.einkaufstaschen.option.maessig";"questionnaire";"fr-CH";"3";"v1:d69b55804c14335744a0a12a0aa976d1ec91e2438349a6a77f6bb61bec9ba1ac";"309cff62e578a89b44223495d2b01762fe8b5ec123911450dfcc0f082e404b02"
"Fragebogen";"Fragebogen";"Fragebogen";"Antwortoption";"Frage «Einkaufstaschen» · Antwortoption";"Unmöglich";"Impossible";"";"";"Marketing";"Prüfung erforderlich";"";"";"";"questionnaire.question.einkaufstaschen.option.nicht";"questionnaire";"fr-CH";"3";"v1:d69b55804c14335744a0a12a0aa976d1ec91e2438349a6a77f6bb61bec9ba1ac";"0afd4763b1383f6438747a209cbc05346025b4d5552aab251073238614bb164f"
"Fragebogen";"Fragebogen";"Fragebogen";"Antwortoption";"Frage «Einkaufstaschen» · Antwortoption";"Wenig schwer";"Un peu difficile";"";"";"Marketing";"Prüfung erforderlich";"";"";"";"questionnaire.question.einkaufstaschen.option.wenig";"questionnaire";"fr-CH";"3";"v1:d69b55804c14335744a0a12a0aa976d1ec91e2438349a6a77f6bb61bec9ba1ac";"15fdf2232e7ec75c40698f458d2c0ebf321fd19384aa758000afc74e3a2365f5"
"Fragebogen";"Fragebogen";"Fragebogen";"Antwortoption";"Frage «Einkaufstaschen» · Antwortoption";"Sehr schwer";"Très difficile";"";"";"Marketing";"Prüfung erforderlich";"";"";"";"questionnaire.question.einkaufstaschen.option.ziemlich";"questionnaire";"fr-CH";"3";"v1:d69b55804c14335744a0a12a0aa976d1ec91e2438349a6a77f6bb61bec9ba1ac";"f04630efb56403fe34f88512298a171e5cd7fa5b50b5e223eb02d9ab0b380a94"
"Fragebogen";"Fragebogen";"Fragebogen";"Frage";"Frage «Familie hk» · Fragetext";"Sind bei Ihren Eltern, Geschwistern oder eigenen Kindern Herz-Kreislauf-Erkrankungen, Typ-2-Diabetes, Krebs oder bekannte erblich bedingte Erkrankungen aufgetreten?";"Des maladies cardiovasculaires, un diabète de type 2, un cancer ou des maladies héréditaires connues sont-ils survenus chez vos parents, vos frères et sœurs ou vos enfants ?";"";"";"Marketing, Medizin";"Prüfung erforderlich";"";"";"";"questionnaire.question.familie_hk.text";"questionnaire";"fr-CH";"3";"v1:d69b55804c14335744a0a12a0aa976d1ec91e2438349a6a77f6bb61bec9ba1ac";"a4b6f0bd3225e4a4327ce405450f569bf965b435b406fccd4eb5590058fd0c3c"
"Fragebogen";"Fragebogen";"Fragebogen";"Hilfetext";"Frage «Familie hk» · Hilfetext";"Für die Vorsorge sind drei Angaben besonders hilfreich: welche Erkrankung aufgetreten ist, bei wem und ungefähr in welchem Alter. Bei Krebs ist zusätzlich die Krebsart wichtig. Sie müssen diese Angaben hier nicht erfassen – es kann aber sinnvoll sein, sie für ein Vorsorgegespräch zusammenzutragen. Eine familiäre Belastung bedeutet nicht, dass Sie selbst erkranken werden.";"Trois informations sont particulièrement utiles pour la prévention : la maladie concernée, la personne touchée et son âge approximatif au moment du diagnostic. Pour un cancer, le type de cancer compte également. Vous ne devez pas saisir ces informations ici, mais il peut être utile de les réunir en vue d’un entretien de prévention. Des antécédents familiaux ne signifient pas que vous développerez vous-même la maladie.";"";"";"Marketing, Medizin";"Prüfung erforderlich";"";"";"";"questionnaire.question.familie_hk.help";"questionnaire";"fr-CH";"3";"v1:d69b55804c14335744a0a12a0aa976d1ec91e2438349a6a77f6bb61bec9ba1ac";"370132e04a2efeae51c7aaf9a7de0f636e09f093d7aa36b4bc57972abb1f8bbe"
"Fragebogen";"Fragebogen";"Fragebogen";"Antwortoption";"Frage «Familie hk» · Antwortoption";"Ja";"Oui";"";"";"Marketing";"Prüfung erforderlich";"";"";"";"questionnaire.question.familie_hk.option.ja";"questionnaire";"fr-CH";"3";"v1:d69b55804c14335744a0a12a0aa976d1ec91e2438349a6a77f6bb61bec9ba1ac";"c582205d9be70d46b010e3a247eaaed54dc734e9e5dea6255e7b154c0398233a"
"Fragebogen";"Fragebogen";"Fragebogen";"Antwortoption";"Frage «Familie hk» · Antwortoption";"Nein, soweit bekannt";"Non, à ma connaissance";"";"";"Marketing";"Prüfung erforderlich";"";"";"";"questionnaire.question.familie_hk.option.nein";"questionnaire";"fr-CH";"3";"v1:d69b55804c14335744a0a12a0aa976d1ec91e2438349a6a77f6bb61bec9ba1ac";"b595ebecfe8e474a9368664c8ec10541f5d98764b77d07f4bbbcb66070373a06"
"Fragebogen";"Fragebogen";"Fragebogen";"Antwortoption";"Frage «Familie hk» · Antwortoption";"Nur teilweise bekannt";"Seulement en partie";"";"";"Marketing";"Prüfung erforderlich";"";"";"";"questionnaire.question.familie_hk.option.teilweise";"questionnaire";"fr-CH";"3";"v1:d69b55804c14335744a0a12a0aa976d1ec91e2438349a6a77f6bb61bec9ba1ac";"e27dc9fba03e6e06154365ddeaad9ceb62dd59b4e5ed95fb984917d8edbcf794"
"Fragebogen";"Fragebogen";"Fragebogen";"Antwortoption";"Frage «Familie hk» · Antwortoption";"Weiss ich nicht";"Je ne sais pas";"";"";"Marketing";"Prüfung erforderlich";"";"";"";"questionnaire.question.familie_hk.option.weiss_nicht";"questionnaire";"fr-CH";"3";"v1:d69b55804c14335744a0a12a0aa976d1ec91e2438349a6a77f6bb61bec9ba1ac";"1d79cc9f6fdf5cdb4fecc93784e6652bab709b350a27c34e14b203942bb72e3e"
"Fragebogen";"Fragebogen";"Fragebogen";"Frage";"Frage «Familienwissen» · Fragetext";"Wissen Sie, welche Vorsorgeuntersuchungen für Sie persönlich aktuell sinnvoll sind?";"Savez-vous quels examens préventifs sont actuellement indiqués pour vous personnellement ?";"";"";"Marketing, Medizin";"Prüfung erforderlich";"";"";"";"questionnaire.question.familienwissen.text";"questionnaire";"fr-CH";"3";"v1:d69b55804c14335744a0a12a0aa976d1ec91e2438349a6a77f6bb61bec9ba1ac";"10abe60d58889f1ad5f31556c45e5cf6517755e50bc433a75bc644690ffad659"
"Fragebogen";"Fragebogen";"Fragebogen";"Hilfetext";"Frage «Familienwissen» · Hilfetext";"Welche Untersuchungen sinnvoll sind, hängt unter anderem von Ihrem Alter, Ihren persönlichen Werten und Ihrer Familiengeschichte ab. Verlässliche Informationen und ein Gespräch mit einer medizinischen Fachperson helfen, Nutzen, Zeitpunkt und Abstände passend festzulegen.";"Les examens appropriés dépendent notamment de votre âge, de vos valeurs de santé personnelles et de vos antécédents familiaux. Des informations fiables et un échange avec une professionnelle ou un professionnel de santé vous aideront à déterminer quels examens sont utiles, à quel moment et à quelle fréquence.";"";"";"Marketing, Medizin";"Prüfung erforderlich";"";"";"";"questionnaire.question.familienwissen.help";"questionnaire";"fr-CH";"3";"v1:d69b55804c14335744a0a12a0aa976d1ec91e2438349a6a77f6bb61bec9ba1ac";"ab633aead47889f627a2413ae9164663838658a139211b49c1dc5986000329aa"
"Fragebogen";"Fragebogen";"Fragebogen";"Titel des Hilfetexts";"Frage «Familienwissen» · Titel des Hilfetexts";"Haben Sie gewusst?";"Le saviez-vous ?";"";"";"Marketing";"Prüfung erforderlich";"";"";"";"questionnaire.question.familienwissen.help_title";"questionnaire";"fr-CH";"3";"v1:d69b55804c14335744a0a12a0aa976d1ec91e2438349a6a77f6bb61bec9ba1ac";"53592cf636137f9d999456cb778a4505910f1380e1ff85696bbdebe82266e76a"
"Fragebogen";"Fragebogen";"Fragebogen";"Antwortoption";"Frage «Familienwissen» · Antwortoption";"Ja";"Oui";"";"";"Marketing";"Prüfung erforderlich";"";"";"";"questionnaire.question.familienwissen.option.ja";"questionnaire";"fr-CH";"3";"v1:d69b55804c14335744a0a12a0aa976d1ec91e2438349a6a77f6bb61bec9ba1ac";"a48602ed41719fb0ed79ff826fefae4276257557c20c4d9569d80ab4c7bcf4d6"
"Fragebogen";"Fragebogen";"Fragebogen";"Antwortoption";"Frage «Familienwissen» · Antwortoption";"Nein";"Non";"";"";"Marketing";"Prüfung erforderlich";"";"";"";"questionnaire.question.familienwissen.option.nein";"questionnaire";"fr-CH";"3";"v1:d69b55804c14335744a0a12a0aa976d1ec91e2438349a6a77f6bb61bec9ba1ac";"c2781b039d30e7af0a8894764e210bdf03c47fd5a98c1f5bad5c8365991dc1af"
"Fragebogen";"Fragebogen";"Fragebogen";"Antwortoption";"Frage «Familienwissen» · Antwortoption";"Teilweise";"Partiellement";"";"";"Marketing";"Prüfung erforderlich";"";"";"";"questionnaire.question.familienwissen.option.teilweise";"questionnaire";"fr-CH";"3";"v1:d69b55804c14335744a0a12a0aa976d1ec91e2438349a6a77f6bb61bec9ba1ac";"7f69645490e1fd9005afd3344a3e3c8586338535c60d1451e72e3b63b0a1d8ca"
"Fragebogen";"Fragebogen";"Fragebogen";"Frage";"Frage «Geschlecht» · Fragetext";"Bitte wählen Sie Ihr biologisches Geschlecht aus.";"Veuillez sélectionner votre sexe biologique.";"";"";"Marketing, Medizin";"Prüfung erforderlich";"";"";"";"questionnaire.question.geschlecht.text";"questionnaire";"fr-CH";"3";"v1:d69b55804c14335744a0a12a0aa976d1ec91e2438349a6a77f6bb61bec9ba1ac";"c9e62e918151f4fc61f9ba00435676b149c0a5d774aeb26743a75649f3668168"
"Fragebogen";"Fragebogen";"Fragebogen";"Antwortoption";"Frage «Geschlecht» · Antwortoption";"Intersex";"Intersexe";"";"";"Marketing";"Prüfung erforderlich";"";"";"";"questionnaire.question.geschlecht.option.intersex";"questionnaire";"fr-CH";"3";"v1:d69b55804c14335744a0a12a0aa976d1ec91e2438349a6a77f6bb61bec9ba1ac";"ca0df823f0cfc7793e9bbb45f6f384eced2ba56002d3421b5dad23601540b852"
"Fragebogen";"Fragebogen";"Fragebogen";"Antwortoption";"Frage «Geschlecht» · Antwortoption";"Männlich";"Masculin";"";"";"Marketing";"Prüfung erforderlich";"";"";"";"questionnaire.question.geschlecht.option.maennlich";"questionnaire";"fr-CH";"3";"v1:d69b55804c14335744a0a12a0aa976d1ec91e2438349a6a77f6bb61bec9ba1ac";"9aa631d0153750a4341908854fe67b54c70b4f29ccd562de798e7950bcf066ea"
"Fragebogen";"Fragebogen";"Fragebogen";"Antwortoption";"Frage «Geschlecht» · Antwortoption";"Weiblich";"Féminin";"";"";"Marketing";"Prüfung erforderlich";"";"";"";"questionnaire.question.geschlecht.option.weiblich";"questionnaire";"fr-CH";"3";"v1:d69b55804c14335744a0a12a0aa976d1ec91e2438349a6a77f6bb61bec9ba1ac";"4885c2c6a8ca91f43dbf1aebd66a78012509f7feede79cbbcd724e935904cf3f"
"Fragebogen";"Fragebogen";"Fragebogen";"Eingabehinweis";"Frage «Gewicht» · Eingabehinweis";"z. B. 78";"p. ex. 78";"";"";"Marketing";"Prüfung erforderlich";"";"";"";"questionnaire.question.gewicht.placeholder";"questionnaire";"fr-CH";"3";"v1:d69b55804c14335744a0a12a0aa976d1ec91e2438349a6a77f6bb61bec9ba1ac";"9d507567567919852bbfa69ca6e35fcdb2bcfc0075135837976a44ca84eadb11"
"Fragebogen";"Fragebogen";"Fragebogen";"Einheit";"Frage «Gewicht» · Einheit";"kg";"kg";"";"";"Marketing";"Prüfung erforderlich";"";"";"";"questionnaire.question.gewicht.unit";"questionnaire";"fr-CH";"3";"v1:d69b55804c14335744a0a12a0aa976d1ec91e2438349a6a77f6bb61bec9ba1ac";"9aa4ad9d170b1edd29db3640d5b101bdc0977baa83c0bef4be36c17430d8558d"
"Fragebogen";"Fragebogen";"Fragebogen";"Frage";"Frage «Gewicht» · Fragetext";"Bitte geben Sie Ihr Gewicht in Kilogramm an.";"Veuillez indiquer votre poids en kilogrammes.";"";"";"Marketing, Medizin";"Prüfung erforderlich";"";"";"";"questionnaire.question.gewicht.text";"questionnaire";"fr-CH";"3";"v1:d69b55804c14335744a0a12a0aa976d1ec91e2438349a6a77f6bb61bec9ba1ac";"d50d434dc688975ad4f875b2fd324f7493d0c9f44e102c43adfa13e9a9c13e53"
"Fragebogen";"Fragebogen";"Fragebogen";"Eingabehinweis";"Frage «Groesse» · Eingabehinweis";"z. B. 175";"p. ex. 175";"";"";"Marketing";"Prüfung erforderlich";"";"";"";"questionnaire.question.groesse.placeholder";"questionnaire";"fr-CH";"3";"v1:d69b55804c14335744a0a12a0aa976d1ec91e2438349a6a77f6bb61bec9ba1ac";"d25da5033325f3cf10c39dad66d7fa90f425da28b0c5c9548886b4be7dfbdc78"
"Fragebogen";"Fragebogen";"Fragebogen";"Einheit";"Frage «Groesse» · Einheit";"cm";"cm";"";"";"Marketing";"Prüfung erforderlich";"";"";"";"questionnaire.question.groesse.unit";"questionnaire";"fr-CH";"3";"v1:d69b55804c14335744a0a12a0aa976d1ec91e2438349a6a77f6bb61bec9ba1ac";"45fa47d1b01cc1c3e6d610eda5bd7127f1ed157e9baab15ec223f9cfd1a1852d"
"Fragebogen";"Fragebogen";"Fragebogen";"Frage";"Frage «Groesse» · Fragetext";"Bitte geben Sie Ihre Grösse in Zentimetern an.";"Veuillez indiquer votre taille en centimètres.";"";"";"Marketing, Medizin";"Prüfung erforderlich";"";"";"";"questionnaire.question.groesse.text";"questionnaire";"fr-CH";"3";"v1:d69b55804c14335744a0a12a0aa976d1ec91e2438349a6a77f6bb61bec9ba1ac";"5e9121d6bf6a2f64f23757833f2553299ed3caf47ce55f57743bf7b716ec1414"
"Fragebogen";"Fragebogen";"Fragebogen";"Frage";"Frage «Krafttraining» · Fragetext";"An wie vielen Tagen pro Woche machen Sie Krafttraining?";"Combien de jours par semaine faites-vous de la musculation ?";"";"";"Marketing, Medizin";"Prüfung erforderlich";"";"";"";"questionnaire.question.krafttraining.text";"questionnaire";"fr-CH";"3";"v1:d69b55804c14335744a0a12a0aa976d1ec91e2438349a6a77f6bb61bec9ba1ac";"2667e92beacbe88f54a568b5ee476939a39c16b356d793aa0e2959e907885704"
"Fragebogen";"Fragebogen";"Fragebogen";"Hilfetext";"Frage «Krafttraining» · Hilfetext";"Muskelkräftigende Übungen mit Gewichten, Geräten oder dem eigenen Körpergewicht (z. B. Liegestütze, Kniebeugen oder Hanteltraining).

<b>WHO-Empfehlung:</b> Mindestens zweimal pro Woche für alle wichtigen Muskelgruppen.";"Exercices de renforcement musculaire avec des poids, des appareils ou le poids du corps (p. ex. pompes, squats ou entraînement avec des haltères).

<b>Recommandation de l’OMS :</b> au moins deux fois par semaine pour tous les principaux groupes musculaires.";"";"";"Marketing, Medizin";"Prüfung erforderlich";"";"";"";"questionnaire.question.krafttraining.help";"questionnaire";"fr-CH";"3";"v1:d69b55804c14335744a0a12a0aa976d1ec91e2438349a6a77f6bb61bec9ba1ac";"ac275947a44705b4d76abe7c95b2364189cfc16b83615e78877d8ecaec205dd1"
"Fragebogen";"Fragebogen";"Fragebogen";"Titel des Hilfetexts";"Frage «Krafttraining» · Titel des Hilfetexts";"Was ist Krafttraining?";"Qu’est-ce que la musculation ?";"";"";"Marketing";"Prüfung erforderlich";"";"";"";"questionnaire.question.krafttraining.help_title";"questionnaire";"fr-CH";"3";"v1:d69b55804c14335744a0a12a0aa976d1ec91e2438349a6a77f6bb61bec9ba1ac";"11e1db3e1ca4e3f97d7dbda6dc17a8087bc2f3c0ef81a88337dafb7998548404"
"Fragebogen";"Fragebogen";"Fragebogen";"Antwortoption";"Frage «Krafttraining» · Antwortoption";"0 Tage";"0 jour";"";"";"Marketing";"Prüfung erforderlich";"";"";"";"questionnaire.question.krafttraining.option.tage0";"questionnaire";"fr-CH";"3";"v1:d69b55804c14335744a0a12a0aa976d1ec91e2438349a6a77f6bb61bec9ba1ac";"94e83c94baccec7d61c1baa34087775d0923e490e1e07933bfca8f7358f200f6"
"Fragebogen";"Fragebogen";"Fragebogen";"Antwortoption";"Frage «Krafttraining» · Antwortoption";"1 Tag";"1 jour";"";"";"Marketing";"Prüfung erforderlich";"";"";"";"questionnaire.question.krafttraining.option.tage1";"questionnaire";"fr-CH";"3";"v1:d69b55804c14335744a0a12a0aa976d1ec91e2438349a6a77f6bb61bec9ba1ac";"76762a50ae9ff3606f391bddc3d97f627684b13f07190f1c97532d91341c7ad0"
"Fragebogen";"Fragebogen";"Fragebogen";"Antwortoption";"Frage «Krafttraining» · Antwortoption";"2 Tage";"2 jours";"";"";"Marketing";"Prüfung erforderlich";"";"";"";"questionnaire.question.krafttraining.option.tage2";"questionnaire";"fr-CH";"3";"v1:d69b55804c14335744a0a12a0aa976d1ec91e2438349a6a77f6bb61bec9ba1ac";"65e177a8800e3bf4b40e489b054d56799f0dd52b2515e5b94deefc917829bf97"
"Fragebogen";"Fragebogen";"Fragebogen";"Antwortoption";"Frage «Krafttraining» · Antwortoption";"3 Tage oder mehr";"3 jours ou plus";"";"";"Marketing";"Prüfung erforderlich";"";"";"";"questionnaire.question.krafttraining.option.tage3plus";"questionnaire";"fr-CH";"3";"v1:d69b55804c14335744a0a12a0aa976d1ec91e2438349a6a77f6bb61bec9ba1ac";"34e47bb19042b983c8c92cc51721f8279203c4de5a159ae2a617e55ee7d0f658"
"Fragebogen";"Fragebogen";"Fragebogen";"Eingabehinweis";"Frage «Liegestuetze» · Eingabehinweis";"z. B. 15";"p. ex. 15";"";"";"Marketing";"Prüfung erforderlich";"";"";"";"questionnaire.question.liegestuetze.placeholder";"questionnaire";"fr-CH";"3";"v1:d69b55804c14335744a0a12a0aa976d1ec91e2438349a6a77f6bb61bec9ba1ac";"a7ca28ad6097aa09909739800fb4ae24a695c7ca13829e179e671eb9d340a312"
"Fragebogen";"Fragebogen";"Fragebogen";"Einheit";"Frage «Liegestuetze» · Einheit";"Wiederholungen";"répétitions";"";"";"Marketing";"Prüfung erforderlich";"";"";"";"questionnaire.question.liegestuetze.unit";"questionnaire";"fr-CH";"3";"v1:d69b55804c14335744a0a12a0aa976d1ec91e2438349a6a77f6bb61bec9ba1ac";"e0166b5a782d7900d5086f448cf53c900dcfe95e807c93c34afc29f16ff430a1"
"Fragebogen";"Fragebogen";"Fragebogen";"Frage";"Frage «Liegestuetze» · Fragetext";"Wie viele Liegestütze können Sie ohne Unterbrechung korrekt ausführen? (optional)";"Combien de pompes pouvez-vous effectuer correctement sans interruption ? (facultatif)";"";"";"Marketing, Medizin";"Prüfung erforderlich";"";"";"";"questionnaire.question.liegestuetze.text";"questionnaire";"fr-CH";"3";"v1:d69b55804c14335744a0a12a0aa976d1ec91e2438349a6a77f6bb61bec9ba1ac";"ef12a58dd38c601d0b1eb62fd1ca42fbcc0e3f3667c2731a2757b9b9030e63b0"
"Fragebogen";"Fragebogen";"Fragebogen";"Hilfetext";"Frage «Liegestuetze» · Hilfetext";"<b>Für alle Geschlechter gilt dieselbe Standard-Ausführung:</b>
1 – Auf den Bauch legen, Hände etwa schulterbreit platzieren und auf den Zehen abstützen.
2 – Arme strecken; der Körper bildet vom Kopf bis zu den Fersen eine gerade Linie.
3 – Den Körper kontrolliert absenken, bis die Brust fast den Boden berührt und die Ellbogen mindestens etwa 90° gebeugt sind.
4 – Wieder vollständig in die Ausgangsposition hochdrücken.

Ohne Pause mit sauberer Form wiederholen. Beenden Sie den Test, sobald Sie die korrekte Ausführung nach einem Korrekturversuch nicht mehr halten können.

<b>Was der Liegestütz-Test verrät:</b>
Liegestütze messen die Kraftausdauer von Brust, Schultern, Armen und Rumpf. Starke Oberkörpermuskeln sind wichtig für Alltagstätigkeiten wie Tragen oder Aufstehen und helfen, Sturzverletzungen zu vermeiden.";"<b>La même exécution standard s’applique à tous les genres :</b>
1 – Allongez-vous sur le ventre, placez les mains à peu près à la largeur des épaules et prenez appui sur la pointe des pieds.
2 – Tendez les bras ; le corps doit former une ligne droite de la tête aux talons.
3 – Abaissez le corps de manière contrôlée jusqu’à ce que la poitrine touche presque le sol et que les coudes soient fléchis à environ 90° au moins.
4 – Repoussez complètement pour revenir à la position de départ.

Répétez sans pause en gardant une exécution correcte. Arrêtez le test dès que vous ne parvenez plus à corriger votre technique après un rappel.

<b>Ce que révèle le test des pompes :</b>
Les pompes mesurent l’endurance musculaire de la poitrine, des épaules, des bras et du tronc. Des muscles du haut du corps solides sont importants pour les activités quotidiennes telles que porter des objets ou se relever et contribuent à prévenir les blessures dues aux chutes.";"";"";"Marketing, Medizin";"Prüfung erforderlich";"";"";"";"questionnaire.question.liegestuetze.help";"questionnaire";"fr-CH";"3";"v1:d69b55804c14335744a0a12a0aa976d1ec91e2438349a6a77f6bb61bec9ba1ac";"d88872d66535a1c2327603c75b1ae3de2b9e01466b7d91a3020a4a2c2f9b0add"
"Fragebogen";"Fragebogen";"Fragebogen";"Titel des Hilfetexts";"Frage «Liegestuetze» · Titel des Hilfetexts";"So führen Sie den Liegestütz-Test korrekt aus";"Comment effectuer correctement le test des pompes";"";"";"Marketing";"Prüfung erforderlich";"";"";"";"questionnaire.question.liegestuetze.help_title";"questionnaire";"fr-CH";"3";"v1:d69b55804c14335744a0a12a0aa976d1ec91e2438349a6a77f6bb61bec9ba1ac";"39479702581c995af65713ce47d77ab06038e4ee5749ac247b5d8b3a7e31fdbb"
"Fragebogen";"Fragebogen";"Fragebogen";"Frage";"Frage «Omega3» · Fragetext";"Wie oft pro Woche essen Sie fettreichen Fisch (z. B. Lachs, Makrele, Hering) oder nehmen Omega-3 als Nahrungsergänzung ein?";"Combien de fois par semaine mangez-vous du poisson gras (p. ex. saumon, maquereau, hareng) ou prenez-vous un complément alimentaire d’oméga-3 ?";"";"";"Marketing, Medizin";"Prüfung erforderlich";"";"";"";"questionnaire.question.omega3.text";"questionnaire";"fr-CH";"3";"v1:d69b55804c14335744a0a12a0aa976d1ec91e2438349a6a77f6bb61bec9ba1ac";"46fadb55d0c99aafaa74e878db837b66cb2c9f16a48bd0d917f3cd5960641f89"
"Fragebogen";"Fragebogen";"Fragebogen";"Hilfetext";"Frage «Omega3» · Hilfetext";"Omega-3-Fettsäuren aus maritimen Quellen unterstützen Ihr Gehirn, Ihr Herz und wirken stark entzündungshemmend im ganzen Körper. Da der Körper sie nicht ausreichend selbst bildet, ist ihre regelmässige Zufuhr über Lebensmittel entscheidend. Algenöl ist eine sehr gute vegane Alternative zu Fisch. Ihr Körper kann diese sofort nutzen, im Gegensatz zu Omega-3-Vorstufen aus anderen Pflanzenölen.";"Les acides gras oméga-3 d’origine marine soutiennent le cerveau et le cœur et exercent un puissant effet anti-inflammatoire dans tout le corps. Comme l’organisme n’en produit pas suffisamment lui-même, un apport régulier par l’alimentation est essentiel. L’huile d’algues est une très bonne alternative végane au poisson. Votre organisme peut l’utiliser immédiatement, contrairement aux précurseurs d’oméga-3 provenant d’autres huiles végétales.";"";"";"Marketing, Medizin";"Prüfung erforderlich";"";"";"";"questionnaire.question.omega3.help";"questionnaire";"fr-CH";"3";"v1:d69b55804c14335744a0a12a0aa976d1ec91e2438349a6a77f6bb61bec9ba1ac";"aeb080ed3d3ff11f165a9d12e983d4c1adbd3b496be71836d3da8493bd09380d"
"Fragebogen";"Fragebogen";"Fragebogen";"Titel des Hilfetexts";"Frage «Omega3» · Titel des Hilfetexts";"Warum ist Omega-3 wichtig?";"Pourquoi les oméga-3 sont-ils importants ?";"";"";"Marketing";"Prüfung erforderlich";"";"";"";"questionnaire.question.omega3.help_title";"questionnaire";"fr-CH";"3";"v1:d69b55804c14335744a0a12a0aa976d1ec91e2438349a6a77f6bb61bec9ba1ac";"1f200bf22fa7b20bd37966b2767c6df1d643867a53452727ccf966588ce9bdce"
"Fragebogen";"Fragebogen";"Fragebogen";"Antwortoption";"Frage «Omega3» · Antwortoption";"Nie";"Jamais";"";"";"Marketing";"Prüfung erforderlich";"";"";"";"questionnaire.question.omega3.option.nie";"questionnaire";"fr-CH";"3";"v1:d69b55804c14335744a0a12a0aa976d1ec91e2438349a6a77f6bb61bec9ba1ac";"855b3b385c27aae2000d87963c7505370613b58183982060212de03c097c515b"
"Fragebogen";"Fragebogen";"Fragebogen";"Antwortoption";"Frage «Omega3» · Antwortoption";"Seltener als 1x pro Woche";"Moins d’une fois par semaine";"";"";"Marketing";"Prüfung erforderlich";"";"";"";"questionnaire.question.omega3.option.u1woche";"questionnaire";"fr-CH";"3";"v1:d69b55804c14335744a0a12a0aa976d1ec91e2438349a6a77f6bb61bec9ba1ac";"13ea88def05cd53ab99435740e4cd65f7ad600376df0f217b2fcc648043f79c4"
"Fragebogen";"Fragebogen";"Fragebogen";"Antwortoption";"Frage «Omega3» · Antwortoption";"Mehr als 2x pro Woche";"Plus de 2 fois par semaine";"";"";"Marketing";"Prüfung erforderlich";"";"";"";"questionnaire.question.omega3.option.ue2";"questionnaire";"fr-CH";"3";"v1:d69b55804c14335744a0a12a0aa976d1ec91e2438349a6a77f6bb61bec9ba1ac";"2f9d59da4a1d1a253eb0859ff11d59eac2851f66021de58bf0feb58ef9245b8b"
"Fragebogen";"Fragebogen";"Fragebogen";"Antwortoption";"Frage «Omega3» · Antwortoption";"1x pro Woche";"1 fois par semaine";"";"";"Marketing";"Prüfung erforderlich";"";"";"";"questionnaire.question.omega3.option.w1";"questionnaire";"fr-CH";"3";"v1:d69b55804c14335744a0a12a0aa976d1ec91e2438349a6a77f6bb61bec9ba1ac";"23a671414aaf76e7dd25047893bf97c64d551d984665b7997a0d2430b66f29c6"
"Fragebogen";"Fragebogen";"Fragebogen";"Antwortoption";"Frage «Omega3» · Antwortoption";"2x pro Woche";"2 fois par semaine";"";"";"Marketing";"Prüfung erforderlich";"";"";"";"questionnaire.question.omega3.option.w2";"questionnaire";"fr-CH";"3";"v1:d69b55804c14335744a0a12a0aa976d1ec91e2438349a6a77f6bb61bec9ba1ac";"6994f824d2b065fd2fde9de4f30d58d2a668da72c6ee3dd887b9e3f7d68964b2"
"Fragebogen";"Fragebogen";"Fragebogen";"Frage";"Frage «Pflanzenvielfalt» · Fragetext";"Wie viele verschiedene pflanzliche Lebensmittel haben Sie in der letzten Woche gegessen?";"Combien d’aliments végétaux différents avez-vous mangés au cours de la semaine écoulée ?";"";"";"Marketing, Medizin";"Prüfung erforderlich";"";"";"";"questionnaire.question.pflanzenvielfalt.text";"questionnaire";"fr-CH";"3";"v1:d69b55804c14335744a0a12a0aa976d1ec91e2438349a6a77f6bb61bec9ba1ac";"9477f12c22bb6b6b59f7afcd16e3d023c918799fac0911cf01e6672521d5c390"
"Fragebogen";"Fragebogen";"Fragebogen";"Hilfetext";"Frage «Pflanzenvielfalt» · Hilfetext";"<b>Gemüse &amp; Salate:</b> Spinat, Brokkoli, Karotten, Tomaten, Gurken, Paprika, Zwiebeln, Knoblauch
<b>Früchte:</b> Äpfel, Bananen, Beeren, Orangen, Trauben, Avocado
<b>Getreide &amp; Pseudogetreide:</b> Hafer, Quinoa, Hirse, Buchweizen, Gerste, Vollkornreis
<b>Samen:</b> Chiasamen, Leinsamen, Kürbiskerne, Sonnenblumenkerne, Sesam
<b>Hülsenfrüchte &amp; Nüsse:</b> Linsen, Kichererbsen, Bohnen, Mandeln, Walnüsse
<b>Gewürze &amp; Kräuter:</b> Basilikum, Oregano, Kurkuma, Ingwer, Zimt, Pfeffer
<b>Pilze:</b> Champignons, Shiitake, Austernpilze

<b>Warum ist pflanzliche Vielfalt wichtig?</b>
Eine bunte Auswahl an Pflanzen liefert Nährstoffe, Antioxidantien und Ballaststoffe. Jede Pflanze enthält eigene bioaktive Stoffe, die verschiedene Funktionen im Körper unterstützen. Vielfalt stärkt besonders das Darmmikrobiom und fördert so eine gesunde Darmflora.";"<b>Légumes et salades :</b> épinards, brocolis, carottes, tomates, concombres, poivrons, oignons, ail
<b>Fruits :</b> pommes, bananes, baies, oranges, raisin, avocat
<b>Céréales et pseudo-céréales :</b> avoine, quinoa, millet, sarrasin, orge, riz complet
<b>Graines :</b> graines de chia, de lin, de courge, de tournesol, sésame
<b>Légumineuses et fruits à coque :</b> lentilles, pois chiches, haricots, amandes, noix
<b>Épices et herbes :</b> basilic, origan, curcuma, gingembre, cannelle, poivre
<b>Champignons :</b> champignons de Paris, shiitakés, pleurotes

<b>Pourquoi la diversité végétale est-elle importante ?</b>
Une sélection variée de végétaux apporte des nutriments, des antioxydants et des fibres alimentaires. Chaque plante contient des substances bioactives qui soutiennent différentes fonctions de l’organisme. La diversité renforce notamment le microbiome intestinal et favorise ainsi une flore intestinale saine.";"";"";"Marketing, Medizin";"Prüfung erforderlich";"";"";"";"questionnaire.question.pflanzenvielfalt.help";"questionnaire";"fr-CH";"3";"v1:d69b55804c14335744a0a12a0aa976d1ec91e2438349a6a77f6bb61bec9ba1ac";"6dd3099a5d5c16d9907770df6c7c5affde228ba7b438339283df92360a376d77"
"Fragebogen";"Fragebogen";"Fragebogen";"Titel des Hilfetexts";"Frage «Pflanzenvielfalt» · Titel des Hilfetexts";"Was zählt beispielsweise als pflanzliches Lebensmittel?";"Quels aliments comptent par exemple comme aliments végétaux ?";"";"";"Marketing";"Prüfung erforderlich";"";"";"";"questionnaire.question.pflanzenvielfalt.help_title";"questionnaire";"fr-CH";"3";"v1:d69b55804c14335744a0a12a0aa976d1ec91e2438349a6a77f6bb61bec9ba1ac";"50a1949b64d7c19d18d685d8cdf88c1630b9ba009a78762fe47b33e9c1441f6c"
"Fragebogen";"Fragebogen";"Fragebogen";"Antwortoption";"Frage «Pflanzenvielfalt» · Antwortoption";"Weniger als 10";"Moins de 10";"";"";"Marketing";"Prüfung erforderlich";"";"";"";"questionnaire.question.pflanzenvielfalt.option.u10";"questionnaire";"fr-CH";"3";"v1:d69b55804c14335744a0a12a0aa976d1ec91e2438349a6a77f6bb61bec9ba1ac";"722cce7e22b2aa09bd22f5fac3a5e584aae7cf696a680238e39414ff9f6692ee"
"Fragebogen";"Fragebogen";"Fragebogen";"Antwortoption";"Frage «Pflanzenvielfalt» · Antwortoption";"35 oder mehr";"35 ou plus";"";"";"Marketing";"Prüfung erforderlich";"";"";"";"questionnaire.question.pflanzenvielfalt.option.ue35";"questionnaire";"fr-CH";"3";"v1:d69b55804c14335744a0a12a0aa976d1ec91e2438349a6a77f6bb61bec9ba1ac";"38690588990224df610040960a213175ee3ef233f58e94c4579cb0af61dad768"
"Fragebogen";"Fragebogen";"Fragebogen";"Antwortoption";"Frage «Pflanzenvielfalt» · Antwortoption";"10–17";"10–17";"";"";"Marketing";"Prüfung erforderlich";"";"";"";"questionnaire.question.pflanzenvielfalt.option.v10_17";"questionnaire";"fr-CH";"3";"v1:d69b55804c14335744a0a12a0aa976d1ec91e2438349a6a77f6bb61bec9ba1ac";"e0a13eec398d2eb928efa80ad9a27f9f4d20bd49da25c9f0607046319d6cd501"
"Fragebogen";"Fragebogen";"Fragebogen";"Antwortoption";"Frage «Pflanzenvielfalt» · Antwortoption";"18–25";"18–25";"";"";"Marketing";"Prüfung erforderlich";"";"";"";"questionnaire.question.pflanzenvielfalt.option.v18_25";"questionnaire";"fr-CH";"3";"v1:d69b55804c14335744a0a12a0aa976d1ec91e2438349a6a77f6bb61bec9ba1ac";"c979f10042f9e730051d25397e044c7fecd4df83368e45184b36840b1ace4ca8"
"Fragebogen";"Fragebogen";"Fragebogen";"Antwortoption";"Frage «Pflanzenvielfalt» · Antwortoption";"26–34";"26–34";"";"";"Marketing";"Prüfung erforderlich";"";"";"";"questionnaire.question.pflanzenvielfalt.option.v26_34";"questionnaire";"fr-CH";"3";"v1:d69b55804c14335744a0a12a0aa976d1ec91e2438349a6a77f6bb61bec9ba1ac";"a1e6edb04067698833173177b7b5d1ba41182c8306aa2b0414e25bbb8f2fb368"
"Fragebogen";"Fragebogen";"Fragebogen";"Frage";"Frage «Positive emotionen» · Fragetext";"Ich erlebe in meinem Alltag regelmässig Momente der Freude oder Dankbarkeit.";"Dans mon quotidien, je vis régulièrement des moments de joie ou de gratitude.";"";"";"Marketing, Medizin";"Prüfung erforderlich";"";"";"";"questionnaire.question.positive_emotionen.text";"questionnaire";"fr-CH";"3";"v1:d69b55804c14335744a0a12a0aa976d1ec91e2438349a6a77f6bb61bec9ba1ac";"1cb43ef9cf0b27326770727603db68da7b2f34a68cc16c9ebeb9d7e055f5f592"
"Fragebogen";"Fragebogen";"Fragebogen";"Frage";"Frage «Protein» · Fragetext";"Wie häufig gelingt es Ihnen, über den Tag verteilt zu mindestens drei Mahlzeiten oder Snacks eine klare Proteinquelle einzuplanen (z. B. Hülsenfrüchte, Tofu, Eier, Milchprodukte, Fisch oder Fleisch)?";"À quelle fréquence parvenez-vous à prévoir une source claire de protéines dans au moins trois repas ou collations répartis sur la journée (p. ex. légumineuses, tofu, œufs, produits laitiers, poisson ou viande) ?";"";"";"Marketing, Medizin";"Prüfung erforderlich";"";"";"";"questionnaire.question.protein.text";"questionnaire";"fr-CH";"3";"v1:d69b55804c14335744a0a12a0aa976d1ec91e2438349a6a77f6bb61bec9ba1ac";"1194ad93abb30b9df0d72b78016416a881337a8b53950041ba1f8e4936af5a18"
"Fragebogen";"Fragebogen";"Fragebogen";"Hilfetext";"Frage «Protein» · Hilfetext";"Diese Frage erfasst, wie regelmässig Sie Proteinquellen einbauen. Sie berechnet <b>nicht</b>, wie viele Gramm Protein Sie tatsächlich pro Tag und Kilogramm Körpergewicht aufnehmen.

<b>Geeignete Proteinquellen sind zum Beispiel:</b>
• Hülsenfrüchte wie Linsen, Bohnen oder Kichererbsen
• Tofu, Tempeh, Eier, Quark, Joghurt oder Hüttenkäse
• Fisch oder Fleisch
<b>Orientierung bei regelmässigem Krafttraining:</b>
Für gesunde Erwachsene sind etwa 1,4–1,6 g Protein pro kg Körpergewicht und Tag eine praktische Orientierung. In einer grossen Meta-Analyse flachten die durchschnittlichen zusätzlichen Vorteile für den Aufbau fettfreier Masse ab rund 1,6 g/kg/Tag deutlich ab. Das ist keine harte biologische Grenze.

Bis etwa 2,0 g/kg/Tag können bei sehr hoher Trainingsbelastung oder einem gezielten Energiedefizit als individueller Spielraum sinnvoll sein. Für die meisten Menschen ist diese Menge nicht nötig; das Alter allein begründet kein Ziel von 2,0 g/kg/Tag. Krafttraining setzt den Trainingsreiz, Protein liefert die Bausteine. Proteinpulver ist nicht automatisch erforderlich.

Für Personen unter 18 Jahren sowie bei einer Nierenerkrankung oder medizinisch verordneter Ernährung sollte die passende Menge fachlich geklärt werden.";"Cette question évalue la régularité avec laquelle vous intégrez des sources de protéines. Elle ne calcule <b>pas</b> combien de grammes de protéines vous consommez réellement chaque jour par kilogramme de poids corporel.

<b>Exemples de sources de protéines appropriées :</b>
• Légumineuses telles que lentilles, haricots ou pois chiches
• Tofu, tempeh, œufs, séré, yogourt ou cottage cheese
• Poisson ou viande
<b>Repère en cas de musculation régulière :</b>
Pour les adultes en bonne santé, environ 1,4–1,6 g de protéines par kg de poids corporel et par jour constitue un repère pratique. Dans une vaste méta-analyse, les bénéfices supplémentaires moyens pour le développement de la masse maigre diminuaient nettement à partir d’environ 1,6 g/kg/jour. Il ne s’agit pas d’une limite biologique stricte.

Une quantité allant jusqu’à environ 2,0 g/kg/jour peut offrir une marge individuelle en cas de charge d’entraînement très élevée ou de déficit énergétique ciblé. Cette quantité n’est pas nécessaire pour la plupart des personnes ; l’âge seul ne justifie pas un objectif de 2,0 g/kg/jour. La musculation fournit le stimulus d’entraînement et les protéines apportent les éléments constitutifs. Les protéines en poudre ne sont pas automatiquement nécessaires.

Pour les moins de 18 ans, ainsi qu’en cas de maladie rénale ou d’alimentation prescrite médicalement, la quantité appropriée doit être déterminée avec une personne qualifiée.";"";"";"Marketing, Medizin";"Prüfung erforderlich";"";"";"";"questionnaire.question.protein.help";"questionnaire";"fr-CH";"3";"v1:d69b55804c14335744a0a12a0aa976d1ec91e2438349a6a77f6bb61bec9ba1ac";"46a267255fd4e2e78ba9c1aa4d3715e9d8d6f60640b19351a4127d91aca0d7e9"
"Fragebogen";"Fragebogen";"Fragebogen";"Titel des Hilfetexts";"Frage «Protein» · Titel des Hilfetexts";"Was misst diese Frage – und welche Menge ist sinnvoll?";"Que mesure cette question et quelle quantité est appropriée ?";"";"";"Marketing";"Prüfung erforderlich";"";"";"";"questionnaire.question.protein.help_title";"questionnaire";"fr-CH";"3";"v1:d69b55804c14335744a0a12a0aa976d1ec91e2438349a6a77f6bb61bec9ba1ac";"4115656cf6ac7d4394606cbdbe79cf3da438f0c691ce7647a4a098ea8bf47eb8"
"Fragebogen";"Fragebogen";"Fragebogen";"Antwortoption";"Frage «Protein» · Antwortoption";"Fast immer";"Presque toujours";"";"";"Marketing";"Prüfung erforderlich";"";"";"";"questionnaire.question.protein.option.fast_immer";"questionnaire";"fr-CH";"3";"v1:d69b55804c14335744a0a12a0aa976d1ec91e2438349a6a77f6bb61bec9ba1ac";"44724d54e6ecec1000a6deda9063a21687dcc7c5364d289d3f9039778a386dee"
"Fragebogen";"Fragebogen";"Fragebogen";"Antwortoption";"Frage «Protein» · Antwortoption";"Etwa die Hälfte der Zeit";"Environ la moitié du temps";"";"";"Marketing";"Prüfung erforderlich";"";"";"";"questionnaire.question.protein.option.haelfte";"questionnaire";"fr-CH";"3";"v1:d69b55804c14335744a0a12a0aa976d1ec91e2438349a6a77f6bb61bec9ba1ac";"5231ba4dfbdca440ac2aa1b7669be151bcb39eb6cd6ba3c1856b62a067875079"
"Fragebogen";"Fragebogen";"Fragebogen";"Antwortoption";"Frage «Protein» · Antwortoption";"Manchmal";"Parfois";"";"";"Marketing";"Prüfung erforderlich";"";"";"";"questionnaire.question.protein.option.manchmal";"questionnaire";"fr-CH";"3";"v1:d69b55804c14335744a0a12a0aa976d1ec91e2438349a6a77f6bb61bec9ba1ac";"90ec12a31af6fad78d577357c700be848d4d2e48022db8eb5e18b17155a0c39d"
"Fragebogen";"Fragebogen";"Fragebogen";"Antwortoption";"Frage «Protein» · Antwortoption";"Meistens";"La plupart du temps";"";"";"Marketing";"Prüfung erforderlich";"";"";"";"questionnaire.question.protein.option.meistens";"questionnaire";"fr-CH";"3";"v1:d69b55804c14335744a0a12a0aa976d1ec91e2438349a6a77f6bb61bec9ba1ac";"7fc6d06140a430bc7f2033e495bb4be18b696365726bdc489e5d7473dce0240c"
"Fragebogen";"Fragebogen";"Fragebogen";"Antwortoption";"Frage «Protein» · Antwortoption";"Selten";"Rarement";"";"";"Marketing";"Prüfung erforderlich";"";"";"";"questionnaire.question.protein.option.selten";"questionnaire";"fr-CH";"3";"v1:d69b55804c14335744a0a12a0aa976d1ec91e2438349a6a77f6bb61bec9ba1ac";"f557ee5846a8c47db3601da2a7ec40b49908d531ddcab53e511b6e452b561f80"
"Fragebogen";"Fragebogen";"Fragebogen";"Frage";"Frage «Rauchen» · Fragetext";"Rauchen Sie oder haben Sie in der Vergangenheit geraucht? (z. B. Zigaretten, Vapes, Shisha)";"Fumez-vous ou avez-vous fumé par le passé ? (p. ex. cigarettes, vapoteuses, chicha)";"";"";"Marketing, Medizin";"Prüfung erforderlich";"";"";"";"questionnaire.question.rauchen.text";"questionnaire";"fr-CH";"3";"v1:d69b55804c14335744a0a12a0aa976d1ec91e2438349a6a77f6bb61bec9ba1ac";"b388b44cdadf090a705e4b49cc8caf9f80183b1ba976b09f3fced2b0d747114a"
"Fragebogen";"Fragebogen";"Fragebogen";"Hilfetext";"Frage «Rauchen» · Hilfetext";"Ein Rauchstopp lohnt sich immer und in jedem Alter. Bereits nach einem Tag werden Atemwegsreizungen reduziert, in wenigen Monaten verbessert sich Ihr Kreislauf und Ihre Lungenfunktion. Nach etwa einem Jahr ist das Risiko für eine koronare Herzkrankheit ungefähr halb so hoch wie bei weiterem Rauchen. Ausserdem erholt sich Ihr Geruchssinn, das Essen schmeckt besser und Sie fühlen sich leistungsfähiger.";"Arrêter de fumer est toujours bénéfique, à tout âge. Après un jour déjà, les irritations des voies respiratoires diminuent ; en quelques mois, la circulation et la fonction pulmonaire s’améliorent. Après environ un an, le risque de maladie coronarienne est réduit d’environ 50 % par rapport à celui d’une personne qui continue de fumer. Votre odorat se rétablit également, les aliments ont meilleur goût et vous vous sentez plus performant.";"";"";"Marketing, Medizin";"Prüfung erforderlich";"";"";"";"questionnaire.question.rauchen.help";"questionnaire";"fr-CH";"3";"v1:d69b55804c14335744a0a12a0aa976d1ec91e2438349a6a77f6bb61bec9ba1ac";"4cfa6ac11b3005e49fb4829b1b3fd2067045ad0f7c916a6b95bf4c7be7856d39"
"Fragebogen";"Fragebogen";"Fragebogen";"Titel des Hilfetexts";"Frage «Rauchen» · Titel des Hilfetexts";"Haben Sie gewusst?";"Le saviez-vous ?";"";"";"Marketing";"Prüfung erforderlich";"";"";"";"questionnaire.question.rauchen.help_title";"questionnaire";"fr-CH";"3";"v1:d69b55804c14335744a0a12a0aa976d1ec91e2438349a6a77f6bb61bec9ba1ac";"91089e8eb99f2ad87d51e4ad698049a964b07170ac414f4c409eef75f7d4cca8"
"Fragebogen";"Fragebogen";"Fragebogen";"Antwortoption";"Frage «Rauchen» · Antwortoption";"Nicht mehr";"Plus maintenant";"";"";"Marketing";"Prüfung erforderlich";"";"";"";"questionnaire.question.rauchen.option.frueher";"questionnaire";"fr-CH";"3";"v1:d69b55804c14335744a0a12a0aa976d1ec91e2438349a6a77f6bb61bec9ba1ac";"4a60f65e13d1ebb4ab235637ee09f7c3e13070c96e661b7d1b71b81d0f507ef2"
"Fragebogen";"Fragebogen";"Fragebogen";"Antwortoption";"Frage «Rauchen» · Antwortoption";"Ja, manchmal";"Oui, parfois";"";"";"Marketing";"Prüfung erforderlich";"";"";"";"questionnaire.question.rauchen.option.ja_gelegentlich";"questionnaire";"fr-CH";"3";"v1:d69b55804c14335744a0a12a0aa976d1ec91e2438349a6a77f6bb61bec9ba1ac";"6d0eb2181b2e27d88eb2fa259643b193cf49a3f11dad0329a418d72a3a899639"
"Fragebogen";"Fragebogen";"Fragebogen";"Antwortoption";"Frage «Rauchen» · Antwortoption";"Ja, regelmässig";"Oui, régulièrement";"";"";"Marketing";"Prüfung erforderlich";"";"";"";"questionnaire.question.rauchen.option.ja_regelmaessig";"questionnaire";"fr-CH";"3";"v1:d69b55804c14335744a0a12a0aa976d1ec91e2438349a6a77f6bb61bec9ba1ac";"d71c03eb146e9f0f570d1773c26bfe337708038c8606bc250e32ce88f1a606b2"
"Fragebogen";"Fragebogen";"Fragebogen";"Antwortoption";"Frage «Rauchen» · Antwortoption";"Keine Angaben";"Aucune indication";"";"";"Marketing";"Prüfung erforderlich";"";"";"";"questionnaire.question.rauchen.option.keine_angabe";"questionnaire";"fr-CH";"3";"v1:d69b55804c14335744a0a12a0aa976d1ec91e2438349a6a77f6bb61bec9ba1ac";"9e743d2d11463330c2212b17fc34bf118aaa6a786f0d9488e032b8b80a8bb648"
"Fragebogen";"Fragebogen";"Fragebogen";"Antwortoption";"Frage «Rauchen» · Antwortoption";"Nein, nie";"Non, jamais";"";"";"Marketing";"Prüfung erforderlich";"";"";"";"questionnaire.question.rauchen.option.nie";"questionnaire";"fr-CH";"3";"v1:d69b55804c14335744a0a12a0aa976d1ec91e2438349a6a77f6bb61bec9ba1ac";"5bb245e124a5cbec8492c487dafb4685ca4b6302a9961c3c51d555e7861fb3e3"
"Fragebogen";"Fragebogen";"Fragebogen";"Frage";"Frage «Saettigung» · Fragetext";"Wie häufig fühlen Sie sich nach Ihren Hauptmahlzeiten für etwa vier Stunden satt, ohne Bedürfnis nach einem Snack?";"À quelle fréquence vous sentez-vous rassasié pendant environ quatre heures après vos repas principaux, sans avoir envie de prendre une collation ?";"";"";"Marketing, Medizin";"Prüfung erforderlich";"";"";"";"questionnaire.question.saettigung.text";"questionnaire";"fr-CH";"3";"v1:d69b55804c14335744a0a12a0aa976d1ec91e2438349a6a77f6bb61bec9ba1ac";"3bba56f97f7220723573438e2642b08793da85c5c7d973f6ed5479c5e447ab9c"
"Fragebogen";"Fragebogen";"Fragebogen";"Antwortoption";"Frage «Saettigung» · Antwortoption";"Fast immer";"Presque toujours";"";"";"Marketing";"Prüfung erforderlich";"";"";"";"questionnaire.question.saettigung.option.fast_immer";"questionnaire";"fr-CH";"3";"v1:d69b55804c14335744a0a12a0aa976d1ec91e2438349a6a77f6bb61bec9ba1ac";"55b6b8635759751b08d189a349c94214fde743acb687b4cd0a994cea42a45b3b"
"Fragebogen";"Fragebogen";"Fragebogen";"Antwortoption";"Frage «Saettigung» · Antwortoption";"Manchmal";"Parfois";"";"";"Marketing";"Prüfung erforderlich";"";"";"";"questionnaire.question.saettigung.option.manchmal";"questionnaire";"fr-CH";"3";"v1:d69b55804c14335744a0a12a0aa976d1ec91e2438349a6a77f6bb61bec9ba1ac";"becb52040fe51b0b7d007822bc308b6be8f2221e735218af4e63c0bc9728053a"
"Fragebogen";"Fragebogen";"Fragebogen";"Antwortoption";"Frage «Saettigung» · Antwortoption";"Nie";"Jamais";"";"";"Marketing";"Prüfung erforderlich";"";"";"";"questionnaire.question.saettigung.option.nie";"questionnaire";"fr-CH";"3";"v1:d69b55804c14335744a0a12a0aa976d1ec91e2438349a6a77f6bb61bec9ba1ac";"32165151b503f2bff447e7b2323a2dffd8432257fda4abc84d15b32b7aeea498"
"Fragebogen";"Fragebogen";"Fragebogen";"Antwortoption";"Frage «Saettigung» · Antwortoption";"Oft";"Souvent";"";"";"Marketing";"Prüfung erforderlich";"";"";"";"questionnaire.question.saettigung.option.oft";"questionnaire";"fr-CH";"3";"v1:d69b55804c14335744a0a12a0aa976d1ec91e2438349a6a77f6bb61bec9ba1ac";"b035255f2870ef1b63824830c85352963c76172c3ece4d78d4fd4661b1f5ddcd"
"Fragebogen";"Fragebogen";"Fragebogen";"Antwortoption";"Frage «Saettigung» · Antwortoption";"Selten";"Rarement";"";"";"Marketing";"Prüfung erforderlich";"";"";"";"questionnaire.question.saettigung.option.selten";"questionnaire";"fr-CH";"3";"v1:d69b55804c14335744a0a12a0aa976d1ec91e2438349a6a77f6bb61bec9ba1ac";"7b30b8acecdaa325a4b376739eb1ad6cf454475ee07446137a8728a83f2dab3b"
"Fragebogen";"Fragebogen";"Fragebogen";"Frage";"Frage «Schlaf auswirkung» · Fragetext";"Wie stark hat Ihr Schlaf im letzten Monat Ihren Alltag beeinträchtigt? (z. B. reduzierte Leistungsfähigkeit, Konzentration, Stimmung, Energie, soziale Aktivitäten)";"Dans quelle mesure votre sommeil a-t-il perturbé votre quotidien au cours du dernier mois ? (p. ex. baisse des performances, de la concentration, de l’humeur ou de l’énergie, réduction des activités sociales)";"";"";"Marketing, Medizin";"Prüfung erforderlich";"";"";"";"questionnaire.question.schlaf_auswirkung.text";"questionnaire";"fr-CH";"3";"v1:d69b55804c14335744a0a12a0aa976d1ec91e2438349a6a77f6bb61bec9ba1ac";"cbc0df11b7e58202487484bb69bd31dcd8f8f10752cb5e5b0746ab0e46aedddc"
"Fragebogen";"Fragebogen";"Fragebogen";"Antwortoption";"Frage «Schlaf auswirkung» · Antwortoption";"Deutlich";"Nettement";"";"";"Marketing";"Prüfung erforderlich";"";"";"";"questionnaire.question.schlaf_auswirkung.option.deutlich";"questionnaire";"fr-CH";"3";"v1:d69b55804c14335744a0a12a0aa976d1ec91e2438349a6a77f6bb61bec9ba1ac";"0969a83e871b067d97f52e045f6b22648b451f2d6b908db8d9136af728956287"
"Fragebogen";"Fragebogen";"Fragebogen";"Antwortoption";"Frage «Schlaf auswirkung» · Antwortoption";"Gar nicht";"Pas du tout";"";"";"Marketing";"Prüfung erforderlich";"";"";"";"questionnaire.question.schlaf_auswirkung.option.gar_nicht";"questionnaire";"fr-CH";"3";"v1:d69b55804c14335744a0a12a0aa976d1ec91e2438349a6a77f6bb61bec9ba1ac";"a178f2d52a60d94b45cf75d6b2a45a9a360b971af548c53914d890ce7af7ffc7"
"Fragebogen";"Fragebogen";"Fragebogen";"Antwortoption";"Frage «Schlaf auswirkung» · Antwortoption";"Minimal";"Très peu";"";"";"Marketing";"Prüfung erforderlich";"";"";"";"questionnaire.question.schlaf_auswirkung.option.kaum";"questionnaire";"fr-CH";"3";"v1:d69b55804c14335744a0a12a0aa976d1ec91e2438349a6a77f6bb61bec9ba1ac";"2b27c0e5df7df68e76961e0e9b3830d020b5a411ffff164569c5fbb4cfc5a322"
"Fragebogen";"Fragebogen";"Fragebogen";"Antwortoption";"Frage «Schlaf auswirkung» · Antwortoption";"Massiv";"Très fortement";"";"";"Marketing";"Prüfung erforderlich";"";"";"";"questionnaire.question.schlaf_auswirkung.option.massiv";"questionnaire";"fr-CH";"3";"v1:d69b55804c14335744a0a12a0aa976d1ec91e2438349a6a77f6bb61bec9ba1ac";"4ff1eced2b0eb15cdb309c7042e5441b928a13fbefb209cf076f06d98f3a83d7"
"Fragebogen";"Fragebogen";"Fragebogen";"Antwortoption";"Frage «Schlaf auswirkung» · Antwortoption";"Spürbar";"De manière perceptible";"";"";"Marketing";"Prüfung erforderlich";"";"";"";"questionnaire.question.schlaf_auswirkung.option.spuerbar";"questionnaire";"fr-CH";"3";"v1:d69b55804c14335744a0a12a0aa976d1ec91e2438349a6a77f6bb61bec9ba1ac";"1e9eb408df533893fac782e1c8056af1c8ddd233d0279ca0351ff1084d4d79ac"
"Fragebogen";"Fragebogen";"Fragebogen";"Frage";"Frage «Schlafdauer» · Fragetext";"Wie viele Stunden haben Sie im letzten Monat durchschnittlich pro Nacht geschlafen (ohne Wachphasen)?";"Au cours du dernier mois, combien d’heures avez-vous dormi en moyenne par nuit, sans compter les phases d’éveil ?";"";"";"Marketing, Medizin";"Prüfung erforderlich";"";"";"";"questionnaire.question.schlafdauer.text";"questionnaire";"fr-CH";"3";"v1:d69b55804c14335744a0a12a0aa976d1ec91e2438349a6a77f6bb61bec9ba1ac";"c65311debe81599eccafc1fa87ba1cfd4e8c964ba509cf61e7a1fc8e1025e3f1"
"Fragebogen";"Fragebogen";"Fragebogen";"Antwortoption";"Frage «Schlafdauer» · Antwortoption";"5–6 h";"5–6 h";"";"";"Marketing";"Prüfung erforderlich";"";"";"";"questionnaire.question.schlafdauer.option.s5_6";"questionnaire";"fr-CH";"3";"v1:d69b55804c14335744a0a12a0aa976d1ec91e2438349a6a77f6bb61bec9ba1ac";"995c2a806dcf865453a5240957513f3788cad7060b88daf0c5e406df080c0734"
"Fragebogen";"Fragebogen";"Fragebogen";"Antwortoption";"Frage «Schlafdauer» · Antwortoption";"6–7 h";"6–7 h";"";"";"Marketing";"Prüfung erforderlich";"";"";"";"questionnaire.question.schlafdauer.option.s6_7";"questionnaire";"fr-CH";"3";"v1:d69b55804c14335744a0a12a0aa976d1ec91e2438349a6a77f6bb61bec9ba1ac";"9b52d80bf90e2b4f13bb974485f128fbed935358cf23e77b16b6a1051a9baeaf"
"Fragebogen";"Fragebogen";"Fragebogen";"Antwortoption";"Frage «Schlafdauer» · Antwortoption";"7–9 h";"7–9 h";"";"";"Marketing";"Prüfung erforderlich";"";"";"";"questionnaire.question.schlafdauer.option.s7_9";"questionnaire";"fr-CH";"3";"v1:d69b55804c14335744a0a12a0aa976d1ec91e2438349a6a77f6bb61bec9ba1ac";"59bca8716302265d78f0f22bad66ae350745d1c12d2bc89dab0a587b3642523f"
"Fragebogen";"Fragebogen";"Fragebogen";"Antwortoption";"Frage «Schlafdauer» · Antwortoption";"Weniger als 5 h";"Moins de 5 h";"";"";"Marketing";"Prüfung erforderlich";"";"";"";"questionnaire.question.schlafdauer.option.u5";"questionnaire";"fr-CH";"3";"v1:d69b55804c14335744a0a12a0aa976d1ec91e2438349a6a77f6bb61bec9ba1ac";"c765690b84b2f7eafe86b9389c5844d9ca324be88f79848c72a9d9a56a79308e"
"Fragebogen";"Fragebogen";"Fragebogen";"Antwortoption";"Frage «Schlafdauer» · Antwortoption";"Mehr als 9 h";"Plus de 9 h";"";"";"Marketing";"Prüfung erforderlich";"";"";"";"questionnaire.question.schlafdauer.option.ue9";"questionnaire";"fr-CH";"3";"v1:d69b55804c14335744a0a12a0aa976d1ec91e2438349a6a77f6bb61bec9ba1ac";"eea5c4eb201ba8643c6291b307546a60244c6429892a2b17737d973a76536135"
"Fragebogen";"Fragebogen";"Fragebogen";"Frage";"Frage «Schlafqualitaet» · Fragetext";"Wie gut oder schlecht haben Sie im letzten Monat insgesamt geschlafen?";"Globalement, comment avez-vous dormi au cours du dernier mois ?";"";"";"Marketing, Medizin";"Prüfung erforderlich";"";"";"";"questionnaire.question.schlafqualitaet.text";"questionnaire";"fr-CH";"3";"v1:d69b55804c14335744a0a12a0aa976d1ec91e2438349a6a77f6bb61bec9ba1ac";"829b7728a60877c7d553d4793b7053db552e7a87bf322c6f4ad669f3835d2f77"
"Fragebogen";"Fragebogen";"Fragebogen";"Antwortoption";"Frage «Schlafqualitaet» · Antwortoption";"Durchschnittlich";"Moyennement";"";"";"Marketing";"Prüfung erforderlich";"";"";"";"questionnaire.question.schlafqualitaet.option.durchschnittlich";"questionnaire";"fr-CH";"3";"v1:d69b55804c14335744a0a12a0aa976d1ec91e2438349a6a77f6bb61bec9ba1ac";"5547032b3c19779f00ac70c36d83827aff3a88005dfaa77061761af16fb95b52"
"Fragebogen";"Fragebogen";"Fragebogen";"Antwortoption";"Frage «Schlafqualitaet» · Antwortoption";"Gut";"Bien";"";"";"Marketing";"Prüfung erforderlich";"";"";"";"questionnaire.question.schlafqualitaet.option.gut";"questionnaire";"fr-CH";"3";"v1:d69b55804c14335744a0a12a0aa976d1ec91e2438349a6a77f6bb61bec9ba1ac";"0cdd1e385d164305d81e39ec728ba99a4b31d8cb425e954dcbd437f7eab61772"
"Fragebogen";"Fragebogen";"Fragebogen";"Antwortoption";"Frage «Schlafqualitaet» · Antwortoption";"Schlecht";"Mal";"";"";"Marketing";"Prüfung erforderlich";"";"";"";"questionnaire.question.schlafqualitaet.option.schlecht";"questionnaire";"fr-CH";"3";"v1:d69b55804c14335744a0a12a0aa976d1ec91e2438349a6a77f6bb61bec9ba1ac";"b5f4babd9786f295d0127d665c66ad2568d3bad96cce9665e1b94f9d4383b7d8"
"Fragebogen";"Fragebogen";"Fragebogen";"Antwortoption";"Frage «Schlafqualitaet» · Antwortoption";"Sehr gut";"Très bien";"";"";"Marketing";"Prüfung erforderlich";"";"";"";"questionnaire.question.schlafqualitaet.option.sehr_gut";"questionnaire";"fr-CH";"3";"v1:d69b55804c14335744a0a12a0aa976d1ec91e2438349a6a77f6bb61bec9ba1ac";"0d83a163fb19cbb7de2489f73a7a4db2f0016f1500b8dd413effc73c2ece7888"
"Fragebogen";"Fragebogen";"Fragebogen";"Antwortoption";"Frage «Schlafqualitaet» · Antwortoption";"Sehr schlecht";"Très mal";"";"";"Marketing";"Prüfung erforderlich";"";"";"";"questionnaire.question.schlafqualitaet.option.sehr_schlecht";"questionnaire";"fr-CH";"3";"v1:d69b55804c14335744a0a12a0aa976d1ec91e2438349a6a77f6bb61bec9ba1ac";"9be9279a84b8e96ad3c5881ca88a5532d254590d58b1c236066c94abecb03f1f"
"Fragebogen";"Fragebogen";"Fragebogen";"Frage";"Frage «Schlafrhythmus» · Fragetext";"Stehen Sie jeden Tag, auch am Wochenende, ungefähr zur gleichen Zeit auf und gehen zur gleichen Zeit ins Bett? (z. B. Sie gehen jeden Tag um 22 Uhr ins Bett und stehen um 6 Uhr auf)";"Vous levez-vous et vous couchez-vous à peu près à la même heure chaque jour, y compris le week-end ? (p. ex. vous vous couchez tous les jours à 22 h et vous levez à 6 h)";"";"";"Marketing, Medizin";"Prüfung erforderlich";"";"";"";"questionnaire.question.schlafrhythmus.text";"questionnaire";"fr-CH";"3";"v1:d69b55804c14335744a0a12a0aa976d1ec91e2438349a6a77f6bb61bec9ba1ac";"55daebec2d27f0bb5d4e67bc4b302fc151f0a55153119278ed9da6dfac98846f"
"Fragebogen";"Fragebogen";"Fragebogen";"Antwortoption";"Frage «Schlafrhythmus» · Antwortoption";"Etwas unregelmässig (±1 h Abweichung)";"Plutôt irrégulier (écart de ±1 h)";"";"";"Marketing";"Prüfung erforderlich";"";"";"";"questionnaire.question.schlafrhythmus.option.etwas_unregelmaessig";"questionnaire";"fr-CH";"3";"v1:d69b55804c14335744a0a12a0aa976d1ec91e2438349a6a77f6bb61bec9ba1ac";"3fff853ee88574eee3f1fac6537db928b9973d62925c4299164bbf18a0d07119"
"Fragebogen";"Fragebogen";"Fragebogen";"Antwortoption";"Frage «Schlafrhythmus» · Antwortoption";"Regelmässig (±45 min Abweichung)";"Régulier (écart de ±45 min)";"";"";"Marketing";"Prüfung erforderlich";"";"";"";"questionnaire.question.schlafrhythmus.option.regelmaessig";"questionnaire";"fr-CH";"3";"v1:d69b55804c14335744a0a12a0aa976d1ec91e2438349a6a77f6bb61bec9ba1ac";"62b0a41e398ee25c70e66a77aa87476292b3a6b0235915ec454f9b278054d1ae"
"Fragebogen";"Fragebogen";"Fragebogen";"Antwortoption";"Frage «Schlafrhythmus» · Antwortoption";"Sehr regelmässig (±30 min Abweichung)";"Très régulier (écart de ±30 min)";"";"";"Marketing";"Prüfung erforderlich";"";"";"";"questionnaire.question.schlafrhythmus.option.sehr_regelmaessig";"questionnaire";"fr-CH";"3";"v1:d69b55804c14335744a0a12a0aa976d1ec91e2438349a6a77f6bb61bec9ba1ac";"677cbd135659b74f81cc8fb2a3d17d0b9b61eca9208ad6b0f09246825f2aa1c2"
"Fragebogen";"Fragebogen";"Fragebogen";"Antwortoption";"Frage «Schlafrhythmus» · Antwortoption";"Sehr unregelmässig (mehr als 2 h Abweichung)";"Très irrégulier (écart de plus de 2 h)";"";"";"Marketing";"Prüfung erforderlich";"";"";"";"questionnaire.question.schlafrhythmus.option.sehr_unregelmaessig";"questionnaire";"fr-CH";"3";"v1:d69b55804c14335744a0a12a0aa976d1ec91e2438349a6a77f6bb61bec9ba1ac";"adf862d58698856dd594da409177aa73008d5cbbd6d4504ba629daa4ecbe5631"
"Fragebogen";"Fragebogen";"Fragebogen";"Antwortoption";"Frage «Schlafrhythmus» · Antwortoption";"Unregelmässig (±1,5 h Abweichung)";"Irrégulier (écart de ±1,5 h)";"";"";"Marketing";"Prüfung erforderlich";"";"";"";"questionnaire.question.schlafrhythmus.option.unregelmaessig";"questionnaire";"fr-CH";"3";"v1:d69b55804c14335744a0a12a0aa976d1ec91e2438349a6a77f6bb61bec9ba1ac";"2dad7d2845626480129f497c94f9aa8253c17c10f1520e94045c0406bae1ee41"
"Fragebogen";"Fragebogen";"Fragebogen";"Frage";"Frage «Selbstfuersorge» · Fragetext";"Ich finde auch in hektischen Zeiten Momente der Ruhe und Erholung.";"Même pendant les périodes mouvementées, je trouve des moments de calme et de récupération.";"";"";"Marketing, Medizin";"Prüfung erforderlich";"";"";"";"questionnaire.question.selbstfuersorge.text";"questionnaire";"fr-CH";"3";"v1:d69b55804c14335744a0a12a0aa976d1ec91e2438349a6a77f6bb61bec9ba1ac";"00050b80fa10ebdf8e9a54915d35a306baf3bd68efc27aa8ffa41c05fc63f22d"
"Fragebogen";"Fragebogen";"Fragebogen";"Frage";"Frage «Selbstwirksamkeit» · Fragetext";"Ich fühle mich meinem Alltag gewachsen.";"Je me sens à la hauteur de mon quotidien.";"";"";"Marketing, Medizin";"Prüfung erforderlich";"";"";"";"questionnaire.question.selbstwirksamkeit.text";"questionnaire";"fr-CH";"3";"v1:d69b55804c14335744a0a12a0aa976d1ec91e2438349a6a77f6bb61bec9ba1ac";"6bb0c184332baeb2eabf507b221fc409451faba3370c483aef9ee2d456a08f55"
"Fragebogen";"Fragebogen";"Fragebogen";"Frage";"Frage «Sinnhaftigkeit» · Fragetext";"Ich erlebe mein Leben als sinnvoll und erfüllend.";"Je trouve que ma vie a du sens et m’épanouit.";"";"";"Marketing, Medizin";"Prüfung erforderlich";"";"";"";"questionnaire.question.sinnhaftigkeit.text";"questionnaire";"fr-CH";"3";"v1:d69b55804c14335744a0a12a0aa976d1ec91e2438349a6a77f6bb61bec9ba1ac";"3ad5097d7dcb9ae8c8cf9fb19446be119bfc04ac000926bf0763dea473f4c79f"
"Fragebogen";"Fragebogen";"Fragebogen";"Frage";"Frage «Sitzzeit» · Fragetext";"Wie viele Stunden verbringen Sie an einem typischen Tag im Sitzen oder Liegen? (z. B. Arbeit/Ausbildung, Essen, Verkehr, Medien/Freizeit, Entspannung, aber ohne Schlaf/Nickerchen)";"Combien d’heures passez-vous assis ou couché pendant une journée type ? (p. ex. travail/formation, repas, transports, médias/loisirs, détente, sans compter le sommeil ou les siestes)";"";"";"Marketing, Medizin";"Prüfung erforderlich";"";"";"";"questionnaire.question.sitzzeit.text";"questionnaire";"fr-CH";"3";"v1:d69b55804c14335744a0a12a0aa976d1ec91e2438349a6a77f6bb61bec9ba1ac";"cbf56c3eb7285e32454ad1d8592b5e3f092816c5ff980d3f921a185e8919a5d3"
"Fragebogen";"Fragebogen";"Fragebogen";"Hilfetext";"Frage «Sitzzeit» · Hilfetext";"Langes Sitzen oder Liegen (ohne Schlaf) erhöht das Risiko für Herz-Kreislauf-Erkrankungen und Diabetes. Bereits eine kurze stündliche Pause (aufstehen, strecken, ein paar Schritte gehen oder die Treppe nehmen) senkt dieses Risiko deutlich.";"Rester longtemps assis ou couché, sans dormir, augmente le risque de maladies cardiovasculaires et de diabète. Une courte pause chaque heure, par exemple se lever, s’étirer, faire quelques pas ou prendre les escaliers, réduit déjà nettement ce risque.";"";"";"Marketing, Medizin";"Prüfung erforderlich";"";"";"";"questionnaire.question.sitzzeit.help";"questionnaire";"fr-CH";"3";"v1:d69b55804c14335744a0a12a0aa976d1ec91e2438349a6a77f6bb61bec9ba1ac";"2c58bf28d7f0fa4a6d6bed42e61a9ae0fc7aebe93f7779638544e411fd02b79b"
"Fragebogen";"Fragebogen";"Fragebogen";"Titel des Hilfetexts";"Frage «Sitzzeit» · Titel des Hilfetexts";"Haben Sie gewusst?";"Le saviez-vous ?";"";"";"Marketing";"Prüfung erforderlich";"";"";"";"questionnaire.question.sitzzeit.help_title";"questionnaire";"fr-CH";"3";"v1:d69b55804c14335744a0a12a0aa976d1ec91e2438349a6a77f6bb61bec9ba1ac";"e6ceb2d257b56039916897744afcf76e11105d7f4c7b843bf47a0294d0bbf02e"
"Fragebogen";"Fragebogen";"Fragebogen";"Antwortoption";"Frage «Sitzzeit» · Antwortoption";"4–6 Stunden";"4–6 heures";"";"";"Marketing";"Prüfung erforderlich";"";"";"";"questionnaire.question.sitzzeit.option.s4_6";"questionnaire";"fr-CH";"3";"v1:d69b55804c14335744a0a12a0aa976d1ec91e2438349a6a77f6bb61bec9ba1ac";"d6f07cd235f35567b30d6246b0c0c7e2d8eaf7e7d05b40fda84a6cccef66c8a4"
"Fragebogen";"Fragebogen";"Fragebogen";"Antwortoption";"Frage «Sitzzeit» · Antwortoption";"7–8 Stunden";"7–8 heures";"";"";"Marketing";"Prüfung erforderlich";"";"";"";"questionnaire.question.sitzzeit.option.s7_8";"questionnaire";"fr-CH";"3";"v1:d69b55804c14335744a0a12a0aa976d1ec91e2438349a6a77f6bb61bec9ba1ac";"761d32d8545e1068d0e2916331def8ce7276ebf72e5007429dd2eb67daae1334"
"Fragebogen";"Fragebogen";"Fragebogen";"Antwortoption";"Frage «Sitzzeit» · Antwortoption";"9–10 Stunden";"9–10 heures";"";"";"Marketing";"Prüfung erforderlich";"";"";"";"questionnaire.question.sitzzeit.option.s9_10";"questionnaire";"fr-CH";"3";"v1:d69b55804c14335744a0a12a0aa976d1ec91e2438349a6a77f6bb61bec9ba1ac";"87fe9ff424da733a488b6463f806a8de71442bb66c94124c16cadb0d53ad09e7"
"Fragebogen";"Fragebogen";"Fragebogen";"Antwortoption";"Frage «Sitzzeit» · Antwortoption";"Weniger als 4 Stunden";"Moins de 4 heures";"";"";"Marketing";"Prüfung erforderlich";"";"";"";"questionnaire.question.sitzzeit.option.u4";"questionnaire";"fr-CH";"3";"v1:d69b55804c14335744a0a12a0aa976d1ec91e2438349a6a77f6bb61bec9ba1ac";"4a05b83b464a2f9a490c98c9da47b58c5697bf208df9437df4dd690dbaf6a8ee"
"Fragebogen";"Fragebogen";"Fragebogen";"Antwortoption";"Frage «Sitzzeit» · Antwortoption";"Mehr als 10 Stunden";"Plus de 10 heures";"";"";"Marketing";"Prüfung erforderlich";"";"";"";"questionnaire.question.sitzzeit.option.ue10";"questionnaire";"fr-CH";"3";"v1:d69b55804c14335744a0a12a0aa976d1ec91e2438349a6a77f6bb61bec9ba1ac";"210e09457d5a92c9cfc09f6a97b781869dee4870b970b7c303e4416c10ccebe4"
"Fragebogen";"Fragebogen";"Fragebogen";"Frage";"Frage «Socialmedia» · Fragetext";"Verbringen Sie mehr Zeit mit Social Media als Ihnen lieb ist?";"Passez-vous plus de temps sur les réseaux sociaux que vous ne le souhaiteriez ?";"";"";"Marketing, Medizin";"Prüfung erforderlich";"";"";"";"questionnaire.question.socialmedia.text";"questionnaire";"fr-CH";"3";"v1:d69b55804c14335744a0a12a0aa976d1ec91e2438349a6a77f6bb61bec9ba1ac";"60ac41263561217dda93ce811302660194c2b8bada4f7353293efd5631d390a1"
"Fragebogen";"Fragebogen";"Fragebogen";"Hilfetext";"Frage «Socialmedia» · Hilfetext";"Social Media kann ein Suchtpotenzial darstellen und sowohl die psychische als auch die allgemeine Gesundheit beeinträchtigen. Dazu zählen Schlafstörungen, Depressionen, Angstzustände und soziale Konflikte.";"Les réseaux sociaux peuvent créer un potentiel de dépendance et nuire tant à la santé psychique qu’à la santé générale. Les conséquences possibles comprennent des troubles du sommeil, des dépressions, des états anxieux et des conflits sociaux.";"";"";"Marketing, Medizin";"Prüfung erforderlich";"";"";"";"questionnaire.question.socialmedia.help";"questionnaire";"fr-CH";"3";"v1:d69b55804c14335744a0a12a0aa976d1ec91e2438349a6a77f6bb61bec9ba1ac";"917528f5555f9bf72d85792a1c182b0d4a03aeeca2402aaa471fa61d7bfc3719"
"Fragebogen";"Fragebogen";"Fragebogen";"Titel des Hilfetexts";"Frage «Socialmedia» · Titel des Hilfetexts";"Haben Sie gewusst?";"Le saviez-vous ?";"";"";"Marketing";"Prüfung erforderlich";"";"";"";"questionnaire.question.socialmedia.help_title";"questionnaire";"fr-CH";"3";"v1:d69b55804c14335744a0a12a0aa976d1ec91e2438349a6a77f6bb61bec9ba1ac";"e2177d32ef47b8654356901bd88a52575e2cbf96ee4b6b09f1357fb04603493e"
"Fragebogen";"Fragebogen";"Fragebogen";"Antwortoption";"Frage «Socialmedia» · Antwortoption";"Manchmal";"Parfois";"";"";"Marketing";"Prüfung erforderlich";"";"";"";"questionnaire.question.socialmedia.option.manchmal";"questionnaire";"fr-CH";"3";"v1:d69b55804c14335744a0a12a0aa976d1ec91e2438349a6a77f6bb61bec9ba1ac";"04a2963d31c28e7bba5615a89e280b524852699bc920cc94234d90577b7ae845"
"Fragebogen";"Fragebogen";"Fragebogen";"Antwortoption";"Frage «Socialmedia» · Antwortoption";"Nein";"Non";"";"";"Marketing";"Prüfung erforderlich";"";"";"";"questionnaire.question.socialmedia.option.nein";"questionnaire";"fr-CH";"3";"v1:d69b55804c14335744a0a12a0aa976d1ec91e2438349a6a77f6bb61bec9ba1ac";"74db82cdec6bf08542bef2ff3793f604c507d49a4ec7a5fe2b4b622712eb09fe"
"Fragebogen";"Fragebogen";"Fragebogen";"Antwortoption";"Frage «Socialmedia» · Antwortoption";"Oft";"Souvent";"";"";"Marketing";"Prüfung erforderlich";"";"";"";"questionnaire.question.socialmedia.option.oft";"questionnaire";"fr-CH";"3";"v1:d69b55804c14335744a0a12a0aa976d1ec91e2438349a6a77f6bb61bec9ba1ac";"b221fa4a0e927a7b5d52079423ffc8f0ed0f8ba36286df379804c0f4cbc83720"
"Fragebogen";"Fragebogen";"Fragebogen";"Antwortoption";"Frage «Socialmedia» · Antwortoption";"Sehr oft";"Très souvent";"";"";"Marketing";"Prüfung erforderlich";"";"";"";"questionnaire.question.socialmedia.option.sehr_oft";"questionnaire";"fr-CH";"3";"v1:d69b55804c14335744a0a12a0aa976d1ec91e2438349a6a77f6bb61bec9ba1ac";"44450a8809f3e27e0ecab5027aae895302bbcdc540923db4c8f2d28d2385129e"
"Fragebogen";"Fragebogen";"Fragebogen";"Antwortoption";"Frage «Socialmedia» · Antwortoption";"Selten";"Rarement";"";"";"Marketing";"Prüfung erforderlich";"";"";"";"questionnaire.question.socialmedia.option.selten";"questionnaire";"fr-CH";"3";"v1:d69b55804c14335744a0a12a0aa976d1ec91e2438349a6a77f6bb61bec9ba1ac";"a34ab4d8b87e2545407d2ae944c179dfeefd29367ec858e9ad23616eda2552c1"
"Fragebogen";"Fragebogen";"Fragebogen";"Frage";"Frage «Stabilitaet» · Fragetext";"Wie sicher fühlen Sie sich bei alltäglichen Bewegungen? (z. B. beim Aufstehen vom Boden, beim Gehen auf Waldwegen, beim Heruntersteigen von einem Hocker)";"Dans quelle mesure vous sentez-vous en sécurité lors des mouvements du quotidien ? (p. ex. vous relever du sol, marcher sur des chemins forestiers, descendre d’un tabouret)";"";"";"Marketing, Medizin";"Prüfung erforderlich";"";"";"";"questionnaire.question.stabilitaet.text";"questionnaire";"fr-CH";"3";"v1:d69b55804c14335744a0a12a0aa976d1ec91e2438349a6a77f6bb61bec9ba1ac";"76ebecf5e8d1df0e6f18c6bbff13c56cb04709231e49da185e08db95a349e4d7"
"Fragebogen";"Fragebogen";"Fragebogen";"Hilfetext";"Frage «Stabilitaet» · Hilfetext";"Wer einmal gestürzt ist, hat ein hohes Risiko für weitere Stürze. Daher zählen Stürze zu den häufigsten Gesundheitsrisiken im Alter. Schon ein Sturz kann die Selbstständigkeit und Lebensqualität aufgrund von Verletzungen stark beeinträchtigen. Die gute Nachricht: Mit gezieltem Training von Gleichgewicht, Kraft und Beweglichkeit sinkt das Risiko erheblich.";"Une personne qui a déjà chuté présente un risque élevé de chuter à nouveau. Les chutes font donc partie des risques de santé les plus fréquents avec l’avancée en âge. Une seule chute peut déjà fortement nuire à l’autonomie et à la qualité de vie en raison des blessures. La bonne nouvelle : un entraînement ciblé de l’équilibre, de la force et de la mobilité réduit considérablement le risque.";"";"";"Marketing, Medizin";"Prüfung erforderlich";"";"";"";"questionnaire.question.stabilitaet.help";"questionnaire";"fr-CH";"3";"v1:d69b55804c14335744a0a12a0aa976d1ec91e2438349a6a77f6bb61bec9ba1ac";"4c4d9462baf12c25a880e9878ac999a756837b984d3e993d974ec81d28c86d9a"
"Fragebogen";"Fragebogen";"Fragebogen";"Titel des Hilfetexts";"Frage «Stabilitaet» · Titel des Hilfetexts";"Haben Sie gewusst?";"Le saviez-vous ?";"";"";"Marketing";"Prüfung erforderlich";"";"";"";"questionnaire.question.stabilitaet.help_title";"questionnaire";"fr-CH";"3";"v1:d69b55804c14335744a0a12a0aa976d1ec91e2438349a6a77f6bb61bec9ba1ac";"7298e64fa90e1467052fb8ea5f0305b984a4a64fd5ebf44b91d3c7462dad8822"
"Fragebogen";"Fragebogen";"Fragebogen";"Antwortoption";"Frage «Stabilitaet» · Antwortoption";"Sehr sicher";"Très sûr";"";"";"Marketing";"Prüfung erforderlich";"";"";"";"questionnaire.question.stabilitaet.option.sehr_sicher";"questionnaire";"fr-CH";"3";"v1:d69b55804c14335744a0a12a0aa976d1ec91e2438349a6a77f6bb61bec9ba1ac";"362cb94a85c5f0a44df7980f159aa59018e2dbc312277cdfcdb09515a42426b0"
"Fragebogen";"Fragebogen";"Fragebogen";"Antwortoption";"Frage «Stabilitaet» · Antwortoption";"Sehr unsicher";"Très peu sûr";"";"";"Marketing";"Prüfung erforderlich";"";"";"";"questionnaire.question.stabilitaet.option.sehr_unsicher";"questionnaire";"fr-CH";"3";"v1:d69b55804c14335744a0a12a0aa976d1ec91e2438349a6a77f6bb61bec9ba1ac";"7c4aa6346f002d84c22c7e7188e69090648dc327294c7e9d81d722603243122d"
"Fragebogen";"Fragebogen";"Fragebogen";"Antwortoption";"Frage «Stabilitaet» · Antwortoption";"Sicher";"Sûr";"";"";"Marketing";"Prüfung erforderlich";"";"";"";"questionnaire.question.stabilitaet.option.sicher";"questionnaire";"fr-CH";"3";"v1:d69b55804c14335744a0a12a0aa976d1ec91e2438349a6a77f6bb61bec9ba1ac";"5a8b154431634f38a797b2a700432b66ab6c6365d21b5f18cc4fa0c3668f6b8e"
"Fragebogen";"Fragebogen";"Fragebogen";"Antwortoption";"Frage «Stabilitaet» · Antwortoption";"Unsicher";"Peu sûr";"";"";"Marketing";"Prüfung erforderlich";"";"";"";"questionnaire.question.stabilitaet.option.unsicher";"questionnaire";"fr-CH";"3";"v1:d69b55804c14335744a0a12a0aa976d1ec91e2438349a6a77f6bb61bec9ba1ac";"110178377ae9c697dae799c61cd28a3ff76d87fafc9625d5cda5c5207cda224a"
"Fragebogen";"Fragebogen";"Fragebogen";"Antwortoption";"Frage «Stabilitaet» · Antwortoption";"Weder noch";"Ni l’un ni l’autre";"";"";"Marketing";"Prüfung erforderlich";"";"";"";"questionnaire.question.stabilitaet.option.weder";"questionnaire";"fr-CH";"3";"v1:d69b55804c14335744a0a12a0aa976d1ec91e2438349a6a77f6bb61bec9ba1ac";"f74a49f5cdfd708e3d1d1555720c1f69d99c3e67715f85b67429dad261c30079"
"Fragebogen";"Fragebogen";"Fragebogen";"Frage";"Frage «Treppen» · Fragetext";"Kommen Sie ausser Atem, wenn Sie zwei Stockwerke Treppen steigen?";"Êtes-vous essoufflé après avoir monté deux étages ?";"";"";"Marketing, Medizin";"Prüfung erforderlich";"";"";"";"questionnaire.question.treppen.text";"questionnaire";"fr-CH";"3";"v1:d69b55804c14335744a0a12a0aa976d1ec91e2438349a6a77f6bb61bec9ba1ac";"acf608087788c4fd6d06c9b727cddc105fbdbf3c97476649499af54bc80f50f5"
"Fragebogen";"Fragebogen";"Fragebogen";"Antwortoption";"Frage «Treppen» · Antwortoption";"Deutlich";"Nettement";"";"";"Marketing";"Prüfung erforderlich";"";"";"";"questionnaire.question.treppen.option.deutlich";"questionnaire";"fr-CH";"3";"v1:d69b55804c14335744a0a12a0aa976d1ec91e2438349a6a77f6bb61bec9ba1ac";"ff80461c3b5eb4c5c0027c8461282ab552ba5f5e3c7bed11947cfde331fb322e"
"Fragebogen";"Fragebogen";"Fragebogen";"Antwortoption";"Frage «Treppen» · Antwortoption";"Etwas";"Un peu";"";"";"Marketing";"Prüfung erforderlich";"";"";"";"questionnaire.question.treppen.option.etwas";"questionnaire";"fr-CH";"3";"v1:d69b55804c14335744a0a12a0aa976d1ec91e2438349a6a77f6bb61bec9ba1ac";"5ada26bfe13b96327e4aff77a416c515446c2cef71e33a70488cb19305ea06fd"
"Fragebogen";"Fragebogen";"Fragebogen";"Antwortoption";"Frage «Treppen» · Antwortoption";"Überhaupt nicht";"Pas du tout";"";"";"Marketing";"Prüfung erforderlich";"";"";"";"questionnaire.question.treppen.option.gar_nicht";"questionnaire";"fr-CH";"3";"v1:d69b55804c14335744a0a12a0aa976d1ec91e2438349a6a77f6bb61bec9ba1ac";"ec05cabae93f5f1ce9a3f715e0559cd542a9aaf67a556f75d8addc044f7323a6"
"Fragebogen";"Fragebogen";"Fragebogen";"Antwortoption";"Frage «Treppen» · Antwortoption";"Kaum";"À peine";"";"";"Marketing";"Prüfung erforderlich";"";"";"";"questionnaire.question.treppen.option.kaum";"questionnaire";"fr-CH";"3";"v1:d69b55804c14335744a0a12a0aa976d1ec91e2438349a6a77f6bb61bec9ba1ac";"1dbf452ebe10601db3efcb6340629c0d95db32b6a001ce9e1f3a9c337b3a6d43"
"Fragebogen";"Fragebogen";"Fragebogen";"Antwortoption";"Frage «Treppen» · Antwortoption";"Sehr stark";"Très fortement";"";"";"Marketing";"Prüfung erforderlich";"";"";"";"questionnaire.question.treppen.option.sehr_stark";"questionnaire";"fr-CH";"3";"v1:d69b55804c14335744a0a12a0aa976d1ec91e2438349a6a77f6bb61bec9ba1ac";"a5de881afb0aa76225cdf194a37548fcb94e80c5e607ccfe8ca07cb8eee3af6b"
"Fragebogen";"Fragebogen";"Fragebogen";"Frage";"Frage «Verarbeitet» · Fragetext";"Wie häufig greifen Sie in einer typischen Woche zu stark verarbeiteten Lebensmitteln?";"À quelle fréquence consommez-vous des aliments fortement transformés pendant une semaine type ?";"";"";"Marketing, Medizin";"Prüfung erforderlich";"";"";"";"questionnaire.question.verarbeitet.text";"questionnaire";"fr-CH";"3";"v1:d69b55804c14335744a0a12a0aa976d1ec91e2438349a6a77f6bb61bec9ba1ac";"85c9f7a0fdd1e6a8f5f160f06f6f32c962f4444887f64dc283e766bd1239b593"
"Fragebogen";"Fragebogen";"Fragebogen";"Hilfetext";"Frage «Verarbeitet» · Hilfetext";"• Fertiggerichte, Tiefkühlpizza
• Süssigkeiten, Cookies, Chips
• Softdrinks, Energy-Drinks
• Wurst und verarbeitetes Fleisch
• Weissbrot, süsse Backwaren
<b>Praktische Regel:</b>
Mehr als fünf Zutaten oder schwer aussprechbare Namen = meist stark verarbeitet.

<b>Warum sind verarbeitete Lebensmittel problematisch?</b>
Viele stark verarbeitete Produkte enthalten viel Zucker, Salz, ungünstige Fette und Zusatzstoffe, während Ballaststoffe und wichtige Nährstoffe fehlen. Nicht jedes verarbeitete Lebensmittel ist gleich problematisch. Entscheidend ist, den Anteil stark verarbeiteter Produkte zu reduzieren und schrittweise mehr frische, nährstoffreiche Lebensmittel in den Alltag einzubauen.";"• Plats préparés, pizzas surgelées
• Sucreries, biscuits, chips
• Sodas, boissons énergisantes
• Charcuterie et viande transformée
• Pain blanc, pâtisseries sucrées
<b>Règle pratique :</b>
Plus de cinq ingrédients ou des noms difficiles à prononcer = généralement fortement transformé.

<b>Pourquoi les aliments transformés posent-ils problème ?</b>
De nombreux produits fortement transformés contiennent beaucoup de sucre, de sel, de graisses défavorables et d’additifs, alors qu’ils manquent de fibres alimentaires et de nutriments importants. Tous les aliments transformés ne sont pas aussi problématiques. L’essentiel est de réduire la part des produits fortement transformés et d’intégrer progressivement davantage d’aliments frais et riches en nutriments dans le quotidien.";"";"";"Marketing, Medizin";"Prüfung erforderlich";"";"";"";"questionnaire.question.verarbeitet.help";"questionnaire";"fr-CH";"3";"v1:d69b55804c14335744a0a12a0aa976d1ec91e2438349a6a77f6bb61bec9ba1ac";"d128e7419f478b50e646b4b0f4cdbdda5c56d807a71dbb608d77c63083ecf9c6"
"Fragebogen";"Fragebogen";"Fragebogen";"Titel des Hilfetexts";"Frage «Verarbeitet» · Titel des Hilfetexts";"Was gilt als stark verarbeitet?";"Qu’est-ce qui est considéré comme fortement transformé ?";"";"";"Marketing";"Prüfung erforderlich";"";"";"";"questionnaire.question.verarbeitet.help_title";"questionnaire";"fr-CH";"3";"v1:d69b55804c14335744a0a12a0aa976d1ec91e2438349a6a77f6bb61bec9ba1ac";"0b8692c48064688fe60cee5a9a133b6aed9af1b3cb294981e9abe26d0a77788d"
"Fragebogen";"Fragebogen";"Fragebogen";"Antwortoption";"Frage «Verarbeitet» · Antwortoption";"Fast täglich";"Presque tous les jours";"";"";"Marketing";"Prüfung erforderlich";"";"";"";"questionnaire.question.verarbeitet.option.fast_taeglich";"questionnaire";"fr-CH";"3";"v1:d69b55804c14335744a0a12a0aa976d1ec91e2438349a6a77f6bb61bec9ba1ac";"2b919d00e3afa1cc239977873ce5741e05f9597944971acb1d15d3f2a3580ed6"
"Fragebogen";"Fragebogen";"Fragebogen";"Antwortoption";"Frage «Verarbeitet» · Antwortoption";"Mehrmals täglich";"Plusieurs fois par jour";"";"";"Marketing";"Prüfung erforderlich";"";"";"";"questionnaire.question.verarbeitet.option.mehrmals_taeglich";"questionnaire";"fr-CH";"3";"v1:d69b55804c14335744a0a12a0aa976d1ec91e2438349a6a77f6bb61bec9ba1ac";"1d52b6f6356d3d73b15ee26a69fabc755061c8a9e5df4bc7fbeb5d418756b5cf"
"Fragebogen";"Fragebogen";"Fragebogen";"Antwortoption";"Frage «Verarbeitet» · Antwortoption";"Nie";"Jamais";"";"";"Marketing";"Prüfung erforderlich";"";"";"";"questionnaire.question.verarbeitet.option.nie";"questionnaire";"fr-CH";"3";"v1:d69b55804c14335744a0a12a0aa976d1ec91e2438349a6a77f6bb61bec9ba1ac";"a24eac3a9dbc5814186ff16f2682e17d2d9ab1ef64132ecc7b9d29523c3a02b6"
"Fragebogen";"Fragebogen";"Fragebogen";"Antwortoption";"Frage «Verarbeitet» · Antwortoption";"Seltener als 1x pro Woche";"Moins d’une fois par semaine";"";"";"Marketing";"Prüfung erforderlich";"";"";"";"questionnaire.question.verarbeitet.option.u1woche";"questionnaire";"fr-CH";"3";"v1:d69b55804c14335744a0a12a0aa976d1ec91e2438349a6a77f6bb61bec9ba1ac";"045251ab00f27d52f60d8595ee3948c23da8965454cfb252e2eea92906059342"
"Fragebogen";"Fragebogen";"Fragebogen";"Antwortoption";"Frage «Verarbeitet» · Antwortoption";"1–2x pro Woche";"1 à 2 fois par semaine";"";"";"Marketing";"Prüfung erforderlich";"";"";"";"questionnaire.question.verarbeitet.option.w1_2";"questionnaire";"fr-CH";"3";"v1:d69b55804c14335744a0a12a0aa976d1ec91e2438349a6a77f6bb61bec9ba1ac";"be76ee6ed1310055e6616758beeae0808891b93551251164748f006f94adac58"
"Fragebogen";"Fragebogen";"Fragebogen";"Frage";"Frage «Verbundenheit» · Fragetext";"Ich fühle mich von den Menschen in meinem Umfeld akzeptiert und eingebunden.";"Je me sens accepté et intégré par les personnes qui m’entourent.";"";"";"Marketing, Medizin";"Prüfung erforderlich";"";"";"";"questionnaire.question.verbundenheit.text";"questionnaire";"fr-CH";"3";"v1:d69b55804c14335744a0a12a0aa976d1ec91e2438349a6a77f6bb61bec9ba1ac";"649a4046b500dc3cf5e27277bc124fd4b7b7970c43b8ba9df4e14ffb146cfce1"
"Fragebogen";"Fragebogen";"Fragebogen";"Frage";"Frage «Vorsorge» · Fragetext";"Hat eine medizinische Fachperson mit Ihnen bereits geklärt, welche Vorsorgeuntersuchungen aufgrund Ihrer persönlichen Gesundheitsrisiken aktuell sinnvoll sind?";"Une professionnelle ou un professionnel de santé a-t-il déjà déterminé avec vous quels examens préventifs sont actuellement indiqués compte tenu de vos risques personnels pour la santé ?";"";"";"Marketing, Medizin";"Prüfung erforderlich";"";"";"";"questionnaire.question.vorsorge.text";"questionnaire";"fr-CH";"3";"v1:d69b55804c14335744a0a12a0aa976d1ec91e2438349a6a77f6bb61bec9ba1ac";"d0ca00c7bbeeb4c283184185918500d422ca113f87d00eef24a111315cabfb60"
"Fragebogen";"Fragebogen";"Fragebogen";"Hilfetext";"Frage «Vorsorge» · Hilfetext";"Bei einer persönlichen Risikoeinschätzung werden je nach Alter, persönlichen Werten und Familiengeschichte zum Beispiel Blutdruck, Blutzucker und Blutfette sowie passende Vorsorge- und Früherkennungsuntersuchungen besprochen. Eine medizinische Fachperson kann auch sagen, wann eine erneute Beurteilung sinnvoll ist.";"Selon votre âge, vos valeurs de santé personnelles et vos antécédents familiaux, une évaluation personnelle du risque peut porter par exemple sur la tension artérielle, la glycémie et les lipides sanguins ainsi que sur les examens de prévention et de dépistage appropriés. Une professionnelle ou un professionnel de santé peut également vous indiquer quand une nouvelle évaluation serait utile.";"";"";"Marketing, Medizin";"Prüfung erforderlich";"";"";"";"questionnaire.question.vorsorge.help";"questionnaire";"fr-CH";"3";"v1:d69b55804c14335744a0a12a0aa976d1ec91e2438349a6a77f6bb61bec9ba1ac";"64d96342b841d320619f83cbae61a0922e3030efda1bfa60f0fbea596756c095"
"Fragebogen";"Fragebogen";"Fragebogen";"Titel des Hilfetexts";"Frage «Vorsorge» · Titel des Hilfetexts";"Haben Sie gewusst?";"Le saviez-vous ?";"";"";"Marketing";"Prüfung erforderlich";"";"";"";"questionnaire.question.vorsorge.help_title";"questionnaire";"fr-CH";"3";"v1:d69b55804c14335744a0a12a0aa976d1ec91e2438349a6a77f6bb61bec9ba1ac";"2154e7752c5864eb1a69c0024bd82455f01bb9b8321e5368ae967730b7545177"
"Fragebogen";"Fragebogen";"Fragebogen";"Antwortoption";"Frage «Vorsorge» · Antwortoption";"Ja, aktuell";"Oui, à jour";"";"";"Marketing";"Prüfung erforderlich";"";"";"";"questionnaire.question.vorsorge.option.aktuell";"questionnaire";"fr-CH";"3";"v1:d69b55804c14335744a0a12a0aa976d1ec91e2438349a6a77f6bb61bec9ba1ac";"f462bb8355b7ff1412d0e33843d2505d429bda04394d12e133d248ddbe321893"
"Fragebogen";"Fragebogen";"Fragebogen";"Antwortoption";"Frage «Vorsorge» · Antwortoption";"Nein oder nicht mehr aktuell";"Non ou plus à jour";"";"";"Marketing";"Prüfung erforderlich";"";"";"";"questionnaire.question.vorsorge.option.nein";"questionnaire";"fr-CH";"3";"v1:d69b55804c14335744a0a12a0aa976d1ec91e2438349a6a77f6bb61bec9ba1ac";"3193f0ac93b3016d6139f16923da899ac9d8072bef8ec0c4302c0b1a557e9c65"
"Fragebogen";"Fragebogen";"Fragebogen";"Antwortoption";"Frage «Vorsorge» · Antwortoption";"Weiss ich nicht";"Je ne sais pas";"";"";"Marketing";"Prüfung erforderlich";"";"";"";"questionnaire.question.vorsorge.option.weiss_nicht";"questionnaire";"fr-CH";"3";"v1:d69b55804c14335744a0a12a0aa976d1ec91e2438349a6a77f6bb61bec9ba1ac";"8388f3e325deed61758b6e8580db33c274bd372d7048a512b4e339da07a407e1"
"Fragebogen";"Fragebogen";"Fragebogen";"Eingabehinweis";"Frage «Wandsitz» · Eingabehinweis";"z. B. 45";"p. ex. 45";"";"";"Marketing";"Prüfung erforderlich";"";"";"";"questionnaire.question.wandsitz.placeholder";"questionnaire";"fr-CH";"3";"v1:d69b55804c14335744a0a12a0aa976d1ec91e2438349a6a77f6bb61bec9ba1ac";"14fee83b24dee19abe5b38c03a0bf34b14759e282b52cd2e649a2e717179bf62"
"Fragebogen";"Fragebogen";"Fragebogen";"Einheit";"Frage «Wandsitz» · Einheit";"Sekunden";"secondes";"";"";"Marketing";"Prüfung erforderlich";"";"";"";"questionnaire.question.wandsitz.unit";"questionnaire";"fr-CH";"3";"v1:d69b55804c14335744a0a12a0aa976d1ec91e2438349a6a77f6bb61bec9ba1ac";"d81f1a1653fd86115888c790e704ffe6135e7ee4fc8191e18acb6ebf8ad31dbc"
"Fragebogen";"Fragebogen";"Fragebogen";"Frage";"Frage «Wandsitz» · Fragetext";"Wie lange können Sie maximal in einer sitzenden Haltung (90°-Winkel) mit dem Rücken an der Wand bleiben? (optional)";"Combien de temps pouvez-vous rester au maximum en position assise contre un mur, avec un angle de 90° ? (facultatif)";"";"";"Marketing, Medizin";"Prüfung erforderlich";"";"";"";"questionnaire.question.wandsitz.text";"questionnaire";"fr-CH";"3";"v1:d69b55804c14335744a0a12a0aa976d1ec91e2438349a6a77f6bb61bec9ba1ac";"b01b4435aa5905f89eca8a262cbe84034a7df83bfe00f0248ae1e05144ae77fc"
"Fragebogen";"Fragebogen";"Fragebogen";"Hilfetext";"Frage «Wandsitz» · Hilfetext";"1 – Rücken und Becken vollständig an eine gerade Wand legen.
2 – Füsse parallel und ungefähr hüftbreit aufstellen.
3 – Nach unten rutschen, bis Hüfte und Knie ungefähr einen 90°-Winkel bilden.
4 – Beide Beine gleichmässig belasten. Hände und Arme dürfen weder Beine noch Wand abstützen.
5 – Normal weiteratmen und die Position so lange wie möglich halten.

Machen Sie zuerst einen kurzen Übungsversuch und danach einen gewerteten Versuch. Die Zeit beginnt in der korrekten Position. Beenden Sie den Test, sobald Becken oder Rücken den Wandkontakt verlieren, Sie deutlich hochrutschen oder sich mit den Händen abstützen. Brechen Sie bei Schmerzen, Schwindel oder Atemnot ab.

<b>Was der Wandsitz-Test verrät:</b>
Er misst die lokale Kraftausdauer von Beinen und Gesäss. Diese Muskeln sind wichtig für Stabilität, Beweglichkeit und Sicherheit. Wer sie trainiert, bleibt länger aktiv, mobil und selbstständig.";"1 – Placez entièrement le dos et le bassin contre un mur droit.
2 – Posez les pieds parallèles, écartés approximativement à la largeur des hanches.
3 – Glissez vers le bas jusqu’à ce que les hanches et les genoux forment un angle d’environ 90°.
4 – Répartissez le poids de manière égale sur les deux jambes. Ne prenez appui avec les mains ou les bras ni sur les jambes ni sur le mur.
5 – Continuez à respirer normalement et maintenez la position aussi longtemps que possible.

Faites d’abord un bref essai, puis un essai chronométré. Le temps commence lorsque vous êtes dans la position correcte. Arrêtez le test dès que le bassin ou le dos perd le contact avec le mur, que vous remontez nettement ou que vous prenez appui avec les mains. Interrompez le test en cas de douleurs, de vertiges ou de difficultés respiratoires.

<b>Ce que révèle le test de la chaise contre un mur :</b>
Il mesure l’endurance de force locale des jambes et des fessiers. Ces muscles sont importants pour la stabilité, la mobilité et la sécurité. Les entraîner aide à rester actif, mobile et autonome plus longtemps.";"";"";"Marketing, Medizin";"Prüfung erforderlich";"";"";"";"questionnaire.question.wandsitz.help";"questionnaire";"fr-CH";"3";"v1:d69b55804c14335744a0a12a0aa976d1ec91e2438349a6a77f6bb61bec9ba1ac";"5117546020791f8f80eccf8518f6a8e50e799c4c6a3dff4b0f5e0c7e64774bf1"
"Fragebogen";"Fragebogen";"Fragebogen";"Titel des Hilfetexts";"Frage «Wandsitz» · Titel des Hilfetexts";"So führen Sie den Wandsitz-Test korrekt aus";"Comment effectuer correctement le test de la chaise contre un mur";"";"";"Marketing";"Prüfung erforderlich";"";"";"";"questionnaire.question.wandsitz.help_title";"questionnaire";"fr-CH";"3";"v1:d69b55804c14335744a0a12a0aa976d1ec91e2438349a6a77f6bb61bec9ba1ac";"6f3d5a3641cf0a2aa67ea85547c099d1bd9f2a86588d9456d2998edcdb54f149"
"Fragebogen";"Fragebogen";"Fragebogen";"Frage";"Frage «Zuckergetraenke» · Fragetext";"Wie häufig trinken Sie zuckerhaltige Getränke oder reine Fruchtsäfte?";"À quelle fréquence buvez-vous des boissons sucrées ou des jus de fruits purs ?";"";"";"Marketing, Medizin";"Prüfung erforderlich";"";"";"";"questionnaire.question.zuckergetraenke.text";"questionnaire";"fr-CH";"3";"v1:d69b55804c14335744a0a12a0aa976d1ec91e2438349a6a77f6bb61bec9ba1ac";"f58d93d941ff21994b0320d42bffcd5f9db35e126123d3f58f309f494bdd24e1"
"Fragebogen";"Fragebogen";"Fragebogen";"Antwortoption";"Frage «Zuckergetraenke» · Antwortoption";"Nie";"Jamais";"";"";"Marketing";"Prüfung erforderlich";"";"";"";"questionnaire.question.zuckergetraenke.option.nie";"questionnaire";"fr-CH";"3";"v1:d69b55804c14335744a0a12a0aa976d1ec91e2438349a6a77f6bb61bec9ba1ac";"ff30960e39a1cf12eb62dc2455577259debcd36a8153cfd72e64bc0103b1f54e"
"Fragebogen";"Fragebogen";"Fragebogen";"Antwortoption";"Frage «Zuckergetraenke» · Antwortoption";"Täglich oder mehrmals täglich";"Tous les jours ou plusieurs fois par jour";"";"";"Marketing";"Prüfung erforderlich";"";"";"";"questionnaire.question.zuckergetraenke.option.taeglich";"questionnaire";"fr-CH";"3";"v1:d69b55804c14335744a0a12a0aa976d1ec91e2438349a6a77f6bb61bec9ba1ac";"5ace8eae0b625585d541af3df49a61419b54a479255b9c51cec99ce5eb5c7410"
"Fragebogen";"Fragebogen";"Fragebogen";"Antwortoption";"Frage «Zuckergetraenke» · Antwortoption";"Seltener als 1x pro Woche";"Moins d’une fois par semaine";"";"";"Marketing";"Prüfung erforderlich";"";"";"";"questionnaire.question.zuckergetraenke.option.u1woche";"questionnaire";"fr-CH";"3";"v1:d69b55804c14335744a0a12a0aa976d1ec91e2438349a6a77f6bb61bec9ba1ac";"9a873960dc7686a6916cc957ca04058fdf594696c4627c57757c519400dc6489"
"Fragebogen";"Fragebogen";"Fragebogen";"Antwortoption";"Frage «Zuckergetraenke» · Antwortoption";"1–3x pro Woche";"1 à 3 fois par semaine";"";"";"Marketing";"Prüfung erforderlich";"";"";"";"questionnaire.question.zuckergetraenke.option.w1_3";"questionnaire";"fr-CH";"3";"v1:d69b55804c14335744a0a12a0aa976d1ec91e2438349a6a77f6bb61bec9ba1ac";"9c0cd907ff825fc43074f1a6e4d6a880c247bb1fe37d0bd93043be419206ee70"
"Fragebogen";"Fragebogen";"Fragebogen";"Antwortoption";"Frage «Zuckergetraenke» · Antwortoption";"4–6x pro Woche";"4 à 6 fois par semaine";"";"";"Marketing";"Prüfung erforderlich";"";"";"";"questionnaire.question.zuckergetraenke.option.w4_6";"questionnaire";"fr-CH";"3";"v1:d69b55804c14335744a0a12a0aa976d1ec91e2438349a6a77f6bb61bec9ba1ac";"6bbd13b2e74d479772a08510b541845349a14aebada150908d0c7560676ebc63"
"Fragebogen";"Fragebogen";"Fragebogen";"Frage";"Frage «Zukunft» · Fragetext";"Ich schaue zuversichtlich in meine Zukunft.";"J’envisage mon avenir avec confiance.";"";"";"Marketing, Medizin";"Prüfung erforderlich";"";"";"";"questionnaire.question.zukunft.text";"questionnaire";"fr-CH";"3";"v1:d69b55804c14335744a0a12a0aa976d1ec91e2438349a6a77f6bb61bec9ba1ac";"77588dd179934d8750fec108a69df0167a548c410637e2678e0a08e58a1faab1"
"Einflussfaktoren";"Alkohol";"Dimensionsdetails";"Überschrift";"Dimensionsdetail · Titel";"Alkohol reduzieren";"Réduire l’alcool";"";"";"Marketing, Medizin";"Prüfung erforderlich";"";"";"";"recommendation.signal.alkohol.title";"recommendations";"fr-CH";"3";"v1:d69b55804c14335744a0a12a0aa976d1ec91e2438349a6a77f6bb61bec9ba1ac";"5d4002ada4738672f99ff5fa0415b451e0bce262868005335b453f1355cf21a5"
"Einflussfaktoren";"Alkohol";"Dimensionsdetails";"Persönliche Einordnung";"Dimensionsdetail · Einordnung";"Für das Krebsrisiko gibt es keinen risikofreien Alkoholkonsum: Schon geringe Mengen erhöhen das Risiko bestimmter Krebsarten. Insgesamt gilt, je weniger Alkohol, desto geringer die gesundheitliche Belastung; auch Menge und hoher Konsum bei einzelnen Gelegenheiten sind relevant.";"Il n’existe pas de consommation d’alcool sans risque concernant le cancer : même de petites quantités augmentent le risque de certains cancers. Globalement, moins vous buvez d’alcool, plus la charge sanitaire est faible ; la quantité et les consommations élevées lors de certaines occasions sont également pertinentes.";"";"";"Marketing, Medizin";"Prüfung erforderlich";"Pauschales Studienurteil und aus Konsumtagen abgeleitetes Herz-Kreislauf-Risiko entfernt; durch Marketing und Medizin freigeben.";"";"";"recommendation.signal.alkohol.insight";"recommendations";"fr-CH";"3";"v1:d69b55804c14335744a0a12a0aa976d1ec91e2438349a6a77f6bb61bec9ba1ac";"5478fcbda290dbdc8f5af1d194a4410174c4d36096ad349f5937768122086431"
"Einflussfaktoren";"Alkohol";"Dimensionsdetails";"Nächster Schritt";"Dimensionsdetail · konkreter nächster Schritt";"Legen Sie diese Woche drei feste alkoholfreie Tage fest – nicht «weniger trinken», sondern konkrete Tage im Kalender.";"Fixez trois jours précis sans alcool cette semaine. Ne vous contentez pas de « boire moins » : inscrivez des jours concrets dans votre agenda.";"";"";"Marketing, Medizin";"Prüfung erforderlich";"";"";"";"recommendation.signal.alkohol.action";"recommendations";"fr-CH";"3";"v1:d69b55804c14335744a0a12a0aa976d1ec91e2438349a6a77f6bb61bec9ba1ac";"a5ff4513eb8e5874731740537ddf99868b080a2b88db07f7ae1f6a9591fca53c"
"Einflussfaktoren";"Alkohol";"Risikosignale";"Risikosignal";"Ergebnisseite, Lebensstil-Signal Alkoholkonsum";"Ihr Alkoholkonsum liegt im höheren Bereich.";"Votre consommation d’alcool se situe dans une plage élevée.";"";"";"Marketing, Medizin";"Prüfung erforderlich";"";"";"";"recommendation.risk_signal.alkohol.label";"recommendations";"fr-CH";"3";"v1:d69b55804c14335744a0a12a0aa976d1ec91e2438349a6a77f6bb61bec9ba1ac";"950474a3ad9ba9530acca20ba94399c4207aeb9c31d6b20f975f997c6af40a24"
"Einflussfaktoren";"Alkohol";"Empfehlungskarten";"Überschrift";"Empfehlungskarte · Einflussfaktoren · Titel";"Alkohol als wirksamen Hebel nutzen";"Faire de la réduction de l’alcool un levier efficace";"";"";"Marketing";"Prüfung erforderlich";"";"";"";"recommendation.catalog.ei_alkohol.title";"recommendations";"fr-CH";"3";"v1:d69b55804c14335744a0a12a0aa976d1ec91e2438349a6a77f6bb61bec9ba1ac";"d24bb4c9b27787533d413e7e93711e93c4a320631c8f37100c890ec2a5496ab9"
"Einflussfaktoren";"Alkohol";"Empfehlungskarten";"Begründung / Einordnung";"Empfehlungskarte · Einflussfaktoren · Begründung";"Ihr Alkoholkonsum liegt im höheren Bereich. Weniger Alkohol wirkt sich gleich mehrfach positiv aus – auf Schlaf, Blutdruck, Gewicht und das langfristige Krebsrisiko.";"Votre consommation d’alcool se situe dans une plage élevée. Boire moins a plusieurs effets positifs à la fois, notamment sur le sommeil, la tension artérielle, le poids et le risque de cancer à long terme.";"";"";"Marketing, Medizin";"Prüfung erforderlich";"";"";"";"recommendation.catalog.ei_alkohol.why";"recommendations";"fr-CH";"3";"v1:d69b55804c14335744a0a12a0aa976d1ec91e2438349a6a77f6bb61bec9ba1ac";"88efc432ff14231845731de5cb7cb4c42f50156176257ae94e0f10f7888cb362"
"Einflussfaktoren";"Alkohol";"Empfehlungskarten";"Nächster Schritt";"Empfehlungskarte · Einflussfaktoren · konkreter nächster Schritt";"Legen Sie pro Woche mehrere alkoholfreie Tage fest und probieren Sie bei Gelegenheit alkoholfreie Alternativen.";"Prévoyez plusieurs jours sans alcool par semaine et essayez des alternatives sans alcool lorsque l’occasion se présente.";"";"";"Marketing, Medizin";"Prüfung erforderlich";"";"";"";"recommendation.catalog.ei_alkohol.step";"recommendations";"fr-CH";"3";"v1:d69b55804c14335744a0a12a0aa976d1ec91e2438349a6a77f6bb61bec9ba1ac";"dc0ec4d7a926ca36e5fab805c4acb073492d22c9d83604293f39674eedb2b907"
"Einflussfaktoren";"Alkohol";"Empfehlungskarten";"Erwarteter Nutzen";"Empfehlungskarte · Einflussfaktoren · erwarteter Nutzen";"Schon weniger Alkohol verbessert Schlaf, Energie und mehrere Gesundheitswerte zugleich.";"Réduire l’alcool améliore déjà le sommeil, l’énergie et plusieurs valeurs de santé.";"";"";"Marketing, Medizin";"Prüfung erforderlich";"";"";"";"recommendation.catalog.ei_alkohol.benefit";"recommendations";"fr-CH";"3";"v1:d69b55804c14335744a0a12a0aa976d1ec91e2438349a6a77f6bb61bec9ba1ac";"d2f2621a1cd05de3a9797d1ba8b976b6a0ca1de38159f5ebe70a9f98a2038821"
"Einflussfaktoren";"Alkohol";"4-Wochen-Pläne";"4-Wochen-Plan";"4-Wochen-Plan · Diese Woche";"Legen Sie <b>drei feste alkoholfreie Tage</b> in den Kalender – nicht «weniger trinken», sondern konkrete Wochentage. An Trink-Tagen ein Glas Wasser zwischen den Getränken.";"Inscrivez <b>trois jours fixes sans alcool</b> dans votre agenda. Ne vous contentez pas de « boire moins » : choisissez des jours précis. Les jours où vous buvez, prenez un verre d’eau entre les boissons alcoolisées.";"";"";"Marketing, Medizin";"Prüfung erforderlich";"";"";"";"recommendation.plan.ei_alkohol.this_week";"recommendations";"fr-CH";"3";"v1:d69b55804c14335744a0a12a0aa976d1ec91e2438349a6a77f6bb61bec9ba1ac";"a371d7fe1861ad2720407178187fdf3696fbca7460c994e4b84be6973b7e9e17"
"Einflussfaktoren";"Alkohol";"4-Wochen-Pläne";"4-Wochen-Plan";"4-Wochen-Plan · Woche 2–3";"Testen Sie gute alkoholfreie Alternativen (alkoholfreies Bier, Schorlen, Mocktails) für die Situationen, in denen Sie sonst automatisch greifen. Wichtig zu wissen: Es gibt keine gesundheitlich «sichere» Menge – jede Reduktion zählt.";"Testez de bonnes alternatives sans alcool, comme de la bière sans alcool, des jus dilués ou des cocktails sans alcool, dans les situations où vous vous servez habituellement sans y réfléchir. Important : il n’existe pas de quantité d’alcool « sûre » pour la santé. Chaque réduction compte.";"";"";"Marketing, Medizin";"Prüfung erforderlich";"";"";"";"recommendation.plan.ei_alkohol.weeks_2_3";"recommendations";"fr-CH";"3";"v1:d69b55804c14335744a0a12a0aa976d1ec91e2438349a6a77f6bb61bec9ba1ac";"52dc2554a027d00bbcb9f29708befaafdfa0ef6892f6f0d548dd3ae0280b880b"
"Einflussfaktoren";"Alkohol";"4-Wochen-Pläne";"4-Wochen-Plan";"4-Wochen-Plan · Woche 4";"Prüfen Sie, welche Anlässe Sie ohne Alkohol gut gemeistert haben, und behalten Sie die alkoholfreien Tage als feste Gewohnheit bei.";"Observez les occasions que vous avez bien vécues sans alcool et conservez les jours sans alcool comme habitude fixe.";"";"";"Marketing, Medizin";"Prüfung erforderlich";"";"";"";"recommendation.plan.ei_alkohol.week_4";"recommendations";"fr-CH";"3";"v1:d69b55804c14335744a0a12a0aa976d1ec91e2438349a6a77f6bb61bec9ba1ac";"a8181cd0196618407916998b3f0fec444542244bd22b85cdc8eb33351923f345"
"Einflussfaktoren";"Alkohol";"Handlungsfelder";"Beschriftung";"Handlungsfeld · Einflussfaktoren · Kurzlabel";"Alkoholkonsum reduzieren";"Réduire la consommation d’alcool";"";"";"Marketing, Medizin";"Prüfung erforderlich";"";"";"";"recommendation.lever.lv_alkohol.label";"recommendations";"fr-CH";"3";"v1:d69b55804c14335744a0a12a0aa976d1ec91e2438349a6a77f6bb61bec9ba1ac";"69de83a1950069474a7eaf077328b0cea855179cf247832b0d7834597ad621a4"
"Einflussfaktoren";"Alkohol";"Handlungsfelder";"Detailtext";"Handlungsfeld · Einflussfaktoren · Detailtext";"Ihre Angaben zeigen häufigen Alkoholkonsum. Für das gesundheitliche Risiko sind neben der Häufigkeit auch die Menge und hoher Konsum bei einzelnen Gelegenheiten relevant; insgesamt gilt: je weniger Alkohol, desto geringer das Risiko.";"Vos indications montrent une consommation fréquente d’alcool. Pour le risque sanitaire, la quantité et les consommations élevées lors de certaines occasions comptent également. Globalement, moins vous buvez d’alcool, plus le risque est faible.";"";"";"Marketing, Medizin";"Prüfung erforderlich";"Aus Konsumtagen allein keine individuelle Risikohöhe abgeleitet; durch Marketing und Medizin freigeben.";"";"";"recommendation.lever.lv_alkohol.detail";"recommendations";"fr-CH";"3";"v1:d69b55804c14335744a0a12a0aa976d1ec91e2438349a6a77f6bb61bec9ba1ac";"c2ab2f0bc996abdfe27272944e6a6c799524112951d722629784f679ec115f53"
"Einflussfaktoren";"Alkohol";"Stärken";"Beschriftung";"Stärke · Einflussfaktoren · Kurzlabel";"Massvoller Umgang mit Alkohol";"Consommation modérée d’alcool";"";"";"Marketing";"Prüfung erforderlich";"";"";"";"recommendation.strength.st_alkohol.label";"recommendations";"fr-CH";"3";"v1:d69b55804c14335744a0a12a0aa976d1ec91e2438349a6a77f6bb61bec9ba1ac";"682f30c14e467d7ad4b6f44acaeec98ac7a6e0464af9931d6e736307af469482"
"Einflussfaktoren";"Alkohol";"Stärken";"Detailtext";"Stärke · Einflussfaktoren · Detailtext";"Sie trinken nie oder selten Alkohol. Damit halten Sie Ihre alkoholbedingte Gesundheitsbelastung gering.";"Vous ne buvez jamais ou rarement de l’alcool. Vous maintenez ainsi à un faible niveau la charge sanitaire liée à l’alcool.";"";"";"Marketing, Medizin";"Prüfung erforderlich";"Unzulässige individuelle Risikoreduktion durch zurückhaltende Expositionsaussage ersetzt; durch Marketing und Medizin freigeben.";"";"";"recommendation.strength.st_alkohol.detail";"recommendations";"fr-CH";"3";"v1:d69b55804c14335744a0a12a0aa976d1ec91e2438349a6a77f6bb61bec9ba1ac";"8f1a024ddd019b6536b92999ed1585a2e2e0ffe208d2c90e18fa74babf2c4046"
"Einflussfaktoren";"Alkohol";"Ergebnis-Einstieg";"Beschriftung";"Ergebnis-Zusammenfassung · Themenlabel «Alkohol»";"Alkohol";"alcool";"";"";"Marketing";"Prüfung erforderlich";"";"";"";"ui.hero.topic.alkohol";"ui";"fr-CH";"3";"v1:d69b55804c14335744a0a12a0aa976d1ec91e2438349a6a77f6bb61bec9ba1ac";"606d49fb56eb95168c860b3f0cec6318531a37aada218c759ab2483ab459a1cf"
"Einflussfaktoren";"Alltagssicherheit & Sturzprävention";"Empfehlungskarten";"Überschrift";"Empfehlungskarte · Einflussfaktoren · Titel";"Sicherheit bei alltäglichen Bewegungen aufbauen";"Renforcer la sécurité dans les mouvements quotidiens";"";"";"Marketing";"Prüfung erforderlich";"";"";"";"recommendation.catalog.ei_stabilitaet.title";"recommendations";"fr-CH";"3";"v1:d69b55804c14335744a0a12a0aa976d1ec91e2438349a6a77f6bb61bec9ba1ac";"7c86c283615ce9296d527eec41e2b0117a8988e2761216659016e2df6abc5b57"
"Einflussfaktoren";"Alltagssicherheit & Sturzprävention";"Empfehlungskarten";"Begründung / Einordnung";"Empfehlungskarte · Einflussfaktoren · Begründung";"Sie fühlen sich bei alltäglichen Bewegungen unsicher. Dieses Unsicherheitsgefühl ist ein wichtiges Frühwarnzeichen für ein erhöhtes Sturzrisiko – und lässt sich sehr gut trainieren.";"Vous ne vous sentez pas sûr lors des mouvements quotidiens. Ce sentiment constitue un signal précoce important d’un risque de chute accru et peut être très bien entraîné.";"";"";"Marketing, Medizin";"Prüfung erforderlich";"";"";"";"recommendation.catalog.ei_stabilitaet.why";"recommendations";"fr-CH";"3";"v1:d69b55804c14335744a0a12a0aa976d1ec91e2438349a6a77f6bb61bec9ba1ac";"5b671a63c2305b880a176fc8a922af539e77aa6e129869a6882c5a90e9bedcc9"
"Einflussfaktoren";"Alltagssicherheit & Sturzprävention";"Empfehlungskarten";"Nächster Schritt";"Empfehlungskarte · Einflussfaktoren · konkreter nächster Schritt";"Bauen Sie 2- bis 3-mal pro Woche kurze Gleichgewichts- und Kraftübungen ein – z. B. Einbeinstand beim Zähneputzen, Aufstehen vom Stuhl ohne Hände oder ein paar Kniebeugen mit Festhalten.";"Intégrez de courts exercices d’équilibre et de force 2 à 3 fois par semaine, par exemple tenir sur une jambe en vous brossant les dents, vous relever d’une chaise sans les mains ou faire quelques squats en vous tenant.";"";"";"Marketing, Medizin";"Prüfung erforderlich";"";"";"";"recommendation.catalog.ei_stabilitaet.step";"recommendations";"fr-CH";"3";"v1:d69b55804c14335744a0a12a0aa976d1ec91e2438349a6a77f6bb61bec9ba1ac";"8af91b28006daf82bb2309069efb3e1f5709971013843088f26b4fc25cea06a7"
"Einflussfaktoren";"Alltagssicherheit & Sturzprävention";"Empfehlungskarten";"Erwarteter Nutzen";"Empfehlungskarte · Einflussfaktoren · erwarteter Nutzen";"Gezieltes Training von Gleichgewicht, Kraft und Beweglichkeit senkt das Sturzrisiko erheblich und stärkt Ihre Selbstständigkeit.";"Un entraînement ciblé de l’équilibre, de la force et de la mobilité réduit considérablement le risque de chute et renforce votre autonomie.";"";"";"Marketing, Medizin";"Prüfung erforderlich";"";"";"";"recommendation.catalog.ei_stabilitaet.benefit";"recommendations";"fr-CH";"3";"v1:d69b55804c14335744a0a12a0aa976d1ec91e2438349a6a77f6bb61bec9ba1ac";"0bb368e9136146665bc30d05f759663ef9a884e7de146baf416640e45b4fb6aa"
"Einflussfaktoren";"Alltagssicherheit & Sturzprävention";"4-Wochen-Pläne";"4-Wochen-Plan";"4-Wochen-Plan · Diese Woche";"Täglich zweimal Einbeinstand von 20–30 Sekunden pro Seite, an der Küchenzeile abgestützt – z. B. beim Zähneputzen. Dazu fünfmal aus dem Stuhl aufstehen, ohne die Hände zu benutzen.";"Deux fois par jour, tenez 20 à 30 secondes sur chaque jambe en prenant appui sur le plan de travail de la cuisine, par exemple pendant le brossage des dents. Relevez-vous également cinq fois d’une chaise sans utiliser les mains.";"";"";"Marketing, Medizin";"Prüfung erforderlich";"";"";"";"recommendation.plan.ei_stabilitaet.this_week";"recommendations";"fr-CH";"3";"v1:d69b55804c14335744a0a12a0aa976d1ec91e2438349a6a77f6bb61bec9ba1ac";"6132608534554482777fefcf4711a067ae3c60aa3bff5c0b87f25add16985fb4"
"Einflussfaktoren";"Alltagssicherheit & Sturzprävention";"4-Wochen-Pläne";"4-Wochen-Plan";"4-Wochen-Plan · Woche 2–3";"Machen Sie es schrittweise schwerer: nur noch mit einem Finger abstützen, dann frei; Kopf langsam nach links und rechts drehen. Warum das wirkt: Gleichgewicht ist kein Talent, sondern eine trainierbare Zusammenarbeit von Muskeln, Gelenksinn und Innenohr – sie verbessert sich in wenigen Wochen messbar.";"Augmentez progressivement la difficulté : prenez d’abord appui avec un seul doigt, puis sans appui, et tournez lentement la tête à gauche et à droite. Pourquoi cela fonctionne : l’équilibre n’est pas un talent, mais une coordination perfectible entre les muscles, le sens articulaire et l’oreille interne. Des progrès mesurables sont possibles en quelques semaines.";"";"";"Marketing, Medizin";"Prüfung erforderlich";"";"";"";"recommendation.plan.ei_stabilitaet.weeks_2_3";"recommendations";"fr-CH";"3";"v1:d69b55804c14335744a0a12a0aa976d1ec91e2438349a6a77f6bb61bec9ba1ac";"13bfcd0a6e59136fa8cfea66e1e086d2b4da4dd7fb3f40474b6cf561220a61c3"
"Einflussfaktoren";"Alltagssicherheit & Sturzprävention";"4-Wochen-Pläne";"4-Wochen-Plan";"4-Wochen-Plan · Woche 4";"Ergänzen Sie Beinkraft (Kniebeugen, Treppensteigen). Kraft und Gleichgewicht zusammen senken das Sturzrisiko nachweislich stärker als jede Massnahme einzeln. Prüfen Sie ausserdem die Stolperfallen zu Hause: lose Teppiche, schlechte Beleuchtung, Kabel.";"Ajoutez des exercices de force des jambes, comme des squats et la montée d’escaliers. La force et l’équilibre combinés réduisent le risque de chute de manière démontrée davantage que chaque mesure isolée. Vérifiez également les risques de trébuchement chez vous : tapis non fixés, éclairage insuffisant ou câbles.";"";"";"Marketing, Medizin";"Prüfung erforderlich";"";"";"";"recommendation.plan.ei_stabilitaet.week_4";"recommendations";"fr-CH";"3";"v1:d69b55804c14335744a0a12a0aa976d1ec91e2438349a6a77f6bb61bec9ba1ac";"3902743d53ccb6447bb6bb4d302a6f93791b91f4e78c362702f4ae8b430bdc0c"
"Einflussfaktoren";"Alltagssicherheit & Sturzprävention";"Handlungsfelder";"Beschriftung";"Handlungsfeld · Einflussfaktoren · Kurzlabel";"Gleichgewicht trainieren, Stürzen vorbeugen";"Entraîner l’équilibre et prévenir les chutes";"";"";"Marketing, Medizin";"Prüfung erforderlich";"";"";"";"recommendation.lever.lv_sturz.label";"recommendations";"fr-CH";"3";"v1:d69b55804c14335744a0a12a0aa976d1ec91e2438349a6a77f6bb61bec9ba1ac";"21c7be06188304fffcfbb2e7ed3d44e505912aedb393489d3f0b476b5c566a60"
"Einflussfaktoren";"Alltagssicherheit & Sturzprävention";"Handlungsfelder";"Detailtext";"Handlungsfeld · Einflussfaktoren · Detailtext";"Ihr Unsicherheitsgefühl bei Alltagsbewegungen ist ein Frühwarnzeichen – gezieltes Gleichgewichts- und Krafttraining senkt das Sturzrisiko erheblich.";"Votre sentiment d’insécurité lors des mouvements quotidiens est un signal précoce. Un entraînement ciblé de l’équilibre et de la force réduit considérablement le risque de chute.";"";"";"Marketing, Medizin";"Prüfung erforderlich";"";"";"";"recommendation.lever.lv_sturz.detail";"recommendations";"fr-CH";"3";"v1:d69b55804c14335744a0a12a0aa976d1ec91e2438349a6a77f6bb61bec9ba1ac";"2b459a040a32757ed3fffa83c6ae5450644dee2e51a981b5cb60f2059b0114cd"
"Einflussfaktoren";"Alltagssicherheit & Sturzprävention";"Stärken";"Beschriftung";"Stärke · Einflussfaktoren · Kurzlabel";"Sicher auf den Beinen";"Bonne stabilité sur vos jambes";"";"";"Marketing";"Prüfung erforderlich";"";"";"";"recommendation.strength.st_sicherheit.label";"recommendations";"fr-CH";"3";"v1:d69b55804c14335744a0a12a0aa976d1ec91e2438349a6a77f6bb61bec9ba1ac";"287179ab3bc7aaae6cfc6e0dc65a22feb8a66aaa1218f4d4f486e2238615a02d"
"Einflussfaktoren";"Alltagssicherheit & Sturzprävention";"Stärken";"Detailtext";"Stärke · Einflussfaktoren · Detailtext";"Sie fühlen sich bei Alltagsbewegungen sehr sicher – in Ihrem Alter ein wertvoller Schutz vor Stürzen.";"Vous vous sentez très sûr lors des mouvements quotidiens. À votre âge, c’est une protection précieuse contre les chutes.";"";"";"Marketing, Medizin";"Prüfung erforderlich";"";"";"";"recommendation.strength.st_sicherheit.detail";"recommendations";"fr-CH";"3";"v1:d69b55804c14335744a0a12a0aa976d1ec91e2438349a6a77f6bb61bec9ba1ac";"4a6e31d0e81c8db0753cf8c738e805aa59e15e44ff89ebdf087cbf26f7e69d5c"
"Einflussfaktoren";"Alltagssicherheit & Sturzprävention";"Dimensionsdetails";"Überschrift";"Dimensionsdetail · Titel";"Unsicherheit bei Alltagsbewegungen";"Insécurité lors des mouvements quotidiens";"";"";"Marketing, Medizin";"Prüfung erforderlich";"";"";"";"recommendation.signal.stabilitaet.title";"recommendations";"fr-CH";"3";"v1:d69b55804c14335744a0a12a0aa976d1ec91e2438349a6a77f6bb61bec9ba1ac";"7563ac80ac9455b77ce6b7de72abd6698ed7f325d20157a48edd1297d75a4e28"
"Einflussfaktoren";"Alltagssicherheit & Sturzprävention";"Dimensionsdetails";"Persönliche Einordnung";"Dimensionsdetail · Einordnung";"Das Gefühl von Unsicherheit geht dem ersten Sturz oft Jahre voraus – und ist damit ein wertvolles Frühwarnzeichen. Gleichgewicht ist kein Talent, sondern trainierbar; messbare Fortschritte zeigen sich in wenigen Wochen.";"Le sentiment d’insécurité précède souvent la première chute de plusieurs années et constitue donc un signal précoce précieux. L’équilibre n’est pas un talent, mais une capacité perfectible ; des progrès mesurables apparaissent en quelques semaines.";"";"";"Marketing, Medizin";"Prüfung erforderlich";"";"";"";"recommendation.signal.stabilitaet.insight";"recommendations";"fr-CH";"3";"v1:d69b55804c14335744a0a12a0aa976d1ec91e2438349a6a77f6bb61bec9ba1ac";"3b9839cdc61edb4424bc3e491ce733393ddb988503f94994b38b311a85fcefc2"
"Einflussfaktoren";"Alltagssicherheit & Sturzprävention";"Dimensionsdetails";"Nächster Schritt";"Dimensionsdetail · konkreter nächster Schritt";"Beim Zähneputzen auf einem Bein stehen (20–30 Sek. pro Seite), leicht abgestützt.";"Pendant le brossage des dents, tenez-vous sur une jambe pendant 20 à 30 s de chaque côté en prenant légèrement appui.";"";"";"Marketing, Medizin";"Prüfung erforderlich";"";"";"";"recommendation.signal.stabilitaet.action";"recommendations";"fr-CH";"3";"v1:d69b55804c14335744a0a12a0aa976d1ec91e2438349a6a77f6bb61bec9ba1ac";"2283f9dc1fd151e295454279fddd39d987ffa4a7b2e2d2fc2a27f1cd8968a8a3"
"Einflussfaktoren";"Alltagssicherheit & Sturzprävention";"Risikosignale";"Risikosignal";"Ergebnisseite, Lebensstil-Signal Bewegungsstabilität";"Sie fühlen sich bei alltäglichen Bewegungen unsicher – ein wichtiges Frühwarnzeichen für Sturzrisiko.";"Vous ne vous sentez pas sûr lors des mouvements quotidiens : c’est un signal précoce important du risque de chute.";"";"";"Marketing, Medizin";"Prüfung erforderlich";"";"";"";"recommendation.risk_signal.stabilitaet.label";"recommendations";"fr-CH";"3";"v1:d69b55804c14335744a0a12a0aa976d1ec91e2438349a6a77f6bb61bec9ba1ac";"062c6a48c25ed21dae6666708cb109bf6aa6347735d6480a8c1e37de17d03d9c"
"Einflussfaktoren";"Alltagssicherheit & Sturzprävention";"Ergebnis-Einstieg";"Beschriftung";"Ergebnis-Zusammenfassung · Themenlabel «Alltagssicherheit & Sturzprävention»";"Sicherheit bei Alltagsbewegungen";"sécurité des mouvements quotidiens";"";"";"Marketing";"Prüfung erforderlich";"";"";"";"ui.hero.topic.stabilitaet";"ui";"fr-CH";"3";"v1:d69b55804c14335744a0a12a0aa976d1ec91e2438349a6a77f6bb61bec9ba1ac";"de951f9de1d4f5b9d8e3e7fad3ea7acab8e16d0cbbf5a8ed1ab5cd2d33aa4050"
"Einflussfaktoren";"Digitale Gewohnheiten";"Empfehlungskarten";"Überschrift";"Empfehlungskarte · Einflussfaktoren · Titel";"Bildschirm- und Social-Media-Zeit bewusst begrenzen";"Limiter consciemment le temps d’écran et de réseaux sociaux";"";"";"Marketing";"Prüfung erforderlich";"";"";"";"recommendation.catalog.ei_socialmedia.title";"recommendations";"fr-CH";"3";"v1:d69b55804c14335744a0a12a0aa976d1ec91e2438349a6a77f6bb61bec9ba1ac";"38300b6458b8fc75b83be6b0783af4ff8356234baa626888b89d2502db84a208"
"Einflussfaktoren";"Digitale Gewohnheiten";"Empfehlungskarten";"Begründung / Einordnung";"Empfehlungskarte · Einflussfaktoren · Begründung";"Social Media beeinträchtigt Ihr Wohlbefinden oder Ihren Alltag spürbar. Bewusste Grenzen entlasten Kopf und Schlaf.";"Les réseaux sociaux nuisent sensiblement à votre bien-être ou à votre quotidien. Des limites conscientes soulagent votre esprit et favorisent votre sommeil.";"";"";"Marketing, Medizin";"Prüfung erforderlich";"";"";"";"recommendation.catalog.ei_socialmedia.why";"recommendations";"fr-CH";"3";"v1:d69b55804c14335744a0a12a0aa976d1ec91e2438349a6a77f6bb61bec9ba1ac";"17c9a56a1bf755930342da84e42daa68d3c9f6a5eb7e4d0f1622def49bc950c7"
"Einflussfaktoren";"Digitale Gewohnheiten";"Empfehlungskarten";"Nächster Schritt";"Empfehlungskarte · Einflussfaktoren · konkreter nächster Schritt";"Legen Sie feste bildschirmfreie Zeiten fest (z. B. die erste Stunde nach dem Aufwachen und vor dem Schlafen) und schalten Sie unnötige Benachrichtigungen ab.";"Définissez des périodes fixes sans écran, par exemple la première heure après le réveil et la dernière avant le coucher, et désactivez les notifications inutiles.";"";"";"Marketing, Medizin";"Prüfung erforderlich";"";"";"";"recommendation.catalog.ei_socialmedia.step";"recommendations";"fr-CH";"3";"v1:d69b55804c14335744a0a12a0aa976d1ec91e2438349a6a77f6bb61bec9ba1ac";"3f9c0a8c84385b0af2a458a921af0638169491e169e5bf0f8f0cdca44c9d7820"
"Einflussfaktoren";"Digitale Gewohnheiten";"Empfehlungskarten";"Erwarteter Nutzen";"Empfehlungskarte · Einflussfaktoren · erwarteter Nutzen";"Weniger Dauerberieselung verbessert Konzentration, Stimmung und Schlaf.";"Une sollicitation permanente moindre améliore la concentration, l’humeur et le sommeil.";"";"";"Marketing, Medizin";"Prüfung erforderlich";"";"";"";"recommendation.catalog.ei_socialmedia.benefit";"recommendations";"fr-CH";"3";"v1:d69b55804c14335744a0a12a0aa976d1ec91e2438349a6a77f6bb61bec9ba1ac";"6f3c0d47dcdb64feaf2d24e8e4dc64e5afc77aba0d2a87e8b98292e0bc2d456c"
"Einflussfaktoren";"Digitale Gewohnheiten";"4-Wochen-Pläne";"4-Wochen-Plan";"4-Wochen-Plan · Diese Woche";"Zwei bildschirmfreie Fenster einführen: die <b>erste Stunde nach dem Aufwachen</b> und die letzte vor dem Schlafen. Handy über Nacht ausserhalb des Schlafzimmers laden.";"Instaurez deux périodes sans écran : la <b>première heure après le réveil</b> et la dernière avant le coucher. Chargez le téléphone en dehors de la chambre pendant la nuit.";"";"";"Marketing, Medizin";"Prüfung erforderlich";"";"";"";"recommendation.plan.ei_socialmedia.this_week";"recommendations";"fr-CH";"3";"v1:d69b55804c14335744a0a12a0aa976d1ec91e2438349a6a77f6bb61bec9ba1ac";"58cdc6c05a842d37643ebcf58793d65e6a1997e0548af6651d5afe59d040c686"
"Einflussfaktoren";"Digitale Gewohnheiten";"4-Wochen-Pläne";"4-Wochen-Plan";"4-Wochen-Plan · Woche 2–3";"Erhöhen Sie bewusst die Hürde statt auf Willenskraft zu setzen: die zwei zeitintensivsten Apps vom Startbildschirm entfernen, Push-Benachrichtigungen abschalten, ggf. ein Zeitlimit setzen. Dass Loslassen schwerfällt, ist Produktdesign – kein Willensmangel.";"Augmentez consciemment les obstacles plutôt que de compter sur votre volonté : retirez de l’écran d’accueil les deux applications qui vous prennent le plus de temps, désactivez les notifications et fixez au besoin une limite de temps. La difficulté à lâcher prise relève de la conception du produit, et non d’un manque de volonté.";"";"";"Marketing, Medizin";"Prüfung erforderlich";"";"";"";"recommendation.plan.ei_socialmedia.weeks_2_3";"recommendations";"fr-CH";"3";"v1:d69b55804c14335744a0a12a0aa976d1ec91e2438349a6a77f6bb61bec9ba1ac";"6b674e9dd5046de8de2ea1b8aa2a66cba1aca1cfe89ab6042c716d58fa77de61"
"Einflussfaktoren";"Digitale Gewohnheiten";"4-Wochen-Pläne";"4-Wochen-Plan";"4-Wochen-Plan · Woche 4";"Ersetzen Sie die gewonnene Zeit gezielt durch etwas, das Ihnen guttut (Bewegung, Kontakt, Hobby) – so entsteht ein Gewinn statt eines Verzichts.";"Remplacez délibérément le temps récupéré par une activité qui vous fait du bien, comme bouger, voir quelqu’un ou pratiquer un loisir. Vous obtenez ainsi un bénéfice plutôt qu’une privation.";"";"";"Marketing, Medizin";"Prüfung erforderlich";"";"";"";"recommendation.plan.ei_socialmedia.week_4";"recommendations";"fr-CH";"3";"v1:d69b55804c14335744a0a12a0aa976d1ec91e2438349a6a77f6bb61bec9ba1ac";"f374dda2041939f9b6fbb5dd5e29d3ae2d232d653cb3cb15edf7c99ffd206764"
"Einflussfaktoren";"Digitale Gewohnheiten";"Handlungsfelder";"Beschriftung";"Handlungsfeld · Einflussfaktoren · Kurzlabel";"Social-Media-Zeit bewusst begrenzen";"Limiter consciemment le temps consacré aux réseaux sociaux";"";"";"Marketing, Medizin";"Prüfung erforderlich";"";"";"";"recommendation.lever.lv_socialmedia.label";"recommendations";"fr-CH";"3";"v1:d69b55804c14335744a0a12a0aa976d1ec91e2438349a6a77f6bb61bec9ba1ac";"7049a514e9a0a0663f9ac5c9d45b0e170bfe93afe44ecb1cbe6fa1bdaf885a80"
"Einflussfaktoren";"Digitale Gewohnheiten";"Handlungsfelder";"Detailtext";"Handlungsfeld · Einflussfaktoren · Detailtext";"Sie verbringen mehr Zeit online, als Ihnen lieb ist – feste bildschirmfreie Zeiten geben Ihnen die Kontrolle zurück.";"Vous passez plus de temps en ligne que vous ne le souhaiteriez. Des périodes fixes sans écran vous permettent de reprendre le contrôle.";"";"";"Marketing, Medizin";"Prüfung erforderlich";"";"";"";"recommendation.lever.lv_socialmedia.detail";"recommendations";"fr-CH";"3";"v1:d69b55804c14335744a0a12a0aa976d1ec91e2438349a6a77f6bb61bec9ba1ac";"6706eac3d336f72620bfe51fd83aa5dc3cb2d104b73c84e68d149ff1cc284f18"
"Einflussfaktoren";"Digitale Gewohnheiten";"Dimensionsdetails";"Überschrift";"Dimensionsdetail · Titel";"Social Media beansprucht viel Raum";"Les réseaux sociaux prennent beaucoup de place";"";"";"Marketing, Medizin";"Prüfung erforderlich";"";"";"";"recommendation.signal.socialmedia.title";"recommendations";"fr-CH";"3";"v1:d69b55804c14335744a0a12a0aa976d1ec91e2438349a6a77f6bb61bec9ba1ac";"a2fe5e390991414328076b2daf3f4e1a6a4072fafe04ba9702022f791c86fec2"
"Einflussfaktoren";"Digitale Gewohnheiten";"Dimensionsdetails";"Persönliche Einordnung";"Dimensionsdetail · Einordnung";"Die Apps sind darauf optimiert, Aufmerksamkeit zu halten – dass es schwerfällt aufzuhören, ist kein Willensmangel, sondern Produktdesign. Am wirksamsten sind deshalb Massnahmen, die die Hürde erhöhen, nicht Vorsätze.";"Les applications sont conçues pour retenir l’attention. La difficulté à s’arrêter ne traduit pas un manque de volonté, mais la conception du produit. Les mesures qui augmentent les obstacles sont donc plus efficaces que les résolutions.";"";"";"Marketing, Medizin";"Prüfung erforderlich";"";"";"";"recommendation.signal.socialmedia.insight";"recommendations";"fr-CH";"3";"v1:d69b55804c14335744a0a12a0aa976d1ec91e2438349a6a77f6bb61bec9ba1ac";"3b121ea2c68ead39717beca42c5fc84e2c82270c6ac4dcfbc45626b5fad5f667"
"Einflussfaktoren";"Digitale Gewohnheiten";"Dimensionsdetails";"Nächster Schritt";"Dimensionsdetail · konkreter nächster Schritt";"Handy über Nacht ausserhalb des Schlafzimmers laden und die zwei zeitintensivsten Apps vom Startbildschirm entfernen.";"Chargez le téléphone en dehors de la chambre pendant la nuit et retirez de l’écran d’accueil les deux applications qui vous prennent le plus de temps.";"";"";"Marketing, Medizin";"Prüfung erforderlich";"";"";"";"recommendation.signal.socialmedia.action";"recommendations";"fr-CH";"3";"v1:d69b55804c14335744a0a12a0aa976d1ec91e2438349a6a77f6bb61bec9ba1ac";"a473d7fef298d4a469040f70d9908a9be48d1fa30364752bdb07b992058f9f3c"
"Einflussfaktoren";"Digitale Gewohnheiten";"Risikosignale";"Risikosignal";"Ergebnisseite, Lebensstil-Signal Social Media";"Social Media beeinträchtigt Ihr Wohlbefinden oder Ihren Alltag spürbar.";"Les réseaux sociaux nuisent sensiblement à votre bien-être ou à votre quotidien.";"";"";"Marketing, Medizin";"Prüfung erforderlich";"";"";"";"recommendation.risk_signal.socialmedia.label";"recommendations";"fr-CH";"3";"v1:d69b55804c14335744a0a12a0aa976d1ec91e2438349a6a77f6bb61bec9ba1ac";"1f3328da05cd5e862e9a9c84158671622fa0f2861432599aa0024770a38cbaa1"
"Einflussfaktoren";"Digitale Gewohnheiten";"Ergebnis-Einstieg";"Beschriftung";"Ergebnis-Zusammenfassung · Themenlabel «Digitale Gewohnheiten»";"Social-Media-Zeit";"temps consacré aux réseaux sociaux";"";"";"Marketing";"Prüfung erforderlich";"";"";"";"ui.hero.topic.socialmedia";"ui";"fr-CH";"3";"v1:d69b55804c14335744a0a12a0aa976d1ec91e2438349a6a77f6bb61bec9ba1ac";"039220151ae7938461c4277e6edcbeb914f4833e709aff3ba88fc698edb9ce54"
"Einflussfaktoren";"Herz-Kreislauf & Vorsorge";"Spezialaktionen";"Überschrift";"Kardiovaskulärer Vorsorge-Check, Titel";"Kardiovaskulären Vorsorge-Check vereinbaren";"Prendre rendez-vous pour un check-up cardiovasculaire préventif";"";"";"Marketing, Medizin";"Prüfung erforderlich";"";"";"";"recommendation.special.act_kardio.title";"recommendations";"fr-CH";"3";"v1:d69b55804c14335744a0a12a0aa976d1ec91e2438349a6a77f6bb61bec9ba1ac";"5aeb2db1e9d9221ffde31950cf5f25c3cc44bea853f2c5789aead49ea6602ed8"
"Einflussfaktoren";"Herz-Kreislauf & Vorsorge";"Spezialaktionen";"Dynamischer Text";"Kardiovaskulärer Vorsorge-Check, Begründung mit dynamischer Liste";"Mehrere Ihrer Angaben sprechen dafür, Ihr Herz-Kreislauf-Risiko ärztlich einordnen zu lassen: {{riskFactors}}. Dabei können aktuelle Messwerte erhoben und geeignete nächste Schritte gemeinsam festgelegt werden.";"Plusieurs de vos indications suggèrent de faire évaluer médicalement votre risque cardiovasculaire : {{riskFactors}}. Des valeurs actuelles pourront être mesurées et les prochaines étapes appropriées définies ensemble.";"";"";"Marketing, Medizin";"Prüfung erforderlich";"Heuristik nicht als validierte Wechselwirkung oder medizinische Rangfolge dargestellt; durch Marketing und Medizin freigeben.";"{{riskFactors}}";"";"recommendation.special.act_kardio.why";"recommendations";"fr-CH";"3";"v1:d69b55804c14335744a0a12a0aa976d1ec91e2438349a6a77f6bb61bec9ba1ac";"161a107f9be6552006a2b8d44a5dbb8a2fe19de306f42c5f45b3be2b3aae9910"
"Einflussfaktoren";"Herz-Kreislauf & Vorsorge";"Spezialaktionen";"Nächster Schritt";"Kardiovaskulärer Vorsorge-Check · Startschritt · Abklärung erforderlich";"Vereinbaren Sie zeitnah einen Termin, um Ihr Herz-Kreislauf-Risiko anhand von Blutdruck, Blutfetten und Blutzucker fachlich einordnen zu lassen.";"Prenez rapidement rendez-vous pour faire évaluer votre risque cardiovasculaire sur la base de la tension artérielle, des lipides sanguins et de la glycémie.";"";"";"Marketing, Medizin";"Prüfung erforderlich";"Nicht validierte Zwei-Wochen-Frist entfernt; durch Marketing und Medizin freigeben.";"";"";"recommendation.special.act_kardio.step.assessment_needed";"recommendations";"fr-CH";"3";"v1:d69b55804c14335744a0a12a0aa976d1ec91e2438349a6a77f6bb61bec9ba1ac";"11bd51f7529973beb07abc85328ad15ad1e671a620035975cee63332a8496477"
"Einflussfaktoren";"Herz-Kreislauf & Vorsorge";"Spezialaktionen";"Nächster Schritt";"Kardiovaskulärer Vorsorge-Check · Startschritt · Abklärung erforderlich · Bluthochdruck";"Vereinbaren Sie zeitnah einen Termin, um Blutdruck, Blutfette und Blutzucker fachlich einordnen zu lassen. Führen Sie Ihre verordnete Behandlung wie besprochen weiter und klären Sie den passenden Messrhythmus mit der behandelnden Fachperson.";"Prenez rapidement rendez-vous pour faire évaluer votre tension artérielle, vos lipides sanguins et votre glycémie. Poursuivez votre traitement prescrit comme convenu et déterminez le rythme de mesure adapté avec le professionnel qui vous suit.";"";"";"Marketing, Medizin";"Prüfung erforderlich";"Nicht validierte Zwei-Wochen-Frist entfernt und Messrhythmus an Fachperson gebunden; durch Marketing und Medizin freigeben.";"";"";"recommendation.special.act_kardio.step.assessment_needed_hypertension";"recommendations";"fr-CH";"3";"v1:d69b55804c14335744a0a12a0aa976d1ec91e2438349a6a77f6bb61bec9ba1ac";"5145a2b32b12352ccc295d4cc10bfd3561bed90be5a1fa617fc6a69a765ed150"
"Einflussfaktoren";"Herz-Kreislauf & Vorsorge";"Spezialaktionen";"Nächster Schritt";"Kardiovaskulärer Vorsorge-Check · Startschritt · Abklärung erforderlich · familiäre Vorbelastung";"Vereinbaren Sie zeitnah einen Termin, um Blutdruck, Blutfette und Blutzucker fachlich einordnen zu lassen, und sprechen Sie dabei Ihre familiäre Vorgeschichte an.";"Prenez rapidement rendez-vous pour faire évaluer votre tension artérielle, vos lipides sanguins et votre glycémie, et mentionnez vos antécédents familiaux.";"";"";"Marketing, Medizin";"Prüfung erforderlich";"Nicht validierte Zwei-Wochen-Frist entfernt; durch Marketing und Medizin freigeben.";"";"";"recommendation.special.act_kardio.step.assessment_needed_family_history";"recommendations";"fr-CH";"3";"v1:d69b55804c14335744a0a12a0aa976d1ec91e2438349a6a77f6bb61bec9ba1ac";"17f9dd8e6faadab7b31cbe559e3fe50a8682d92212ab7ea93ad86a0afd72fc47"
"Einflussfaktoren";"Herz-Kreislauf & Vorsorge";"Spezialaktionen";"Nächster Schritt";"Kardiovaskulärer Vorsorge-Check · Startschritt · Abklärung erforderlich · familiäre Vorbelastung · Bluthochdruck";"Vereinbaren Sie zeitnah einen Termin, um Blutdruck, Blutfette und Blutzucker fachlich einordnen zu lassen, und sprechen Sie Ihre familiäre Vorgeschichte an. Führen Sie Ihre verordnete Behandlung wie besprochen weiter und klären Sie den passenden Messrhythmus mit der behandelnden Fachperson.";"Prenez rapidement rendez-vous pour faire évaluer votre tension artérielle, vos lipides sanguins et votre glycémie, et mentionnez vos antécédents familiaux. Poursuivez votre traitement prescrit comme convenu et déterminez le rythme de mesure adapté avec le professionnel qui vous suit.";"";"";"Marketing, Medizin";"Prüfung erforderlich";"Nicht validierte Zwei-Wochen-Frist entfernt und Messrhythmus an Fachperson gebunden; durch Marketing und Medizin freigeben.";"";"";"recommendation.special.act_kardio.step.assessment_needed_family_history_hypertension";"recommendations";"fr-CH";"3";"v1:d69b55804c14335744a0a12a0aa976d1ec91e2438349a6a77f6bb61bec9ba1ac";"2158773299c01174e279284ee80770ae3e2b3fcc88d2fa281d23c40dc37cc3b1"
"Einflussfaktoren";"Herz-Kreislauf & Vorsorge";"Spezialaktionen";"Nächster Schritt";"Kardiovaskulärer Vorsorge-Check · Startschritt · Werte bereits abgeklärt";"Sprechen Sie beim nächsten Termin gezielt Ihr Herz-Kreislauf-Risiko an und lassen Sie Blutdruck, Blutfette und Blutzucker aktuell bestimmen.";"Lors de votre prochain rendez-vous, abordez spécifiquement votre risque cardiovasculaire et faites mesurer à nouveau votre tension artérielle, vos lipides sanguins et votre glycémie.";"";"";"Marketing, Medizin";"Prüfung erforderlich";"";"";"";"recommendation.special.act_kardio.step.already_assessed";"recommendations";"fr-CH";"3";"v1:d69b55804c14335744a0a12a0aa976d1ec91e2438349a6a77f6bb61bec9ba1ac";"88100f341de21dc3e03c6877adb85840efe5ae9def2045f3ced02059c250aacb"
"Einflussfaktoren";"Herz-Kreislauf & Vorsorge";"Spezialaktionen";"Nächster Schritt";"Kardiovaskulärer Vorsorge-Check · Startschritt · Werte bereits abgeklärt · Bluthochdruck";"Sprechen Sie beim nächsten Termin gezielt Ihr Herz-Kreislauf-Risiko an und lassen Sie Blutdruck, Blutfette und Blutzucker aktuell bestimmen. Bis dahin: Blutdruck regelmässig messen und die laufende Behandlung konsequent weiterführen.";"Lors de votre prochain rendez-vous, abordez spécifiquement votre risque cardiovasculaire et faites mesurer à nouveau votre tension artérielle, vos lipides sanguins et votre glycémie. D’ici là, mesurez régulièrement votre tension et poursuivez votre traitement de manière conséquente.";"";"";"Marketing, Medizin";"Prüfung erforderlich";"";"";"";"recommendation.special.act_kardio.step.already_assessed_hypertension";"recommendations";"fr-CH";"3";"v1:d69b55804c14335744a0a12a0aa976d1ec91e2438349a6a77f6bb61bec9ba1ac";"31ae6d8de1cfba4e1c0936a2f874d595a31c61faf4a6662bb81f311993ad87a7"
"Einflussfaktoren";"Herz-Kreislauf & Vorsorge";"Spezialaktionen";"Nächster Schritt";"Kardiovaskulärer Vorsorge-Check · Startschritt · Werte bereits abgeklärt · familiäre Vorbelastung";"Sprechen Sie beim nächsten Termin gezielt Ihr Herz-Kreislauf-Risiko und Ihre familiäre Vorgeschichte an und lassen Sie Blutdruck, Blutfette und Blutzucker aktuell bestimmen.";"Lors de votre prochain rendez-vous, abordez spécifiquement votre risque cardiovasculaire et vos antécédents familiaux, et faites mesurer à nouveau votre tension artérielle, vos lipides sanguins et votre glycémie.";"";"";"Marketing, Medizin";"Prüfung erforderlich";"Übernimmt den relevanten Familienanamnese-Hinweis aus der dadurch ersetzten Einzelkarte; durch Marketing und Medizin freigeben.";"";"";"recommendation.special.act_kardio.step.already_assessed_family_history";"recommendations";"fr-CH";"3";"v1:d69b55804c14335744a0a12a0aa976d1ec91e2438349a6a77f6bb61bec9ba1ac";"ca4071833d25436834f781a6964898fa0c823d876b0c5a3b0a6eb49472109a84"
"Einflussfaktoren";"Herz-Kreislauf & Vorsorge";"Spezialaktionen";"Nächster Schritt";"Kardiovaskulärer Vorsorge-Check · Startschritt · Werte bereits abgeklärt · familiäre Vorbelastung · Bluthochdruck";"Sprechen Sie beim nächsten Termin gezielt Ihr Herz-Kreislauf-Risiko und Ihre familiäre Vorgeschichte an und lassen Sie Blutdruck, Blutfette und Blutzucker aktuell bestimmen. Bis dahin: Blutdruck regelmässig messen und die laufende Behandlung konsequent weiterführen.";"Lors de votre prochain rendez-vous, abordez spécifiquement votre risque cardiovasculaire et vos antécédents familiaux, et faites mesurer à nouveau votre tension artérielle, vos lipides sanguins et votre glycémie. D’ici là, mesurez régulièrement votre tension et poursuivez votre traitement de manière conséquente.";"";"";"Marketing, Medizin";"Prüfung erforderlich";"Bündelt Familienanamnese und Bluthochdruck-Begleitung in der priorisierten Kardio-Karte; durch Marketing und Medizin freigeben.";"";"";"recommendation.special.act_kardio.step.already_assessed_family_history_hypertension";"recommendations";"fr-CH";"3";"v1:d69b55804c14335744a0a12a0aa976d1ec91e2438349a6a77f6bb61bec9ba1ac";"212ac1798d403783f27cb08e29d396f37af762c446f417345d68741e8c48e98c"
"Einflussfaktoren";"Herz-Kreislauf & Vorsorge";"Spezialaktionen";"Erwarteter Nutzen";"Kardiovaskulärer Vorsorge-Check, Nutzen";"Sie erhalten aktuelle Messwerte und können mit der Fachperson klären, welche nächsten Schritte zu Ihrem Risikoprofil passen.";"Vous obtenez des valeurs actuelles et pouvez déterminer avec le professionnel quelles prochaines étapes correspondent à votre profil de risque.";"";"";"Marketing, Medizin";"Prüfung erforderlich";"Absolutes Nutzenversprechen durch realistische Entscheidungsgrundlage ersetzt; durch Marketing und Medizin freigeben.";"";"";"recommendation.special.act_kardio.benefit";"recommendations";"fr-CH";"3";"v1:d69b55804c14335744a0a12a0aa976d1ec91e2438349a6a77f6bb61bec9ba1ac";"64b280058fe79ca01236a1c17de4af4f50ce070297a1f268d9edcebdebca9370"
"Einflussfaktoren";"Herz-Kreislauf & Vorsorge";"4-Wochen-Pläne";"4-Wochen-Plan";"4-Wochen-Plan · Diese Woche";"Termin vereinbaren – und die Untersuchung gezielt vorbereiten: Bitten Sie neben Blutdruck und Blutzucker um ein Lipidprofil und fragen Sie aktiv nach <b>ApoB (Apolipoprotein B)</b> und <b>Lp(a) (Lipoprotein(a))</b>. Notieren Sie vorab, wer in Ihrer Familie wann eine Herz-Kreislauf-Erkrankung hatte – das verändert die ärztliche Einschätzung oft deutlich.";"Prenez rendez-vous et préparez l’examen de manière ciblée : en plus de la tension artérielle et de la glycémie, demandez un profil lipidique et renseignez-vous activement sur <b>l’ApoB (apolipoprotéine B)</b> et la <b>Lp(a) (lipoprotéine(a))</b>. Notez au préalable quels membres de votre famille ont eu une maladie cardiovasculaire et à quel âge : cela modifie souvent sensiblement l’évaluation médicale.";"";"";"Marketing, Medizin";"Prüfung erforderlich";"";"";"ApoB | Lp(a)";"recommendation.plan.act_kardio.this_week";"recommendations";"fr-CH";"3";"v1:d69b55804c14335744a0a12a0aa976d1ec91e2438349a6a77f6bb61bec9ba1ac";"bc3a496dc8018900b2ebd22e048fd10e2f0d841d8dbf5c92adfcc4d9ceee70c9"
"Einflussfaktoren";"Herz-Kreislauf & Vorsorge";"4-Wochen-Pläne";"4-Wochen-Plan";"4-Wochen-Plan · Woche 2–3";"Verstehen, worum es geht: <b>ApoB</b> bildet die Anzahl atherogener Partikel ab, während LDL-Cholesterin deren Cholesteringehalt misst – beide Werte können auseinanderfallen. <b>Lp(a)</b> ist weitgehend genetisch bestimmt und durch den Lebensstil kaum beeinflussbar. Eine einmalige Bestimmung im Erwachsenenleben ist meist ausreichend; Ausnahmen legt die Fachperson fest.";"Comprenez ce qui est en jeu : <b>l’ApoB</b> reflète le nombre de particules athérogènes, tandis que le cholestérol LDL mesure leur teneur en cholestérol. Les deux valeurs peuvent diverger. La <b>Lp(a)</b> est en grande partie déterminée génétiquement et peu influençable par le mode de vie. Une mesure unique à l’âge adulte suffit généralement ; le professionnel détermine les exceptions.";"";"";"Marketing, Medizin";"Prüfung erforderlich";"ApoB und Lp(a) fachlich getrennt und die einmalige Lp(a)-Messung korrekt qualifiziert; durch Marketing und Medizin freigeben.";"";"ApoB | Lp(a)";"recommendation.plan.act_kardio.weeks_2_3";"recommendations";"fr-CH";"3";"v1:d69b55804c14335744a0a12a0aa976d1ec91e2438349a6a77f6bb61bec9ba1ac";"7b4b5eceeeb00ee4b082f317a7873e7cd761ab253cf36810a97142fd72ee0da5"
"Einflussfaktoren";"Herz-Kreislauf & Vorsorge";"4-Wochen-Pläne";"4-Wochen-Plan";"4-Wochen-Plan · Woche 4, Alter ab 40";"Kontrollrhythmus festlegen und eintragen. Die Schweizerische Herzstiftung empfiehlt, die Blutfette ab 40 mindestens alle fünf Jahre kontrollieren zu lassen; den Blutzucker ab 45. Lp(a) wird im Erwachsenenleben meist nur einmal bestimmt; Ausnahmen legt die Fachperson fest. Bei erhöhtem Risiko oder laufender Therapie legen Sie die Intervalle mit Ihrer Fachperson fest.";"Définissez et notez le rythme des contrôles. La Fondation Suisse de Cardiologie recommande de faire contrôler les lipides sanguins au moins tous les cinq ans à partir de 40 ans, et la glycémie à partir de 45 ans. La Lp(a) n’est généralement mesurée qu’une fois à l’âge adulte ; le professionnel détermine les exceptions. En cas de risque accru ou de traitement en cours, fixez les intervalles avec votre professionnel de la santé.";"";"";"Marketing, Medizin";"Prüfung erforderlich";"Lp(a)-Wiederholung qualifiziert und Kontrollintervalle an Fachperson gebunden; durch Marketing und Medizin freigeben.";"";"Lp(a)";"recommendation.plan.act_kardio.week_4.age_40_plus";"recommendations";"fr-CH";"3";"v1:d69b55804c14335744a0a12a0aa976d1ec91e2438349a6a77f6bb61bec9ba1ac";"103ec90abebec00ddbcd231344a8523f0773dab6157b91381d5839e260d26ebc"
"Einflussfaktoren";"Herz-Kreislauf & Vorsorge";"4-Wochen-Pläne";"4-Wochen-Plan";"4-Wochen-Plan · Woche 4, Alter unter 40";"Kontrollrhythmus festlegen und eintragen. Die Schweizerische Herzstiftung empfiehlt regelmässige Blutfett-Kontrollen ab 40 Jahren – bei familiärer Vorbelastung kann eine frühere Bestimmung sinnvoll sein. Lp(a) wird im Erwachsenenleben meist nur einmal bestimmt; Ausnahmen legt die Fachperson fest. Gefässablagerungen entstehen über Jahre, deshalb lohnt sich eine frühzeitige Risikoeinordnung.";"Définissez et notez le rythme des contrôles. La Fondation Suisse de Cardiologie recommande des contrôles réguliers des lipides sanguins à partir de 40 ans ; en cas de prédisposition familiale, une mesure plus précoce peut être utile. La Lp(a) n’est généralement mesurée qu’une fois à l’âge adulte ; le professionnel détermine les exceptions. Les dépôts vasculaires se forment au fil des années, d’où l’intérêt d’une évaluation précoce du risque.";"";"";"Marketing, Medizin";"Prüfung erforderlich";"Lp(a)-Wiederholung qualifiziert und absolute Präventionswirkung entschärft; durch Marketing und Medizin freigeben.";"";"Lp(a)";"recommendation.plan.act_kardio.week_4.under_40";"recommendations";"fr-CH";"3";"v1:d69b55804c14335744a0a12a0aa976d1ec91e2438349a6a77f6bb61bec9ba1ac";"5203451547250eb0685e19478724b2bf51baa946fc7b34bb47267b4059c5a60b"
"Einflussfaktoren";"Herz-Kreislauf & Vorsorge";"Spezial-Empfehlungen";"Dynamischer Text";"Kardiovaskulärer Vorsorge-Check, Aufzählung von drei oder mehr dynamischen Risikofaktoren";"{{preceding}} und {{last}}";"{{preceding}} et {{last}}";"";"";"Marketing";"Prüfung erforderlich";"";"{{last}} | {{preceding}}";"";"recommendation.special.act_kardio.risk_factor_list.many";"recommendations";"fr-CH";"3";"v1:d69b55804c14335744a0a12a0aa976d1ec91e2438349a6a77f6bb61bec9ba1ac";"536fe9f0e0190dd5909b2aeac13d356522b584b4e4e81d63feee95bb072b7427"
"Einflussfaktoren";"Herz-Kreislauf & Vorsorge";"Spezial-Empfehlungen";"Dynamischer Text";"Kardiovaskulärer Vorsorge-Check, Aufzählung von genau zwei dynamischen Risikofaktoren";"{{first}} und {{last}}";"{{first}} et {{last}}";"";"";"Marketing";"Prüfung erforderlich";"";"{{first}} | {{last}}";"";"recommendation.special.act_kardio.risk_factor_list.two";"recommendations";"fr-CH";"3";"v1:d69b55804c14335744a0a12a0aa976d1ec91e2438349a6a77f6bb61bec9ba1ac";"1be024893c93bc771c6a419d8d67dec1a5dbc194c6a4aa7d8111161ca20fe7fd"
"Einflussfaktoren";"Herz-Kreislauf & Vorsorge";"Spezial-Empfehlungen";"Dynamischer Text";"Kardiovaskulärer Vorsorge-Check, BMI-Fallback bei vorsichtig erkanntem Kraftsportkontext";"BMI {{bmi}} ({{bmiClassLabel}}; durch Muskelmasse möglicherweise mit beeinflusst und fachlich zu klären)";"IMC {{bmi}} ({{bmiClassLabel}} ; possiblement influencé par la masse musculaire et à clarifier professionnellement)";"";"";"Marketing, Medizin";"Prüfung erforderlich";"Die mögliche Muskelmasse ändert weder Score noch Mustergewicht; nur vorsichtige Interpretation.";"{{bmi}} | {{bmiClassLabel}}";"{{bmi}} | {{bmiClassLabel}}";"recommendation.special.act_kardio.risk_factor.body_composition_bmi_muscular";"recommendations";"fr-CH";"3";"v1:d69b55804c14335744a0a12a0aa976d1ec91e2438349a6a77f6bb61bec9ba1ac";"0f844fafe38be0b4f266fb13b4d81e3797544a9b061fec5719d1eb2f905ec246"
"Einflussfaktoren";"Herz-Kreislauf & Vorsorge";"Spezial-Empfehlungen";"Dynamischer Textbaustein";"Kardiovaskulärer Vorsorge-Check, dynamisch eingesetzter Risikofaktor Alkohol";"Alkohol";"alcool";"";"";"Marketing, Medizin";"Prüfung erforderlich";"";"";"";"recommendation.special.act_kardio.risk_factor.alcohol";"recommendations";"fr-CH";"3";"v1:d69b55804c14335744a0a12a0aa976d1ec91e2438349a6a77f6bb61bec9ba1ac";"3528fd5a95bbcd9f66b2cf7d2b81a47d89f9ae4660768fa8ae15c793f7f0157f"
"Einflussfaktoren";"Herz-Kreislauf & Vorsorge";"Spezial-Empfehlungen";"Dynamischer Textbaustein";"Kardiovaskulärer Vorsorge-Check, dynamisch eingesetzter Risikofaktor Bluthochdruck";"Bluthochdruck";"hypertension";"";"";"Marketing, Medizin";"Prüfung erforderlich";"";"";"";"recommendation.special.act_kardio.risk_factor.hypertension";"recommendations";"fr-CH";"3";"v1:d69b55804c14335744a0a12a0aa976d1ec91e2438349a6a77f6bb61bec9ba1ac";"0aa169332291e59498053c58af8dc83ba4d1153cad135ec354f77c6ddca334e8"
"Einflussfaktoren";"Herz-Kreislauf & Vorsorge";"Spezial-Empfehlungen";"Dynamischer Textbaustein";"Kardiovaskulärer Vorsorge-Check, dynamisch eingesetzter Risikofaktor Ernährungsmuster";"das Ernährungsmuster";"profil alimentaire";"";"";"Marketing, Medizin";"Prüfung erforderlich";"";"";"";"recommendation.special.act_kardio.risk_factor.nutrition_pattern";"recommendations";"fr-CH";"3";"v1:d69b55804c14335744a0a12a0aa976d1ec91e2438349a6a77f6bb61bec9ba1ac";"76363e58d7e37340c626fad246be8dc502b0da3febb39142c554a07e09682481"
"Einflussfaktoren";"Herz-Kreislauf & Vorsorge";"Spezial-Empfehlungen";"Dynamischer Textbaustein";"Kardiovaskulärer Vorsorge-Check, dynamisch eingesetzter Risikofaktor familiäre Vorbelastung";"familiäre Vorbelastung";"prédisposition familiale";"";"";"Marketing, Medizin";"Prüfung erforderlich";"";"";"";"recommendation.special.act_kardio.risk_factor.family_history";"recommendations";"fr-CH";"3";"v1:d69b55804c14335744a0a12a0aa976d1ec91e2438349a6a77f6bb61bec9ba1ac";"b0c4e97a635e419a4b893ec506463c8171f864c84ea1638d5769863bceabb70e"
"Einflussfaktoren";"Herz-Kreislauf & Vorsorge";"Spezial-Empfehlungen";"Dynamischer Textbaustein";"Kardiovaskulärer Vorsorge-Check, dynamisch eingesetzter Risikofaktor Körperzusammensetzung";"Körperzusammensetzung";"composition corporelle";"";"";"Marketing, Medizin";"Prüfung erforderlich";"";"";"";"recommendation.special.act_kardio.risk_factor.body_composition";"recommendations";"fr-CH";"3";"v1:d69b55804c14335744a0a12a0aa976d1ec91e2438349a6a77f6bb61bec9ba1ac";"94cf2e57d30086d5aaa13907c04daa5beb4d44e2478dbc18b14a38b3b7de5bab"
"Einflussfaktoren";"Herz-Kreislauf & Vorsorge";"Spezial-Empfehlungen";"Dynamischer Textbaustein";"Kardiovaskulärer Vorsorge-Check, dynamisch eingesetzter Risikofaktor lange Sitzzeiten";"lange Sitzzeiten";"longues périodes assises";"";"";"Marketing, Medizin";"Prüfung erforderlich";"";"";"";"recommendation.special.act_kardio.risk_factor.long_sitting";"recommendations";"fr-CH";"3";"v1:d69b55804c14335744a0a12a0aa976d1ec91e2438349a6a77f6bb61bec9ba1ac";"6387859e4ee281891f538460b5b3fb41b652e6c5ecbcf25c67b34ae748a11331"
"Einflussfaktoren";"Herz-Kreislauf & Vorsorge";"Spezial-Empfehlungen";"Dynamischer Textbaustein";"Kardiovaskulärer Vorsorge-Check, dynamisch eingesetzter Risikofaktor Rauchen";"Rauchen";"tabagisme";"";"";"Marketing, Medizin";"Prüfung erforderlich";"";"";"";"recommendation.special.act_kardio.risk_factor.smoking";"recommendations";"fr-CH";"3";"v1:d69b55804c14335744a0a12a0aa976d1ec91e2438349a6a77f6bb61bec9ba1ac";"c6717c95f723cfd5417c0a7fb3634406e9ad039e0e6cf41f1c93dd12f47d563c"
"Einflussfaktoren";"Herz-Kreislauf & Vorsorge";"Spezial-Empfehlungen";"Dynamischer Textbaustein";"Kardiovaskulärer Vorsorge-Check, dynamisch eingesetzter Risikofaktor wenig Bewegung";"wenig Bewegung";"faible activité physique";"";"";"Marketing, Medizin";"Prüfung erforderlich";"";"";"";"recommendation.special.act_kardio.risk_factor.low_activity";"recommendations";"fr-CH";"3";"v1:d69b55804c14335744a0a12a0aa976d1ec91e2438349a6a77f6bb61bec9ba1ac";"764c09eb37f3592503bff92d89328231f79909fd4cdef4fe76b90ee1de835822"
"Einflussfaktoren";"Herz-Kreislauf & Vorsorge";"Spezial-Empfehlungen";"Dynamischer Text";"Kardiovaskulärer Vorsorge-Check, persönlicher BMI-Fallback-Risikofaktor";"BMI {{bmi}} ({{bmiClassLabel}}; Fettverteilung nicht ausreichend geklärt)";"IMC {{bmi}} ({{bmiClassLabel}} ; répartition de la graisse insuffisamment clarifiée)";"";"";"Marketing, Medizin";"Prüfung erforderlich";"BMI als weniger spezifischer Fallbackmarker, ohne Adipositasdiagnose.";"{{bmi}} | {{bmiClassLabel}}";"{{bmi}} | {{bmiClassLabel}}";"recommendation.special.act_kardio.risk_factor.body_composition_bmi";"recommendations";"fr-CH";"3";"v1:d69b55804c14335744a0a12a0aa976d1ec91e2438349a6a77f6bb61bec9ba1ac";"9962179bf30e4096316d878ebd12443aecabd0712ff99a2214f3fbe56939d9bf"
"Einflussfaktoren";"Herz-Kreislauf & Vorsorge";"Spezial-Empfehlungen";"Dynamischer Text";"Kardiovaskulärer Vorsorge-Check, persönlicher WHtR-Risikofaktor";"Taille-Grösse-Verhältnis {{whtr}} ({{waistStatusLabel}})";"rapport tour de taille/taille {{whtr}} ({{waistStatusLabel}})";"";"";"Marketing, Medizin";"Prüfung erforderlich";"Macht den tatsächlichen Screeningmarker im Mehrfaktorenmuster sichtbar; keine Diagnose.";"{{waistStatusLabel}} | {{whtr}}";"{{whtr}} | {{waistStatusLabel}}";"recommendation.special.act_kardio.risk_factor.body_composition_whtr";"recommendations";"fr-CH";"3";"v1:d69b55804c14335744a0a12a0aa976d1ec91e2438349a6a77f6bb61bec9ba1ac";"4386544f926632668203af00188be816d10c62dab495270d5b5be9350f25bf15"
"Einflussfaktoren";"Herz-Kreislauf & Vorsorge";"Dimensionsdetails";"Überschrift";"Dimensionsdetail · Titel";"Blutdruck nicht bekannt";"Tension artérielle inconnue";"";"";"Marketing, Medizin";"Prüfung erforderlich";"";"";"";"recommendation.signal.blutdruck_unbekannt.title";"recommendations";"fr-CH";"3";"v1:d69b55804c14335744a0a12a0aa976d1ec91e2438349a6a77f6bb61bec9ba1ac";"7ff62f0af707e88d9b8488201b6f8826a0d04b29225e03c79711d8bc5734c40a"
"Einflussfaktoren";"Herz-Kreislauf & Vorsorge";"Dimensionsdetails";"Persönliche Einordnung";"Dimensionsdetail · Einordnung";"Bluthochdruck verursacht typischerweise keine Symptome. Man kann ihn jahrelang haben, ohne etwas zu merken – Messen ist der einzige Weg, ihn zu finden.";"L’hypertension ne provoque généralement aucun symptôme. Il est possible d’en avoir pendant des années sans s’en rendre compte : la mesurer est le seul moyen de la détecter.";"";"";"Marketing, Medizin";"Prüfung erforderlich";"";"";"";"recommendation.signal.blutdruck_unbekannt.insight";"recommendations";"fr-CH";"3";"v1:d69b55804c14335744a0a12a0aa976d1ec91e2438349a6a77f6bb61bec9ba1ac";"e47f689f67b3dcaeb789d98a9a79f66bc1d61e13f27a693ad8b5c1e8b70455ca"
"Einflussfaktoren";"Herz-Kreislauf & Vorsorge";"Dimensionsdetails";"Medizinische Klärung";"Dimensionsdetail · medizinischer Klärungshinweis";"Ob wiederholt erhöhte Werte vorliegen und ob weitere Risikofaktoren dazukommen.";"La présence éventuelle de valeurs élevées à plusieurs reprises et d’autres facteurs de risque.";"";"";"Marketing, Medizin";"Prüfung erforderlich";"";"";"";"recommendation.signal.blutdruck_unbekannt.clarify";"recommendations";"fr-CH";"3";"v1:d69b55804c14335744a0a12a0aa976d1ec91e2438349a6a77f6bb61bec9ba1ac";"a4cb4ff6d5aa0cfa0b4627c9dd8b9b40a735d9602ebf39648f8a7a239479ae08"
"Einflussfaktoren";"Herz-Kreislauf & Vorsorge";"Risikosignale";"Risikosignal";"Ergebnisseite, medizinisches Signal unbekannter Blutdruck";"Ihr Blutdruck ist Ihnen nicht bekannt. Eine einfache Messung schafft Klarheit.";"Vous ne connaissez pas votre tension artérielle. Une simple mesure permet d’y voir plus clair.";"";"";"Marketing, Medizin";"Prüfung erforderlich";"";"";"";"recommendation.risk_signal.blutdruck_unbekannt.label";"recommendations";"fr-CH";"3";"v1:d69b55804c14335744a0a12a0aa976d1ec91e2438349a6a77f6bb61bec9ba1ac";"db98ed2f0799c04fda46f66c5be97cdd5dc34e6d4c7343e83bec09f4247817a0"
"Einflussfaktoren";"Herz-Kreislauf & Vorsorge";"Dimensionsdetails";"Überschrift";"Dimensionsdetail · Titel";"Bekannter Bluthochdruck";"Hypertension connue";"";"";"Marketing, Medizin";"Prüfung erforderlich";"";"";"";"recommendation.signal.bluthochdruck.title";"recommendations";"fr-CH";"3";"v1:d69b55804c14335744a0a12a0aa976d1ec91e2438349a6a77f6bb61bec9ba1ac";"2b7e0a1191a0bf8b33e159eea22ad4012630da7521f672468a2183df1f385b23"
"Einflussfaktoren";"Herz-Kreislauf & Vorsorge";"Dimensionsdetails";"Persönliche Einordnung";"Dimensionsdetail · Einordnung";"Bluthochdruck und ungünstige Blutfette tragen beide zum Herz-Kreislauf-Risiko bei. Ein gut eingestellter Blutdruck senkt dieses Risiko, auch wenn die Veränderung oft nicht direkt spürbar ist.";"L’hypertension et des lipides sanguins défavorables contribuent tous deux au risque cardiovasculaire. Une tension artérielle bien réglée réduit ce risque, même si le changement n’est souvent pas directement perceptible.";"";"";"Marketing, Medizin";"Prüfung erforderlich";"Universelle Wechselwirkung und absolutes Messbarkeits-Wording entfernt; durch Marketing und Medizin freigeben.";"";"";"recommendation.signal.bluthochdruck.insight";"recommendations";"fr-CH";"3";"v1:d69b55804c14335744a0a12a0aa976d1ec91e2438349a6a77f6bb61bec9ba1ac";"f45151cf991fa98f42eeca27217711acd5b31cd33f2f324ad8a1e50c06b68cd7"
"Einflussfaktoren";"Herz-Kreislauf & Vorsorge";"Dimensionsdetails";"Medizinische Klärung";"Dimensionsdetail · medizinischer Klärungshinweis";"Zielwert, Medikation und – oft vergessen – ob Ihre Blutfette inklusive ApoB und Ihr Lp(a) je bestimmt wurden.";"La valeur cible, les médicaments et, point souvent oublié, le fait de savoir si vos lipides sanguins, y compris l’ApoB, et votre Lp(a) ont déjà été mesurés.";"";"";"Marketing, Medizin";"Prüfung erforderlich";"";"";"";"recommendation.signal.bluthochdruck.clarify";"recommendations";"fr-CH";"3";"v1:d69b55804c14335744a0a12a0aa976d1ec91e2438349a6a77f6bb61bec9ba1ac";"f8f432959f47cb0af7510fc233f08792bbeb25fc82dc51ede4a42ac1e24cfa38"
"Einflussfaktoren";"Herz-Kreislauf & Vorsorge";"Zusatzhinweise bei abgedeckten Aktionsschritten";"Vertiefung";"Zusatzhinweis bei bereits abgedecktem Aktionsschritt";"Ein Detail für das Arztgespräch: Je nach Risikoprofil kann ApoB zusätzliche Information zum Lipidprofil liefern. Lp(a) sollte im Erwachsenenleben in der Regel mindestens einmal bestimmt werden.";"Un détail pour la discussion médicale : selon votre profil de risque, l’ApoB peut fournir des informations supplémentaires sur le profil lipidique. En règle générale, la Lp(a) devrait être mesurée au moins une fois à l’âge adulte.";"";"";"Marketing, Medizin";"Prüfung erforderlich";"ApoB und Lp(a) fachlich getrennt; durch Marketing und Medizin freigeben.";"";"";"recommendation.signal.bluthochdruck.deepen";"recommendations";"fr-CH";"3";"v1:d69b55804c14335744a0a12a0aa976d1ec91e2438349a6a77f6bb61bec9ba1ac";"21eb11b9262ebd61510da5bfda437da4af4a49d26402ee305334e8cbc6aa9046"
"Einflussfaktoren";"Herz-Kreislauf & Vorsorge";"Risikosignale";"Risikosignal";"Ergebnisseite, medizinisches Signal bekannter Bluthochdruck";"Bei Ihnen ist Bluthochdruck bekannt oder Sie nehmen dafür Medikamente – bleiben Sie mit Ihrer Fachperson in Kontakt.";"Vous avez une hypertension connue ou prenez des médicaments à ce sujet : restez en contact avec votre professionnel de la santé.";"";"";"Marketing, Medizin";"Prüfung erforderlich";"";"";"";"recommendation.risk_signal.bluthochdruck.label";"recommendations";"fr-CH";"3";"v1:d69b55804c14335744a0a12a0aa976d1ec91e2438349a6a77f6bb61bec9ba1ac";"99e285938e26ae118d4bd8283bd191232a4c13ac9c9e968684e9ea7b6f9b225d"
"Einflussfaktoren";"Herz-Kreislauf & Vorsorge";"Coach-Antworten";"Begründung / Einordnung";"Demo-Coach-Antwort zu Blutdruck, Cholesterin, Blutzucker oder Laborwerten";"Konkrete Werte sollten Sie ärztlich einordnen lassen – ich kann und darf das nicht bewerten. Sinnvoll ist, unbekannte Basiswerte (Blutdruck, Blutzucker/HbA1c, Blutfette) bei Gelegenheit bestimmen zu lassen.";"Faites interpréter vos valeurs concrètes par un médecin : je ne peux ni ne dois les évaluer. Il peut être utile de faire mesurer à l’occasion les valeurs de base encore inconnues (tension artérielle, glycémie/HbA1c, lipides sanguins).";"";"";"Marketing, Medizin";"Prüfung erforderlich";"";"";"";"coach.answer.medical_values";"coach";"fr-CH";"3";"v1:d69b55804c14335744a0a12a0aa976d1ec91e2438349a6a77f6bb61bec9ba1ac";"b71e94579f3fc602088ef66216067fa6e511b6534a2880d7bc0c532f69789a7a"
"Einflussfaktoren";"Herz-Kreislauf & Vorsorge";"Empfehlungskarten";"Überschrift";"Empfehlungskarte · Einflussfaktoren · Titel";"Blutdruck einmal messen";"Mesurer une fois votre tension artérielle";"";"";"Marketing";"Prüfung erforderlich";"";"";"";"recommendation.catalog.ei_bd_messen.title";"recommendations";"fr-CH";"3";"v1:d69b55804c14335744a0a12a0aa976d1ec91e2438349a6a77f6bb61bec9ba1ac";"00fd1540adbe5ff4cdff02cb0d1fb75beed5e69d65d30c3379777728f3ccb95e"
"Einflussfaktoren";"Herz-Kreislauf & Vorsorge";"Empfehlungskarten";"Begründung / Einordnung";"Empfehlungskarte · Einflussfaktoren · Begründung";"Sie kennen Ihren Blutdruck aktuell nicht. Da hoher Blutdruck meist keine Symptome macht, ist Messen die einzige Möglichkeit, ihn früh zu erkennen.";"Vous ne connaissez pas votre tension artérielle actuelle. Comme l’hypertension ne provoque généralement aucun symptôme, la mesurer est le seul moyen de la détecter tôt.";"";"";"Marketing, Medizin";"Prüfung erforderlich";"";"";"";"recommendation.catalog.ei_bd_messen.why";"recommendations";"fr-CH";"3";"v1:d69b55804c14335744a0a12a0aa976d1ec91e2438349a6a77f6bb61bec9ba1ac";"968575c8ff46137a0e29b7dae3e4752da0dc8eae073ad5132202c80fe1df4d08"
"Einflussfaktoren";"Herz-Kreislauf & Vorsorge";"Empfehlungskarten";"Nächster Schritt";"Empfehlungskarte · Einflussfaktoren · konkreter nächster Schritt";"Messen Sie Ihren Blutdruck in den nächsten Wochen ein paar Mal in Ruhe – in vielen Apotheken oder mit einem Heimgerät.";"Mesurez votre tension artérielle plusieurs fois au repos dans les prochaines semaines, dans de nombreuses pharmacies ou avec un appareil à domicile.";"";"";"Marketing, Medizin";"Prüfung erforderlich";"";"";"";"recommendation.catalog.ei_bd_messen.step";"recommendations";"fr-CH";"3";"v1:d69b55804c14335744a0a12a0aa976d1ec91e2438349a6a77f6bb61bec9ba1ac";"2bd93767771e952e6aa0bc26775255d1a9eef9283e5b2f278f8c95cc5a6e3027"
"Einflussfaktoren";"Herz-Kreislauf & Vorsorge";"Empfehlungskarten";"Erwarteter Nutzen";"Empfehlungskarte · Einflussfaktoren · erwarteter Nutzen";"Sie erkennen frühzeitig, ob Handlungsbedarf besteht, und können gezielt vorsorgen.";"Vous découvrez tôt s’il faut agir et pouvez mettre en place une prévention ciblée.";"";"";"Marketing, Medizin";"Prüfung erforderlich";"";"";"";"recommendation.catalog.ei_bd_messen.benefit";"recommendations";"fr-CH";"3";"v1:d69b55804c14335744a0a12a0aa976d1ec91e2438349a6a77f6bb61bec9ba1ac";"d38d68c13da2b8120d099126e2aebf5260f94e59642094a9b9c14de7c5b28450"
"Einflussfaktoren";"Herz-Kreislauf & Vorsorge";"4-Wochen-Pläne";"4-Wochen-Plan";"4-Wochen-Plan · Diese Woche";"Messen Sie Ihren Blutdruck – in der Apotheke, mit einem Heimgerät oder in der Arztpraxis. Als grobe Orientierung gelten Werte ab etwa <b>140/90 mmHg</b> (Praxismessung) als behandlungsbedürftig; die Einordnung gehört in ärztliche Hände.";"Mesurez votre tension artérielle, en pharmacie, avec un appareil à domicile ou au cabinet médical. À titre d’orientation approximative, des valeurs à partir d’environ <b>140/90 mmHg</b> lors d’une mesure au cabinet sont considérées comme nécessitant un traitement ; l’évaluation doit être faite par un médecin.";"";"";"Marketing, Medizin";"Prüfung erforderlich";"";"";"";"recommendation.plan.ei_bd_messen.this_week";"recommendations";"fr-CH";"3";"v1:d69b55804c14335744a0a12a0aa976d1ec91e2438349a6a77f6bb61bec9ba1ac";"de4bf14510d24201d1a84824a4e74fe961ca1e05fba0d229f569d4a6e7716216"
"Einflussfaktoren";"Herz-Kreislauf & Vorsorge";"4-Wochen-Pläne";"4-Wochen-Plan";"4-Wochen-Plan · Woche 2–3";"Wiederholen Sie die Messung an zwei bis drei weiteren Tagen. Bluthochdruck macht typischerweise <b>keine Symptome</b> – deshalb ist Messen die einzige Möglichkeit, ihn früh zu erkennen. Ein einzelner erhöhter Wert bedeutet noch keine Diagnose.";"Répétez la mesure pendant deux à trois autres jours. L’hypertension ne provoque généralement <b>aucun symptôme</b> : la mesurer est donc le seul moyen de la détecter tôt. Une seule valeur élevée ne signifie pas encore un diagnostic.";"";"";"Marketing, Medizin";"Prüfung erforderlich";"";"";"";"recommendation.plan.ei_bd_messen.weeks_2_3";"recommendations";"fr-CH";"3";"v1:d69b55804c14335744a0a12a0aa976d1ec91e2438349a6a77f6bb61bec9ba1ac";"c35f851b359a8a07f39455c6e7fbdf8f1cc6b13bea1bd4e69da8a55f7825efe5"
"Einflussfaktoren";"Herz-Kreislauf & Vorsorge";"4-Wochen-Pläne";"4-Wochen-Plan";"4-Wochen-Plan · Woche 4";"Sind die Werte wiederholt erhöht: Termin vereinbaren und gleich das Lipidprofil mitbestimmen lassen. Sind sie normal: Kontrolle in ein bis zwei Jahren eintragen – Vorsorge wirkt nur, wenn sie ein Rhythmus wird und keine einmalige Aktion bleibt.";"Si les valeurs sont élevées à plusieurs reprises, prenez rendez-vous et faites également mesurer le profil lipidique. Si elles sont normales, prévoyez un contrôle dans un à deux ans. La prévention n’est efficace que si elle devient un rythme plutôt qu’une action unique.";"";"";"Marketing, Medizin";"Prüfung erforderlich";"";"";"";"recommendation.plan.ei_bd_messen.week_4";"recommendations";"fr-CH";"3";"v1:d69b55804c14335744a0a12a0aa976d1ec91e2438349a6a77f6bb61bec9ba1ac";"2fe5fe7b3baf778cefbfc43edadcc0d60da112701ab740d07b69e8c2706fe7ec"
"Einflussfaktoren";"Herz-Kreislauf & Vorsorge";"Empfehlungskarten";"Überschrift";"Empfehlungskarte · Einflussfaktoren · Titel";"Bluthochdruck gut begleiten";"Bien prendre en charge l’hypertension";"";"";"Marketing";"Prüfung erforderlich";"";"";"";"recommendation.catalog.ei_bluthochdruck.title";"recommendations";"fr-CH";"3";"v1:d69b55804c14335744a0a12a0aa976d1ec91e2438349a6a77f6bb61bec9ba1ac";"28229acf5c732a46065c8cf81dcb33a591ee68f231ec38a34e828e1b2c799da8"
"Einflussfaktoren";"Herz-Kreislauf & Vorsorge";"Empfehlungskarten";"Begründung / Einordnung";"Empfehlungskarte · Einflussfaktoren · Begründung";"Bei Ihnen ist Bluthochdruck bekannt. Dauerhaft hohe Werte belasten Herz, Gefässe und Nieren – oft ohne spürbare Symptome. Gut eingestellt, sinkt Ihr Risiko deutlich.";"Vous avez une hypertension connue. Des valeurs durablement élevées sollicitent le cœur, les vaisseaux et les reins, souvent sans symptômes perceptibles. Une hypertension bien réglée réduit nettement votre risque.";"";"";"Marketing, Medizin";"Prüfung erforderlich";"";"";"";"recommendation.catalog.ei_bluthochdruck.why";"recommendations";"fr-CH";"3";"v1:d69b55804c14335744a0a12a0aa976d1ec91e2438349a6a77f6bb61bec9ba1ac";"133b1cecccb6aea528ed3f6114c26400ca9275dc12c995e51a5617f5822082a9"
"Einflussfaktoren";"Herz-Kreislauf & Vorsorge";"Empfehlungskarten";"Nächster Schritt";"Empfehlungskarte · Einflussfaktoren · konkreter nächster Schritt";"Bleiben Sie mit Ihrer Fachperson in Kontakt, messen Sie regelmässig und unterstützen Sie die Behandlung mit Bewegung und salzbewusster Ernährung.";"Restez en contact avec votre professionnel de la santé, mesurez régulièrement votre tension et soutenez le traitement par l’activité physique et une alimentation pauvre en sel.";"";"";"Marketing, Medizin";"Prüfung erforderlich";"";"";"";"recommendation.catalog.ei_bluthochdruck.step";"recommendations";"fr-CH";"3";"v1:d69b55804c14335744a0a12a0aa976d1ec91e2438349a6a77f6bb61bec9ba1ac";"258de6fa5122c6db9f660a8b2479c9906f53642e67edb0cb88a1baf434499921"
"Einflussfaktoren";"Herz-Kreislauf & Vorsorge";"Empfehlungskarten";"Erwarteter Nutzen";"Empfehlungskarte · Einflussfaktoren · erwarteter Nutzen";"Ein gut eingestellter Blutdruck senkt das Risiko für Herzinfarkt, Schlaganfall und Nierenschäden erheblich.";"Une tension artérielle bien réglée réduit considérablement le risque d’infarctus, d’AVC et de lésions rénales.";"";"";"Marketing, Medizin";"Prüfung erforderlich";"";"";"";"recommendation.catalog.ei_bluthochdruck.benefit";"recommendations";"fr-CH";"3";"v1:d69b55804c14335744a0a12a0aa976d1ec91e2438349a6a77f6bb61bec9ba1ac";"7c38dcc79a9f64cee2deee47e5abf31b5a5720b48376f5091fdfc9ee7957f66b"
"Einflussfaktoren";"Herz-Kreislauf & Vorsorge";"4-Wochen-Pläne";"4-Wochen-Plan";"4-Wochen-Plan · Diese Woche";"Messen Sie an drei Tagen morgens und abends im Sitzen nach fünf Minuten Ruhe und notieren Sie die Werte. Wichtig: Nicht Einzelwerte zählen, sondern der Durchschnitt über mehrere Tage – so entsteht ein belastbares Bild für die nächste Sprechstunde.";"Mesurez votre tension trois jours de suite, le matin et le soir, en position assise après cinq minutes de repos, puis notez les valeurs. Important : ce ne sont pas les valeurs isolées qui comptent, mais la moyenne sur plusieurs jours. Vous obtenez ainsi un tableau fiable pour la prochaine consultation.";"";"";"Marketing, Medizin";"Prüfung erforderlich";"";"";"";"recommendation.plan.ei_bluthochdruck.this_week";"recommendations";"fr-CH";"3";"v1:d69b55804c14335744a0a12a0aa976d1ec91e2438349a6a77f6bb61bec9ba1ac";"a6d0884d9e4d37bd8dd4c2587ba5a9346b2991b7e7cf40eea761328db487aa08"
"Einflussfaktoren";"Herz-Kreislauf & Vorsorge";"4-Wochen-Pläne";"4-Wochen-Plan";"4-Wochen-Plan · Woche 2–3";"Zwei Hebel mit belegter Wirkung: <b>Salz</b> (Fertigprodukte, Brot, Käse und Wurst liefern den Löwenanteil – nicht der Salzstreuer) und <b>Ausdauerbewegung</b> an den meisten Tagen der Woche. Alkohol reduzieren wirkt zusätzlich. Setzen Sie einen dieser Punkte konsequent um, statt alle halbherzig.";"Deux leviers à l’efficacité démontrée : le <b>sel</b>, dont les plats préparés, le pain, le fromage et la charcuterie fournissent la plus grande part, et non la salière, ainsi que <b>l’activité d’endurance</b> la plupart des jours de la semaine. Réduire l’alcool apporte un bénéfice supplémentaire. Appliquez l’un de ces points de manière conséquente plutôt que tous sans conviction.";"";"";"Marketing, Medizin";"Prüfung erforderlich";"";"";"";"recommendation.plan.ei_bluthochdruck.weeks_2_3";"recommendations";"fr-CH";"3";"v1:d69b55804c14335744a0a12a0aa976d1ec91e2438349a6a77f6bb61bec9ba1ac";"6d96375587b00470499914f7e5633f34dabf778d59e3d2f26420dbf6515935c4"
"Einflussfaktoren";"Herz-Kreislauf & Vorsorge";"4-Wochen-Pläne";"4-Wochen-Plan";"4-Wochen-Plan · Woche 4";"Bringen Sie Ihre Messreihe zum nächsten Termin mit und klären Sie zwei Fragen: Ist mein Zielwert erreicht, und sind meine Blutfette (inkl. <b>ApoB</b>) sowie <b>Lp(a)</b> je bestimmt worden? Bluthochdruck wirkt zusammen mit erhöhten Blutfetten überproportional auf die Gefässe – beide Faktoren gehören zusammen betrachtet.";"Apportez votre série de mesures au prochain rendez-vous et clarifiez deux questions : ai-je atteint ma valeur cible, et mes lipides sanguins, y compris <b>l’ApoB</b>, ainsi que ma <b>Lp(a)</b> ont-ils déjà été mesurés ? L’hypertension et les lipides sanguins élevés agissent ensemble de manière disproportionnée sur les vaisseaux ; ces deux facteurs doivent être considérés conjointement.";"";"";"Marketing, Medizin";"Prüfung erforderlich";"";"";"";"recommendation.plan.ei_bluthochdruck.week_4";"recommendations";"fr-CH";"3";"v1:d69b55804c14335744a0a12a0aa976d1ec91e2438349a6a77f6bb61bec9ba1ac";"d4886438d5f298229ca910dca185cfdc3ee544a3eace64a1ba1307f95c0889f5"
"Einflussfaktoren";"Herz-Kreislauf & Vorsorge";"Empfehlungskarten";"Überschrift";"Empfehlungskarte · Einflussfaktoren · Titel";"Familiäres Risiko in die Vorsorge einbeziehen";"Intégrer le risque familial à la prévention";"";"";"Marketing";"Prüfung erforderlich";"";"";"";"recommendation.catalog.ei_familie.title";"recommendations";"fr-CH";"3";"v1:d69b55804c14335744a0a12a0aa976d1ec91e2438349a6a77f6bb61bec9ba1ac";"eee0db06a7381a64cd93142e477c3ba2dfa857ac98a481d4b62634595f9b4e3f"
"Einflussfaktoren";"Herz-Kreislauf & Vorsorge";"Empfehlungskarten";"Begründung / Einordnung";"Empfehlungskarte · Einflussfaktoren · Begründung";"Bei Ihren Eltern, Geschwistern oder eigenen Kindern sind relevante Erkrankungen bekannt. Für die medizinische Einordnung sind die Erkrankung – bei Krebs auch die Krebsart –, die betroffene Person und das ungefähre Diagnosealter besonders hilfreich.";"Des maladies pertinentes sont connues chez vos parents, vos frères et sœurs ou vos enfants. Pour l’évaluation médicale, la maladie — ou le type de cancer —, la personne touchée et son âge approximatif au moment du diagnostic sont particulièrement utiles.";"";"";"Marketing, Medizin";"Prüfung erforderlich";"An die breite Familienfrage angepasst; durch Marketing und Medizin freigeben.";"";"";"recommendation.catalog.ei_familie.why";"recommendations";"fr-CH";"3";"v1:d69b55804c14335744a0a12a0aa976d1ec91e2438349a6a77f6bb61bec9ba1ac";"63b862988ea5c31fde014bc0ba43602399cc8f45193436cb606088dbc3bf24cc"
"Einflussfaktoren";"Herz-Kreislauf & Vorsorge";"Empfehlungskarten";"Nächster Schritt";"Empfehlungskarte · Einflussfaktoren · konkreter nächster Schritt";"Tragen Sie diese Angaben zusammen. Falls keine aktuelle professionelle Risikoeinschätzung vorliegt, klären Sie den Status und vereinbaren Sie bei Bedarf ein Vorsorgegespräch; andernfalls nehmen Sie die Angaben zum nächsten vorgesehenen Gespräch mit. Lassen Sie sich erklären, welche Untersuchungen aufgrund Ihres Alters, Ihrer persönlichen Werte und Ihrer Familiengeschichte sinnvoll sind.";"Réunissez ces informations. En l’absence d’une évaluation professionnelle actuelle du risque, clarifiez la situation et convenez au besoin d’un entretien de prévention ; sinon, apportez-les au prochain entretien prévu. Demandez quels examens sont indiqués compte tenu de votre âge, de vos valeurs de santé personnelles et de vos antécédents familiaux.";"";"";"Marketing, Medizin";"Prüfung erforderlich";"An die breite Familienfrage angepasst; durch Marketing und Medizin freigeben.";"";"";"recommendation.catalog.ei_familie.step";"recommendations";"fr-CH";"3";"v1:d69b55804c14335744a0a12a0aa976d1ec91e2438349a6a77f6bb61bec9ba1ac";"973c70cec1a3c718b99596aaa74e7734ade7d25825d190175fd0c93c16d4dc00"
"Einflussfaktoren";"Herz-Kreislauf & Vorsorge";"Empfehlungskarten";"Erwarteter Nutzen";"Empfehlungskarte · Einflussfaktoren · erwarteter Nutzen";"Eine möglichst genaue Familiengeschichte macht Vorsorge persönlicher, ohne eine Erkrankung vorwegzunehmen.";"Des antécédents familiaux aussi précis que possible permettent de personnaliser la prévention sans présumer d’une maladie.";"";"";"Marketing, Medizin";"Prüfung erforderlich";"";"";"";"recommendation.catalog.ei_familie.benefit";"recommendations";"fr-CH";"3";"v1:d69b55804c14335744a0a12a0aa976d1ec91e2438349a6a77f6bb61bec9ba1ac";"0f049df7ea7f2bebeff4cbe5e866f5d84e391c9275a313a8e73829051fe0866d"
"Einflussfaktoren";"Herz-Kreislauf & Vorsorge";"4-Wochen-Pläne";"4-Wochen-Plan";"4-Wochen-Plan · Diese Woche";"Tragen Sie zusammen, welche relevante Erkrankung bei welchem Familienmitglied und ungefähr in welchem Alter aufgetreten ist; bei Krebs auch die Krebsart. Prüfen Sie zugleich, ob eine aktuelle professionelle Risikoeinschätzung vorliegt. Falls nicht, klären Sie den Status und vereinbaren Sie bei Bedarf ein Vorsorgegespräch; andernfalls nehmen Sie die Angaben zum nächsten vorgesehenen Gespräch mit.";"Réunissez les informations sur la maladie pertinente survenue chez quel parent, frère, sœur ou enfant et à quel âge environ ; pour un cancer, également le type. Vérifiez si vous disposez d’une évaluation professionnelle actuelle du risque. Sinon, clarifiez la situation et convenez au besoin d’un entretien de prévention ; dans le cas contraire, apportez les informations au prochain entretien prévu.";"";"";"Marketing, Medizin";"Prüfung erforderlich";"Altersgrenzen ausdrücklich auf Herz-Kreislauf-Erkrankungen begrenzt; durch Marketing und Medizin freigeben.";"";"";"recommendation.plan.ei_familie.this_week";"recommendations";"fr-CH";"3";"v1:d69b55804c14335744a0a12a0aa976d1ec91e2438349a6a77f6bb61bec9ba1ac";"78fe6602fe6ca74a582612b8e86c173368448485de75af14ccdf49b7cd9433c6"
"Einflussfaktoren";"Herz-Kreislauf & Vorsorge";"4-Wochen-Pläne";"4-Wochen-Plan";"4-Wochen-Plan · Woche 2–3";"Bringen Sie diese Familiengeschichte zum nächsten Vorsorgegespräch mit. Bei früh aufgetretenen Herz-Kreislauf-Erkrankungen kann die Fachperson neben Blutdruck und Lipidprofil einordnen, ob eine einmalige Lp(a)-Bestimmung sinnvoll ist. Ob ApoB zusätzliche Informationen liefert, hängt vom individuellen Risikoprofil ab. Bei Diabetes, Krebs oder anderen erblich bedingten Erkrankungen legt sie die passenden Abklärungen oder Früherkennungsangebote fest.";"Apportez ces antécédents familiaux au prochain entretien de prévention. En cas de maladie cardiovasculaire précoce, une professionnelle ou un professionnel de santé peut déterminer si, en plus de la tension artérielle et d’un bilan lipidique, un dosage unique de la Lp(a) est indiqué. L’utilité d’un dosage de l’ApoB dépend de votre profil de risque individuel. Pour le diabète, le cancer ou d’autres maladies héréditaires, cette personne déterminera les examens ou dépistages adaptés.";"";"";"Marketing, Medizin";"Prüfung erforderlich";"Kardiovaskuläre Werte nur konditional bei tatsächlich früher Herz-Kreislauf-Familiengeschichte; ApoB nicht als Standardtest formuliert. Durch Marketing und Medizin freigeben.";"";"Lp(a) | ApoB";"recommendation.plan.ei_familie.weeks_2_3";"recommendations";"fr-CH";"3";"v1:d69b55804c14335744a0a12a0aa976d1ec91e2438349a6a77f6bb61bec9ba1ac";"41b83326091543b0492762119ff9327aab417e6a191cb7383c5e2e6f93512760"
"Einflussfaktoren";"Herz-Kreislauf & Vorsorge";"4-Wochen-Pläne";"4-Wochen-Plan";"4-Wochen-Plan · Woche 4";"Halten Sie fest, welche Abklärungen empfohlen wurden und wann der nächste sinnvolle Kontrollzeitpunkt ist. Eine Familiengeschichte ist keine Diagnose, kann Vorsorge aber gezielter machen.";"Notez les examens recommandés et la date du prochain contrôle utile. Des antécédents familiaux ne constituent pas un diagnostic, mais peuvent rendre la prévention plus ciblée.";"";"";"Marketing, Medizin";"Prüfung erforderlich";"";"";"";"recommendation.plan.ei_familie.week_4";"recommendations";"fr-CH";"3";"v1:d69b55804c14335744a0a12a0aa976d1ec91e2438349a6a77f6bb61bec9ba1ac";"5d528ea05d568f7e3a04b13f8250f99d5d09d9c40ef79fc0b341b3bc2fd56ef6"
"Einflussfaktoren";"Herz-Kreislauf & Vorsorge";"Empfehlungskarten";"Überschrift";"Empfehlungskarte · Einflussfaktoren · Titel";"Familiengeschichte vervollständigen";"Compléter vos antécédents familiaux";"";"";"Marketing";"Prüfung erforderlich";"";"";"";"recommendation.catalog.ei_familienwissen.title";"recommendations";"fr-CH";"3";"v1:d69b55804c14335744a0a12a0aa976d1ec91e2438349a6a77f6bb61bec9ba1ac";"5ef27c52a8f984ca978eee2bbc479a7a0462b0236b8dc8189ead85831ee7176f"
"Einflussfaktoren";"Herz-Kreislauf & Vorsorge";"Empfehlungskarten";"Begründung / Einordnung";"Empfehlungskarte · Einflussfaktoren · Begründung";"Sie kennen die Krankheitsgeschichte Ihrer Familie nur teilweise oder gar nicht. Für die Vorsorge sind Art der Erkrankung, betroffene Person und ungefähres Diagnosealter besonders hilfreich.";"Vous ne connaissez que partiellement, voire pas du tout, les antécédents médicaux de votre famille. La maladie, la personne touchée et l’âge approximatif au diagnostic sont particulièrement utiles pour la prévention.";"";"";"Marketing, Medizin";"Prüfung erforderlich";"";"";"";"recommendation.catalog.ei_familienwissen.why";"recommendations";"fr-CH";"3";"v1:d69b55804c14335744a0a12a0aa976d1ec91e2438349a6a77f6bb61bec9ba1ac";"c19c2b56f3be141b8eab8b82576aa1511a1e14065fb26845fdb86abb980e5529"
"Einflussfaktoren";"Herz-Kreislauf & Vorsorge";"Empfehlungskarten";"Nächster Schritt";"Empfehlungskarte · Einflussfaktoren · konkreter nächster Schritt";"Fragen Sie Eltern, Geschwister oder andere gut informierte Angehörige, welche der genannten Erkrankungen bei wem und ungefähr in welchem Alter aufgetreten sind; notieren Sie bei Krebs auch die Krebsart.";"Demandez à vos parents, à vos frères et sœurs ou à un proche bien informé laquelle des maladies citées est survenue, chez qui et à quel âge environ. Pour un cancer, notez aussi le type.";"";"";"Marketing, Medizin";"Prüfung erforderlich";"";"";"";"recommendation.catalog.ei_familienwissen.step";"recommendations";"fr-CH";"3";"v1:d69b55804c14335744a0a12a0aa976d1ec91e2438349a6a77f6bb61bec9ba1ac";"3bc663b6e8036137bf5cfbb68319c8acae766febd3b83d6f2d1f6fa7f2459fe5"
"Einflussfaktoren";"Herz-Kreislauf & Vorsorge";"Empfehlungskarten";"Erwarteter Nutzen";"Empfehlungskarte · Einflussfaktoren · erwarteter Nutzen";"Diese Angaben helfen einer Fachperson, Vorsorge und mögliche Früherkennung besser auf Sie abzustimmen.";"Ces informations aident une professionnelle ou un professionnel de santé à mieux adapter la prévention et les éventuels dépistages à votre situation.";"";"";"Marketing, Medizin";"Prüfung erforderlich";"";"";"";"recommendation.catalog.ei_familienwissen.benefit";"recommendations";"fr-CH";"3";"v1:d69b55804c14335744a0a12a0aa976d1ec91e2438349a6a77f6bb61bec9ba1ac";"43314587e3cd00a1d42e8e3ae7ad6e9efe9af76b88a7f660d92b7831281212a0"
"Einflussfaktoren";"Herz-Kreislauf & Vorsorge";"4-Wochen-Pläne";"4-Wochen-Plan";"4-Wochen-Plan · Diese Woche";"Fragen Sie Eltern, Geschwister oder andere gut informierte Angehörige, welche der genannten Erkrankungen bei wem und ungefähr in welchem Alter aufgetreten sind. Fragen Sie bei Krebs auch nach der Krebsart.";"Demandez à vos parents, à vos frères et sœurs ou à un proche bien informé laquelle des maladies citées est survenue, chez qui et à quel âge environ. Pour un cancer, demandez aussi le type.";"";"";"Marketing, Medizin";"Prüfung erforderlich";"Altersgrenzen ausdrücklich auf Herz-Kreislauf-Erkrankungen begrenzt; durch Marketing und Medizin freigeben.";"";"";"recommendation.plan.ei_familienwissen.this_week";"recommendations";"fr-CH";"3";"v1:d69b55804c14335744a0a12a0aa976d1ec91e2438349a6a77f6bb61bec9ba1ac";"8ad4e29a7e2b6c277ae5d4e1efe87b67d27a4798779763c6507e0486c9a11930"
"Einflussfaktoren";"Herz-Kreislauf & Vorsorge";"4-Wochen-Pläne";"4-Wochen-Plan";"4-Wochen-Plan · Woche 2–3";"Notieren Sie die Angaben übersichtlich: betroffene Person, Erkrankung beziehungsweise Krebsart und ungefähres Diagnosealter. Auch die Information, dass keine solche Erkrankung bekannt ist, kann hilfreich sein.";"Classez clairement les informations : personne touchée, maladie ou type de cancer et âge approximatif au diagnostic. Il peut aussi être utile de noter qu’aucune de ces maladies n’est connue.";"";"";"Marketing, Medizin";"Prüfung erforderlich";"";"";"";"recommendation.plan.ei_familienwissen.weeks_2_3";"recommendations";"fr-CH";"3";"v1:d69b55804c14335744a0a12a0aa976d1ec91e2438349a6a77f6bb61bec9ba1ac";"4f0da82cb6b24747f802fc956f9cef966d64d8ca80520d49ba6b20dffbcb0bf4"
"Einflussfaktoren";"Herz-Kreislauf & Vorsorge";"4-Wochen-Pläne";"4-Wochen-Plan";"4-Wochen-Plan · Woche 4";"Nehmen Sie die Notizen zum nächsten Vorsorgegespräch mit. Eine medizinische Fachperson kann damit besser beurteilen, welche Kontrollen oder Früherkennungsangebote zu Ihnen passen.";"Apportez vos notes au prochain entretien de prévention. Elles aideront une professionnelle ou un professionnel de santé à déterminer les contrôles ou programmes de dépistage adaptés.";"";"";"Marketing, Medizin";"Prüfung erforderlich";"";"";"";"recommendation.plan.ei_familienwissen.week_4";"recommendations";"fr-CH";"3";"v1:d69b55804c14335744a0a12a0aa976d1ec91e2438349a6a77f6bb61bec9ba1ac";"37ca1c58d46579839ac3b797fef9bbc6df4e5df9964d0acf6ddedf42cfcf0c15"
"Einflussfaktoren";"Herz-Kreislauf & Vorsorge";"Empfehlungskarten";"Überschrift";"Empfehlungskarte · Einflussfaktoren · Titel";"Persönliche Risikoeinschätzung klären";"Vérifier si l’évaluation du risque est à jour";"";"";"Marketing";"Prüfung erforderlich";"";"";"";"recommendation.catalog.ei_vorsorge.title";"recommendations";"fr-CH";"3";"v1:d69b55804c14335744a0a12a0aa976d1ec91e2438349a6a77f6bb61bec9ba1ac";"d0ad463afeced326099be54739e146744ab7cd5fa30e86c5ad12402d95655e2f"
"Einflussfaktoren";"Herz-Kreislauf & Vorsorge";"Empfehlungskarten";"Begründung / Einordnung";"Empfehlungskarte · Einflussfaktoren · Begründung";"Aus Ihrer Antwort geht nicht sicher hervor, dass Ihre persönliche Risikoeinschätzung aktuell ist. Gesundheitswerte und Vorsorgebedarf können sich mit dem Alter, neuen Messwerten oder der Familiengeschichte verändern.";"Votre réponse ne permet pas d’établir que l’évaluation de votre risque personnel est à jour. Les valeurs de santé et les besoins de prévention peuvent évoluer avec l’âge, de nouveaux résultats ou les antécédents familiaux.";"";"";"Marketing, Medizin";"Prüfung erforderlich";"";"";"";"recommendation.catalog.ei_vorsorge.why";"recommendations";"fr-CH";"3";"v1:d69b55804c14335744a0a12a0aa976d1ec91e2438349a6a77f6bb61bec9ba1ac";"9106757eda20125d7eaeac264e796cc0e931b33a029abc6089405121d9630f3d"
"Einflussfaktoren";"Herz-Kreislauf & Vorsorge";"Empfehlungskarten";"Nächster Schritt";"Empfehlungskarte · Einflussfaktoren · konkreter nächster Schritt";"Prüfen Sie vorhandene Unterlagen oder fragen Sie Ihre Praxis, wann die letzte Beurteilung war. Falls keine aktuelle Einschätzung vorliegt, klären Sie mit einer medizinischen Fachperson, welche Basiswerte und Vorsorgeuntersuchungen jetzt sinnvoll sind.";"Consultez vos documents ou demandez à votre cabinet quand la dernière évaluation a eu lieu. Si aucune évaluation actuelle n’est disponible, demandez à une professionnelle ou un professionnel de santé quels paramètres de base et examens préventifs sont indiqués maintenant.";"";"";"Marketing, Medizin";"Prüfung erforderlich";"";"";"";"recommendation.catalog.ei_vorsorge.step";"recommendations";"fr-CH";"3";"v1:d69b55804c14335744a0a12a0aa976d1ec91e2438349a6a77f6bb61bec9ba1ac";"f32d0f34256fbc497cdcc29e0d58b01bbb4094a44860583c81b6f7b83edf9038"
"Einflussfaktoren";"Herz-Kreislauf & Vorsorge";"Empfehlungskarten";"Erwarteter Nutzen";"Empfehlungskarte · Einflussfaktoren · erwarteter Nutzen";"Ein geklärter Stand verhindert unnötige Wiederholungen und hilft, sinnvolle Kontrollen rechtzeitig zu planen.";"Clarifier la situation évite des répétitions inutiles et aide à planifier les contrôles utiles en temps voulu.";"";"";"Marketing, Medizin";"Prüfung erforderlich";"";"";"";"recommendation.catalog.ei_vorsorge.benefit";"recommendations";"fr-CH";"3";"v1:d69b55804c14335744a0a12a0aa976d1ec91e2438349a6a77f6bb61bec9ba1ac";"fba172605ce8a52452233a120e879ba84f1e992a5db649c81e86cf65e1784b5d"
"Einflussfaktoren";"Herz-Kreislauf & Vorsorge";"4-Wochen-Pläne";"4-Wochen-Plan";"4-Wochen-Plan · Diese Woche";"Prüfen Sie vorhandene Unterlagen oder fragen Sie Ihre Praxis, wann Ihr persönliches Gesundheitsrisiko zuletzt beurteilt wurde. Falls keine aktuelle Einschätzung vorliegt, vereinbaren Sie einen Termin und nehmen Sie vorhandene Messwerte sowie Ihre Familiengeschichte mit.";"Consultez vos documents ou demandez à votre cabinet quand votre risque personnel pour la santé a été évalué pour la dernière fois. Si aucune évaluation actuelle n’est disponible, prenez rendez-vous et apportez vos valeurs existantes ainsi que vos antécédents familiaux.";"";"";"Marketing, Medizin";"Prüfung erforderlich";"ApoB nicht als Einmalmessung dargestellt und unbelegte Herzinfarkt-Verallgemeinerung entfernt; durch Marketing und Medizin freigeben.";"";"";"recommendation.plan.ei_vorsorge.this_week";"recommendations";"fr-CH";"3";"v1:d69b55804c14335744a0a12a0aa976d1ec91e2438349a6a77f6bb61bec9ba1ac";"c809c2bdec9c962d90251e4900d44e982535027f06f6a986e583e9932d6ec07b"
"Einflussfaktoren";"Herz-Kreislauf & Vorsorge";"4-Wochen-Pläne";"4-Wochen-Plan";"4-Wochen-Plan · Woche 2–3";"Klären Sie mit der medizinischen Fachperson, welche Basiswerte und Vorsorgeuntersuchungen zu Ihrem Alter und Risikoprofil passen. Lassen Sie sich Ergebnisse, Nutzen und mögliche nächste Schritte verständlich erklären.";"Demandez quels paramètres de base et examens préventifs correspondent à votre âge et à votre profil de risque. Faites-vous expliquer clairement les résultats, les bénéfices et les prochaines étapes possibles.";"";"";"Marketing, Medizin";"Prüfung erforderlich";"";"";"";"recommendation.plan.ei_vorsorge.weeks_2_3";"recommendations";"fr-CH";"3";"v1:d69b55804c14335744a0a12a0aa976d1ec91e2438349a6a77f6bb61bec9ba1ac";"887cdb0c4f6b8a8a7d2e6a001f4c7936ec1d458822068c14c0fbe17f116cfc3a"
"Einflussfaktoren";"Herz-Kreislauf & Vorsorge";"4-Wochen-Pläne";"4-Wochen-Plan";"4-Wochen-Plan · Woche 4";"Halten Sie gemeinsam fest, ob und wann eine erneute Beurteilung sinnvoll ist. So bleibt Ihre Vorsorge aktuell, ohne Untersuchungen unnötig zu wiederholen.";"Déterminez ensemble si et quand une nouvelle évaluation est utile. Votre prévention reste ainsi à jour sans répéter inutilement des examens.";"";"";"Marketing, Medizin";"Prüfung erforderlich";"";"";"";"recommendation.plan.ei_vorsorge.week_4";"recommendations";"fr-CH";"3";"v1:d69b55804c14335744a0a12a0aa976d1ec91e2438349a6a77f6bb61bec9ba1ac";"b92ce577878fea2117c7ac6fc8c9198c3fbc2b859c93ca6431ffaac677e9532e"
"Einflussfaktoren";"Herz-Kreislauf & Vorsorge";"Empfehlungskarten";"Überschrift";"Empfehlungskarte · Einflussfaktoren · Titel";"Passende Vorsorge kennenlernen";"Connaître la prévention adaptée";"";"";"Marketing, Medizin";"Prüfung erforderlich";"Neue scorefreie Empfehlung bei fehlendem oder teilweisem Wissen über passende Vorsorge; durch Marketing und Medizin freigeben.";"";"";"recommendation.catalog.ei_vorsorgewissen.title";"recommendations";"fr-CH";"3";"v1:d69b55804c14335744a0a12a0aa976d1ec91e2438349a6a77f6bb61bec9ba1ac";"20fc9582847a7c539dce8ea7abf3120a8e2f60f4cb73c0d5f979c4255ba38578"
"Einflussfaktoren";"Herz-Kreislauf & Vorsorge";"Empfehlungskarten";"Begründung / Einordnung";"Empfehlungskarte · Einflussfaktoren · Begründung";"Sie wissen noch nicht vollständig, welche Vorsorgeuntersuchungen aufgrund Ihres Alters, Ihrer persönlichen Werte und Ihrer Familiengeschichte sinnvoll sind.";"Vous ne savez pas encore précisément quels examens préventifs sont indiqués compte tenu de votre âge, de vos valeurs de santé personnelles et de vos antécédents familiaux.";"";"";"Marketing, Medizin";"Prüfung erforderlich";"Neue scorefreie Empfehlung; durch Marketing und Medizin freigeben.";"";"";"recommendation.catalog.ei_vorsorgewissen.why";"recommendations";"fr-CH";"3";"v1:d69b55804c14335744a0a12a0aa976d1ec91e2438349a6a77f6bb61bec9ba1ac";"b9868a1e4a1212e72c4603f10594353ebc62048233f53e9f091f3ece8f2b995f"
"Einflussfaktoren";"Herz-Kreislauf & Vorsorge";"Empfehlungskarten";"Nächster Schritt";"Empfehlungskarte · Einflussfaktoren · konkreter nächster Schritt";"Nutzen Sie verlässliche Gesundheitsinformationen und besprechen Sie offene Fragen mit einer medizinischen Fachperson. Fragen Sie konkret, welche Untersuchung für Sie welchen Nutzen hat und wann sie sinnvoll ist.";"Consultez des informations de santé fiables et discutez de vos questions avec une professionnelle ou un professionnel de santé. Demandez concrètement quel bénéfice un examen peut vous apporter et quand il est indiqué.";"";"";"Marketing, Medizin";"Prüfung erforderlich";"Neue scorefreie Empfehlung; durch Marketing und Medizin freigeben.";"";"";"recommendation.catalog.ei_vorsorgewissen.step";"recommendations";"fr-CH";"3";"v1:d69b55804c14335744a0a12a0aa976d1ec91e2438349a6a77f6bb61bec9ba1ac";"6e1dd5b6ef73f0aa0a8261954c6ff510b05cda301d5ba716eb8e871eb22af719"
"Einflussfaktoren";"Herz-Kreislauf & Vorsorge";"Empfehlungskarten";"Erwarteter Nutzen";"Empfehlungskarte · Einflussfaktoren · erwarteter Nutzen";"So können Sie informierte Entscheidungen treffen und die für Sie passende Vorsorge gezielt planen.";"Vous pourrez ainsi prendre des décisions éclairées et planifier une prévention adaptée à votre situation.";"";"";"Marketing, Medizin";"Prüfung erforderlich";"Neue scorefreie Empfehlung; durch Marketing und Medizin freigeben.";"";"";"recommendation.catalog.ei_vorsorgewissen.benefit";"recommendations";"fr-CH";"3";"v1:d69b55804c14335744a0a12a0aa976d1ec91e2438349a6a77f6bb61bec9ba1ac";"d6dca3171c42490a235bf24ce0991ce979f539fcc5c8238ccf1202dae8623b78"
"Einflussfaktoren";"Herz-Kreislauf & Vorsorge";"4-Wochen-Pläne";"4-Wochen-Plan";"4-Wochen-Plan · Diese Woche";"Notieren Sie, welche Frage zu Ihrer persönlichen Vorsorge noch offen ist. Nutzen Sie eine verlässliche Gesundheitsquelle, um sich einen ersten Überblick zu verschaffen.";"Notez la question qui reste ouverte au sujet de votre prévention personnelle. Consultez une source de santé fiable pour obtenir un premier aperçu.";"";"";"Marketing, Medizin";"Prüfung erforderlich";"Neue scorefreie Empfehlung; durch Marketing und Medizin freigeben.";"";"";"recommendation.plan.ei_vorsorgewissen.this_week";"recommendations";"fr-CH";"3";"v1:d69b55804c14335744a0a12a0aa976d1ec91e2438349a6a77f6bb61bec9ba1ac";"02b3d7d367f0d27fab2c3562774713a877b3f405e0ed0005373a988a8115f7ce"
"Einflussfaktoren";"Herz-Kreislauf & Vorsorge";"4-Wochen-Pläne";"4-Wochen-Plan";"4-Wochen-Plan · Woche 2–3";"Besprechen Sie offene Punkte mit einer medizinischen Fachperson. Fragen Sie konkret, welche Untersuchung aufgrund Ihres Alters, Ihrer persönlichen Werte und Ihrer Familiengeschichte sinnvoll ist und welchen Nutzen sie für Sie hat.";"Discutez des questions ouvertes avec une professionnelle ou un professionnel de santé. Demandez quel examen est indiqué compte tenu de votre âge, de vos valeurs de santé personnelles et de vos antécédents familiaux, ainsi que son bénéfice pour vous.";"";"";"Marketing, Medizin";"Prüfung erforderlich";"Neue scorefreie Empfehlung; durch Marketing und Medizin freigeben.";"";"";"recommendation.plan.ei_vorsorgewissen.weeks_2_3";"recommendations";"fr-CH";"3";"v1:d69b55804c14335744a0a12a0aa976d1ec91e2438349a6a77f6bb61bec9ba1ac";"351b4b89c8b45bee17d0221a91fa5421d7cb3c346694ad888f2bf048fba00aae"
"Einflussfaktoren";"Herz-Kreislauf & Vorsorge";"4-Wochen-Pläne";"4-Wochen-Plan";"4-Wochen-Plan · Woche 4";"Halten Sie fest, welche Vorsorge für Sie aktuell empfohlen ist und wann Sie das Thema erneut prüfen sollten. So wird aus Information ein übersichtlicher persönlicher Vorsorgeplan.";"Notez la prévention actuellement recommandée pour vous et quand réexaminer la question. Ces informations deviennent ainsi un plan personnel de prévention clair.";"";"";"Marketing, Medizin";"Prüfung erforderlich";"Neue scorefreie Empfehlung; durch Marketing und Medizin freigeben.";"";"";"recommendation.plan.ei_vorsorgewissen.week_4";"recommendations";"fr-CH";"3";"v1:d69b55804c14335744a0a12a0aa976d1ec91e2438349a6a77f6bb61bec9ba1ac";"945ad58318ec9d24355e86c433ee2bc87fc6f7eee866d51889ad1cbab8d53850"
"Einflussfaktoren";"Herz-Kreislauf & Vorsorge";"Dimensionsdetails";"Überschrift";"Dimensionsdetail · Titel";"Familiäre Vorbelastung";"Prédisposition familiale";"";"";"Marketing, Medizin";"Prüfung erforderlich";"";"";"";"recommendation.signal.familie_hk.title";"recommendations";"fr-CH";"3";"v1:d69b55804c14335744a0a12a0aa976d1ec91e2438349a6a77f6bb61bec9ba1ac";"2c42c6bcbb83e808f2afd5eb06744b56adf843cf333e269540ee44fd777f86cf"
"Einflussfaktoren";"Herz-Kreislauf & Vorsorge";"Dimensionsdetails";"Persönliche Einordnung";"Dimensionsdetail · Einordnung";"Eine bekannte Erkrankung bei Eltern, Geschwistern oder eigenen Kindern bedeutet nicht, dass Sie selbst erkranken werden. Sie ist aber eine wichtige Information, um Vorsorge und Kontrollen persönlich einzuordnen.";"Une maladie connue chez un parent, un frère, une sœur ou un enfant ne signifie pas que vous la développerez vous-même. Il s’agit toutefois d’une information importante pour personnaliser la prévention et les contrôles.";"";"";"Marketing, Medizin";"Prüfung erforderlich";"An die breite Familienfrage angepasst; durch Marketing und Medizin freigeben.";"";"";"recommendation.signal.familie_hk.insight";"recommendations";"fr-CH";"3";"v1:d69b55804c14335744a0a12a0aa976d1ec91e2438349a6a77f6bb61bec9ba1ac";"9dc0442274b632c7b730737af9a1174ee65b94e3fdca3b5cd92c279e77b2ca38"
"Einflussfaktoren";"Herz-Kreislauf & Vorsorge";"Dimensionsdetails";"Medizinische Klärung";"Dimensionsdetail · medizinischer Klärungshinweis";"Welche Erkrankung bei wem und ungefähr in welchem Alter diagnostiziert wurde; bei Krebs zusätzlich die Krebsart. Eine medizinische Fachperson kann daraus ableiten, ob und welche gezielte Vorsorge oder genetische Beratung sinnvoll sein könnte.";"Quelle maladie a été diagnostiquée chez quel proche et à quel âge environ ; pour un cancer, également le type. Une professionnelle ou un professionnel de santé peut déterminer si une prévention ciblée ou un conseil génétique pourrait être utile.";"";"";"Marketing, Medizin";"Prüfung erforderlich";"Altersgrenzen ausdrücklich auf Herz-Kreislauf-Erkrankungen begrenzt; durch Marketing und Medizin freigeben.";"";"";"recommendation.signal.familie_hk.clarify";"recommendations";"fr-CH";"3";"v1:d69b55804c14335744a0a12a0aa976d1ec91e2438349a6a77f6bb61bec9ba1ac";"b1e91040e48bbc58bf209e3ea8c2fa64b676db9913fa3ffdadd194c8ac4d440b"
"Einflussfaktoren";"Herz-Kreislauf & Vorsorge";"Zusatzhinweise bei abgedeckten Aktionsschritten";"Vertiefung";"Zusatzhinweis bei bereits abgedecktem Aktionsschritt";"Ist bei Ihnen ein erhöhtes Lp(a) bekannt, kann die Fachperson mit Ihnen besprechen, ob eine Bestimmung bei Eltern, Geschwistern oder Kindern sinnvoll ist. Lp(a) ist überwiegend genetisch bestimmt.";"Si une Lp(a) élevée est connue chez vous, le professionnel peut discuter avec vous de l’utilité d’une mesure chez vos parents, frères et sœurs ou enfants. La Lp(a) est principalement déterminée génétiquement.";"";"";"Marketing, Medizin";"Prüfung erforderlich";"Familienuntersuchung fachlich eingeordnet und direkte Weitergabe nicht unterstellt; durch Marketing und Medizin freigeben.";"";"";"recommendation.signal.familie_hk.deepen";"recommendations";"fr-CH";"3";"v1:d69b55804c14335744a0a12a0aa976d1ec91e2438349a6a77f6bb61bec9ba1ac";"5c33851cb3898e93c20b600d6e0e7e84b056cdde7737b13b45ab2a7d31d1b07a"
"Einflussfaktoren";"Herz-Kreislauf & Vorsorge";"Risikosignale";"Risikosignal";"Ergebnisseite, medizinisches Signal familiäre Vorbelastung";"Bei Ihren Eltern, Geschwistern oder eigenen Kindern sind relevante Erkrankungen bekannt. Eine genaue Familiengeschichte hilft, die passende Vorsorge zu planen.";"Des maladies pertinentes sont connues chez vos parents, vos frères et sœurs ou vos enfants. Des antécédents familiaux précis aident à planifier la prévention adaptée.";"";"";"Marketing, Medizin";"Prüfung erforderlich";"";"";"";"recommendation.risk_signal.familie_hk.label";"recommendations";"fr-CH";"3";"v1:d69b55804c14335744a0a12a0aa976d1ec91e2438349a6a77f6bb61bec9ba1ac";"45b2fe2eb1f70f34a33f02ccd40bbd0346aa1632f457d169440c646c2d290f43"
"Einflussfaktoren";"Herz-Kreislauf & Vorsorge";"Handlungsfelder";"Beschriftung";"Handlungsfeld · Einflussfaktoren · Kurzlabel";"Blutdruck einmal messen";"Mesurer une fois votre tension artérielle";"";"";"Marketing, Medizin";"Prüfung erforderlich";"";"";"";"recommendation.lever.lv_bd_messen.label";"recommendations";"fr-CH";"3";"v1:d69b55804c14335744a0a12a0aa976d1ec91e2438349a6a77f6bb61bec9ba1ac";"44ff51c8c2ca1e0fa56aa29584307d4cdbe4072ee545e9a292e57be50a2ba90b"
"Einflussfaktoren";"Herz-Kreislauf & Vorsorge";"Handlungsfelder";"Detailtext";"Handlungsfeld · Einflussfaktoren · Detailtext";"Sie kennen Ihren Blutdruck nicht – da er meist keine Symptome macht, ist Messen der einzige Weg, ihn früh zu erkennen.";"Vous ne connaissez pas votre tension artérielle. Comme elle ne provoque généralement aucun symptôme, la mesurer est le seul moyen de détecter tôt une hypertension.";"";"";"Marketing, Medizin";"Prüfung erforderlich";"";"";"";"recommendation.lever.lv_bd_messen.detail";"recommendations";"fr-CH";"3";"v1:d69b55804c14335744a0a12a0aa976d1ec91e2438349a6a77f6bb61bec9ba1ac";"5242828cd05bfd1dfcdf6e49373cdd5bfa3d8eb3edf0c4eda2dcb091b035f0ed"
"Einflussfaktoren";"Herz-Kreislauf & Vorsorge";"Handlungsfelder";"Beschriftung";"Handlungsfeld · Einflussfaktoren · Kurzlabel";"Bluthochdruck gut begleiten";"Bien prendre en charge l’hypertension";"";"";"Marketing, Medizin";"Prüfung erforderlich";"";"";"";"recommendation.lever.lv_blutdruck.label";"recommendations";"fr-CH";"3";"v1:d69b55804c14335744a0a12a0aa976d1ec91e2438349a6a77f6bb61bec9ba1ac";"b3958fbadade6db359f43da0c42eb2aab201a6a2fe147ea2a4835e668ac904ce"
"Einflussfaktoren";"Herz-Kreislauf & Vorsorge";"Handlungsfelder";"Detailtext";"Handlungsfeld · Einflussfaktoren · Detailtext";"Ihr bekannter Bluthochdruck ist Ihr wichtigster steuerbarer Risikofaktor – regelmässig messen und die Behandlung konsequent begleiten.";"Votre hypertension connue est votre principal facteur de risque modifiable : mesurez-la régulièrement et suivez le traitement de manière conséquente.";"";"";"Marketing, Medizin";"Prüfung erforderlich";"";"";"";"recommendation.lever.lv_blutdruck.detail";"recommendations";"fr-CH";"3";"v1:d69b55804c14335744a0a12a0aa976d1ec91e2438349a6a77f6bb61bec9ba1ac";"723b397c2bd85c374dbad39831c5ddcee1df59ed7664147f1888f458ef7260c1"
"Einflussfaktoren";"Herz-Kreislauf & Vorsorge";"Handlungsfelder";"Beschriftung";"Handlungsfeld · Einflussfaktoren · Kurzlabel";"Familiäres Risiko in die Vorsorge einbeziehen";"Intégrer le risque familial à la prévention";"";"";"Marketing, Medizin";"Prüfung erforderlich";"Neue scoreunabhängige Summary-Priorisierung; durch Marketing und Medizin freigeben.";"";"";"recommendation.lever.lv_familie.label";"recommendations";"fr-CH";"3";"v1:d69b55804c14335744a0a12a0aa976d1ec91e2438349a6a77f6bb61bec9ba1ac";"15160a54a1a6092f5c976071e03810b5cda2f2238bb77afab1a77364fe8f194e"
"Einflussfaktoren";"Herz-Kreislauf & Vorsorge";"Handlungsfelder";"Detailtext";"Handlungsfeld · Einflussfaktoren · Detailtext";"Notieren Sie Erkrankung, betroffene Person und ungefähres Diagnosealter; bei Krebs auch die Krebsart. Prüfen Sie zugleich, ob eine aktuelle professionelle Risikoeinschätzung vorliegt. Falls nicht, klären Sie den Status und vereinbaren Sie bei Bedarf ein Vorsorgegespräch; andernfalls nehmen Sie die Angaben zum nächsten vorgesehenen Gespräch mit. Lassen Sie sich dort die für Sie passende Vorsorge erklären.";"Notez la maladie, la personne touchée et l’âge approximatif au diagnostic ; pour un cancer, également le type. Vérifiez si vous disposez d’une évaluation professionnelle actuelle du risque. Sinon, clarifiez la situation et convenez au besoin d’un entretien de prévention ; dans le cas contraire, apportez les informations au prochain entretien prévu. Demandez quelle prévention vous convient.";"";"";"Marketing, Medizin";"Prüfung erforderlich";"Breite Familienfrage bewusst nicht pauschal als Herz-Kreislauf-Risiko formuliert; durch Marketing und Medizin freigeben.";"";"";"recommendation.lever.lv_familie.detail";"recommendations";"fr-CH";"3";"v1:d69b55804c14335744a0a12a0aa976d1ec91e2438349a6a77f6bb61bec9ba1ac";"e5df15947587fc999f5eb1f2a57e8feb4b32d8a7257bf15e39f7cca9ae5c4621"
"Einflussfaktoren";"Herz-Kreislauf & Vorsorge";"Handlungsfelder";"Beschriftung";"Handlungsfeld · Einflussfaktoren · Kurzlabel";"Familiäre Krankheitsgeschichte klären";"Clarifier les antécédents médicaux familiaux";"";"";"Marketing, Medizin";"Prüfung erforderlich";"";"";"";"recommendation.lever.lv_familienwissen.label";"recommendations";"fr-CH";"3";"v1:d69b55804c14335744a0a12a0aa976d1ec91e2438349a6a77f6bb61bec9ba1ac";"b1ef7da43803951cb291919f8eb35d9a1b37c43d1b8b37746236d0c255ced794"
"Einflussfaktoren";"Herz-Kreislauf & Vorsorge";"Handlungsfelder";"Detailtext";"Handlungsfeld · Einflussfaktoren · Detailtext";"Fragen Sie Angehörige, welche relevante Erkrankung bei wem und ungefähr in welchem Alter aufgetreten ist; bei Krebs auch nach der Krebsart. Notieren Sie die Angaben für ein späteres Vorsorgegespräch.";"Demandez à vos proches quelle maladie pertinente est survenue, chez qui et à quel âge environ ; pour un cancer, demandez aussi le type. Notez ces informations en vue d’un entretien de prévention.";"";"";"Marketing, Medizin";"Prüfung erforderlich";"";"";"";"recommendation.lever.lv_familienwissen.detail";"recommendations";"fr-CH";"3";"v1:d69b55804c14335744a0a12a0aa976d1ec91e2438349a6a77f6bb61bec9ba1ac";"75351b7a7056e68e069cf567e38eaba8f39f75332bd2b9195ac3780b95818d32"
"Einflussfaktoren";"Herz-Kreislauf & Vorsorge";"Handlungsfelder";"Beschriftung";"Handlungsfeld · Einflussfaktoren · Kurzlabel";"Kardiovaskulären Vorsorge-Check durchführen";"Effectuer un check-up cardiovasculaire préventif";"";"";"Marketing, Medizin";"Prüfung erforderlich";"";"";"";"recommendation.lever.lv_kardio.label";"recommendations";"fr-CH";"3";"v1:d69b55804c14335744a0a12a0aa976d1ec91e2438349a6a77f6bb61bec9ba1ac";"08d00dc1be9220f5e079547b9deaa139f83a73bf161ea204b410d599b529b536"
"Einflussfaktoren";"Herz-Kreislauf & Vorsorge";"Handlungsfelder";"Dynamischer Text";"Handlungsfeld · Einflussfaktoren · Detailtext mit dynamischer Liste der Risikofaktoren";"Mehrere Faktoren erhöhen zusammen Ihr Herz-Kreislauf-Risiko – bei Ihnen: {{riskFactors}}. Ein ärztlicher Check macht Ihr persönliches Risiko greifbar und priorisiert die nächsten Schritte.";"Plusieurs facteurs augmentent ensemble votre risque cardiovasculaire, dans votre cas : {{riskFactors}}. Un check-up médical rend votre risque personnel plus concret et aide à prioriser les prochaines étapes.";"";"";"Marketing, Medizin";"Prüfung erforderlich";"";"{{riskFactors}}";"";"recommendation.lever.lv_kardio.detail.with_risk_factors";"recommendations";"fr-CH";"3";"v1:d69b55804c14335744a0a12a0aa976d1ec91e2438349a6a77f6bb61bec9ba1ac";"c7211f6df27bed227bbf44be3f01e30eb6ee14f77ad245703cd6abc0a657e2eb"
"Einflussfaktoren";"Herz-Kreislauf & Vorsorge";"Handlungsfelder";"Beschriftung";"Handlungsfeld · Einflussfaktoren · Kurzlabel";"Aktualität der Risikoeinschätzung klären";"Vérifier si l’évaluation du risque est à jour";"";"";"Marketing, Medizin";"Prüfung erforderlich";"Neue scoreunabhängige Summary-Priorisierung; durch Marketing und Medizin freigeben.";"";"";"recommendation.lever.lv_vorsorge.label";"recommendations";"fr-CH";"3";"v1:d69b55804c14335744a0a12a0aa976d1ec91e2438349a6a77f6bb61bec9ba1ac";"ecda03985363f77680fc4afad9c4fccd5b8a65356aeaf4347309da218d6df5b7"
"Einflussfaktoren";"Herz-Kreislauf & Vorsorge";"Handlungsfelder";"Detailtext";"Handlungsfeld · Einflussfaktoren · Detailtext";"Prüfen Sie, wann Ihr persönliches Gesundheitsrisiko zuletzt professionell beurteilt wurde. Ist die Einschätzung nicht aktuell oder unklar, besprechen Sie mit einer medizinischen Fachperson, welche Basiswerte und Vorsorgeuntersuchungen jetzt zu Ihnen passen.";"Vérifiez quand votre risque personnel pour la santé a été évalué pour la dernière fois. Si l’évaluation n’est pas actuelle ou si son statut est incertain, demandez quels paramètres de base et examens préventifs sont indiqués maintenant.";"";"";"Marketing, Medizin";"Prüfung erforderlich";"Keine pauschale Screening-Pflicht behauptet; durch Marketing und Medizin freigeben.";"";"";"recommendation.lever.lv_vorsorge.detail";"recommendations";"fr-CH";"3";"v1:d69b55804c14335744a0a12a0aa976d1ec91e2438349a6a77f6bb61bec9ba1ac";"ab037f10cf09479f5e99059c3ba6a0c7ac40dae1af4dfefe87a86a281274adfa"
"Einflussfaktoren";"Herz-Kreislauf & Vorsorge";"Handlungsfelder";"Beschriftung";"Handlungsfeld · Einflussfaktoren · Kurzlabel";"Passende Vorsorge kennenlernen";"Connaître la prévention adaptée";"";"";"Marketing, Medizin";"Prüfung erforderlich";"Neue scorefreie Summary-Priorisierung; durch Marketing und Medizin freigeben.";"";"";"recommendation.lever.lv_vorsorgewissen.label";"recommendations";"fr-CH";"3";"v1:d69b55804c14335744a0a12a0aa976d1ec91e2438349a6a77f6bb61bec9ba1ac";"98e6db6f7a6a2d65409937a83986b0bbfdd4b3188365e12c7fe06d2c2e2ff65b"
"Einflussfaktoren";"Herz-Kreislauf & Vorsorge";"Handlungsfelder";"Detailtext";"Handlungsfeld · Einflussfaktoren · Detailtext";"Informieren Sie sich aus verlässlichen Quellen und klären Sie mit einer medizinischen Fachperson, welche Vorsorgeuntersuchungen aufgrund Ihres Alters, Ihrer persönlichen Werte und Ihrer Familiengeschichte für Sie sinnvoll sind.";"Consultez des sources fiables et demandez à une professionnelle ou un professionnel de santé quels examens préventifs sont indiqués compte tenu de votre âge, de vos valeurs de santé personnelles et de vos antécédents familiaux.";"";"";"Marketing, Medizin";"Prüfung erforderlich";"Neue scorefreie Summary-Priorisierung; durch Marketing und Medizin freigeben.";"";"";"recommendation.lever.lv_vorsorgewissen.detail";"recommendations";"fr-CH";"3";"v1:d69b55804c14335744a0a12a0aa976d1ec91e2438349a6a77f6bb61bec9ba1ac";"c4eef4d153cedcf87ab654142c98e266d8dcc70a62d4985b9a995ba89926cb5c"
"Einflussfaktoren";"Herz-Kreislauf & Vorsorge";"Quellenlabels";"Quellenbezeichnung";"Sichtbares Label einer Fachquelle";"Schweizerische Herzstiftung: Blutfette & Cholesterin";"Fondation Suisse de Cardiologie : lipides sanguins et cholestérol";"";"";"Marketing, Medizin";"Prüfung erforderlich";"";"";"";"recommendation.source.swissheart_blutfette.label";"recommendations";"fr-CH";"3";"v1:d69b55804c14335744a0a12a0aa976d1ec91e2438349a6a77f6bb61bec9ba1ac";"1d7b03769ec9061d4b5dfdca42200e96067063663b5c2ed24bcfe0d656b9a79a"
"Einflussfaktoren";"Herz-Kreislauf & Vorsorge";"Quellenlabels";"Quellenbezeichnung";"Sichtbares Label einer Fachquelle";"Schweizerische Herzstiftung: Cholesterin & Lipoprotein(a) in der Familie";"Fondation Suisse de Cardiologie : cholestérol et lipoprotéine(a) dans la famille";"";"";"Marketing, Medizin";"Prüfung erforderlich";"";"";"";"recommendation.source.swissheart_lpa.label";"recommendations";"fr-CH";"3";"v1:d69b55804c14335744a0a12a0aa976d1ec91e2438349a6a77f6bb61bec9ba1ac";"106ff60d81229aaca68e127f13c0db38c2ce6f0cba6b1d949f61331812389867"
"Einflussfaktoren";"Herz-Kreislauf & Vorsorge";"Quellenlabels";"Quellenbezeichnung";"Sichtbares Label einer Fachquelle";"Schweizerische Herzstiftung: Diese Werte müssen Sie kennen";"Fondation Suisse de Cardiologie : les valeurs que vous devez connaître";"";"";"Marketing, Medizin";"Prüfung erforderlich";"";"";"";"recommendation.source.swissheart_werte.label";"recommendations";"fr-CH";"3";"v1:d69b55804c14335744a0a12a0aa976d1ec91e2438349a6a77f6bb61bec9ba1ac";"d3234292f32d3976685042ed53acbcd530d597a1c031186872789e4ec3004397"
"Einflussfaktoren";"Herz-Kreislauf & Vorsorge";"Stärken";"Beschriftung";"Stärke · Einflussfaktoren · Kurzlabel";"Aktuelle Risikoeinschätzung & Vorsorgewissen";"Évaluation actuelle du risque et connaissances en prévention";"";"";"Marketing";"Prüfung erforderlich";"";"";"";"recommendation.strength.st_vorsorge.label";"recommendations";"fr-CH";"3";"v1:d69b55804c14335744a0a12a0aa976d1ec91e2438349a6a77f6bb61bec9ba1ac";"75c1fa3ceaf6fb0f20f385f13c53dafc0e74906faddebef45fffaedea778626b"
"Einflussfaktoren";"Herz-Kreislauf & Vorsorge";"Stärken";"Detailtext";"Stärke · Einflussfaktoren · Detailtext";"Ihre persönliche Risikoeinschätzung ist gemäss Fachperson aktuell, und Sie wissen, welche Vorsorgeuntersuchungen für Sie sinnvoll sind – eine gute Grundlage für gezielte Prävention.";"Selon la professionnelle ou le professionnel de santé, l’évaluation de votre risque personnel est à jour et vous savez quels examens préventifs sont indiqués pour vous : une bonne base pour une prévention ciblée.";"";"";"Marketing, Medizin";"Prüfung erforderlich";"";"";"";"recommendation.strength.st_vorsorge.detail";"recommendations";"fr-CH";"3";"v1:d69b55804c14335744a0a12a0aa976d1ec91e2438349a6a77f6bb61bec9ba1ac";"67b4c238bbd7b7417ff8e9b2d8ab48522e04f24f8cddbf387080fc7396a56993"
"Einflussfaktoren";"Herz-Kreislauf & Vorsorge";"Ergebnis-Einstieg";"Beschriftung";"Ergebnis-Zusammenfassung · Themenlabel «Herz-Kreislauf & Vorsorge»";"Wissen über familiäre Vorbelastung";"connaissance des prédispositions familiales";"";"";"Marketing";"Prüfung erforderlich";"";"";"";"ui.hero.topic.familienwissen";"ui";"fr-CH";"3";"v1:d69b55804c14335744a0a12a0aa976d1ec91e2438349a6a77f6bb61bec9ba1ac";"06bb038276b4f84dfcb79135f7cfc8486549b13c602113c7b8fb415651a82c30"
"Einflussfaktoren";"Herz-Kreislauf & Vorsorge";"Dimensionsdetails";"Überschrift";"Dimensionsdetail · Titel";"Aktualität der Risikoeinschätzung klären";"Vérifier si l’évaluation du risque est à jour";"";"";"Marketing, Medizin";"Prüfung erforderlich";"";"";"";"recommendation.signal.vorsorge.title";"recommendations";"fr-CH";"3";"v1:d69b55804c14335744a0a12a0aa976d1ec91e2438349a6a77f6bb61bec9ba1ac";"58f51077f32c7a2357c106011564f5515d361f15aaeb151f998a9504ab36fc2e"
"Einflussfaktoren";"Herz-Kreislauf & Vorsorge";"Dimensionsdetails";"Persönliche Einordnung";"Dimensionsdetail · Einordnung";"Aus Ihrer Antwort geht nicht sicher hervor, dass Ihre persönliche Risikoeinschätzung aktuell ist. Manche Risikofaktoren verursachen lange keine Beschwerden; aktuelle Werte und eine professionelle Einordnung schaffen Klarheit.";"Votre réponse ne permet pas d’établir que l’évaluation de votre risque personnel est à jour. Certains facteurs de risque restent longtemps sans symptômes ; des valeurs actuelles et une interprétation professionnelle apportent de la clarté.";"";"";"Marketing, Medizin";"Prüfung erforderlich";"Nicht belegte Herzinfarkt-Verallgemeinerung durch symptomfreie Risikofaktoren ersetzt; durch Marketing und Medizin freigeben.";"";"";"recommendation.signal.vorsorge.insight";"recommendations";"fr-CH";"3";"v1:d69b55804c14335744a0a12a0aa976d1ec91e2438349a6a77f6bb61bec9ba1ac";"69928669a96f04fb8de52e38cde429474c09756ef8ab2a88e1ede874990e14a6"
"Einflussfaktoren";"Herz-Kreislauf & Vorsorge";"Dimensionsdetails";"Medizinische Klärung";"Dimensionsdetail · medizinischer Klärungshinweis";"Wann Ihre letzte Beurteilung stattfand, welche Basiswerte damals erhoben wurden und welche Vorsorgeuntersuchungen aufgrund Ihres heutigen Profils sinnvoll sind.";"La date de votre dernière évaluation, les paramètres de base alors mesurés et les examens préventifs indiqués pour votre profil actuel.";"";"";"Marketing, Medizin";"Prüfung erforderlich";"";"";"";"recommendation.signal.vorsorge.clarify";"recommendations";"fr-CH";"3";"v1:d69b55804c14335744a0a12a0aa976d1ec91e2438349a6a77f6bb61bec9ba1ac";"97ef84334d8f0831401047f5820bd19836f8716f9a9bb62cca5ecb8bdf532cc1"
"Einflussfaktoren";"Herz-Kreislauf & Vorsorge";"Zusatzhinweise bei abgedeckten Aktionsschritten";"Vertiefung";"Zusatzhinweis bei bereits abgedecktem Aktionsschritt";"Wichtig für die Terminvorbereitung: Fragen Sie, ob ApoB bei Ihrem Risikoprofil zusätzliche Information liefert und ob Lp(a) bereits einmal bestimmt wurde.";"Important pour préparer le rendez-vous : demandez si l’ApoB apporte des informations supplémentaires pour votre profil de risque et si la Lp(a) a déjà été mesurée une fois.";"";"";"Marketing, Medizin";"Prüfung erforderlich";"Nicht ausreichend belegte Häufigkeitsangabe entfernt und ApoB/Lp(a) fachlich getrennt; durch Marketing und Medizin freigeben.";"";"";"recommendation.signal.vorsorge.deepen";"recommendations";"fr-CH";"3";"v1:d69b55804c14335744a0a12a0aa976d1ec91e2438349a6a77f6bb61bec9ba1ac";"ace6c23819bf10e2d723a69243b943b967c020d68f0e7fa6b9d6114aa6755605"
"Einflussfaktoren";"Herz-Kreislauf & Vorsorge";"Risikosignale";"Risikosignal";"Ergebnisseite, medizinisches Signal fehlender Vorsorge-Check";"Es ist nicht sicher, dass Ihre persönliche Risikoeinschätzung aktuell ist. Klären Sie den Stand und planen Sie bei Bedarf eine professionelle Beurteilung.";"Il n’est pas certain que l’évaluation de votre risque personnel soit à jour. Clarifiez la situation et planifiez au besoin une évaluation professionnelle.";"";"";"Marketing, Medizin";"Prüfung erforderlich";"";"";"";"recommendation.risk_signal.vorsorge.label";"recommendations";"fr-CH";"3";"v1:d69b55804c14335744a0a12a0aa976d1ec91e2438349a6a77f6bb61bec9ba1ac";"d3425a8f38b4b2024d62445a64eca913bc4aa026bd2d0583c67e3d54042e2c8d"
"Einflussfaktoren";"Körperzusammensetzung & Stoffwechsel";"Dimensionsdetails";"Überschrift";"Dimensionsdetail · Titel";"Körperzusammensetzung und Stoffwechsel";"Composition corporelle et métabolisme";"";"";"Marketing, Medizin";"Prüfung erforderlich";"Neutraler Titel bleibt auch dann korrekt, wenn der Hinweis vom BMI und nicht vom Taillenumfang ausgelöst wird; durch Marketing und Medizin freigeben.";"";"";"recommendation.signal.koerperzusammensetzung.title";"recommendations";"fr-CH";"3";"v1:d69b55804c14335744a0a12a0aa976d1ec91e2438349a6a77f6bb61bec9ba1ac";"7ea278dca07483aa2f482605af7d72e9f34ed93ad1fb362ddd29348f958f4810"
"Einflussfaktoren";"Körperzusammensetzung & Stoffwechsel";"Dimensionsdetails";"Persönliche Einordnung";"Dimensionsdetail · Einordnung";"Taille-Grösse-Verhältnis und BMI beschreiben unterschiedliche Aspekte der Körperzusammensetzung. Beide Werte sind Screeningorientierungen und keine Diagnose oder vollständige Herz-Kreislauf-Risikoberechnung.";"Le rapport tour de taille/taille et l’IMC décrivent différents aspects de la composition corporelle. Ce sont deux repères de dépistage, et non un diagnostic ni un calcul complet du risque cardiovasculaire.";"";"";"Marketing, Medizin";"Prüfung erforderlich";"Neutraler Fallback behauptet keinen erhöhten Taillenumfang, wenn das Signal allein vom BMI ausgelöst wird; durch Marketing und Medizin freigeben.";"";"";"recommendation.signal.koerperzusammensetzung.insight";"recommendations";"fr-CH";"3";"v1:d69b55804c14335744a0a12a0aa976d1ec91e2438349a6a77f6bb61bec9ba1ac";"dba6b8be241e741eaa7517694b25bfe6d36e2724bd1d87356780a9995c63c0b3"
"Einflussfaktoren";"Körperzusammensetzung & Stoffwechsel";"Dimensionsdetails";"Nächster Schritt";"Dimensionsdetail · nächster Schritt mit bereits angegebenem Taillenumfang";"Sie haben Ihren Taillenumfang bereits angegeben. Notieren Sie den Wert für den Verlauf und beziehen Sie ihn zusammen mit Gewicht, Blutdruck, Blutzucker und Blutfetten in die fachliche Risikoeinordnung ein.";"Vous avez déjà indiqué votre tour de taille. Notez cette valeur pour suivre son évolution et intégrez-la, avec le poids, la tension artérielle, la glycémie et les lipides sanguins, à l’évaluation professionnelle du risque.";"";"";"Marketing, Medizin";"Prüfung erforderlich";"Verhindert die erneute Aufforderung zur Messung bei bereits vorhandenem Wert; durch Marketing und Medizin freigeben.";"";"";"recommendation.signal.koerperzusammensetzung.action.with_waist";"recommendations";"fr-CH";"3";"v1:d69b55804c14335744a0a12a0aa976d1ec91e2438349a6a77f6bb61bec9ba1ac";"18de4c4d329fff32a194ca01eff011f9b86cb269cedd394abdbbaf52769d9929"
"Einflussfaktoren";"Körperzusammensetzung & Stoffwechsel";"Dimensionsdetails";"Nächster Schritt";"Dimensionsdetail · nächster Schritt ohne bereits angegebenen Taillenumfang";"Messen Sie nach normalem Ausatmen ungefähr auf halber Strecke zwischen der untersten tastbaren Rippe und der Oberkante des Beckenkamms. Als grobe Orientierung kann ein Taillenumfang unter der halben Körpergrösse dienen.";"Mesurez après une expiration normale, approximativement à mi-distance entre la dernière côte palpable et le bord supérieur de la crête iliaque. Un tour de taille inférieur à la moitié de la taille du corps peut servir de repère approximatif.";"";"";"Marketing, Medizin";"Prüfung erforderlich";"Messort an das WHO-Protokoll der Frage angeglichen; durch Marketing und Medizin freigeben.";"";"";"recommendation.signal.koerperzusammensetzung.action";"recommendations";"fr-CH";"3";"v1:d69b55804c14335744a0a12a0aa976d1ec91e2438349a6a77f6bb61bec9ba1ac";"f3cfaa81990bb9e86c7f1beac770843d391df63146afb180ebd3924a7e0597f3"
"Einflussfaktoren";"Körperzusammensetzung & Stoffwechsel";"Dimensionsdetails";"Erwarteter Nutzen";"Dimensionsdetail · erwarteter Nutzen";"Sie können die Entwicklung nachvollziehen und gemeinsam mit einer Fachperson entscheiden, welche weiteren Messungen oder Veränderungen sinnvoll sind.";"Vous pouvez suivre l’évolution et décider avec un professionnel quelles autres mesures ou modifications sont utiles.";"";"";"Marketing, Medizin";"Prüfung erforderlich";"Neues Nutzenfeld für die einheitliche Darstellung offener Dimensionshinweise; durch Marketing und Medizin freigeben.";"";"";"recommendation.signal.koerperzusammensetzung.benefit";"recommendations";"fr-CH";"3";"v1:d69b55804c14335744a0a12a0aa976d1ec91e2438349a6a77f6bb61bec9ba1ac";"6d2c5f457e6cd33f129be515e1fcd5985f2ab0d840ba55932117c8f8d58e1787"
"Einflussfaktoren";"Körperzusammensetzung & Stoffwechsel";"Dimensionsdetails";"Dynamischer Text";"BMI-Fallback ohne Taillenumfang und mit vorsichtig erkanntem Kraftsportkontext";"Ihr BMI beträgt {{bmi}} und liegt damit im Bereich «{{bmiClassLabel}}». Ihre Angaben sprechen zugleich für häufiges Krafttraining und gute Kraftleistungen. Muskelmasse kann den BMI mit beeinflussen; die Kurztests beweisen die Körperzusammensetzung jedoch nicht. Da kein Taillenumfang vorliegt, bleibt die Fettverteilung ungeklärt. Messen Sie deshalb die Taille korrekt und lassen Sie deutlich erhöhte oder widersprüchliche Werte fachlich einordnen.";"Votre IMC est de {{bmi}} et se situe donc dans la catégorie « {{bmiClassLabel}} ». Vos réponses indiquent également un entraînement de force fréquent et de bonnes performances de force. La masse musculaire peut influencer l’IMC, mais les tests courts ne prouvent pas la composition corporelle. En l’absence de tour de taille, la répartition de la graisse reste incertaine. Mesurez correctement votre taille et faites évaluer par un professionnel de santé les valeurs nettement élevées ou contradictoires.";"";"";"Marketing, Medizin";"Prüfung erforderlich";"Kein automatisches Neutralisieren des BMI durch Fitnessproxies; fordert zusätzliche Messung und Einordnung.";"{{bmi}} | {{bmiClassLabel}}";"{{bmi}} | {{bmiClassLabel}}";"recommendation.signal.koerperzusammensetzung.insight.bmi_without_waist_muscular";"recommendations";"fr-CH";"3";"v1:d69b55804c14335744a0a12a0aa976d1ec91e2438349a6a77f6bb61bec9ba1ac";"e03fe844fb2d1d6e4f6df96a11017394dc41addebdb13f595ed21457b7d5ad33"
"Einflussfaktoren";"Körperzusammensetzung & Stoffwechsel";"Dimensionsdetails";"Dynamischer Text";"BMI-Hinweis ab BMI 35 bei vorhandenem Taillenumfang und vorsichtig erkanntem Kraftsportkontext";"Ihr BMI beträgt {{bmi}} und liegt damit im Bereich «{{bmiClassLabel}}». Ihre Angaben sprechen zugleich für häufiges Krafttraining und gute Kraftleistungen. Muskelmasse kann den BMI mit beeinflussen; die Kurztests messen die Körperzusammensetzung aber nicht. Der Taillenumfang von {{waist}} cm und das Verhältnis {{whtr}} werden angezeigt, bei einem BMI ab 35 jedoch nicht zusätzlich gescort. Lassen Sie die widersprüchlichen Marker deshalb fachlich einordnen.";"Votre IMC est de {{bmi}} et se situe donc dans la catégorie « {{bmiClassLabel}} ». Vos réponses indiquent également un entraînement de force fréquent et de bonnes performances de force. La masse musculaire peut influencer l’IMC, mais les tests courts ne mesurent pas la composition corporelle. Le tour de taille de {{waist}} cm et le rapport de {{whtr}} sont affichés mais, à partir d’un IMC de 35, ne sont pas comptabilisés en plus. Faites donc évaluer ces indicateurs contradictoires par un professionnel de santé.";"";"";"Marketing, Medizin";"Prüfung erforderlich";"Krafttraining und Testwerte sind nur Kontext, kein Muskelmassen-Nachweis und keine Score-Ausnahme.";"{{bmi}} | {{bmiClassLabel}} | {{waist}} | {{whtr}}";"{{bmi}} | {{bmiClassLabel}} | {{waist}} | {{whtr}}";"recommendation.signal.koerperzusammensetzung.insight.bmi_with_waist_muscular";"recommendations";"fr-CH";"3";"v1:d69b55804c14335744a0a12a0aa976d1ec91e2438349a6a77f6bb61bec9ba1ac";"ff76389b839b168485cbf17c434c0215cce365f94127234fb0dcd02054d4a520"
"Einflussfaktoren";"Körperzusammensetzung & Stoffwechsel";"Dimensionsdetails";"Dynamischer Text";"Dimensionsdetail · BMI-Hinweis bei vorhandenem Taillenumfang";"Ihr BMI beträgt {{bmi}} und liegt damit im Bereich «{{bmiClassLabel}}». Bei Erwachsenen mit einem BMI ab 35 verwendet der Check den BMI als Bewertungsgrundlage. Der angegebene Taillenumfang von {{waist}} cm und das daraus berechnete Taille-Grösse-Verhältnis {{whtr}} werden angezeigt, aber nicht zusätzlich gescort.";"Votre IMC est de {{bmi}} et se situe donc dans la plage « {{bmiClassLabel}} ». Chez les adultes dont l’IMC est égal ou supérieur à 35, le check utilise l’IMC comme base d’évaluation. Le tour de taille indiqué de {{waist}} cm et le rapport tour de taille/taille de {{whtr}} qui en résulte sont affichés, mais ne sont pas comptabilisés une seconde fois.";"";"";"Marketing, Medizin";"Prüfung erforderlich";"Verhindert die falsche Behauptung eines erhöhten Taillenumfangs, wenn das Signal allein vom BMI ausgelöst wird.";"{{bmi}} | {{bmiClassLabel}} | {{waist}} | {{whtr}}";"{{bmi}} | {{bmiClassLabel}} | {{waist}} | {{whtr}}";"recommendation.signal.koerperzusammensetzung.insight.bmi_with_waist";"recommendations";"fr-CH";"3";"v1:d69b55804c14335744a0a12a0aa976d1ec91e2438349a6a77f6bb61bec9ba1ac";"3fd6a68d6c82dd590c04d302521e0c1264a0be10e1bc6113c51afe73686fde8f"
"Einflussfaktoren";"Körperzusammensetzung & Stoffwechsel";"Dimensionsdetails";"Dynamischer Text";"Dimensionsdetail · BMI-Hinweis ohne Taillenumfang";"Ihr BMI beträgt {{bmi}} und liegt damit im Bereich «{{bmiClassLabel}}». Da kein Taillenumfang vorliegt, kann die Fettverteilung hier nicht zusätzlich eingeordnet werden. Der BMI ist eine Orientierung und keine Diagnose.";"Votre IMC est de {{bmi}} et se situe donc dans la plage « {{bmiClassLabel}} ». Comme aucun tour de taille n’est disponible, la répartition des graisses ne peut pas être évaluée en complément. L’IMC est un repère, et non un diagnostic.";"";"";"Marketing, Medizin";"Prüfung erforderlich";"Verhindert die falsche Behauptung eines erhöhten Taillenumfangs, wenn kein Messwert vorliegt.";"{{bmi}} | {{bmiClassLabel}}";"{{bmi}} | {{bmiClassLabel}}";"recommendation.signal.koerperzusammensetzung.insight.bmi_without_waist";"recommendations";"fr-CH";"3";"v1:d69b55804c14335744a0a12a0aa976d1ec91e2438349a6a77f6bb61bec9ba1ac";"4a49bbe56580a7ace3c555185f7609f0d6a0769eed4635d52bfe3e055278a506"
"Einflussfaktoren";"Körperzusammensetzung & Stoffwechsel";"Dimensionsdetails";"Dynamischer Text";"Dimensionsdetail · persönliche Einordnung eines erhöhten Taille-Grösse-Verhältnisses";"Ihr angegebener Taillenumfang beträgt {{waist}} cm. Daraus ergibt sich ein Taille-Grösse-Verhältnis von {{whtr}}, das {{waistStatusLabel}} liegt. Der Quotient ist ein praktischer Screeningmarker für die zentrale Fettverteilung, aber keine Diagnose.";"Le tour de taille que vous avez indiqué est de {{waist}} cm. Il en résulte un rapport tour de taille/taille de {{whtr}}, qui se situe {{waistStatusLabel}}. Ce rapport est un marqueur de dépistage pratique de la répartition centrale des graisses, mais ne constitue pas un diagnostic.";"";"";"Marketing, Medizin";"Prüfung erforderlich";"Neue persönliche Einordnung mit sichtbarem Messwert und Status; Referenzlogik durch Medizin freigeben.";"{{waist}} | {{waistStatusLabel}} | {{whtr}}";"{{waist}} | {{whtr}} | {{waistStatusLabel}}";"recommendation.signal.koerperzusammensetzung.insight.with_waist";"recommendations";"fr-CH";"3";"v1:d69b55804c14335744a0a12a0aa976d1ec91e2438349a6a77f6bb61bec9ba1ac";"690290d43fd5ed42c81ee161d5f24c2343d6f98821a3e7ff4fbe99acc25388a3"
"Einflussfaktoren";"Körperzusammensetzung & Stoffwechsel";"Risikosignale";"Risikosignal";"Ergebnisseite, Lebensstil-Signal Körperzusammensetzung";"Bauchumfang oder Körpergewicht liegen in einem Bereich, der den Stoffwechsel belasten kann.";"Votre tour de taille ou votre poids se situe dans une plage susceptible de solliciter le métabolisme.";"";"";"Marketing, Medizin";"Prüfung erforderlich";"";"";"";"recommendation.risk_signal.koerperzusammensetzung.label";"recommendations";"fr-CH";"3";"v1:d69b55804c14335744a0a12a0aa976d1ec91e2438349a6a77f6bb61bec9ba1ac";"386ac5ed5b70b5890e3839eb68f0db6590c597c4a32161d744b59fca59f13988"
"Einflussfaktoren";"Körperzusammensetzung & Stoffwechsel";"Handlungsfelder";"Beschriftung";"Handlungsfeld · Einflussfaktoren · Kurzlabel";"Körperprofil fachlich einordnen";"Faire évaluer les mesures corporelles";"";"";"Marketing, Medizin";"Prüfung erforderlich";"Neutrales Wording ohne Körperbild- oder Therapiezuschreibung; durch Marketing und Medizin freigeben.";"";"";"recommendation.lever.lv_koerperprofil.label";"recommendations";"fr-CH";"3";"v1:d69b55804c14335744a0a12a0aa976d1ec91e2438349a6a77f6bb61bec9ba1ac";"40da9208610c302d6d74d30480651ecf72a030b827fa6b1d3be7c5f1af651afd"
"Einflussfaktoren";"Körperzusammensetzung & Stoffwechsel";"Handlungsfelder";"Detailtext";"Handlungsfeld · Einflussfaktoren · Detailtext";"Ein auffälliger BMI oder ein auffälliges Taille-Grösse-Verhältnis ist kein Diagnosewert. Ordnen Sie Taillenumfang, Körpergrösse, Gewicht und Stoffwechselwerte gemeinsam mit einer Fachperson ein, bevor Sie konkrete Veränderungen ableiten.";"Un IMC ou un rapport tour de taille/taille élevé ne constitue pas un diagnostic. Évaluez le tour de taille, la taille, le poids et les paramètres métaboliques avec une professionnelle ou un professionnel de santé avant de décider de changements précis.";"";"";"Marketing, Medizin";"Prüfung erforderlich";"Keine pauschale Gewichtsabnahme oder Diagnose aus Einzelwerten; durch Marketing und Medizin freigeben.";"";"";"recommendation.lever.lv_koerperprofil.detail";"recommendations";"fr-CH";"3";"v1:d69b55804c14335744a0a12a0aa976d1ec91e2438349a6a77f6bb61bec9ba1ac";"9d2fb897f3de945cec3512b5ec20532ce6bbe83ec2e5d068171d494f9b79d65a"
"Einflussfaktoren";"Körperzusammensetzung & Stoffwechsel";"Handlungsfelder";"Dynamischer Text";"Persönliche Messwert-Einordnung und sicherer nächster Schritt für das Körperprofil-Haupthandlungsfeld";"{{personalAssessment}} {{nextStep}}";"{{personalAssessment}} {{nextStep}}";"";"";"Marketing, Medizin";"Prüfung erforderlich";"Integriert die bisher separate Metrikbox direkt in das sichtbare Handlungsfeld.";"{{nextStep}} | {{personalAssessment}}";"{{personalAssessment}} | {{nextStep}}";"recommendation.lever.lv_koerperprofil.detail.personalized";"recommendations";"fr-CH";"3";"v1:d69b55804c14335744a0a12a0aa976d1ec91e2438349a6a77f6bb61bec9ba1ac";"692b192756f18ecadf7fc1dc91a491fcd969c0fc095fb463e3c349bbea5f3880"
"Einflussfaktoren";"Körperzusammensetzung & Stoffwechsel";"Handlungsfelder";"Beschriftung";"Handlungsfeld · Einflussfaktoren · Kurzlabel";"Gewicht im Untergewichtsbereich einordnen";"Faire évaluer un poids dans la plage d’insuffisance pondérale";"";"";"Marketing, Medizin";"Prüfung erforderlich";"Bewusst ohne pauschale Aufforderung zur Gewichtszunahme; durch Marketing und Medizin freigeben.";"";"";"recommendation.lever.lv_untergewicht.label";"recommendations";"fr-CH";"3";"v1:d69b55804c14335744a0a12a0aa976d1ec91e2438349a6a77f6bb61bec9ba1ac";"992b784523637ce6c4c5400e32d9ca2e59673a3b1f4e2f82e1381bf6dbb79821"
"Einflussfaktoren";"Körperzusammensetzung & Stoffwechsel";"Handlungsfelder";"Detailtext";"Handlungsfeld · Einflussfaktoren · Detailtext";"Ein BMI im Untergewichtsbereich ist keine Diagnose. Klären Sie besonders bei unbeabsichtigtem oder neuem niedrigem Gewicht mögliche Ursachen und die Nährstoffversorgung medizinisch oder ernährungsfachlich ab.";"Un IMC dans la plage d’insuffisance pondérale n’est pas un diagnostic. Surtout si le faible poids est involontaire ou récent, faites évaluer les causes possibles et l’apport nutritionnel sur le plan médical ou nutritionnel.";"";"";"Marketing, Medizin";"Prüfung erforderlich";"Aus BMI allein keine Ursache oder Therapie abgeleitet; durch Marketing und Medizin freigeben.";"";"";"recommendation.lever.lv_untergewicht.detail";"recommendations";"fr-CH";"3";"v1:d69b55804c14335744a0a12a0aa976d1ec91e2438349a6a77f6bb61bec9ba1ac";"4813ac49601c70b4bbbb095c13a139bf2de5726907440582890b2ecda6e78e13"
"Einflussfaktoren";"Körperzusammensetzung & Stoffwechsel";"Ergebnis-Einstieg";"Beschriftung";"Ergebnis-Zusammenfassung · Themenlabel «Körperzusammensetzung & Stoffwechsel»";"Körperzusammensetzung";"composition corporelle";"";"";"Marketing";"Prüfung erforderlich";"";"";"";"ui.hero.topic.koerperzusammensetzung";"ui";"fr-CH";"3";"v1:d69b55804c14335744a0a12a0aa976d1ec91e2438349a6a77f6bb61bec9ba1ac";"4439396b151abc458980bc0c7ecf652bcbf8df68d61ab9d774c8e22a2ec3d820"
"Einflussfaktoren";"Körperzusammensetzung & Stoffwechsel";"Einordnung & Metriken";"Beschriftung";"Sichtbares BMI-Klassenlabel adipositas1";"Adipositas";"Obésité";"";"";"Marketing, Medizin";"Prüfung erforderlich";"";"";"";"ui.metrics.bmi_class.adipositas1";"ui";"fr-CH";"3";"v1:d69b55804c14335744a0a12a0aa976d1ec91e2438349a6a77f6bb61bec9ba1ac";"d948d083fbf8326704d393a9faf2f7d8c70a8889ec4940b4d639810832aed08d"
"Einflussfaktoren";"Körperzusammensetzung & Stoffwechsel";"Einordnung & Metriken";"Beschriftung";"Sichtbares BMI-Klassenlabel adipositas2";"Adipositas";"Obésité";"";"";"Marketing, Medizin";"Prüfung erforderlich";"";"";"";"ui.metrics.bmi_class.adipositas2";"ui";"fr-CH";"3";"v1:d69b55804c14335744a0a12a0aa976d1ec91e2438349a6a77f6bb61bec9ba1ac";"6533dc449eb0c23454eff0435cbacbc735e2b3fd75468698f9d55cc7b33293b8"
"Einflussfaktoren";"Körperzusammensetzung & Stoffwechsel";"Einordnung & Metriken";"Beschriftung";"Sichtbares BMI-Klassenlabel normal";"Normalbereich";"Plage normale";"";"";"Marketing, Medizin";"Prüfung erforderlich";"";"";"";"ui.metrics.bmi_class.normal";"ui";"fr-CH";"3";"v1:d69b55804c14335744a0a12a0aa976d1ec91e2438349a6a77f6bb61bec9ba1ac";"242140c405028f0acb01c469e7987bdcd74eefadbc285e2f4489aab4b8077be3"
"Einflussfaktoren";"Körperzusammensetzung & Stoffwechsel";"Einordnung & Metriken";"Beschriftung";"Sichtbares BMI-Klassenlabel uebergewicht";"Übergewicht";"Surpoids";"";"";"Marketing, Medizin";"Prüfung erforderlich";"";"";"";"ui.metrics.bmi_class.uebergewicht";"ui";"fr-CH";"3";"v1:d69b55804c14335744a0a12a0aa976d1ec91e2438349a6a77f6bb61bec9ba1ac";"6dee3d93038d3af9d113b6229f5014be15bd476b709ba6b469f1e41a4b41f9ff"
"Einflussfaktoren";"Körperzusammensetzung & Stoffwechsel";"Einordnung & Metriken";"Beschriftung";"Sichtbares BMI-Klassenlabel untergewicht";"Untergewicht";"Insuffisance pondérale";"";"";"Marketing, Medizin";"Prüfung erforderlich";"";"";"";"ui.metrics.bmi_class.untergewicht";"ui";"fr-CH";"3";"v1:d69b55804c14335744a0a12a0aa976d1ec91e2438349a6a77f6bb61bec9ba1ac";"1655bac83531309edf958a4a02dcdcb4e76c971307af5e36c7121b96594aba51"
"Einflussfaktoren";"Körperzusammensetzung & Stoffwechsel";"Einordnung & Metriken";"Beschriftung";"Sichtbares Bauchumfang-Statuslabel erhoeht";"im erhöhten Bereich von 0.50 bis unter 0.60";"dans la plage élevée de 0,50 à moins de 0,60";"";"";"Marketing, Medizin";"Prüfung erforderlich";"Status sprachlich klar vom deutlich erhöhten Referenzbereich abgegrenzt; durch Marketing und Medizin freigeben.";"";"";"ui.metrics.waist_status.erhoeht";"ui";"fr-CH";"3";"v1:d69b55804c14335744a0a12a0aa976d1ec91e2438349a6a77f6bb61bec9ba1ac";"cf9ffe4cc6f577e5788fe12852e3c2eeab8cc9cedfdbd735595487142d4fd780"
"Einflussfaktoren";"Körperzusammensetzung & Stoffwechsel";"Einordnung & Metriken";"Beschriftung";"Sichtbares Bauchumfang-Statuslabel hoch";"im deutlich erhöhten Bereich ab 0.60";"dans la plage nettement élevée à partir de 0,60";"";"";"Marketing, Medizin";"Prüfung erforderlich";"Höchstes Referenzband für die persönliche Einordnung eindeutig benannt; durch Marketing und Medizin freigeben.";"";"";"ui.metrics.waist_status.hoch";"ui";"fr-CH";"3";"v1:d69b55804c14335744a0a12a0aa976d1ec91e2438349a6a77f6bb61bec9ba1ac";"433f80a2bdf13bb82b36082089aa15b9e9d68ec55be6b8b07c489434ed0ec367"
"Einflussfaktoren";"Körperzusammensetzung & Stoffwechsel";"Einordnung & Metriken";"Beschriftung";"Sichtbares Bauchumfang-Statuslabel normal";"unter 0.50";"inférieur à 0,50";"";"";"Marketing, Medizin";"Prüfung erforderlich";"Das sichtbare Label nennt die geschlechtsneutrale NICE-Grenze statt eines absoluten Zentimeterwerts.";"";"";"ui.metrics.waist_status.normal";"ui";"fr-CH";"3";"v1:d69b55804c14335744a0a12a0aa976d1ec91e2438349a6a77f6bb61bec9ba1ac";"cdbd3427b0b42e999fbdc39b353ed1c508d5624f11b11744058f3e488b81baae"
"Einflussfaktoren";"Körperzusammensetzung & Stoffwechsel";"Einordnung & Metriken";"Beschriftung";"Sichtbares WHtR-Statuslabel, wenn bei Erwachsenen mit BMI ab 35 keine zusätzliche WHtR-Einordnung erfolgt";"bei BMI ab 35 nicht zusätzlich bewertet";"non évalué séparément lorsque l’IMC est égal ou supérieur à 35";"";"";"Marketing, Medizin";"Prüfung erforderlich";"NICE empfiehlt WHtR bei Erwachsenen mit BMI unter 35; darüber bleibt BMI die Bewertungsgrundlage.";"";"";"ui.metrics.waist_status.nicht_bewertet";"ui";"fr-CH";"3";"v1:d69b55804c14335744a0a12a0aa976d1ec91e2438349a6a77f6bb61bec9ba1ac";"c55f542a7277e6b352a96faf7bb6788033fb2496b3aeafdfcdabd32e3e80bd64"
"Einflussfaktoren";"Körperzusammensetzung & Stoffwechsel";"Dimensionsdetails";"Überschrift";"Dimensionsdetail · Titel";"Gewicht im Untergewichtsbereich";"Poids dans la plage d’insuffisance pondérale";"";"";"Marketing, Medizin";"Prüfung erforderlich";"";"";"";"recommendation.signal.untergewicht.title";"recommendations";"fr-CH";"3";"v1:d69b55804c14335744a0a12a0aa976d1ec91e2438349a6a77f6bb61bec9ba1ac";"e012a169f28b37e6033c166279a18e8e19fedbafa0ba873256c69fcc4ff6221c"
"Einflussfaktoren";"Körperzusammensetzung & Stoffwechsel";"Dimensionsdetails";"Persönliche Einordnung";"Dimensionsdetail · Einordnung";"Untergewicht wird selten hinterfragt, kann aber Nährstoffmangel, Muskelabbau und Knochendichte betreffen – und eine behandelbare Ursache haben.";"L’insuffisance pondérale est rarement remise en question, mais peut être liée à une carence nutritionnelle, à une perte musculaire ou à la densité osseuse, et avoir une cause traitable.";"";"";"Marketing, Medizin";"Prüfung erforderlich";"";"";"";"recommendation.signal.untergewicht.insight";"recommendations";"fr-CH";"3";"v1:d69b55804c14335744a0a12a0aa976d1ec91e2438349a6a77f6bb61bec9ba1ac";"46497624b29a5e260c1762697ce2621a78e8f9e7d8b2d80af5b009189a7d9413"
"Einflussfaktoren";"Körperzusammensetzung & Stoffwechsel";"Dimensionsdetails";"Medizinische Klärung";"Dimensionsdetail · medizinischer Klärungshinweis";"Ursachen, Nährstoffversorgung und ob eine Ernährungsberatung sinnvoll ist.";"Les causes, l’apport en nutriments et l’utilité éventuelle de conseils nutritionnels.";"";"";"Marketing, Medizin";"Prüfung erforderlich";"";"";"";"recommendation.signal.untergewicht.clarify";"recommendations";"fr-CH";"3";"v1:d69b55804c14335744a0a12a0aa976d1ec91e2438349a6a77f6bb61bec9ba1ac";"0ad6d82d853442366eef2b9cf24f31b3c3ea1783d77b187b93eca72618990440"
"Einflussfaktoren";"Körperzusammensetzung & Stoffwechsel";"Dimensionsdetails";"Erwarteter Nutzen";"Dimensionsdetail · erwarteter Nutzen";"Mögliche Ursachen oder Versorgungslücken können erkannt und bei Bedarf gezielt behandelt werden.";"Les causes possibles ou les lacunes d’apport peuvent être identifiées et, au besoin, traitées de manière ciblée.";"";"";"Marketing, Medizin";"Prüfung erforderlich";"Neues Nutzenfeld für die einheitliche Darstellung offener Dimensionshinweise; durch Marketing und Medizin freigeben.";"";"";"recommendation.signal.untergewicht.benefit";"recommendations";"fr-CH";"3";"v1:d69b55804c14335744a0a12a0aa976d1ec91e2438349a6a77f6bb61bec9ba1ac";"0a87a6be677061fc42b29f096e46a1638b08c4df47295b8239dbceae19ab279a"
"Einflussfaktoren";"Körperzusammensetzung & Stoffwechsel";"Risikosignale";"Risikosignal";"Ergebnisseite, medizinisches Signal Untergewicht";"Ihr Gewicht liegt im Untergewichtsbereich. Eine ärztliche Einordnung ist sinnvoll – etwa um Ursachen und Nährstoffversorgung zu klären.";"Votre poids se situe dans la plage d’insuffisance pondérale. Une évaluation médicale est utile, notamment pour clarifier les causes et l’apport en nutriments.";"";"";"Marketing, Medizin";"Prüfung erforderlich";"";"";"";"recommendation.risk_signal.untergewicht.label";"recommendations";"fr-CH";"3";"v1:d69b55804c14335744a0a12a0aa976d1ec91e2438349a6a77f6bb61bec9ba1ac";"ec0faefc9a284e60c7ca03c8a7e4c788816dff898749683826eb911b0db5bfb5"
"Einflussfaktoren";"Rauchen & Rauchstopp";"Empfehlungskarten";"Überschrift";"Empfehlungskarte · Einflussfaktoren · Titel";"Rauchstopp als stärksten Hebel nutzen";"Faire de l’arrêt du tabac votre levier le plus puissant";"";"";"Marketing";"Prüfung erforderlich";"";"";"";"recommendation.catalog.ei_rauchstopp.title";"recommendations";"fr-CH";"3";"v1:d69b55804c14335744a0a12a0aa976d1ec91e2438349a6a77f6bb61bec9ba1ac";"84a0d5f70ac539948876c7e321e29965cd87dbca8ab4276fe379fd0215feb297"
"Einflussfaktoren";"Rauchen & Rauchstopp";"Empfehlungskarten";"Begründung / Einordnung";"Empfehlungskarte · Einflussfaktoren · Begründung";"Ein Rauchstopp ist einer der wirkungsvollsten Schritte überhaupt – für Herz, Gefässe, Lunge und Energie. Schon nach kurzer Zeit beginnt sich Ihr Körper zu erholen.";"Arrêter de fumer est l’une des actions les plus efficaces pour le cœur, les vaisseaux, les poumons et l’énergie. Votre organisme commence à récupérer après peu de temps déjà.";"";"";"Marketing, Medizin";"Prüfung erforderlich";"";"";"";"recommendation.catalog.ei_rauchstopp.why";"recommendations";"fr-CH";"3";"v1:d69b55804c14335744a0a12a0aa976d1ec91e2438349a6a77f6bb61bec9ba1ac";"a7c7d50d382167eca893b85339582c4ca2435e426b6eada1147d68b99118ad2f"
"Einflussfaktoren";"Rauchen & Rauchstopp";"Empfehlungskarten";"Nächster Schritt";"Empfehlungskarte · Einflussfaktoren · konkreter nächster Schritt";"Setzen Sie sich ein konkretes Stopp-Datum in den nächsten zwei Wochen und holen Sie sich Unterstützung – Begleitung erhöht die Erfolgschance deutlich.";"Fixez une date d’arrêt concrète dans les deux prochaines semaines et demandez du soutien : un accompagnement augmente nettement les chances de réussite.";"";"";"Marketing, Medizin";"Prüfung erforderlich";"";"";"";"recommendation.catalog.ei_rauchstopp.step";"recommendations";"fr-CH";"3";"v1:d69b55804c14335744a0a12a0aa976d1ec91e2438349a6a77f6bb61bec9ba1ac";"3ca0825b99df406f5e75c7538c7570dddaf006fb75abcdec5bb38c75383480ba"
"Einflussfaktoren";"Rauchen & Rauchstopp";"Empfehlungskarten";"Erwarteter Nutzen";"Empfehlungskarte · Einflussfaktoren · erwarteter Nutzen";"Ihr Risiko für Herzinfarkt und viele weitere Erkrankungen sinkt mit jeder rauchfreien Woche.";"Votre risque d’infarctus et de nombreuses autres maladies diminue chaque semaine sans tabac.";"";"";"Marketing, Medizin";"Prüfung erforderlich";"";"";"";"recommendation.catalog.ei_rauchstopp.benefit";"recommendations";"fr-CH";"3";"v1:d69b55804c14335744a0a12a0aa976d1ec91e2438349a6a77f6bb61bec9ba1ac";"ea50b696d422d2b140bd471f19bc55358cc56a33f2a9fc616e8bc522e8d14cd3"
"Einflussfaktoren";"Rauchen & Rauchstopp";"4-Wochen-Pläne";"4-Wochen-Plan";"4-Wochen-Plan · Diese Woche";"Setzen Sie ein konkretes Stopp-Datum in den nächsten 14 Tagen und holen Sie sich Begleitung: Die nationale <b>Rauchstopplinie 0848 000 181</b> berät kostenlos (Mo–Fr, 11–19 Uhr; auch online oder per Video). Lassen Sie sich in Apotheke oder Arztpraxis zu Nikotinersatz oder Medikamenten beraten – Beratung plus Medikation vervielfacht die Erfolgschance gegenüber einem Versuch allein.";"Fixez une date d’arrêt concrète dans les 14 prochains jours et demandez un accompagnement : la <b>Ligne stop-tabac nationale 0848 000 181</b> conseille gratuitement (du lundi au vendredi, de 11 h à 19 h, également en ligne ou par vidéo). Demandez conseil en pharmacie ou au cabinet médical sur les substituts nicotiniques ou les médicaments : le conseil associé à un traitement médicamenteux multiplie les chances de réussite par rapport à une tentative sans aide.";"";"";"Marketing, Medizin";"Prüfung erforderlich";"";"";"0848 000 181";"recommendation.plan.ei_rauchstopp.this_week";"recommendations";"fr-CH";"3";"v1:d69b55804c14335744a0a12a0aa976d1ec91e2438349a6a77f6bb61bec9ba1ac";"e4722cb899e97d273e33ef89431aee5fafaa03d59a670944f3fb825ff98d463f"
"Einflussfaktoren";"Rauchen & Rauchstopp";"4-Wochen-Pläne";"4-Wochen-Plan";"4-Wochen-Plan · Woche 2–3";"Rückfälle sind bei einer Abhängigkeit die Regel, nicht das Scheitern – entscheidend ist, den nächsten Versuch zu starten. Notieren Sie Ihre drei stärksten Auslöser (z. B. Kaffee, Stress, Feierabend) und legen Sie für jeden eine konkrete Ersatzhandlung fest. Bereits nach wenigen Tagen lassen die Atemwegsreizungen nach, nach Monaten verbessern sich Kreislauf und Lungenfunktion spürbar.";"En cas de dépendance, les rechutes sont la règle et ne signifient pas un échec. L’essentiel est de lancer la tentative suivante. Notez vos trois principaux déclencheurs, par exemple le café, le stress ou la fin de journée, et définissez pour chacun une action de remplacement concrète. Après quelques jours déjà, les irritations des voies respiratoires diminuent ; en quelques mois, la circulation et la fonction pulmonaire s’améliorent sensiblement.";"";"";"Marketing, Medizin";"Prüfung erforderlich";"";"";"";"recommendation.plan.ei_rauchstopp.weeks_2_3";"recommendations";"fr-CH";"3";"v1:d69b55804c14335744a0a12a0aa976d1ec91e2438349a6a77f6bb61bec9ba1ac";"7d9562b9290b56cb63ec17b1518fdd8899495092a85d3b1dd07c091ce0fb3bca"
"Einflussfaktoren";"Rauchen & Rauchstopp";"4-Wochen-Pläne";"4-Wochen-Plan";"4-Wochen-Plan · Woche 4";"Machen Sie sich den Zeitgewinn bewusst: Nach etwa <b>einem Jahr</b> ist das Risiko für eine koronare Herzkrankheit ungefähr halb so hoch wie bei weiterem Rauchen; nach <b>zehn Jahren</b> ist das Lungenkrebsrisiko etwa halbiert. Nach rund <b>15 Jahren</b> nähert sich das Risiko für eine koronare Herzkrankheit dem von Menschen an, die nie geraucht haben. Halten Sie fest, was sich für Sie bereits verändert hat – Geschmack, Kondition, Geld.";"Prenez conscience du bénéfice avec le temps : après environ <b>un an</b>, le risque de maladie coronarienne est environ deux fois moins élevé que si vous continuez à fumer ; après <b>dix ans</b>, le risque de cancer du poumon est environ réduit de moitié. Après environ <b>15 ans</b>, le risque de maladie coronarienne se rapproche de celui des personnes qui n’ont jamais fumé. Notez ce qui a déjà changé pour vous, par exemple le goût, la condition physique ou les dépenses.";"";"";"Marketing, Medizin";"Prüfung erforderlich";"WHO-Aussagen zum Rauchstopp präzisiert; durch Marketing und Medizin freigeben.";"";"";"recommendation.plan.ei_rauchstopp.week_4";"recommendations";"fr-CH";"3";"v1:d69b55804c14335744a0a12a0aa976d1ec91e2438349a6a77f6bb61bec9ba1ac";"cdde3c754d928c00c6b20ffae3ddff7b0726713b8f80a96469f88c2a249941ef"
"Einflussfaktoren";"Rauchen & Rauchstopp";"Handlungsfelder";"Beschriftung";"Handlungsfeld · Einflussfaktoren · Kurzlabel";"Rauchstopp angehen – der grösste einzelne Hebel";"Arrêter de fumer : votre principal levier individuel";"";"";"Marketing, Medizin";"Prüfung erforderlich";"";"";"";"recommendation.lever.lv_rauchstopp.label";"recommendations";"fr-CH";"3";"v1:d69b55804c14335744a0a12a0aa976d1ec91e2438349a6a77f6bb61bec9ba1ac";"5630bdb2893f1199a639dbaccc9b7b1d01c9fa5eb8b69e05933908a5b692b02e"
"Einflussfaktoren";"Rauchen & Rauchstopp";"Handlungsfelder";"Detailtext";"Handlungsfeld · Einflussfaktoren · Detailtext";"Ein Rauchstopp gehört zu den stärksten beeinflussbaren Gesundheitshebeln. Nach etwa einem Jahr ist das Risiko für eine koronare Herzkrankheit ungefähr halb so hoch wie bei weiterem Rauchen.";"L’arrêt du tabac compte parmi les leviers de santé modifiables les plus puissants. Après environ un an, le risque de maladie coronarienne est environ deux fois moins élevé que si vous continuez à fumer.";"";"";"Marketing, Medizin";"Prüfung erforderlich";"WHO-Aussage präzisiert und unbelegte Absolutheit entfernt; durch Marketing und Medizin freigeben.";"";"";"recommendation.lever.lv_rauchstopp.detail";"recommendations";"fr-CH";"3";"v1:d69b55804c14335744a0a12a0aa976d1ec91e2438349a6a77f6bb61bec9ba1ac";"cf71dfdc24b5163e13d786b141557743c796ef41f388fc130ef7b43e2bcc3010"
"Einflussfaktoren";"Rauchen & Rauchstopp";"Dimensionsdetails";"Überschrift";"Dimensionsdetail · Titel";"Rauchstopp – einer Ihrer stärksten Hebel";"Arrêt du tabac : l’un de vos leviers les plus puissants";"";"";"Marketing, Medizin";"Prüfung erforderlich";"Unbelegte Absolutheit entfernt; durch Marketing und Medizin freigeben.";"";"";"recommendation.signal.rauchen.title";"recommendations";"fr-CH";"3";"v1:d69b55804c14335744a0a12a0aa976d1ec91e2438349a6a77f6bb61bec9ba1ac";"3e1660b0b07357d7d1a0f7c09d79cd0b53a1e97821a936009869dd03ab83d9e0"
"Einflussfaktoren";"Rauchen & Rauchstopp";"Dimensionsdetails";"Persönliche Einordnung";"Dimensionsdetail · Einordnung";"Ein Rauchstopp gehört zu den stärksten beeinflussbaren Gesundheitshebeln. Nach etwa einem Jahr ist das Risiko für eine koronare Herzkrankheit ungefähr halb so hoch wie bei weiterem Rauchen; nach rund 15 Jahren nähert es sich dem von Menschen an, die nie geraucht haben. Auch E-Zigaretten und Shisha sind nicht harmlos.";"L’arrêt du tabac compte parmi les leviers de santé modifiables les plus puissants. Après environ un an, le risque de maladie coronarienne est environ deux fois moins élevé que si vous continuez à fumer ; après environ 15 ans, il se rapproche de celui des personnes qui n’ont jamais fumé. Les cigarettes électroniques et la chicha ne sont pas inoffensives non plus.";"";"";"Marketing, Medizin";"Prüfung erforderlich";"WHO-Aussage präzisiert und unbelegte Absolutheit entfernt; durch Marketing und Medizin freigeben.";"";"";"recommendation.signal.rauchen.insight";"recommendations";"fr-CH";"3";"v1:d69b55804c14335744a0a12a0aa976d1ec91e2438349a6a77f6bb61bec9ba1ac";"ebd21dec63f28ed643e6a4b556477e08da57512fbc4a9bffbcdd80dee52bdc95"
"Einflussfaktoren";"Rauchen & Rauchstopp";"Dimensionsdetails";"Nächster Schritt";"Dimensionsdetail · konkreter nächster Schritt";"Stopp-Datum in den nächsten 14 Tagen setzen und die kostenlose Rauchstopplinie 0848 000 181 anrufen – Begleitung plus Nikotinersatz vervielfacht die Erfolgschance.";"Fixez une date d’arrêt dans les 14 prochains jours et appelez gratuitement la Ligne stop-tabac au 0848 000 181. L’accompagnement associé aux substituts nicotiniques multiplie les chances de réussite.";"";"";"Marketing, Medizin";"Prüfung erforderlich";"";"";"0848 000 181";"recommendation.signal.rauchen.action";"recommendations";"fr-CH";"3";"v1:d69b55804c14335744a0a12a0aa976d1ec91e2438349a6a77f6bb61bec9ba1ac";"45825a29e4a5c27c12de1bd366c6894b9339534ea08c9ab5bd5787e17bcc6dcc"
"Einflussfaktoren";"Rauchen & Rauchstopp";"Zusatzhinweise bei abgedeckten Aktionsschritten";"Vertiefung";"Zusatzhinweis bei bereits abgedecktem Aktionsschritt";"Was den Unterschied macht: Rückfälle sind die Regel, nicht die Ausnahme – im Schnitt braucht es mehrere Anläufe. Entscheidend ist nicht, nie zu scheitern, sondern nach einem Rückfall rasch wieder einzusteigen. Nikotinersatz lindert dabei den körperlichen Entzug, die Begleitung das Verhalten.";"Ce qui fait la différence : les rechutes sont la règle, et non l’exception. Plusieurs tentatives sont nécessaires en moyenne. L’essentiel n’est pas de ne jamais échouer, mais de recommencer rapidement après une rechute. Les substituts nicotiniques atténuent le sevrage physique et l’accompagnement agit sur les comportements.";"";"";"Marketing, Medizin";"Prüfung erforderlich";"";"";"";"recommendation.signal.rauchen.deepen";"recommendations";"fr-CH";"3";"v1:d69b55804c14335744a0a12a0aa976d1ec91e2438349a6a77f6bb61bec9ba1ac";"089e2e10ff558e770527b22983c630f7b98409583b39f34deab661e71e7b1a2e"
"Einflussfaktoren";"Rauchen & Rauchstopp";"Risikosignale";"Risikosignal";"Ergebnisseite, Lebensstil-Signal Rauchen";"Sie rauchen aktuell (Tabak oder andere Nikotinprodukte) – ein Rauchstopp ist Ihr wirkungsvollster einzelner Hebel.";"Vous fumez actuellement du tabac ou utilisez d’autres produits nicotiniques : arrêter est votre levier individuel le plus efficace.";"";"";"Marketing, Medizin";"Prüfung erforderlich";"";"";"";"recommendation.risk_signal.rauchen.label";"recommendations";"fr-CH";"3";"v1:d69b55804c14335744a0a12a0aa976d1ec91e2438349a6a77f6bb61bec9ba1ac";"930491d23041670bd0b4137fea403fe70030fdb7adad88b0067048f6a7fbd52c"
"Einflussfaktoren";"Rauchen & Rauchstopp";"Quellenlabels";"Quellenbezeichnung";"Sichtbares Label einer Fachquelle";"stopsmoking.ch – kostenlose Rauchstopplinie 0848 000 181";"stopsmoking.ch – Ligne stop-tabac gratuite 0848 000 181";"";"";"Marketing, Medizin";"Prüfung erforderlich";"";"";"0848 000 181";"recommendation.source.stopsmoking.label";"recommendations";"fr-CH";"3";"v1:d69b55804c14335744a0a12a0aa976d1ec91e2438349a6a77f6bb61bec9ba1ac";"8a35ddc63fbefb2f59657229f7961dfe2ce86e33f4b5d93c24cf6057300bef38"
"Einflussfaktoren";"Rauchen & Rauchstopp";"Stärken";"Beschriftung";"Stärke · Einflussfaktoren · Kurzlabel";"Rauchfrei";"Sans tabac";"";"";"Marketing";"Prüfung erforderlich";"";"";"";"recommendation.strength.st_rauchfrei.label";"recommendations";"fr-CH";"3";"v1:d69b55804c14335744a0a12a0aa976d1ec91e2438349a6a77f6bb61bec9ba1ac";"b7d75a50b88b4cdb5f2859b0a2555c2b745498d34062820cac0b710d2796f296"
"Einflussfaktoren";"Rauchen & Rauchstopp";"Stärken";"Detailtext";"Stärke · Einflussfaktoren · Detailtext";"Sie rauchen nicht und vermeiden damit einen wichtigen beeinflussbaren Risikofaktor für Herz, Gefässe und Lunge.";"Vous ne fumez pas et évitez ainsi un important facteur de risque modifiable pour le cœur, les vaisseaux et les poumons.";"";"";"Marketing, Medizin";"Prüfung erforderlich";"Nicht belegten Superlativ entfernt; durch Marketing und Medizin freigeben.";"";"";"recommendation.strength.st_rauchfrei.detail";"recommendations";"fr-CH";"3";"v1:d69b55804c14335744a0a12a0aa976d1ec91e2438349a6a77f6bb61bec9ba1ac";"8225c9360388b385c40bb864cecb31c4e6dd9d7551d31b15a7f862b1de9a0a52"
"Einflussfaktoren";"Rauchen & Rauchstopp";"Stärken";"Beschriftung";"Stärke · Einflussfaktoren · Kurzlabel";"Rauchstopp geschafft";"Arrêt du tabac réussi";"";"";"Marketing";"Prüfung erforderlich";"";"";"";"recommendation.strength.st_rauchstopp.label";"recommendations";"fr-CH";"3";"v1:d69b55804c14335744a0a12a0aa976d1ec91e2438349a6a77f6bb61bec9ba1ac";"4849e8fadd015013588ce33e2d5fb4bef1b943edadb87bef06bda5dd82aad8d4"
"Einflussfaktoren";"Rauchen & Rauchstopp";"Stärken";"Detailtext";"Stärke · Einflussfaktoren · Detailtext";"Sie haben aufgehört zu rauchen – Ihr Risiko sinkt seither Jahr für Jahr weiter.";"Vous avez arrêté de fumer : depuis, votre risque continue de diminuer année après année.";"";"";"Marketing, Medizin";"Prüfung erforderlich";"";"";"";"recommendation.strength.st_rauchstopp.detail";"recommendations";"fr-CH";"3";"v1:d69b55804c14335744a0a12a0aa976d1ec91e2438349a6a77f6bb61bec9ba1ac";"93951407d6f7429c4ea9443e781d9a8e9d9d16e1c5ee36130db8576de381dfe5"
"Einflussfaktoren";"Rauchen & Rauchstopp";"Ergebnis-Einstieg";"Beschriftung";"Ergebnis-Zusammenfassung · Themenlabel «Rauchen & Rauchstopp»";"Rauchen";"tabagisme";"";"";"Marketing";"Prüfung erforderlich";"";"";"";"ui.hero.topic.rauchen";"ui";"fr-CH";"3";"v1:d69b55804c14335744a0a12a0aa976d1ec91e2438349a6a77f6bb61bec9ba1ac";"b74f2537419f9d3633618d9ce5f0439ebfa8423e243139cf5acccd770ebb6f29"
"Einflussfaktoren";"Sitzverhalten";"Empfehlungskarten";"Überschrift";"Empfehlungskarte · Einflussfaktoren · Titel";"Langes Sitzen regelmässig unterbrechen";"Interrompre régulièrement les longues périodes assises";"";"";"Marketing";"Prüfung erforderlich";"";"";"";"recommendation.catalog.ei_sitzen.title";"recommendations";"fr-CH";"3";"v1:d69b55804c14335744a0a12a0aa976d1ec91e2438349a6a77f6bb61bec9ba1ac";"d8aa5d60bc5308f8b8b058da67829dbbcf2f2bd780b3e06a395f40869c83d20a"
"Einflussfaktoren";"Sitzverhalten";"Empfehlungskarten";"Begründung / Einordnung";"Empfehlungskarte · Einflussfaktoren · Begründung";"Sie sitzen an einem typischen Tag viele Stunden. Lange Sitzzeiten sind mit ungünstigen Gesundheitsfolgen verbunden; regelmässige Bewegung insgesamt und das Unterbrechen längerer Sitzphasen sind beide relevant.";"Vous restez assis de nombreuses heures pendant une journée type. Les longues périodes assises sont associées à des conséquences défavorables pour la santé ; la pratique régulière d’une activité physique et l’interruption des périodes assises prolongées sont toutes deux importantes.";"";"";"Marketing, Medizin";"Prüfung erforderlich";"Falsche Unabhängigkeit vom Training entfernt und Gesamtaktivität berücksichtigt; durch Marketing und Medizin freigeben.";"";"";"recommendation.catalog.ei_sitzen.why";"recommendations";"fr-CH";"3";"v1:d69b55804c14335744a0a12a0aa976d1ec91e2438349a6a77f6bb61bec9ba1ac";"709f2ed1e089b3e4e7ad4f4cad654abe7fa0ecad313073f857081b0a65b9307b"
"Einflussfaktoren";"Sitzverhalten";"Empfehlungskarten";"Nächster Schritt";"Empfehlungskarte · Einflussfaktoren · konkreter nächster Schritt";"Setzen Sie sich alle 60 Minuten einen kurzen Bewegungsimpuls: aufstehen, strecken, ein paar Schritte gehen.";"Toutes les 60 minutes, donnez-vous une brève impulsion de mouvement : levez-vous, étirez-vous ou faites quelques pas.";"";"";"Marketing, Medizin";"Prüfung erforderlich";"";"";"";"recommendation.catalog.ei_sitzen.step";"recommendations";"fr-CH";"3";"v1:d69b55804c14335744a0a12a0aa976d1ec91e2438349a6a77f6bb61bec9ba1ac";"29740fc337dcede20e3dbeb2e20eafbab68624a3f9b7906eaf768c23c3e70efd"
"Einflussfaktoren";"Sitzverhalten";"Empfehlungskarten";"Erwarteter Nutzen";"Empfehlungskarte · Einflussfaktoren · erwarteter Nutzen";"Regelmässige Mini-Pausen verbessern Kreislauf, Konzentration und Wohlbefinden.";"Des mini-pauses régulières améliorent la circulation, la concentration et le bien-être.";"";"";"Marketing, Medizin";"Prüfung erforderlich";"";"";"";"recommendation.catalog.ei_sitzen.benefit";"recommendations";"fr-CH";"3";"v1:d69b55804c14335744a0a12a0aa976d1ec91e2438349a6a77f6bb61bec9ba1ac";"d805fc6c775f1507d30ebe9101a2cdba9be53ba11a040abe633abae2c74fbf10"
"Einflussfaktoren";"Sitzverhalten";"4-Wochen-Pläne";"4-Wochen-Plan";"4-Wochen-Plan · Diese Woche";"Nutzen Sie zum Beispiel eine <b>stündliche Erinnerung</b>: aufstehen, strecken oder ein paar Schritte gehen. Sowohl die gesamte Sitzzeit als auch lange ununterbrochene Sitzphasen sind relevant; jede zusätzliche Bewegung zählt.";"Utilisez par exemple un <b>rappel toutes les heures</b> pour vous lever, vous étirer ou faire quelques pas. Le temps total passé assis et les longues périodes assises sans interruption sont tous deux pertinents ; chaque mouvement supplémentaire compte.";"";"";"Marketing, Medizin";"Prüfung erforderlich";"Nicht etablierte Mindestdauer und falsche Entweder-oder-Aussage entfernt; durch Marketing und Medizin freigeben.";"";"";"recommendation.plan.ei_sitzen.this_week";"recommendations";"fr-CH";"3";"v1:d69b55804c14335744a0a12a0aa976d1ec91e2438349a6a77f6bb61bec9ba1ac";"e9b78371dae68d75389ec84f34eb09789f45fc96925a5f171c2bb7d3e3557f93"
"Einflussfaktoren";"Sitzverhalten";"4-Wochen-Pläne";"4-Wochen-Plan";"4-Wochen-Plan · Woche 2–3";"Koppeln Sie Bewegung an bestehende Gewohnheiten: im Stehen telefonieren, die Treppe statt Lift oder nach dem Mittagessen kurz spazieren. Bewegung nach einer Mahlzeit kann den Blutzuckeranstieg abflachen. Prüfen Sie, ob ein Steh-Arbeitsplatz zeitweise möglich ist.";"Associez le mouvement à vos habitudes : téléphonez debout, prenez les escaliers plutôt que l’ascenseur ou faites une courte promenade après le repas de midi. Bouger après un repas peut atténuer l’augmentation de la glycémie. Vérifiez si vous pouvez travailler debout une partie du temps.";"";"";"Marketing, Medizin";"Prüfung erforderlich";"Starre Spazierdauer und Wirkungsversprechen vorsichtig formuliert; durch Marketing und Medizin freigeben.";"";"";"recommendation.plan.ei_sitzen.weeks_2_3";"recommendations";"fr-CH";"3";"v1:d69b55804c14335744a0a12a0aa976d1ec91e2438349a6a77f6bb61bec9ba1ac";"9dd81fd686315e762e95738820e8033c944fa7a4a0e137069397df68b5d22273"
"Einflussfaktoren";"Sitzverhalten";"4-Wochen-Pläne";"4-Wochen-Plan";"4-Wochen-Plan · Woche 4";"Machen Sie kurze Bewegungspausen zur Gewohnheit. Wählen Sie einen Rhythmus, der im Alltag funktioniert und lange ununterbrochene Sitzphasen regelmässig auflöst.";"Faites des courtes pauses actives une habitude. Choisissez un rythme compatible avec votre quotidien et interrompez régulièrement les longues périodes assises.";"";"";"Marketing, Medizin";"Prüfung erforderlich";"Nicht leitliniengestützte 60-Minuten-Grenze entfernt; durch Marketing und Medizin freigeben.";"";"";"recommendation.plan.ei_sitzen.week_4";"recommendations";"fr-CH";"3";"v1:d69b55804c14335744a0a12a0aa976d1ec91e2438349a6a77f6bb61bec9ba1ac";"bc9f33f76a995fc5bccc10f15166529a25259648a75940e4ed61c06b6185a580"
"Einflussfaktoren";"Sitzverhalten";"Handlungsfelder";"Beschriftung";"Handlungsfeld · Einflussfaktoren · Kurzlabel";"Sitzzeit regelmässig unterbrechen";"Interrompre régulièrement le temps passé assis";"";"";"Marketing, Medizin";"Prüfung erforderlich";"";"";"";"recommendation.lever.lv_sitzen.label";"recommendations";"fr-CH";"3";"v1:d69b55804c14335744a0a12a0aa976d1ec91e2438349a6a77f6bb61bec9ba1ac";"3f1e172e1c9b545b8acca165dd6d3f6f526d16567f24a1909797bd5108b5be24"
"Einflussfaktoren";"Sitzverhalten";"Handlungsfelder";"Detailtext";"Handlungsfeld · Einflussfaktoren · Detailtext";"Ihre Angaben zeigen eine lange tägliche Sitzzeit. Regelmässige Bewegung senkt das Gesamtrisiko; längere Sitzphasen immer wieder zu unterbrechen ist ein praktischer zusätzlicher Einstieg.";"Vos indications montrent un temps quotidien prolongé en position assise. Une activité physique régulière réduit le risque global ; interrompre fréquemment les longues périodes assises constitue une première étape pratique supplémentaire.";"";"";"Marketing, Medizin";"Prüfung erforderlich";"Universellen Zeitgrenzwert und unbelegtes Pausenversprechen entfernt; durch Marketing und Medizin freigeben.";"";"";"recommendation.lever.lv_sitzen.detail";"recommendations";"fr-CH";"3";"v1:d69b55804c14335744a0a12a0aa976d1ec91e2438349a6a77f6bb61bec9ba1ac";"35918a0dcc695538d5fc4459ca657319e81f4c0aa77d38d513709f0f5acd434d"
"Einflussfaktoren";"Sitzverhalten";"Dimensionsdetails";"Überschrift";"Dimensionsdetail · Titel";"Lange Sitzzeiten unterbrechen";"Interrompre les longues périodes assises";"";"";"Marketing, Medizin";"Prüfung erforderlich";"";"";"";"recommendation.signal.sitzen.title";"recommendations";"fr-CH";"3";"v1:d69b55804c14335744a0a12a0aa976d1ec91e2438349a6a77f6bb61bec9ba1ac";"e31823e37dda16f9daa58bb5e4d2eb45707e10f655a72ff8d41cdba39a138fb7"
"Einflussfaktoren";"Sitzverhalten";"Dimensionsdetails";"Persönliche Einordnung";"Dimensionsdetail · Einordnung";"Sowohl die gesamte Sitzzeit als auch lange ununterbrochene Sitzphasen sind relevant. Regelmässiges Aufstehen und kurze Gehpausen bringen zusätzliche Bewegung in den Tag; zugleich bleibt ausreichend körperliche Aktivität insgesamt wichtig.";"Le temps total passé assis et les longues périodes assises sans interruption sont tous deux pertinents. Se lever régulièrement et faire de courtes pauses de marche ajoute du mouvement à la journée ; une activité physique globale suffisante reste également importante.";"";"";"Marketing, Medizin";"Prüfung erforderlich";"Nicht belegte optimale Unterbrechungsdauer und falschen Gegensatz zu Sport entfernt; durch Marketing und Medizin freigeben.";"";"";"recommendation.signal.sitzen.insight";"recommendations";"fr-CH";"3";"v1:d69b55804c14335744a0a12a0aa976d1ec91e2438349a6a77f6bb61bec9ba1ac";"1edcb974a585f61014279f603d61e3254da3f8c0e158992241846ca8ddf92f08"
"Einflussfaktoren";"Sitzverhalten";"Dimensionsdetails";"Nächster Schritt";"Dimensionsdetail · konkreter nächster Schritt";"Praktischer Mini-Impuls: regelmässig aufstehen, strecken oder ein paar Schritte gehen – zum Beispiel mit einer Erinnerung. Ein kurzer Spaziergang nach dem Essen kann den Blutzuckeranstieg zusätzlich abflachen.";"Mini-impulsion pratique : levez-vous, étirez-vous ou faites quelques pas régulièrement, par exemple à l’aide d’un rappel. Une courte promenade après le repas peut également atténuer l’augmentation de la glycémie.";"";"";"Marketing, Medizin";"Prüfung erforderlich";"Pragmatische Empfehlung beibehalten, Wirkungsversprechen aber vorsichtig formuliert; durch Marketing und Medizin freigeben.";"";"";"recommendation.signal.sitzen.action";"recommendations";"fr-CH";"3";"v1:d69b55804c14335744a0a12a0aa976d1ec91e2438349a6a77f6bb61bec9ba1ac";"2f7134f924721fc024f18942f38e828e4128be22dbd89b49e62e5930a5672fd1"
"Einflussfaktoren";"Sitzverhalten";"Risikosignale";"Risikosignal";"Ergebnisseite, Lebensstil-Signal lange Sitzzeit";"Sie sitzen an einem typischen Tag sehr lange – schon kurze stündliche Unterbrechungen senken das Risiko deutlich.";"Vous restez assis très longtemps pendant une journée type : de courtes interruptions toutes les heures réduisent déjà nettement le risque.";"";"";"Marketing, Medizin";"Prüfung erforderlich";"";"";"";"recommendation.risk_signal.sitzen.label";"recommendations";"fr-CH";"3";"v1:d69b55804c14335744a0a12a0aa976d1ec91e2438349a6a77f6bb61bec9ba1ac";"fda70edaf3b18e3beeb0a38b66bf8ad8244b839c6d9eb57e8e166d4aab48ef2c"
"Einflussfaktoren";"Sitzverhalten";"Ergebnis-Einstieg";"Beschriftung";"Ergebnis-Zusammenfassung · Themenlabel «Sitzverhalten»";"Sitzzeit";"temps passé assis";"";"";"Marketing";"Prüfung erforderlich";"";"";"";"ui.hero.topic.sitzzeit";"ui";"fr-CH";"3";"v1:d69b55804c14335744a0a12a0aa976d1ec91e2438349a6a77f6bb61bec9ba1ac";"da46da2a077fab3daf810cd4bb1496180c5ee5673a77fae7a109440ab55a540f"
"Einflussfaktoren";"Weitere Einflussfaktoren";"Gemeinsame Bereichstexte (Fragebogen und Ergebnis)";"Beschriftung";"Gemeinsam in Fragebogen und Ergebnis · Einflussfaktoren · Kurzlabel für Navigation und Ergebnisvisualisierung";"Einflüsse";"Facteurs";"";"";"Marketing";"Prüfung erforderlich";"";"";"";"service.dimension.einfluss.short";"services";"fr-CH";"3";"v1:d69b55804c14335744a0a12a0aa976d1ec91e2438349a6a77f6bb61bec9ba1ac";"23754332badc0ed153811a9bb27a82f9100f4427e298995e252d15a74a488755"
"Einflussfaktoren";"Weitere Einflussfaktoren";"Gemeinsame Bereichstexte (Fragebogen und Ergebnis)";"Überschrift";"Gemeinsam in Fragebogen und Ergebnis · Einflussfaktoren · vollständiger Bereichstitel";"Einflussfaktoren";"Facteurs d’influence";"";"";"Marketing, Medizin";"Prüfung erforderlich";"";"";"";"service.dimension.einfluss.title";"services";"fr-CH";"3";"v1:d69b55804c14335744a0a12a0aa976d1ec91e2438349a6a77f6bb61bec9ba1ac";"b087d758c97e991ceccbdfa7414043c53c4088227cdbb1656124f94a1a283922"
"Einflussfaktoren";"Weitere Einflussfaktoren";"Gemeinsame Bereichstexte (Fragebogen und Ergebnis)";"Begründung / Einordnung";"Gemeinsam in Fragebogen und Ergebnis · Einflussfaktoren · Einleitung im Fragebogen und in den Ergebnisdetails";"Die ehrliche Reflexion Ihrer Gesundheit, Gewohnheiten und familiäre Krankheitsgeschichte helfen Ihnen Einflussfaktoren auf Ihre Gesundheit besser einzuschätzen.";"Une réflexion sincère sur votre santé, vos habitudes et vos antécédents familiaux vous aide à mieux évaluer les facteurs qui influencent votre santé.";"";"";"Marketing, Medizin";"Prüfung erforderlich";"";"";"";"service.dimension.einfluss.intro";"services";"fr-CH";"3";"v1:d69b55804c14335744a0a12a0aa976d1ec91e2438349a6a77f6bb61bec9ba1ac";"82943d6f55a19ac0e7d3fb7bb1a82004253a5cb2f7482d1b50a09eb81c0c3b71"
"Einflussfaktoren";"Weitere Einflussfaktoren";"Positive Dimensionstexte";"Positive Rückmeldung";"Positive Verstärkung für die Dimension einfluss";"Ihre Rahmenbedingungen und Gewohnheiten unterstützen Ihre Gesundheit klar. Bleiben Sie dran – regelmässige Vorsorge hilft, diesen guten Stand zu halten.";"Vos conditions générales et habitudes soutiennent clairement votre santé. Poursuivez dans cette voie : une prévention régulière aide à maintenir ce bon niveau.";"";"";"Marketing, Medizin";"Prüfung erforderlich";"Starke Rückmeldung nicht mehr mit dem niedrigeren Status «solide» beschrieben; durch Marketing und Medizin freigeben.";"";"";"recommendation.positive.einfluss";"recommendations";"fr-CH";"3";"v1:d69b55804c14335744a0a12a0aa976d1ec91e2438349a6a77f6bb61bec9ba1ac";"74e507b67ddfd30abfe59e1a48fcfe11afd4077a934ca3aa012ddf9b6d35b566"
"Einflussfaktoren";"Weitere Einflussfaktoren";"Solide Dimensionstexte";"Solide Rückmeldung";"Zurückhaltende Rückmeldung für die Dimension einfluss im Status Solide";"Viele Ihrer Rahmenbedingungen und Gewohnheiten unterstützen Ihre Gesundheit bereits. Mit gezielten Alltagsentscheidungen und regelmässiger Vorsorge können Sie diesen Bereich weiter stärken.";"Bon nombre de vos conditions générales et habitudes soutiennent déjà votre santé. Des décisions ciblées au quotidien et une prévention régulière peuvent encore renforcer ce domaine.";"";"";"Marketing, Medizin";"Prüfung erforderlich";"Neu vom positiven Feedback ab Score 80 getrennt; durch Marketing und Medizin freigeben.";"";"";"recommendation.solid.einfluss";"recommendations";"fr-CH";"3";"v1:d69b55804c14335744a0a12a0aa976d1ec91e2438349a6a77f6bb61bec9ba1ac";"cda146bfb2a92e53f8e494d683e7b8c8a9c9bbd7d10e4279e8f5ac8d0bcc4b16"
"Einflussfaktoren";"Weitere Einflussfaktoren";"Ergebnis-Einstieg";"Beschriftung";"Hero-Zusammenfassung, Dimension einfluss im Nominativ";"Ihre Einflussfaktoren";"Vos facteurs d’influence";"";"";"Marketing";"Prüfung erforderlich";"";"";"";"ui.hero.dimension.einfluss.nominative";"ui";"fr-CH";"3";"v1:d69b55804c14335744a0a12a0aa976d1ec91e2438349a6a77f6bb61bec9ba1ac";"9db7c9e923ecd0bbd2fe93ee858a4b3a12b000e94634f4054021809ff1d561bb"
"Einflussfaktoren";"Weitere Einflussfaktoren";"Ergebnis-Einstieg";"Beschriftung";"Hero-Zusammenfassung, Dimension einfluss nach «bei»";"bei Ihren Einflussfaktoren";"au niveau de vos facteurs d’influence";"";"";"Marketing";"Prüfung erforderlich";"";"";"";"ui.hero.dimension.einfluss.prepositional";"ui";"fr-CH";"3";"v1:d69b55804c14335744a0a12a0aa976d1ec91e2438349a6a77f6bb61bec9ba1ac";"467161a733bab3677d103ffe1129661f2576833e69a73a531ded841015737423"
"Körperliche Fitness";"Allgemeine Fitness";"Coach-Antworten";"Dynamischer Text";"Demo-Coach-Antwort zu Bewegung, Sport, Fitness oder Kraft";"Fitness ist einer der wirksamsten Hebel: Schon 3× 20–30 Min. zügiges Gehen pro Woche plus 2 kurze Krafteinheiten wirken. Steigern Sie langsam und planen Sie feste Zeiten ein. Ihr Fitness-Wert: <b>{{fitnessScore}}</b>.";"La condition physique est l’un des leviers les plus efficaces : 3 × 20 à 30 min de marche rapide par semaine, complétées par 2 courtes séances de renforcement, ont déjà un effet. Progressez lentement et prévoyez des créneaux fixes. Votre score de condition physique : <b>{{fitnessScore}}</b>.";"";"";"Marketing, Medizin";"Prüfung erforderlich";"";"{{fitnessScore}}";"";"coach.answer.fitness";"coach";"fr-CH";"3";"v1:d69b55804c14335744a0a12a0aa976d1ec91e2438349a6a77f6bb61bec9ba1ac";"e4de8b762ce40054ffd283d438e1e95b68fe323ed6c6b29e85144f4cb5131edc"
"Körperliche Fitness";"Allgemeine Fitness";"Gemeinsame Bereichstexte (Fragebogen und Ergebnis)";"Beschriftung";"Gemeinsam in Fragebogen und Ergebnis · Körperliche Fitness · Kurzlabel für Navigation und Ergebnisvisualisierung";"Fitness";"Condition physique";"";"";"Marketing";"Prüfung erforderlich";"";"";"";"service.dimension.fitness.short";"services";"fr-CH";"3";"v1:d69b55804c14335744a0a12a0aa976d1ec91e2438349a6a77f6bb61bec9ba1ac";"78b2129f87c31d4ad341a2c1ff90fbb9bb9f5a0f61ead6577a21c0a0e6aa7efe"
"Körperliche Fitness";"Allgemeine Fitness";"Gemeinsame Bereichstexte (Fragebogen und Ergebnis)";"Überschrift";"Gemeinsam in Fragebogen und Ergebnis · Körperliche Fitness · vollständiger Bereichstitel";"Körperliche Fitness";"Condition physique";"";"";"Marketing, Medizin";"Prüfung erforderlich";"";"";"";"service.dimension.fitness.title";"services";"fr-CH";"3";"v1:d69b55804c14335744a0a12a0aa976d1ec91e2438349a6a77f6bb61bec9ba1ac";"9f64d7d53eff6f9629e1c891bd0b47f8947dbe5405c822bdbffe1d54e860c3c5"
"Körperliche Fitness";"Allgemeine Fitness";"Gemeinsame Bereichstexte (Fragebogen und Ergebnis)";"Begründung / Einordnung";"Gemeinsam in Fragebogen und Ergebnis · Körperliche Fitness · Einleitung im Fragebogen und in den Ergebnisdetails";"Ihre körperliche Fitness ist einer der besten Indikatoren für Ihre Gesundheit.";"Votre condition physique est l’un des meilleurs indicateurs de votre santé.";"";"";"Marketing, Medizin";"Prüfung erforderlich";"";"";"";"service.dimension.fitness.intro";"services";"fr-CH";"3";"v1:d69b55804c14335744a0a12a0aa976d1ec91e2438349a6a77f6bb61bec9ba1ac";"3de292d28787353f173e7d9e327980722a488a478d75cfa83e4152eb87e18c67"
"Körperliche Fitness";"Allgemeine Fitness";"Fitness-Kurztests";"Begründung / Einordnung";"Bedeutung eines Fitness-Kurztests in der sichtbaren Kategorie Ausbaufähig";"Ihr Ergebnis ist bei diesem Test ausbaufähig. Regelmässiges, passendes Training kann Ihnen helfen, sich zu verbessern. Der Test ist keine Diagnose.";"Votre résultat à ce test peut être amélioré. Un entraînement régulier et adapté peut vous aider à progresser. Le test ne constitue pas un diagnostic.";"";"";"Marketing, Medizin";"Prüfung erforderlich";"Sichtbare Kategorie entspricht der Statuslogik der Standortbestimmung; keine Diagnose.";"";"";"recommendation.fitness_test.status.ausbau.meaning";"recommendations";"fr-CH";"3";"v1:d69b55804c14335744a0a12a0aa976d1ec91e2438349a6a77f6bb61bec9ba1ac";"fc3ab78faacc1a3c97bc356e9d3375eaaf0ecb175b5a84db0873246ac4b8f0c9"
"Körperliche Fitness";"Allgemeine Fitness";"Fitness-Kurztests";"Begründung / Einordnung";"Bedeutung eines Fitness-Kurztests in der sichtbaren Kategorie Erhöhte Aufmerksamkeit";"Bei diesem Test besteht deutliches Verbesserungspotenzial. Beginnen Sie mit einem passenden Training schrittweise. Der Test ist keine Diagnose und sagt allein nichts über Ihr persönliches Erkrankungsrisiko aus.";"Ce test révèle un potentiel d’amélioration important. Commencez progressivement un entraînement adapté. Le test ne constitue pas un diagnostic et ne permet pas, à lui seul, de tirer des conclusions sur votre risque personnel de maladie.";"";"";"Marketing, Medizin";"Prüfung erforderlich";"Sichtbare Kategorie entspricht der Statuslogik der Standortbestimmung; keine Diagnose.";"";"";"recommendation.fitness_test.status.aufmerksam.meaning";"recommendations";"fr-CH";"3";"v1:d69b55804c14335744a0a12a0aa976d1ec91e2438349a6a77f6bb61bec9ba1ac";"7d266d1e6e7e3a29e7a4352a859aa913df20225b763c20a9135f856939e10c82"
"Körperliche Fitness";"Allgemeine Fitness";"Fitness-Kurztests";"Begründung / Einordnung";"Bedeutung eines Fitness-Kurztests in der sichtbaren Kategorie Solide Basis";"Ihr Ergebnis zeigt bei diesem Test eine solide Basis. Nutzen Sie den Wert als persönliche Ausgangsmessung und für spätere Vergleiche unter denselben Bedingungen.";"Votre résultat montre une base solide à ce test. Utilisez cette valeur comme mesure initiale personnelle et pour de futures comparaisons dans les mêmes conditions.";"";"";"Marketing, Medizin";"Prüfung erforderlich";"Sichtbare Kategorie entspricht der Statuslogik der Standortbestimmung; keine Diagnose.";"";"";"recommendation.fitness_test.status.solide.meaning";"recommendations";"fr-CH";"3";"v1:d69b55804c14335744a0a12a0aa976d1ec91e2438349a6a77f6bb61bec9ba1ac";"987bf128113b18ac242e782c45068bce9b494257d13acd0075398431dcdac122"
"Körperliche Fitness";"Allgemeine Fitness";"Fitness-Kurztests";"Begründung / Einordnung";"Bedeutung eines Fitness-Kurztests in der sichtbaren Kategorie Stark";"Ihr Ergebnis zeigt bei diesem Test eine starke Leistung. Der Test betrachtet nur einen Teil Ihrer Fitness und sagt allein nichts über Ihr persönliches Erkrankungsrisiko aus.";"Votre résultat montre une forte performance à ce test. Celui-ci ne porte que sur une partie de votre condition physique et ne permet pas, à lui seul, de tirer des conclusions sur votre risque personnel de maladie.";"";"";"Marketing, Medizin";"Prüfung erforderlich";"Sichtbare Kategorie entspricht der Statuslogik der Standortbestimmung; keine Diagnose.";"";"";"recommendation.fitness_test.status.stark.meaning";"recommendations";"fr-CH";"3";"v1:d69b55804c14335744a0a12a0aa976d1ec91e2438349a6a77f6bb61bec9ba1ac";"6339ec77bf0b9be627e88974997c9a7e84c511972a10fc2928e6d9d69a77ebb7"
"Körperliche Fitness";"Allgemeine Fitness";"Positive Dimensionstexte";"Positive Rückmeldung";"Positive Verstärkung für die Dimension fitness";"Sie sind erfreulich aktiv. Achten Sie weiterhin auf die Mischung aus Ausdauer, Kraft und Beweglichkeit.";"Vous êtes agréablement actif. Continuez à veiller à combiner endurance, force et mobilité.";"";"";"Marketing, Medizin";"Prüfung erforderlich";"";"";"";"recommendation.positive.fitness";"recommendations";"fr-CH";"3";"v1:d69b55804c14335744a0a12a0aa976d1ec91e2438349a6a77f6bb61bec9ba1ac";"5059c6b5c6c5d926dae394b2a8f88f5a711aee51c952d5544582c1381e78a2c9"
"Körperliche Fitness";"Allgemeine Fitness";"Solide Dimensionstexte";"Solide Rückmeldung";"Zurückhaltende Rückmeldung für die Dimension fitness im Status Solide";"Sie bringen bereits Bewegung in Ihren Alltag. Eine ausgewogene Mischung aus Ausdauer, Kraft und Beweglichkeit kann diesen Bereich weiter stärken.";"Vous intégrez déjà de l’activité physique dans votre quotidien. Un mélange équilibré d’endurance, de force et de mobilité peut encore renforcer ce domaine.";"";"";"Marketing, Medizin";"Prüfung erforderlich";"Neu vom positiven Feedback ab Score 80 getrennt; durch Marketing und Medizin freigeben.";"";"";"recommendation.solid.fitness";"recommendations";"fr-CH";"3";"v1:d69b55804c14335744a0a12a0aa976d1ec91e2438349a6a77f6bb61bec9ba1ac";"c655ea9cfd9b667f7e0e8a113fe97f86663d9dcef3f98a64f032acc3dd6304a8"
"Körperliche Fitness";"Allgemeine Fitness";"Stärken";"Beschriftung";"Stärke · Körperliche Fitness · Kurzlabel";"Sehr starke körperliche Fitness";"Très bonne condition physique";"";"";"Marketing";"Prüfung erforderlich";"Neue, streng mehrquellenbasierte Topstärke; durch Marketing freigeben.";"";"";"recommendation.strength.st_fitness_top.label";"recommendations";"fr-CH";"3";"v1:d69b55804c14335744a0a12a0aa976d1ec91e2438349a6a77f6bb61bec9ba1ac";"f1f19d0f60437e5a955814f6f92a96676151df2ab007b147d9b5a08ba37da5cd"
"Körperliche Fitness";"Allgemeine Fitness";"Stärken";"Detailtext";"Stärke · Körperliche Fitness · Detailtext";"Ihr Fitnesswert ist sehr hoch: Sie erreichen das WHO-Bewegungsziel, und auswertbare Kurztests für Muskulatur und Balance liegen jeweils im obersten Orientierungsbereich.";"Votre score de forme physique est très élevé : vous atteignez l’objectif d’activité physique de l’OMS et les tests courts évaluables pour la musculature et l’équilibre se situent chacun dans la plage d’orientation la plus élevée.";"";"";"Marketing, Medizin";"Prüfung erforderlich";"Aussage gilt nur bei Fitnessscore mindestens 90, erreichtem WHO-Ziel und passenden Top-Kurztests in Muskulatur und Balance; durch Marketing und Medizin freigeben.";"";"";"recommendation.strength.st_fitness_top.detail";"recommendations";"fr-CH";"3";"v1:d69b55804c14335744a0a12a0aa976d1ec91e2438349a6a77f6bb61bec9ba1ac";"ed6a66feac0e5d6db9a40eab829ad33131f6e65af4ddf612b9e10237131ceda4"
"Körperliche Fitness";"Allgemeine Fitness";"Fitness-Kurztests";"Beschriftung";"4-Wochen-Plan, Label vor einem oder mehreren persönlichen Fitness-Retests in Woche 4";"Ihr Abschluss-Check:";"Votre test final :";"";"";"Marketing, Medizin";"Prüfung erforderlich";"Retest ist eine Verlaufskontrolle und kein Wirksamkeitsnachweis.";"";"";"ui.fitness_tests.retest_label";"ui";"fr-CH";"3";"v1:d69b55804c14335744a0a12a0aa976d1ec91e2438349a6a77f6bb61bec9ba1ac";"98e92144bf9a47b671463a65671d73f08597ee7cbe1a0371e84e679a24b4a4dc"
"Körperliche Fitness";"Allgemeine Fitness";"Fitness-Kurztests";"Überschrift";"Ergebnisdetail Körperliche Fitness, Überschrift oberhalb aller ausgefüllten Kurztests";"Ihre ausgefüllten Fitness-Kurztests";"Vos tests courts de condition physique complétés";"";"";"Marketing";"Prüfung erforderlich";"Der Block erscheint nur, wenn mindestens ein optionaler Test ausgefüllt wurde.";"";"";"ui.fitness_tests.title";"ui";"fr-CH";"3";"v1:d69b55804c14335744a0a12a0aa976d1ec91e2438349a6a77f6bb61bec9ba1ac";"537427d3812e4229854d2bda802f4ed018c0ddd3d2968ad5528ca2ac120c4c1a"
"Körperliche Fitness";"Allgemeine Fitness";"Fitness-Kurztests";"Beschriftung";"Testkarte ohne fachlich passende Vergleichswerte";"Keine verlässliche Einordnung möglich";"Aucune évaluation fiable possible";"";"";"Marketing, Medizin";"Prüfung erforderlich";"Bewusst neutral statt einer scheinpräzisen Stärke-/Schwäche-Einstufung.";"";"";"ui.fitness_tests.personal_baseline";"ui";"fr-CH";"3";"v1:d69b55804c14335744a0a12a0aa976d1ec91e2438349a6a77f6bb61bec9ba1ac";"9d514a358f8b0ef142b1ceac8e05d37a3c4f01f740f3e9538abd083f6f7d57ae"
"Körperliche Fitness";"Allgemeine Fitness";"Fitness-Kurztests";"Beschriftung";"Testkarte, Label vor dem nächsten persönlichen Orientierungsbereich";"Nächste Orientierung:";"Prochain repère :";"";"";"Marketing, Medizin";"Prüfung erforderlich";"Kein Therapieziel oder medizinischer Grenzwert.";"";"";"ui.fitness_tests.next_reference_label";"ui";"fr-CH";"3";"v1:d69b55804c14335744a0a12a0aa976d1ec91e2438349a6a77f6bb61bec9ba1ac";"a4e429a64cbc2d3773a7428a7e05c069f573626da828c14171dcd1df828578c8"
"Körperliche Fitness";"Allgemeine Fitness";"Fitness-Kurztests";"Beschriftung";"Testkarte, Label vor der gesundheitlichen Relevanz";"Warum das relevant ist:";"Pourquoi cela compte :";"";"";"Marketing";"Prüfung erforderlich";"";"";"";"ui.fitness_tests.relevance_label";"ui";"fr-CH";"3";"v1:d69b55804c14335744a0a12a0aa976d1ec91e2438349a6a77f6bb61bec9ba1ac";"c3ca921b5dc8ab2fcb79ba7d004efcf97672f5d7cedeac1baca2e27b3cf31945"
"Körperliche Fitness";"Allgemeine Fitness";"Fitness-Kurztests";"Beschriftung";"Testkarte, Label vor der persönlichen Einordnung";"Was das bedeutet:";"Ce que cela signifie :";"";"";"Marketing";"Prüfung erforderlich";"";"";"";"ui.fitness_tests.meaning_label";"ui";"fr-CH";"3";"v1:d69b55804c14335744a0a12a0aa976d1ec91e2438349a6a77f6bb61bec9ba1ac";"66c7493d356cee996692707892666babe12d93ff60e914b64f547e40502223d1"
"Körperliche Fitness";"Allgemeine Fitness";"Fitness-Kurztests";"Medizinischer Hinweis";"Ergebnisdetail Körperliche Fitness, gemeinsamer Hinweis oberhalb der Testkarten";"Diese Kurztests zeigen einzelne Bereiche Ihrer aktuellen körperlichen Leistungsfähigkeit. Sie ersetzen keine medizinische Untersuchung und erlauben allein keine Aussage über Ihr persönliches Erkrankungsrisiko.";"Ces tests courts montrent certains aspects de vos capacités physiques actuelles. Ils ne remplacent pas un examen médical et ne permettent pas, à eux seuls, de tirer des conclusions sur votre risque personnel de maladie.";"";"";"Marketing, Medizin";"Prüfung erforderlich";"Gemeinsame Aussagegrenze für alle drei Tests; medizinisch freigeben.";"";"";"ui.fitness_tests.description";"ui";"fr-CH";"3";"v1:d69b55804c14335744a0a12a0aa976d1ec91e2438349a6a77f6bb61bec9ba1ac";"bd67ddbd51af9883d00926e5478c74b06d034b53eeeb1c72cdc51769abc8207d"
"Körperliche Fitness";"Allgemeine Fitness";"Fitness-Kurztests";"Dynamischer Text";"Testkarte, personalisierter nächster Vergleichswert";"Der nächste Vergleichswert liegt bei {{nextThreshold}} {{unit}}. Er ist keine medizinische Grenze und kein versprochener Vier-Wochen-Erfolg.";"La prochaine valeur de comparaison est de {{nextThreshold}} {{unit}}. Il ne s’agit ni d’une limite médicale ni d’un résultat promis après quatre semaines.";"";"";"Marketing, Medizin";"Prüfung erforderlich";"Nur bei fachlich passender Referenzstufe; Variablen müssen Klartext bleiben.";"{{nextThreshold}} | {{unit}}";"";"ui.fitness_tests.next_reference";"ui";"fr-CH";"3";"v1:d69b55804c14335744a0a12a0aa976d1ec91e2438349a6a77f6bb61bec9ba1ac";"39afbd73dea5daba69074af835edc094da71d4de40a5d262a74954feb3297002"
"Körperliche Fitness";"Allgemeine Fitness";"Fitness-Kurztests";"Dynamischer Text";"Testkarte mit ausbaufähigem Wert, passende Empfehlung ist im Top-3-Aktionsplan";"Passende Empfehlung: {{recommendationTitle}} – Schritt {{planStep}} in Ihrem Aktionsplan";"Recommandation adaptée : {{recommendationTitle}} – étape {{planStep}} de votre plan d’action";"";"";"Marketing";"Prüfung erforderlich";"Empfehlungstitel muss Klartext bleiben.";"{{planStep}} | {{recommendationTitle}}";"";"ui.fitness_tests.related_recommendation.top_step";"ui";"fr-CH";"3";"v1:d69b55804c14335744a0a12a0aa976d1ec91e2438349a6a77f6bb61bec9ba1ac";"a40d950a1ae7ea3fb9e6501a17c80ce71b314c463162b7b008b9560a39bbd9ba"
"Körperliche Fitness";"Allgemeine Fitness";"Fitness-Kurztests";"Dynamischer Text";"Testkarte mit ausbaufähigem Wert, passende Empfehlung steht weiter unten in der Fitness-Dimension";"Passende Empfehlung: {{recommendationTitle}}";"Recommandation adaptée : {{recommendationTitle}}";"";"";"Marketing";"Prüfung erforderlich";"Empfehlungstitel muss Klartext bleiben.";"{{recommendationTitle}}";"";"ui.fitness_tests.related_recommendation.detail";"ui";"fr-CH";"3";"v1:d69b55804c14335744a0a12a0aa976d1ec91e2438349a6a77f6bb61bec9ba1ac";"c8cc013e8bc2d363d280f8b852bc621b969a93a21652346ab593e34e3a30cec1"
"Körperliche Fitness";"Allgemeine Fitness";"Fitness-Kurztests";"Beschriftung";"Testkarte und personalisierte Orientierung, Einheit für Liegestütze";"Wiederholungen";"répétitions";"";"";"Marketing";"Prüfung erforderlich";"Wird als Klartextvariable in andere Katalogtexte eingesetzt.";"";"";"ui.fitness_tests.unit.repetitions";"ui";"fr-CH";"3";"v1:d69b55804c14335744a0a12a0aa976d1ec91e2438349a6a77f6bb61bec9ba1ac";"4f92598882a0ad7621a4ccd09c30c1f3fc23ae765ab173dd00fe4e969a6c72fb"
"Körperliche Fitness";"Allgemeine Fitness";"Fitness-Kurztests";"Beschriftung";"Testkarte und personalisierte Orientierung, Einheit für Zeitwerte";"Sekunden";"secondes";"";"";"Marketing";"Prüfung erforderlich";"Wird als Klartextvariable in andere Katalogtexte eingesetzt.";"";"";"ui.fitness_tests.unit.seconds";"ui";"fr-CH";"3";"v1:d69b55804c14335744a0a12a0aa976d1ec91e2438349a6a77f6bb61bec9ba1ac";"e4c14a5fb8cfeda6c60297160a304e2aedc7b383f3194b08f6ccd4d6b7ab815b"
"Körperliche Fitness";"Allgemeine Fitness";"Ergebnis-Einstieg";"Beschriftung";"Hero-Zusammenfassung, Dimension fitness im Nominativ";"Ihre körperliche Fitness";"Votre condition physique";"";"";"Marketing";"Prüfung erforderlich";"";"";"";"ui.hero.dimension.fitness.nominative";"ui";"fr-CH";"3";"v1:d69b55804c14335744a0a12a0aa976d1ec91e2438349a6a77f6bb61bec9ba1ac";"cbedfbb4ae8eb61ecebd6832939ca2db70ee2ea08d8a47cba2512480bbc8d237"
"Körperliche Fitness";"Allgemeine Fitness";"Ergebnis-Einstieg";"Beschriftung";"Hero-Zusammenfassung, Dimension fitness nach «bei»";"bei Ihrer körperlichen Fitness";"au niveau de votre condition physique";"";"";"Marketing";"Prüfung erforderlich";"";"";"";"ui.hero.dimension.fitness.prepositional";"ui";"fr-CH";"3";"v1:d69b55804c14335744a0a12a0aa976d1ec91e2438349a6a77f6bb61bec9ba1ac";"18ad1f333b20b506965549c42a9c6b3c33aa9a66c2b37a28492ddeea8c53acde"
"Körperliche Fitness";"Ausdauer & Kondition";"Empfehlungskarten";"Überschrift";"Empfehlungskarte · Körperliche Fitness · Titel";"Ausdauer Schritt für Schritt ausbauen";"Développer votre endurance pas à pas";"";"";"Marketing";"Prüfung erforderlich";"";"";"";"recommendation.catalog.fi_ausdauer.title";"recommendations";"fr-CH";"3";"v1:d69b55804c14335744a0a12a0aa976d1ec91e2438349a6a77f6bb61bec9ba1ac";"6e993367d88e05a2525514bd1a86c269eaaa437dc30f5672d10c81189665895d"
"Körperliche Fitness";"Ausdauer & Kondition";"Empfehlungskarten";"Begründung / Einordnung";"Empfehlungskarte · Körperliche Fitness · Begründung";"Sie sind bereits etwas aktiv – schön! Mehr Ausdauerbewegung stärkt Herz, Kreislauf und Stoffwechsel zusätzlich. Als Orientierung gelten pro Woche rund 150 Minuten moderate oder 75 Minuten intensive Aktivität; beides lässt sich kombinieren.";"Vous êtes déjà un peu actif, c’est réjouissant. Davantage d’activité d’endurance renforce encore le cœur, la circulation et le métabolisme. À titre indicatif, comptez environ 150 minutes d’activité modérée ou 75 minutes d’activité intense par semaine; les deux peuvent être combinées.";"";"";"Marketing, Medizin";"Prüfung erforderlich";"Beide gleichwertigen Aktivitätswege des Scoring-Vertrags ergänzt; durch Marketing und Medizin freigeben.";"";"";"recommendation.catalog.fi_ausdauer.why";"recommendations";"fr-CH";"3";"v1:d69b55804c14335744a0a12a0aa976d1ec91e2438349a6a77f6bb61bec9ba1ac";"ed57637203e3d0ba5449ee68a2622a89c26b7a213538c08f79319b77c8b05cd3"
"Körperliche Fitness";"Ausdauer & Kondition";"Empfehlungskarten";"Nächster Schritt";"Empfehlungskarte · Körperliche Fitness · konkreter nächster Schritt";"Erhöhen Sie Ihr Pensum um eine Einheit pro Woche oder verlängern Sie bestehende Einheiten um je 10 Minuten.";"Ajoutez une séance par semaine ou prolongez chacune de vos séances actuelles de 10 minutes.";"";"";"Marketing, Medizin";"Prüfung erforderlich";"";"";"";"recommendation.catalog.fi_ausdauer.step";"recommendations";"fr-CH";"3";"v1:d69b55804c14335744a0a12a0aa976d1ec91e2438349a6a77f6bb61bec9ba1ac";"79f5359156386379c573d9822ca0eec427f62f017becaffbc6a4cf6f92dc041a"
"Körperliche Fitness";"Ausdauer & Kondition";"Empfehlungskarten";"Erwarteter Nutzen";"Empfehlungskarte · Körperliche Fitness · erwarteter Nutzen";"Regelmässige Ausdauer verbessert Fitness, Energie und langfristig Ihr Herz-Kreislauf-Profil.";"Une activité d’endurance régulière améliore la condition physique, l’énergie et, à long terme, votre profil cardiovasculaire.";"";"";"Marketing, Medizin";"Prüfung erforderlich";"";"";"";"recommendation.catalog.fi_ausdauer.benefit";"recommendations";"fr-CH";"3";"v1:d69b55804c14335744a0a12a0aa976d1ec91e2438349a6a77f6bb61bec9ba1ac";"70316b315a52eacc8b3c9bfc47987746876bc2e286be824b61140b1e8ed020c9"
"Körperliche Fitness";"Ausdauer & Kondition";"4-Wochen-Pläne";"4-Wochen-Plan";"4-Wochen-Plan · Diese Woche";"Legen Sie zwei feste Termine à 25–30 Minuten in lockerem Tempo fest (Sprechtest: unterhalten ja, singen nein). Dieser ruhige Grundlagenbereich baut die Basis – und darf sich leicht anfühlen.";"Prévoyez deux créneaux fixes de 25 à 30 minutes à un rythme tranquille. Test de la parole : vous pouvez parler, mais pas chanter. Cette zone d’entraînement de base construit le socle et peut vous sembler facile.";"";"";"Marketing, Medizin";"Prüfung erforderlich";"";"";"";"recommendation.plan.fi_ausdauer.this_week";"recommendations";"fr-CH";"3";"v1:d69b55804c14335744a0a12a0aa976d1ec91e2438349a6a77f6bb61bec9ba1ac";"c050febaae7bae2fd02dc306fcc66cffc87a42a6199675749496260aa9e20b00"
"Körperliche Fitness";"Ausdauer & Kondition";"4-Wochen-Pläne";"4-Wochen-Plan";"4-Wochen-Plan · Woche 2–3";"Wenn Sie das Grundlagentraining gut und beschwerdefrei vertragen, können Sie <b>eine intensivere Einheit</b> pro Woche ergänzen: nach lockerem Einlaufen 4–6 × 1 Minute deutlich schneller, dazwischen jeweils 2 Minuten locker. Intervalltraining kann die maximale Sauerstoffaufnahme (VO₂max) verbessern. <i>Bei Brustschmerzen, ungewöhnlicher Atemnot, Schwindel oder Benommenheit abbrechen und medizinisch abklären.</i>";"Si vous tolérez bien l’entraînement de base et sans symptômes, vous pouvez ajouter <b>une séance plus intense</b> par semaine : après un échauffement tranquille, faites 4 à 6 × 1 minute nettement plus rapidement, avec 2 minutes à rythme tranquille entre chaque intervalle. L’entraînement par intervalles peut améliorer la consommation maximale d’oxygène (VO₂max). <i>En cas de douleurs thoraciques, de difficulté respiratoire inhabituelle, de vertiges ou d’étourdissement, arrêtez-vous et demandez un contrôle médical.</i>";"";"";"Marketing, Medizin";"Prüfung erforderlich";"Absoluten Wirksamkeits- und Lebenserwartungsvergleich entfernt und Sicherheitsschwelle ergänzt; durch Marketing und Medizin freigeben.";"";"";"recommendation.plan.fi_ausdauer.weeks_2_3";"recommendations";"fr-CH";"3";"v1:d69b55804c14335744a0a12a0aa976d1ec91e2438349a6a77f6bb61bec9ba1ac";"21d604684db5f1da00bcabaf8ed8eb68db11102311ffdfe8c6d9ee03508825d3"
"Körperliche Fitness";"Ausdauer & Kondition";"4-Wochen-Pläne";"4-Wochen-Plan";"4-Wochen-Plan · Woche 4";"Bilanz ziehen: Erreichen Sie 150 Minuten moderat <b>oder</b> 75 Minuten intensiv pro Woche? Steigern Sie Umfang oder Intensität – nie beides gleichzeitig. Ein einfacher Fortschrittstest: Wie fühlen sich jetzt zwei Stockwerke Treppen an?";"Faites le bilan : atteignez-vous 150 minutes d’activité modérée <b>ou</b> 75 minutes d’activité intense par semaine ? Augmentez le volume ou l’intensité, jamais les deux à la fois. Un test de progression simple : comment vous sentez-vous maintenant après deux étages d’escalier ?";"";"";"Marketing, Medizin";"Prüfung erforderlich";"";"";"";"recommendation.plan.fi_ausdauer.week_4";"recommendations";"fr-CH";"3";"v1:d69b55804c14335744a0a12a0aa976d1ec91e2438349a6a77f6bb61bec9ba1ac";"ae2149288b52a0b1c93ef1d1b0d9e5dc2aaa32caadfc4fa0f2a305ca8c53f155"
"Körperliche Fitness";"Ausdauer & Kondition";"Empfehlungskarten";"Überschrift";"Empfehlungskarte · Körperliche Fitness · Titel";"Alltagskondition stärken";"Renforcer votre endurance au quotidien";"";"";"Marketing";"Prüfung erforderlich";"";"";"";"recommendation.catalog.fi_kondition.title";"recommendations";"fr-CH";"3";"v1:d69b55804c14335744a0a12a0aa976d1ec91e2438349a6a77f6bb61bec9ba1ac";"fecb4f86f0d9bd98f0f420d3cd2bffbc296d0a4f08e38a7407655ad4e4bda564"
"Körperliche Fitness";"Ausdauer & Kondition";"Empfehlungskarten";"Begründung / Einordnung";"Empfehlungskarte · Körperliche Fitness · Begründung";"Treppensteigen fällt Ihnen aktuell schwer. Diese Alltagsbelastung lässt sich oft trainieren. Neue oder starke Atemnot, Brustbeschwerden, Schwindel oder Benommenheit sollten jedoch zuerst medizinisch eingeordnet werden.";"Monter les escaliers vous demande actuellement un effort. Cette capacité quotidienne peut souvent être entraînée. Une difficulté respiratoire nouvelle ou importante, une douleur thoracique, des vertiges ou un étourdissement doivent toutefois d’abord faire l’objet d’un contrôle médical.";"";"";"Marketing, Medizin";"Prüfung erforderlich";"Auf den Konditionsauslöser Treppensteigen präzisiert; Sicherheitsgrenze durch Marketing und Medizin freigeben.";"";"";"recommendation.catalog.fi_kondition.why";"recommendations";"fr-CH";"3";"v1:d69b55804c14335744a0a12a0aa976d1ec91e2438349a6a77f6bb61bec9ba1ac";"453b8bf16dc5d942bad5cf4412b2a802b5bc1d4451bbdedea880dc21708e3917"
"Körperliche Fitness";"Ausdauer & Kondition";"Empfehlungskarten";"Nächster Schritt";"Empfehlungskarte · Körperliche Fitness · konkreter nächster Schritt";"Wenn keine Warnzeichen dagegensprechen, wählen Sie eine gut bewältigbare Alltagsbelastung und steigern Sie langsam. Brechen Sie bei Brustbeschwerden, ungewöhnlicher Atemnot, Schwindel oder Benommenheit ab und lassen Sie das abklären.";"En l’absence de signes d’alerte, choisissez un effort quotidien que vous maîtrisez bien et augmentez-le lentement. Arrêtez-vous en cas de douleur thoracique, de difficulté respiratoire inhabituelle, de vertiges ou d’étourdissement et faites examiner ces symptômes.";"";"";"Marketing, Medizin";"Prüfung erforderlich";"Pauschale Belastungssteigerung durch einen sicheren, symptomorientierten Einstieg ersetzt; durch Marketing und Medizin freigeben.";"";"";"recommendation.catalog.fi_kondition.step";"recommendations";"fr-CH";"3";"v1:d69b55804c14335744a0a12a0aa976d1ec91e2438349a6a77f6bb61bec9ba1ac";"40a0ea50d107ae6cabe4df593ccf0d9f1c464610039e5fee3a21cb5effb874b4"
"Körperliche Fitness";"Ausdauer & Kondition";"Empfehlungskarten";"Erwarteter Nutzen";"Empfehlungskarte · Körperliche Fitness · erwarteter Nutzen";"Mehr Alltagskondition macht den Tag leichter und stärkt Herz und Muskeln nebenbei.";"Une meilleure endurance au quotidien facilite votre journée et renforce en même temps le cœur et les muscles.";"";"";"Marketing, Medizin";"Prüfung erforderlich";"";"";"";"recommendation.catalog.fi_kondition.benefit";"recommendations";"fr-CH";"3";"v1:d69b55804c14335744a0a12a0aa976d1ec91e2438349a6a77f6bb61bec9ba1ac";"e98fcb10ff1cc1f0ddb1d76d366b8c2c9b185d5094f567e7984ac7af10467524"
"Körperliche Fitness";"Ausdauer & Kondition";"4-Wochen-Pläne";"4-Wochen-Plan";"4-Wochen-Plan · Diese Woche";"Prüfen Sie zuerst: Treten neue oder starke Atemnot, Brustbeschwerden, Schwindel oder Benommenheit auf, lassen Sie das medizinisch einordnen. Andernfalls wählen Sie eine gut bewältigbare Alltagsbelastung – etwa eine kurze Treppe oder eine Haltestelle zu Fuss – und steigern Sie langsam.";"Vérifiez d’abord si vous ressentez une difficulté respiratoire nouvelle ou importante, des douleurs thoraciques, des vertiges ou un étourdissement. Si c’est le cas, demandez un contrôle médical. Sinon, choisissez un effort quotidien que vous maîtrisez bien, par exemple un court escalier ou un arrêt parcouru à pied, et progressez lentement.";"";"";"Marketing, Medizin";"Prüfung erforderlich";"Sicherheitsgrenze vor dem Trainingsplan ergänzt; durch Marketing und Medizin freigeben.";"";"";"recommendation.plan.fi_kondition.this_week";"recommendations";"fr-CH";"3";"v1:d69b55804c14335744a0a12a0aa976d1ec91e2438349a6a77f6bb61bec9ba1ac";"e27fa583f57d45016c14564a134650e2e2578d49319cd8c6fa2b9d6b998f96cc"
"Körperliche Fitness";"Ausdauer & Kondition";"4-Wochen-Pläne";"4-Wochen-Plan";"4-Wochen-Plan · Woche 2–3";"Wenn die Belastung beschwerdefrei bleibt, steigern Sie behutsam: etwas länger gehen oder eine zusätzliche kurze Treppe einbauen, danach erholen. Das trainiert Ihre Alltagskondition schrittweise.";"Si l’effort reste sans symptômes, augmentez-le avec prudence : marchez un peu plus longtemps ou ajoutez un court escalier, puis récupérez. Vous entraînez ainsi progressivement votre endurance au quotidien.";"";"";"Marketing, Medizin";"Prüfung erforderlich";"Belastungssteigerung an Beschwerdefreiheit gekoppelt und Kausalbehauptung entschärft; durch Marketing und Medizin freigeben.";"";"";"recommendation.plan.fi_kondition.weeks_2_3";"recommendations";"fr-CH";"3";"v1:d69b55804c14335744a0a12a0aa976d1ec91e2438349a6a77f6bb61bec9ba1ac";"a9be8f9e0ca6595875804a6eeee8123a07a14ac5f8f638206db5ea1c84f22645"
"Körperliche Fitness";"Ausdauer & Kondition";"4-Wochen-Pläne";"4-Wochen-Plan";"4-Wochen-Plan · Woche 4";"Machen Sie die aktive Variante zur Standardwahl. Kontrolle ohne Geräte: Fällt Ihnen das Treppensteigen bereits leichter? Genau daran merken Sie den Fortschritt im Alltag.";"Faites de l’option active votre choix standard. Contrôle sans appareil : monter les escaliers vous semble-t-il déjà plus facile ? C’est précisément ainsi que vous percevez vos progrès au quotidien.";"";"";"Marketing, Medizin";"Prüfung erforderlich";"Auf den Konditionsauslöser Treppensteigen präzisiert; redaktionell freigeben.";"";"";"recommendation.plan.fi_kondition.week_4";"recommendations";"fr-CH";"3";"v1:d69b55804c14335744a0a12a0aa976d1ec91e2438349a6a77f6bb61bec9ba1ac";"54c0765b96215a2715b2b4d9a3da032966940f62999ac6590c9e75d97302d439"
"Körperliche Fitness";"Ausdauer & Kondition";"Handlungsfelder";"Beschriftung";"Handlungsfeld · Körperliche Fitness · Kurzlabel";"Ausdauer Schritt für Schritt aufbauen";"Développer votre endurance pas à pas";"";"";"Marketing, Medizin";"Prüfung erforderlich";"Einseitige Nennung nur des moderaten Aktivitätsziels entfernt; durch Marketing und Medizin freigeben.";"";"";"recommendation.lever.lv_ausdauer.label";"recommendations";"fr-CH";"3";"v1:d69b55804c14335744a0a12a0aa976d1ec91e2438349a6a77f6bb61bec9ba1ac";"2291032d89b2a33b9e02efdd67bad27deded1f719a9d7f283524da1fd24d2cfa"
"Körperliche Fitness";"Ausdauer & Kondition";"Handlungsfelder";"Detailtext";"Handlungsfeld · Körperliche Fitness · Standardvariante";"Ausdauer ist ein wichtiger Baustein für Herz-Kreislauf-Gesundheit und Alltagsleistungsfähigkeit. Beginnen Sie mit gut verträglichen Spaziergängen und steigern Sie langsam.";"L’endurance est un élément important de la santé cardiovasculaire et des capacités au quotidien. Commencez par des promenades bien tolérées et progressez lentement.";"";"";"Marketing, Medizin";"Prüfung erforderlich";"Nicht belegte Rangfolge der Fitnesskomponenten entfernt; durch Marketing und Medizin freigeben.";"";"";"recommendation.lever.lv_ausdauer.detail.default";"recommendations";"fr-CH";"3";"v1:d69b55804c14335744a0a12a0aa976d1ec91e2438349a6a77f6bb61bec9ba1ac";"e3782302f619d21f0d35286c7bf7aaa2a14edb3a2b8d707f6aca0161da8c9c13"
"Körperliche Fitness";"Ausdauer & Kondition";"Handlungsfelder";"Detailtext";"Handlungsfeld · Körperliche Fitness · Variante bei erschwertem Treppensteigen";"Sie bewegen sich wenig und kommen beim Treppensteigen ausser Atem. Wenn die Atemnot neu, ungewöhnlich oder stark ist, lassen Sie sie zuerst medizinisch einordnen; sonst können kurze, gut verträgliche Spaziergänge ein passender Einstieg sein.";"Vous bougez peu et êtes essoufflé en montant les escaliers. Si cette difficulté respiratoire est nouvelle, inhabituelle ou importante, faites-la d’abord évaluer médicalement ; sinon, de courtes promenades bien tolérées peuvent constituer un point de départ adapté.";"";"";"Marketing, Medizin";"Prüfung erforderlich";"Belastungsatemnot nicht automatisch als Trainingsauftrag behandelt; durch Marketing und Medizin freigeben.";"";"";"recommendation.lever.lv_ausdauer.detail.stairs_difficult";"recommendations";"fr-CH";"3";"v1:d69b55804c14335744a0a12a0aa976d1ec91e2438349a6a77f6bb61bec9ba1ac";"51607599cbc535ff58041059d9b27a22e1862b310868a0e4422cfe7cdb140d61"
"Körperliche Fitness";"Ausdauer & Kondition";"Ergebnis-Einstieg";"Beschriftung";"Ergebnis-Zusammenfassung · Themenlabel «Ausdauer & Kondition»";"intensive Ausdauer";"endurance intense";"";"";"Marketing";"Prüfung erforderlich";"";"";"";"ui.hero.topic.ausdauer_intensiv";"ui";"fr-CH";"3";"v1:d69b55804c14335744a0a12a0aa976d1ec91e2438349a6a77f6bb61bec9ba1ac";"e29cd366a1af6d97882a1ee7afc23c43c55e28bfe312baec8294b2772e43c3ec"
"Körperliche Fitness";"Ausdauer & Kondition";"Ergebnis-Einstieg";"Beschriftung";"Ergebnis-Zusammenfassung · Themenlabel «Ausdauer & Kondition»";"moderate Ausdauer";"endurance modérée";"";"";"Marketing";"Prüfung erforderlich";"";"";"";"ui.hero.topic.ausdauer_moderat";"ui";"fr-CH";"3";"v1:d69b55804c14335744a0a12a0aa976d1ec91e2438349a6a77f6bb61bec9ba1ac";"b27e7e7ab59d2c3a815c1f7f9f647cd6d6aa91565ae94660740a697df787004b"
"Körperliche Fitness";"Ausdauer & Kondition";"Ergebnis-Einstieg";"Beschriftung";"Ergebnis-Zusammenfassung · Themenlabel «Ausdauer & Kondition»";"Treppensteigen";"montée des escaliers";"";"";"Marketing";"Prüfung erforderlich";"";"";"";"ui.hero.topic.treppen";"ui";"fr-CH";"3";"v1:d69b55804c14335744a0a12a0aa976d1ec91e2438349a6a77f6bb61bec9ba1ac";"40a34e8c0155bd72a9cb252d130781c722c2c5319dd6cab6e993ac609847eb95"
"Körperliche Fitness";"Beweglichkeit & Gleichgewicht";"Dimensionsdetails";"Überschrift";"Dimensionsdetail · Titel";"Beweglichkeit und Gleichgewicht";"Mobilité et équilibre";"";"";"Marketing, Medizin";"Prüfung erforderlich";"";"";"";"recommendation.signal.balance.title";"recommendations";"fr-CH";"3";"v1:d69b55804c14335744a0a12a0aa976d1ec91e2438349a6a77f6bb61bec9ba1ac";"7316f25fb8e5ac4a24dfcba9707577d12d2b8d11873e0074481d9aa16be84b03"
"Körperliche Fitness";"Beweglichkeit & Gleichgewicht";"Dimensionsdetails";"Persönliche Einordnung";"Dimensionsdetail · Einordnung";"Wie leicht Sie ohne Hände aufstehen und das Gleichgewicht halten, gibt einen praktischen Hinweis auf Kraft, Mobilität und funktionelle Selbstständigkeit. Es ersetzt keine medizinische Untersuchung.";"La facilité avec laquelle vous vous relevez sans les mains et gardez l’équilibre donne une indication pratique sur la force, la mobilité et l’autonomie fonctionnelle. Elle ne remplace pas un examen médical.";"";"";"Marketing, Medizin";"Prüfung erforderlich";"Nicht belegten Vergleich mit Laborwerten entfernt und Funktionstest korrekt eingeordnet; durch Marketing und Medizin freigeben.";"";"";"recommendation.signal.balance.insight";"recommendations";"fr-CH";"3";"v1:d69b55804c14335744a0a12a0aa976d1ec91e2438349a6a77f6bb61bec9ba1ac";"8c3c87f24051f3db2717a19752bc607988cb72305f184dce232bb43c8f1977cb"
"Körperliche Fitness";"Beweglichkeit & Gleichgewicht";"Dimensionsdetails";"Nächster Schritt";"Dimensionsdetail · konkreter nächster Schritt";"Fünfmal täglich ohne Hände vom Stuhl aufstehen – das trainiert Beinkraft und Aufstehmechanik zugleich.";"Relevez-vous cinq fois par jour d’une chaise sans utiliser les mains : vous entraînez ainsi simultanément la force des jambes et la mécanique du lever.";"";"";"Marketing, Medizin";"Prüfung erforderlich";"";"";"";"recommendation.signal.balance.action";"recommendations";"fr-CH";"3";"v1:d69b55804c14335744a0a12a0aa976d1ec91e2438349a6a77f6bb61bec9ba1ac";"c5eb9a514eca83f275cce202158c45814e1c1d936e22bc18a0d133ff85dd1338"
"Körperliche Fitness";"Beweglichkeit & Gleichgewicht";"Risikosignale";"Risikosignal";"Ergebnisseite, Lebensstil-Signal Beweglichkeit und Gleichgewicht";"Beweglichkeit und Gleichgewicht bieten aktuell Spielraum – wichtig zur Sturzprävention.";"Votre mobilité et votre équilibre présentent actuellement une marge de progression, importante pour prévenir les chutes.";"";"";"Marketing, Medizin";"Prüfung erforderlich";"";"";"";"recommendation.risk_signal.balance.label";"recommendations";"fr-CH";"3";"v1:d69b55804c14335744a0a12a0aa976d1ec91e2438349a6a77f6bb61bec9ba1ac";"8eb3abea1685e354b7763b71848b847a3656519020ac4eb56f7e74a47386fc88"
"Körperliche Fitness";"Beweglichkeit & Gleichgewicht";"Empfehlungskarten";"Überschrift";"Empfehlungskarte · Körperliche Fitness · Titel";"Beweglichkeit und Gleichgewicht trainieren";"Entraîner la mobilité et l’équilibre";"";"";"Marketing";"Prüfung erforderlich";"";"";"";"recommendation.catalog.fi_beweglichkeit.title";"recommendations";"fr-CH";"3";"v1:d69b55804c14335744a0a12a0aa976d1ec91e2438349a6a77f6bb61bec9ba1ac";"7e4a8ae8bfae40ffc7d07fd47404e8006b9cfc840b7f9581fb3306b1a3dfcc56"
"Körperliche Fitness";"Beweglichkeit & Gleichgewicht";"Empfehlungskarten";"Begründung / Einordnung";"Empfehlungskarte · Körperliche Fitness · Begründung";"Ihre Angaben oder der Einbeinstand zeigen einen trainierbaren Ansatzpunkt bei Gleichgewicht oder Beweglichkeit. Beides unterstützt sichere Alltagsbewegungen und funktionelle Selbstständigkeit.";"Vos indications ou le test d’équilibre sur une jambe montrent un point de départ perfectible concernant l’équilibre ou la mobilité. Ces deux aspects favorisent des mouvements quotidiens sûrs et l’autonomie fonctionnelle.";"";"";"Marketing, Medizin";"Prüfung erforderlich";"Für den neuen Auslöser über den Einbeinstand verallgemeinert; medizinisch und redaktionell freigeben.";"";"";"recommendation.catalog.fi_beweglichkeit.why";"recommendations";"fr-CH";"3";"v1:d69b55804c14335744a0a12a0aa976d1ec91e2438349a6a77f6bb61bec9ba1ac";"4d58b191839c44217af62dbf69b0ad65c0aa1ef655cb6b2ff54f05fe95dc7171"
"Körperliche Fitness";"Beweglichkeit & Gleichgewicht";"Empfehlungskarten";"Nächster Schritt";"Empfehlungskarte · Körperliche Fitness · konkreter nächster Schritt";"Bauen Sie 2-mal pro Woche einfache Balance- und Mobilitätsübungen ein – z. B. auf einem Bein Zähneputzen oder ein kurzes Beweglichkeitsprogramm.";"Intégrez deux fois par semaine des exercices simples d’équilibre et de mobilité, par exemple vous brosser les dents sur une jambe ou suivre un court programme de mobilité.";"";"";"Marketing, Medizin";"Prüfung erforderlich";"";"";"";"recommendation.catalog.fi_beweglichkeit.step";"recommendations";"fr-CH";"3";"v1:d69b55804c14335744a0a12a0aa976d1ec91e2438349a6a77f6bb61bec9ba1ac";"cc1bab83fbaaa0415a06bbf4ae9ef506bbda770314ecd6b3266886cffb73e904"
"Körperliche Fitness";"Beweglichkeit & Gleichgewicht";"Empfehlungskarten";"Erwarteter Nutzen";"Empfehlungskarte · Körperliche Fitness · erwarteter Nutzen";"Gezieltes Balance- und Mobilitätstraining kann Ihre Bewegungssicherheit verbessern und besonders im höheren Alter zur Sturzprävention beitragen.";"Un entraînement ciblé de l’équilibre et de la mobilité peut améliorer votre sécurité de mouvement et contribuer à prévenir les chutes, en particulier avec l’avancée en âge.";"";"";"Marketing, Medizin";"Prüfung erforderlich";"Altersbezug und Wirkungsformulierung präzisiert; freigeben.";"";"";"recommendation.catalog.fi_beweglichkeit.benefit";"recommendations";"fr-CH";"3";"v1:d69b55804c14335744a0a12a0aa976d1ec91e2438349a6a77f6bb61bec9ba1ac";"9aed4dcdfefd3dc60336ceaaf8aba9efb5db8554fc526a47c7b1a938a91e6fc0"
"Körperliche Fitness";"Beweglichkeit & Gleichgewicht";"4-Wochen-Pläne";"4-Wochen-Plan";"4-Wochen-Plan · Diese Woche";"Bauen Sie täglich zwei Mini-Übungen ein: in sicherer Umgebung auf einem Bein stehen, mit einer stabilen Haltemöglichkeit in Reichweite, und fünfmal kontrolliert ohne Hände vom Stuhl aufstehen. Brechen Sie bei Schmerzen oder Schwindel ab.";"Intégrez chaque jour deux mini-exercices : tenez-vous sur une jambe dans un environnement sûr, avec une prise stable à portée de main, et relevez-vous cinq fois d’une chaise sans les mains de manière contrôlée. Arrêtez-vous en cas de douleurs ou de vertiges.";"";"";"Marketing, Medizin";"Prüfung erforderlich";"Nicht belegte Laborwert-Überhöhung entfernt und Sicherheit ergänzt; medizinisch freigeben.";"";"";"recommendation.plan.fi_beweglichkeit.this_week";"recommendations";"fr-CH";"3";"v1:d69b55804c14335744a0a12a0aa976d1ec91e2438349a6a77f6bb61bec9ba1ac";"66d929828f00763435a7a2eb7c89d8edb52c0e88f4665403f134fceb07b4dabb"
"Körperliche Fitness";"Beweglichkeit & Gleichgewicht";"4-Wochen-Pläne";"4-Wochen-Plan";"4-Wochen-Plan · Woche 2–3";"Ergänzen Sie zweimal pro Woche ein kurzes Mobilitätsprogramm für Hüfte, Schultern und Wirbelsäule. Steigern Sie die Balanceübung schrittweise, etwa durch weniger Abstützen oder eine etwas engere Fussposition – weiterhin mit sicherer Haltemöglichkeit.";"Ajoutez deux fois par semaine un court programme de mobilité pour les hanches, les épaules et la colonne vertébrale. Augmentez progressivement la difficulté de l’exercice d’équilibre, par exemple en prenant moins appui ou en rapprochant légèrement les pieds, toujours avec une prise sûre à proximité.";"";"";"Marketing, Medizin";"Prüfung erforderlich";"Augen-schliessen-Variante und pauschales Fortschrittsversprechen entfernt; medizinisch freigeben.";"";"";"recommendation.plan.fi_beweglichkeit.weeks_2_3";"recommendations";"fr-CH";"3";"v1:d69b55804c14335744a0a12a0aa976d1ec91e2438349a6a77f6bb61bec9ba1ac";"f2ef8954fbac7d8378bd001d2748b61af9b188adca8a703c8b7f2db837efdb2d"
"Körperliche Fitness";"Beweglichkeit & Gleichgewicht";"4-Wochen-Pläne";"4-Wochen-Plan";"4-Wochen-Plan · Woche 4";"Verankern Sie die Übungen als feste Gewohnheit – am besten gekoppelt an etwas Bestehendes (Zähneputzen, Kaffeepause). Gleichgewicht und Beweglichkeit bleiben nur erhalten, wenn sie regelmässig gefordert werden.";"Ancrez les exercices comme une habitude fixe, de préférence associée à une activité existante comme le brossage des dents ou la pause-café. L’équilibre et la mobilité ne se maintiennent que s’ils sont sollicités régulièrement.";"";"";"Marketing, Medizin";"Prüfung erforderlich";"";"";"";"recommendation.plan.fi_beweglichkeit.week_4";"recommendations";"fr-CH";"3";"v1:d69b55804c14335744a0a12a0aa976d1ec91e2438349a6a77f6bb61bec9ba1ac";"68f30c580aa5e878bb0da5d17b4be293165def99d3696d0c8fef1fa91d73c710"
"Körperliche Fitness";"Beweglichkeit & Gleichgewicht";"Fitness-Kurztests";"Überschrift";"Ergebnisdetail Körperliche Fitness, Titel des ausgefüllten Einbeinstand-Tests";"Einbeinstand";"Équilibre sur une jambe";"";"";"Marketing";"Prüfung erforderlich";"Neue Ergebnisdarstellung; redaktionell freigeben.";"";"";"recommendation.fitness_test.einbeinstand.title";"recommendations";"fr-CH";"3";"v1:d69b55804c14335744a0a12a0aa976d1ec91e2438349a6a77f6bb61bec9ba1ac";"9a0e39e3a4bd1809560bbdd843ae77073432c2b3e914e35b1800ae158a4b7954"
"Körperliche Fitness";"Beweglichkeit & Gleichgewicht";"Fitness-Kurztests";"Begründung / Einordnung";"Ergebnisdetail Einbeinstand ohne fachlich passende Altersreferenz";"Ihr Wert bleibt als persönliche Ausgangsmessung sichtbar. Für Ihr Alter zeigen wir bewusst keine Referenzstufe.";"Votre valeur reste visible comme mesure initiale personnelle. Pour votre âge, nous n’affichons volontairement aucun niveau de référence.";"";"";"Marketing, Medizin";"Prüfung erforderlich";"Gilt aktuell für Personen unter 18 Jahren.";"";"";"recommendation.fitness_test.einbeinstand.interpretation.unrated";"recommendations";"fr-CH";"3";"v1:d69b55804c14335744a0a12a0aa976d1ec91e2438349a6a77f6bb61bec9ba1ac";"d47d5b975a4117f311acc5405049db63bde3e998d6a6d87a5979d1447b382e10"
"Körperliche Fitness";"Beweglichkeit & Gleichgewicht";"Fitness-Kurztests";"Begründung / Einordnung";"Ergebnisdetail Einbeinstand, gesundheitliche Relevanz";"Der Test gibt einen orientierenden Hinweis auf statisches Gleichgewicht und neuromuskuläre Kontrolle. Gute Balance unterstützt sichere Alltagsbewegungen und wird mit zunehmendem Alter besonders wichtig.";"Le test donne une indication sur l’équilibre statique et le contrôle neuromusculaire. Un bon équilibre favorise des mouvements quotidiens sûrs et devient particulièrement important avec l’avancée en âge.";"";"";"Marketing, Medizin";"Prüfung erforderlich";"Keine individuelle Risiko- oder Mortalitätsaussage; medizinisch freigeben.";"";"";"recommendation.fitness_test.einbeinstand.relevance";"recommendations";"fr-CH";"3";"v1:d69b55804c14335744a0a12a0aa976d1ec91e2438349a6a77f6bb61bec9ba1ac";"ae27ff8901cd133f1e95fe7b3bc86823d2409eefbc230f7acb7d0113e2c35438"
"Körperliche Fitness";"Beweglichkeit & Gleichgewicht";"Fitness-Kurztests";"Medizinischer Hinweis";"Ergebnisdetail Einbeinstand, Alter ausserhalb des Referenzbereichs 18 bis 99";"Die hinterlegten Vergleichswerte reichen von 18 bis 99 Jahren. Ausserhalb dieses Altersbereichs wird Ihr Wert nur als persönliche Ausgangsmessung gezeigt.";"Les valeurs de comparaison enregistrées couvrent les personnes de 18 à 99 ans. En dehors de cette tranche d’âge, votre valeur est uniquement affichée comme mesure initiale personnelle.";"";"";"Marketing, Medizin";"Prüfung erforderlich";"Springer et al. untersuchten direkt eine Altersgruppe von 80 bis 99 Jahren.";"";"18 à 99 ans | mesure initiale personnelle";"recommendation.fitness_test.einbeinstand.reference_note.age_outside";"recommendations";"fr-CH";"3";"v1:d69b55804c14335744a0a12a0aa976d1ec91e2438349a6a77f6bb61bec9ba1ac";"1181a52c914db6bdf57b88ce0f390c5beeef105f850b395aba9a880da4d9e853"
"Körperliche Fitness";"Beweglichkeit & Gleichgewicht";"Fitness-Kurztests";"Dynamischer Text";"4-Wochen-Plan · persönlicher Abschluss-Check nach tiefem Einbeinstand";"Wiederholen Sie den Einbeinstand unter denselben Bedingungen und mit einer stabilen Haltemöglichkeit in Reichweite. Vergleichen Sie mit Ihrem Ausgangswert von {{baselineValue}} Sekunden. Der nächste Vergleichswert liegt bei {{orientationValue}} Sekunden; er ist keine medizinische Grenzlinie und kein versprochener Vier-Wochen-Erfolg. Brechen Sie bei Schmerzen oder Schwindel ab.";"Répétez le test d’équilibre sur une jambe dans les mêmes conditions et avec une prise stable à portée de main. Comparez le résultat à votre valeur initiale de {{baselineValue}} secondes. La prochaine valeur de comparaison est de {{orientationValue}} secondes ; il ne s’agit ni d’une limite médicale ni d’un résultat promis après quatre semaines. Arrêtez-vous en cas de douleurs ou de vertiges.";"";"";"Marketing, Medizin";"Prüfung erforderlich";"Retest ist persönliche Verlaufskontrolle, kein Wirksamkeitsnachweis.";"{{baselineValue}} | {{orientationValue}}";"valeur initiale | limite médicale | douleurs | vertiges";"recommendation.fitness_test.retest.einbeinstand";"recommendations";"fr-CH";"3";"v1:d69b55804c14335744a0a12a0aa976d1ec91e2438349a6a77f6bb61bec9ba1ac";"9fe2d385b7f5d87f708e8332b19ad13c50b8dd83dd4532a89cd1ef0387d7766a"
"Körperliche Fitness";"Beweglichkeit & Gleichgewicht";"Handlungsfelder";"Beschriftung";"Handlungsfeld · Körperliche Fitness · Kurzlabel";"Beweglichkeit & Gleichgewicht gezielt trainieren";"Entraîner de manière ciblée la mobilité et l’équilibre";"";"";"Marketing, Medizin";"Prüfung erforderlich";"";"";"";"recommendation.lever.lv_balance_fit.label";"recommendations";"fr-CH";"3";"v1:d69b55804c14335744a0a12a0aa976d1ec91e2438349a6a77f6bb61bec9ba1ac";"305ff06067ce988dc5837cc2e09aa97eb6018ac9a92adfe67e769fc82e2af7c3"
"Körperliche Fitness";"Beweglichkeit & Gleichgewicht";"Handlungsfelder";"Detailtext";"Handlungsfeld · Körperliche Fitness · Detailtext";"Vom Boden aufstehen fällt Ihnen schwer. Übungen für Beinkraft, Mobilität und Gleichgewicht können diese funktionelle Fähigkeit gezielt trainieren.";"Vous avez de la difficulté à vous relever du sol. Des exercices de force des jambes, de mobilité et d’équilibre peuvent entraîner cette capacité fonctionnelle de manière ciblée.";"";"";"Marketing, Medizin";"Prüfung erforderlich";"Nicht belegtes schnelles Fortschrittsversprechen entfernt; durch Marketing und Medizin freigeben.";"";"";"recommendation.lever.lv_balance_fit.detail";"recommendations";"fr-CH";"3";"v1:d69b55804c14335744a0a12a0aa976d1ec91e2438349a6a77f6bb61bec9ba1ac";"de14fbe9ec99c5215e617b1159c29ad929d03df9f7aae507920e75e6d1741c03"
"Körperliche Fitness";"Beweglichkeit & Gleichgewicht";"Ergebnis-Einstieg";"Beschriftung";"Ergebnis-Zusammenfassung · Themenlabel «Beweglichkeit & Gleichgewicht»";"Beweglichkeit";"mobilité";"";"";"Marketing";"Prüfung erforderlich";"";"";"";"ui.hero.topic.beweglichkeit";"ui";"fr-CH";"3";"v1:d69b55804c14335744a0a12a0aa976d1ec91e2438349a6a77f6bb61bec9ba1ac";"37195e50c84a9864343befa43311983f5672dad5d0aca422dbb184b016b28c77"
"Körperliche Fitness";"Bewegung im Alltag & Einstieg";"Dimensionsdetails";"Überschrift";"Dimensionsdetail · Titel";"Bewegung – der Einstieg wirkt am stärksten";"Activité physique : commencer apporte le plus grand bénéfice";"";"";"Marketing, Medizin";"Prüfung erforderlich";"";"";"";"recommendation.signal.bewegungsmangel.title";"recommendations";"fr-CH";"3";"v1:d69b55804c14335744a0a12a0aa976d1ec91e2438349a6a77f6bb61bec9ba1ac";"4ce6097d12f969fe24c8f01c47387c2fec0b7273e6131f4ba8e93c11b571e415"
"Körperliche Fitness";"Bewegung im Alltag & Einstieg";"Dimensionsdetails";"Persönliche Einordnung";"Dimensionsdetail · Einordnung";"Schon zusätzliche Bewegung unterhalb des empfohlenen Wochenziels ist mit gesundheitlichem Nutzen verbunden. Kardiorespiratorische Fitness ist in Studien stark mit Gesundheit und Lebenserwartung assoziiert.";"Même une activité physique supplémentaire inférieure à l’objectif hebdomadaire recommandé est associée à un bénéfice pour la santé. Dans les études, la condition cardiorespiratoire est étroitement associée à la santé et à l’espérance de vie.";"";"";"Marketing, Medizin";"Prüfung erforderlich";"Rangfolge und Kausalität vorsichtiger formuliert; durch Marketing und Medizin freigeben.";"";"";"recommendation.signal.bewegungsmangel.insight";"recommendations";"fr-CH";"3";"v1:d69b55804c14335744a0a12a0aa976d1ec91e2438349a6a77f6bb61bec9ba1ac";"c16a091c17f9f1c81a2f71f41e423596252d3c4176ed01060ab22fca6f2c03d1"
"Körperliche Fitness";"Bewegung im Alltag & Einstieg";"Dimensionsdetails";"Nächster Schritt";"Dimensionsdetail · konkreter nächster Schritt";"Diese Woche dreimal 10–15 Minuten zügig gehen. Sprechtest: unterhalten ja, singen nein.";"Cette semaine, marchez rapidement trois fois pendant 10 à 15 minutes. Test de la parole : vous pouvez parler, mais pas chanter.";"";"";"Marketing, Medizin";"Prüfung erforderlich";"";"";"";"recommendation.signal.bewegungsmangel.action";"recommendations";"fr-CH";"3";"v1:d69b55804c14335744a0a12a0aa976d1ec91e2438349a6a77f6bb61bec9ba1ac";"4948fc1a34b8c5592adf50341d5de75687fc1af8f120a74c6a6c93410b8b1b93"
"Körperliche Fitness";"Bewegung im Alltag & Einstieg";"Zusatzhinweise bei abgedeckten Aktionsschritten";"Vertiefung";"Zusatzhinweis bei bereits abgedecktem Aktionsschritt";"Kurze intensive Alltagsbewegungen können die Fitness ergänzen. Beobachtungsstudien verbinden wenige ein- bis zweiminütige Belastungsspitzen mit einem geringeren Herz-Kreislauf-Risiko; daraus folgt noch kein individueller Kausalnachweis. Beginnen Sie angepasst an Ihre Belastbarkeit.";"De brèves activités quotidiennes intenses peuvent compléter l’entraînement de la condition physique. Des études observationnelles associent quelques pics d’effort d’une à deux minutes à un risque cardiovasculaire plus faible, sans pour autant prouver un lien de causalité individuel. Commencez en fonction de votre capacité à l’effort.";"";"";"Marketing, Medizin";"Prüfung erforderlich";"Beobachtungsevidenz nicht mehr als kausale Risikosenkung dargestellt; durch Marketing und Medizin freigeben.";"";"";"recommendation.signal.bewegungsmangel.deepen";"recommendations";"fr-CH";"3";"v1:d69b55804c14335744a0a12a0aa976d1ec91e2438349a6a77f6bb61bec9ba1ac";"a6cf4ec216c183e98f9bacd1db7a87e590db464d84986128106bffb86756978b"
"Körperliche Fitness";"Bewegung im Alltag & Einstieg";"Risikosignale";"Risikosignal";"Ergebnisseite, Lebensstil-Signal Bewegungsmangel";"Aktuell bewegen Sie sich wenig – sowohl bei Ausdauer als auch bei Kraft.";"Vous bougez actuellement peu, tant pour l’endurance que pour la force.";"";"";"Marketing, Medizin";"Prüfung erforderlich";"";"";"";"recommendation.risk_signal.bewegungsmangel.label";"recommendations";"fr-CH";"3";"v1:d69b55804c14335744a0a12a0aa976d1ec91e2438349a6a77f6bb61bec9ba1ac";"f093c32f6b884c8c48ed3879505e6203a868e08934f086f85a52e2b98b53584f"
"Körperliche Fitness";"Bewegung im Alltag & Einstieg";"Empfehlungskarten";"Überschrift";"Empfehlungskarte · Körperliche Fitness · Titel";"Sanft in Bewegung kommen";"Se remettre doucement en mouvement";"";"";"Marketing";"Prüfung erforderlich";"";"";"";"recommendation.catalog.fi_einstieg.title";"recommendations";"fr-CH";"3";"v1:d69b55804c14335744a0a12a0aa976d1ec91e2438349a6a77f6bb61bec9ba1ac";"8997318691f4c101cbca844f83c2e42d38599daa2ffad88de0fdd133f2b812c2"
"Körperliche Fitness";"Bewegung im Alltag & Einstieg";"Empfehlungskarten";"Begründung / Einordnung";"Empfehlungskarte · Körperliche Fitness · Begründung";"Aktuell bewegen Sie sich eher wenig. Die gute Nachricht: Gerade der Einstieg bringt den grössten gesundheitlichen Gewinn – jede Bewegung zählt.";"Vous bougez actuellement plutôt peu. Bonne nouvelle : c’est le passage à l’action qui apporte le plus grand bénéfice pour la santé. Chaque mouvement compte.";"";"";"Marketing, Medizin";"Prüfung erforderlich";"";"";"";"recommendation.catalog.fi_einstieg.why";"recommendations";"fr-CH";"3";"v1:d69b55804c14335744a0a12a0aa976d1ec91e2438349a6a77f6bb61bec9ba1ac";"c21bdd09625cd38409bc83b1d9c822f6ee53a73b82c6fc95cc1480d09ef8450e"
"Körperliche Fitness";"Bewegung im Alltag & Einstieg";"Empfehlungskarten";"Nächster Schritt";"Empfehlungskarte · Körperliche Fitness · konkreter nächster Schritt";"Starten Sie mit zwei bis drei kurzen Spaziergängen pro Woche à 10 bis 15 Minuten und steigern Sie sich langsam.";"Commencez par deux à trois courtes promenades de 10 à 15 minutes par semaine et progressez lentement.";"";"";"Marketing, Medizin";"Prüfung erforderlich";"";"";"";"recommendation.catalog.fi_einstieg.step";"recommendations";"fr-CH";"3";"v1:d69b55804c14335744a0a12a0aa976d1ec91e2438349a6a77f6bb61bec9ba1ac";"ef3ad8b81376a37ed36fa8870fc237f60164f4d7c29f09c99887c54e13a059fe"
"Körperliche Fitness";"Bewegung im Alltag & Einstieg";"Empfehlungskarten";"Erwarteter Nutzen";"Empfehlungskarte · Körperliche Fitness · erwarteter Nutzen";"Schon kleine, regelmässige Einheiten verbessern Energie, Stimmung und Herzgesundheit spürbar.";"Même de petites séances régulières améliorent sensiblement l’énergie, l’humeur et la santé cardiaque.";"";"";"Marketing, Medizin";"Prüfung erforderlich";"";"";"";"recommendation.catalog.fi_einstieg.benefit";"recommendations";"fr-CH";"3";"v1:d69b55804c14335744a0a12a0aa976d1ec91e2438349a6a77f6bb61bec9ba1ac";"0a6166f1a49bfa4445f2ea52b26021f8060e5e5a7dd138dc3fa5a328111315ed"
"Körperliche Fitness";"Bewegung im Alltag & Einstieg";"4-Wochen-Pläne";"4-Wochen-Plan";"4-Wochen-Plan · Diese Woche";"Dreimal 10–15 Minuten zügig gehen. Die richtige Intensität erkennen Sie am <b>Sprechtest</b>: Sie können sich noch unterhalten, aber nicht mehr singen. Feste Termine im Kalender schlagen gute Vorsätze.";"Marchez rapidement trois fois pendant 10 à 15 minutes. Le <b>test de la parole</b> vous indique la bonne intensité : vous pouvez encore parler, mais plus chanter. Des rendez-vous fixes dans l’agenda sont plus efficaces que de bonnes résolutions.";"";"";"Marketing, Medizin";"Prüfung erforderlich";"";"";"";"recommendation.plan.fi_einstieg.this_week";"recommendations";"fr-CH";"3";"v1:d69b55804c14335744a0a12a0aa976d1ec91e2438349a6a77f6bb61bec9ba1ac";"c0614b7b7a44e27dcc2ca7d7790f13c639aa0e76e58b951ad5491a58d9d613c0"
"Körperliche Fitness";"Bewegung im Alltag & Einstieg";"4-Wochen-Pläne";"4-Wochen-Plan";"4-Wochen-Plan · Woche 2–3";"Wenn Sie zügiges Gehen gut und beschwerdefrei vertragen, ergänzen Sie einmal pro Woche <b>kurze, etwas intensivere Abschnitte</b>: Gehen Sie 1–3 Minuten eine Steigung zügig hinauf, erholen Sie sich danach vollständig und wiederholen Sie dies ein- bis zweimal. Solche Reize können das Grundlagentraining ergänzen. <i>Bei bekannter Herzerkrankung, Brustschmerzen, ungewöhnlicher Atemnot, Schwindel oder Benommenheit zuerst ärztlich abklären.</i>";"Si vous tolérez bien la marche rapide et sans symptômes, ajoutez une fois par semaine de <b>courtes séquences un peu plus intenses</b> : montez rapidement une pente pendant 1 à 3 minutes, récupérez ensuite complètement et répétez une à deux fois. Ces stimulations peuvent compléter l’entraînement de base. <i>En cas de maladie cardiaque connue, de douleurs thoraciques, de difficulté respiratoire inhabituelle, de vertiges ou d’étourdissement, consultez d’abord un médecin.</i>";"";"";"Marketing, Medizin";"Prüfung erforderlich";"Überlegene Wirkung intensiver Reize nicht behauptet und Sicherheitsschwelle erweitert; durch Marketing und Medizin freigeben.";"";"";"recommendation.plan.fi_einstieg.weeks_2_3";"recommendations";"fr-CH";"3";"v1:d69b55804c14335744a0a12a0aa976d1ec91e2438349a6a77f6bb61bec9ba1ac";"b620422f1c60015222176fd5c4eb0cb214f79eac5a4f83cd95e9dfa1cbc4d014"
"Körperliche Fitness";"Bewegung im Alltag & Einstieg";"4-Wochen-Pläne";"4-Wochen-Plan";"4-Wochen-Plan · Woche 4";"Zielbild aufbauen: <b>150 Minuten moderate Bewegung pro Woche</b> (WHO) – oder 75 Minuten intensiv, beides kombinierbar. Kardiorespiratorische Fitness ist in Studien stark mit Gesundheit und Lebenserwartung verbunden. Besonders für bisher wenig aktive Menschen zählt deshalb jeder zusätzliche, gut verträgliche Bewegungsumfang.";"Construisez votre objectif : <b>150 minutes d’activité physique modérée par semaine</b> selon l’OMS, ou 75 minutes d’activité intense, les deux pouvant être combinées. Dans les études, la condition cardiorespiratoire est étroitement associée à la santé et à l’espérance de vie. Pour les personnes jusqu’ici peu actives, chaque quantité d’activité supplémentaire bien tolérée compte donc.";"";"";"Marketing, Medizin";"Prüfung erforderlich";"Unzulässigen direkten Risikofaktorvergleich entfernt und Beobachtungszusammenhang korrekt qualifiziert; durch Marketing und Medizin freigeben.";"";"";"recommendation.plan.fi_einstieg.week_4";"recommendations";"fr-CH";"3";"v1:d69b55804c14335744a0a12a0aa976d1ec91e2438349a6a77f6bb61bec9ba1ac";"c41492596c4435b554422622ca8b40029508e7e51bcf1d18a94b66b49ad76715"
"Körperliche Fitness";"Bewegung im Alltag & Einstieg";"Handlungsfelder";"Beschriftung";"Handlungsfeld · Körperliche Fitness · Kurzlabel";"Mehr Bewegung in den Alltag einbauen";"Bouger davantage au quotidien";"";"";"Marketing, Medizin";"Prüfung erforderlich";"";"";"";"recommendation.lever.lv_fitness_alltag.label";"recommendations";"fr-CH";"3";"v1:d69b55804c14335744a0a12a0aa976d1ec91e2438349a6a77f6bb61bec9ba1ac";"1a34d5a7503c00cc03dcc6f0a8fa998f27b8af175294a2379f375bb69894ef0d"
"Körperliche Fitness";"Bewegung im Alltag & Einstieg";"Handlungsfelder";"Detailtext";"Handlungsfeld · Körperliche Fitness · Detailtext";"Treppe statt Lift, eine Haltestelle früher aussteigen, kurze Gehpausen – Alltagsbewegung summiert sich schneller, als man denkt.";"Prendre les escaliers plutôt que l’ascenseur, descendre un arrêt plus tôt ou faire de courtes pauses de marche : l’activité quotidienne s’additionne plus vite qu’on ne le pense.";"";"";"Marketing, Medizin";"Prüfung erforderlich";"";"";"";"recommendation.lever.lv_fitness_alltag.detail";"recommendations";"fr-CH";"3";"v1:d69b55804c14335744a0a12a0aa976d1ec91e2438349a6a77f6bb61bec9ba1ac";"af03f9232d3bb75fcfcd7e7383334516aedfe52427fb304eef33d123239476cd"
"Körperliche Fitness";"Bewegung im Alltag & Einstieg";"Quellenlabels";"Quellenbezeichnung";"Sichtbares Label einer Fachquelle";"Schweizer Bewegungsempfehlungen (HEPA Schweiz / BASPO)";"Recommandations suisses en matière d’activité physique (HEPA Suisse / OFSPO)";"";"";"Marketing, Medizin";"Prüfung erforderlich";"Korrigierte institutionelle Zuordnung vor Go-live durch Marketing und Medizin freigeben.";"";"";"recommendation.source.bag_bewegung.label";"recommendations";"fr-CH";"3";"v1:d69b55804c14335744a0a12a0aa976d1ec91e2438349a6a77f6bb61bec9ba1ac";"9a8114cb3cdc3275360394eb696a94778e0a81c9f3ea4ba28fd06fecb5c2c47c"
"Körperliche Fitness";"Bewegung im Alltag & Einstieg";"Stärken";"Beschriftung";"Stärke · Körperliche Fitness · Kurzlabel";"Fit für den Alltag";"En forme au quotidien";"";"";"Marketing";"Prüfung erforderlich";"";"";"";"recommendation.strength.st_alltagsfit.label";"recommendations";"fr-CH";"3";"v1:d69b55804c14335744a0a12a0aa976d1ec91e2438349a6a77f6bb61bec9ba1ac";"d60d06d403e006a5cb7d151cc0bf6e9e3221490f6111996f075b36616ae3ad69"
"Körperliche Fitness";"Bewegung im Alltag & Einstieg";"Stärken";"Detailtext";"Stärke · Körperliche Fitness · Detailtext";"Aufstehen, Treppen, Tragen – die funktionellen Grundfähigkeiten meistern Sie ohne Mühe.";"Vous maîtrisez sans difficulté les capacités fonctionnelles de base : vous relever, monter les escaliers et porter des charges.";"";"";"Marketing, Medizin";"Prüfung erforderlich";"";"";"";"recommendation.strength.st_alltagsfit.detail";"recommendations";"fr-CH";"3";"v1:d69b55804c14335744a0a12a0aa976d1ec91e2438349a6a77f6bb61bec9ba1ac";"28a9b162ec8fcd0b0f0a57098267132de40ee3aa0d30dbc6fc4dfc9d64215eaa"
"Körperliche Fitness";"Bewegung im Alltag & Einstieg";"Stärken";"Beschriftung";"Stärke · Körperliche Fitness · Kurzlabel";"WHO-Bewegungsziel erreicht";"Objectif d’activité physique de l’OMS atteint";"";"";"Marketing";"Prüfung erforderlich";"";"";"";"recommendation.strength.st_bewegung.label";"recommendations";"fr-CH";"3";"v1:d69b55804c14335744a0a12a0aa976d1ec91e2438349a6a77f6bb61bec9ba1ac";"ac73fc9a5a467a23a2a128734483c60a98695960ef3f9fdce69babdb91d17fd3"
"Körperliche Fitness";"Bewegung im Alltag & Einstieg";"Stärken";"Detailtext";"Stärke · Körperliche Fitness · Detailtext";"Ihre wöchentliche Ausdaueraktivität liegt im empfohlenen Bereich – das schützt Herz, Stoffwechsel und Psyche.";"Votre activité d’endurance hebdomadaire se situe dans la plage recommandée. Cela protège le cœur, le métabolisme et la santé psychique.";"";"";"Marketing, Medizin";"Prüfung erforderlich";"";"";"";"recommendation.strength.st_bewegung.detail";"recommendations";"fr-CH";"3";"v1:d69b55804c14335744a0a12a0aa976d1ec91e2438349a6a77f6bb61bec9ba1ac";"2d4aed31f88e024f8f453fea43b7b35fa906c2cbaf391677aa48c3e253baa8d6"
"Körperliche Fitness";"Krafttraining & Muskulatur";"Empfehlungskarten";"Überschrift";"Empfehlungskarte · Körperliche Fitness · Titel";"Kraft gezielt aufbauen";"Développer votre force de manière ciblée";"";"";"Marketing";"Prüfung erforderlich";"Titel gilt sowohl bei zu wenig Krafttraining als auch bei einem ausbaufähigen Kurztest; durch Marketing freigeben.";"";"";"recommendation.catalog.fi_kraft.title";"recommendations";"fr-CH";"3";"v1:d69b55804c14335744a0a12a0aa976d1ec91e2438349a6a77f6bb61bec9ba1ac";"81937044fcc3a4a64436717f60547f6470b9d318fe11fe8a110aa71cb1629d1b"
"Körperliche Fitness";"Krafttraining & Muskulatur";"Empfehlungskarten";"Begründung / Einordnung";"Empfehlungskarte · Körperliche Fitness · Begründung";"Ihre Angaben zur Alltagskraft, Ihr Krafttraining oder ein freiwilliger Kurztest zeigen Potenzial bei Muskelkraft oder lokaler Kraftausdauer. Kraft unterstützt Belastbarkeit, Knochen und funktionelle Selbstständigkeit – und wird mit zunehmendem Alter besonders wichtig.";"Vos indications sur votre force au quotidien, votre musculation ou un test court facultatif montrent un potentiel concernant la force musculaire ou l’endurance de force locale. La force favorise la résistance à l’effort, la santé osseuse et l’autonomie fonctionnelle et devient particulièrement importante avec l’avancée en âge.";"";"";"Marketing, Medizin";"Prüfung erforderlich";"Deckt Krafttraining, erschwertes Tragen sowie Fitness-Kurztests ab; redaktionell freigeben.";"";"";"recommendation.catalog.fi_kraft.why";"recommendations";"fr-CH";"3";"v1:d69b55804c14335744a0a12a0aa976d1ec91e2438349a6a77f6bb61bec9ba1ac";"fed1091f9f001bce74cce7a7df94d0a9d42062c46a45c2f6ab16e14ce5c7535e"
"Körperliche Fitness";"Krafttraining & Muskulatur";"Empfehlungskarten";"Nächster Schritt";"Empfehlungskarte · Körperliche Fitness · konkreter nächster Schritt";"Nutzen Sie zwei feste Termine pro Woche für gezielten Kraftaufbau – zum Beispiel mit Kniebeugen, passenden Liegestütz-Varianten und Ausfallschritten. Wählen Sie eine sichere Variante, die Sie kontrolliert ausführen können.";"Réservez deux créneaux fixes par semaine au développement ciblé de la force, par exemple avec des squats, des variantes adaptées de pompes et des fentes. Choisissez une variante sûre que vous pouvez exécuter de manière contrôlée.";"";"";"Marketing, Medizin";"Prüfung erforderlich";"Funktioniert auch für Personen, die bereits mehrfach pro Woche trainieren, aber in einem Kurztest Potenzial zeigen.";"";"";"recommendation.catalog.fi_kraft.step";"recommendations";"fr-CH";"3";"v1:d69b55804c14335744a0a12a0aa976d1ec91e2438349a6a77f6bb61bec9ba1ac";"1c227b448032f9347662107c4f28ae28a624639d6c66dab421914c2d9df937da"
"Körperliche Fitness";"Krafttraining & Muskulatur";"Empfehlungskarten";"Erwarteter Nutzen";"Empfehlungskarte · Körperliche Fitness · erwarteter Nutzen";"Regelmässiges Krafttraining kann Muskelkraft, Alltagsfunktion und körperliche Selbstständigkeit unterstützen.";"Une musculation régulière peut soutenir la force musculaire, les capacités au quotidien et l’autonomie physique.";"";"";"Marketing, Medizin";"Prüfung erforderlich";"Medizinisch vorsichtiger formuliert; freigeben.";"";"";"recommendation.catalog.fi_kraft.benefit";"recommendations";"fr-CH";"3";"v1:d69b55804c14335744a0a12a0aa976d1ec91e2438349a6a77f6bb61bec9ba1ac";"09f1542fda3ce15aa7d15d990ab9a88106a05bce1363e0c2a9ea310265297e1c"
"Körperliche Fitness";"Krafttraining & Muskulatur";"4-Wochen-Pläne";"4-Wochen-Plan";"4-Wochen-Plan · Diese Woche, aktuell ein Trainingstag";"Sie trainieren bereits einen Tag – bauen Sie einen <b>zweiten</b> festen Termin pro Woche ein. Pro Einheit 20 Minuten mit dem eigenen Körpergewicht: Kniebeugen, Liegestütze (auch an der Wand oder auf Knien) und Ausfallschritte, je 2–3 Sätze. Die letzten zwei Wiederholungen sollen deutlich anstrengend sein – genau dort entsteht der Reiz.";"Vous vous entraînez déjà un jour par semaine : ajoutez un <b>deuxième</b> créneau fixe. Chaque séance dure 20 minutes au poids du corps : squats, pompes, également contre un mur ou sur les genoux, et fentes, à raison de 2 à 3 séries chacune. Les deux dernières répétitions doivent être nettement difficiles : c’est précisément là que se crée le stimulus.";"";"";"Marketing, Medizin";"Prüfung erforderlich";"";"";"";"recommendation.plan.fi_kraft.this_week.one_day";"recommendations";"fr-CH";"3";"v1:d69b55804c14335744a0a12a0aa976d1ec91e2438349a6a77f6bb61bec9ba1ac";"046eaa14fa2f23191428781da899c0665bacf4e491fd601b547dcb5d68f16161"
"Körperliche Fitness";"Krafttraining & Muskulatur";"4-Wochen-Pläne";"4-Wochen-Plan";"4-Wochen-Plan · Diese Woche, aktuell kein Krafttraining";"Zwei Einheiten à 20 Minuten mit dem eigenen Körpergewicht: Kniebeugen, Liegestütze (auch an der Wand oder auf Knien) und Ausfallschritte – je 2–3 Sätze. Die letzten zwei Wiederholungen sollen deutlich anstrengend sein; genau dort entsteht der Trainingsreiz.";"Deux séances de 20 minutes au poids du corps : squats, pompes, également contre un mur ou sur les genoux, et fentes, à raison de 2 à 3 séries chacune. Les deux dernières répétitions doivent être nettement difficiles : c’est précisément là que se crée le stimulus d’entraînement.";"";"";"Marketing, Medizin";"Prüfung erforderlich";"";"";"";"recommendation.plan.fi_kraft.this_week.zero_days";"recommendations";"fr-CH";"3";"v1:d69b55804c14335744a0a12a0aa976d1ec91e2438349a6a77f6bb61bec9ba1ac";"5b37fbeabc5a358ce9946bf035625fb4dda8aafe2e9a06561eb9def1b01747e1"
"Körperliche Fitness";"Krafttraining & Muskulatur";"4-Wochen-Pläne";"4-Wochen-Plan";"4-Wochen-Plan · Diese Woche, Krafttraining bereits mindestens zweimal pro Woche, aber Kurztest mit Trainingspotenzial";"Sie trainieren bereits regelmässig. Wählen Sie für die nächsten vier Wochen zwei gut steuerbare Übungen, die zu Ihrem Testresultat passen, und dokumentieren Sie Sätze, Wiederholungen sowie Ausführungsvariante. Steigern Sie nur bei sauberer, schmerzfreier Ausführung.";"Vous vous entraînez déjà régulièrement. Pour les quatre prochaines semaines, choisissez deux exercices faciles à contrôler et adaptés au résultat de votre test, puis documentez les séries, les répétitions et la variante d’exécution. N’augmentez la difficulté que si l’exécution est correcte et sans douleur.";"";"";"Marketing, Medizin";"Prüfung erforderlich";"Neue Variante verhindert den falschen Hinweis auf fehlendes Krafttraining, wenn die Empfehlung allein aus einem Kurztest entsteht.";"";"";"recommendation.plan.fi_kraft.this_week.test_result";"recommendations";"fr-CH";"3";"v1:d69b55804c14335744a0a12a0aa976d1ec91e2438349a6a77f6bb61bec9ba1ac";"60b8dedb7626cc8c8f2b9412f42c0f58024c20ee9df8736be2eccd4af8d81e0d"
"Körperliche Fitness";"Krafttraining & Muskulatur";"4-Wochen-Pläne";"4-Wochen-Plan";"4-Wochen-Plan · Woche 2–3, Alter ab 60";"Steigern Sie behutsam (langsamer ausführen, Pausen verkürzen, Widerstand ergänzen). Mit zunehmendem Alter werden Kraft und Muskelmasse für Sturzsicherheit und Selbstständigkeit besonders wichtig. Auch im höheren Alter lassen sich Kraft und Muskelfunktion gezielt verbessern.";"Progressez avec prudence, par exemple en ralentissant l’exécution, en raccourcissant les pauses ou en ajoutant de la résistance. Avec l’avancée en âge, la force et la masse musculaire deviennent particulièrement importantes pour prévenir les chutes et préserver l’autonomie. La force et la fonction musculaire peuvent être améliorées de manière ciblée, même à un âge avancé.";"";"";"Marketing, Medizin";"Prüfung erforderlich";"Absolute Wiederherstellungsbehauptung evidenznäher formuliert; durch Marketing und Medizin freigeben.";"";"";"recommendation.plan.fi_kraft.weeks_2_3.age_60_plus";"recommendations";"fr-CH";"3";"v1:d69b55804c14335744a0a12a0aa976d1ec91e2438349a6a77f6bb61bec9ba1ac";"b8492e2dfb8afd8e7288ce80626227796461abf620fb66f805b68a66a849716e"
"Körperliche Fitness";"Krafttraining & Muskulatur";"4-Wochen-Pläne";"4-Wochen-Plan";"4-Wochen-Plan · Woche 2–3, Alter unter 60";"Steigern Sie den Widerstand, nicht nur die Wiederholungszahl (langsamer ausführen, Pausen verkürzen, Gewicht ergänzen). Muskelmasse und Kraft nehmen ohne regelmässigen Trainingsreiz mit dem Alter tendenziell ab; Krafttraining kann beides auch im höheren Alter erhalten und verbessern.";"Augmentez la résistance, pas seulement le nombre de répétitions, par exemple en ralentissant l’exécution, en raccourcissant les pauses ou en ajoutant du poids. Sans stimulus d’entraînement régulier, la masse musculaire et la force tendent à diminuer avec l’âge ; la musculation peut les entretenir et les améliorer, même à un âge avancé.";"";"";"Marketing, Medizin";"Prüfung erforderlich";"Falsche Aussage vom «einzigen Organ» entfernt und altersbezogene Wirkung vorsichtiger formuliert; durch Marketing und Medizin freigeben.";"";"";"recommendation.plan.fi_kraft.weeks_2_3.under_60";"recommendations";"fr-CH";"3";"v1:d69b55804c14335744a0a12a0aa976d1ec91e2438349a6a77f6bb61bec9ba1ac";"25017d657c4f909d59c9c7684099a0b02f1fdcc7256d266310ca84285e935c50"
"Körperliche Fitness";"Krafttraining & Muskulatur";"4-Wochen-Pläne";"4-Wochen-Plan";"4-Wochen-Plan · Woche 4";"Verankern Sie <b>zweimal pro Woche für alle grossen Muskelgruppen</b> (WHO-Empfehlung) als festen Termin. Kontrolle ohne Geräte: Wie fühlen sich zwei volle Einkaufstaschen an? Wie leicht stehen Sie vom Boden auf?";"Ancrez dans votre agenda un entraînement <b>deux fois par semaine de tous les grands groupes musculaires</b>, conformément à la recommandation de l’OMS. Contrôle sans appareil : comment ressentez-vous le fait de porter deux sacs de courses pleins ? Avec quelle facilité vous relevez-vous du sol ?";"";"";"Marketing, Medizin";"Prüfung erforderlich";"";"";"";"recommendation.plan.fi_kraft.week_4";"recommendations";"fr-CH";"3";"v1:d69b55804c14335744a0a12a0aa976d1ec91e2438349a6a77f6bb61bec9ba1ac";"7665f41a98f3eebec09f59939ec85ff4c3403bd1c2c1b72c99ab9c7d609d295d"
"Körperliche Fitness";"Krafttraining & Muskulatur";"Fitness-Kurztests";"Überschrift";"Ergebnisdetail Körperliche Fitness, Titel des ausgefüllten Liegestütz-Tests";"Liegestütz-Test";"Test des pompes";"";"";"Marketing";"Prüfung erforderlich";"Neue Ergebnisdarstellung; redaktionell freigeben.";"";"";"recommendation.fitness_test.liegestuetze.title";"recommendations";"fr-CH";"3";"v1:d69b55804c14335744a0a12a0aa976d1ec91e2438349a6a77f6bb61bec9ba1ac";"475e5198d33a92f013000f8c81d49f487bd45a7faf953c6571438a74389b6e84"
"Körperliche Fitness";"Krafttraining & Muskulatur";"Fitness-Kurztests";"Begründung / Einordnung";"Ergebnisdetail Liegestütz-Test ohne fachlich passende Vergleichsgruppe";"Ihr Ergebnis zeigt Ihre aktuelle Leistung im Standard-Liegestütz. Ohne fachlich passende Vergleichsgruppe zeigen wir bewusst keine Einordnungsstufe.";"Votre résultat montre votre performance actuelle aux pompes standard. En l’absence d’un groupe de comparaison adapté, nous n’affichons volontairement aucun niveau d’évaluation.";"";"";"Marketing, Medizin";"Prüfung erforderlich";"Verhindert eine Scheinpräzision bei Protokoll- oder Altersabweichungen.";"";"";"recommendation.fitness_test.liegestuetze.interpretation.unrated";"recommendations";"fr-CH";"3";"v1:d69b55804c14335744a0a12a0aa976d1ec91e2438349a6a77f6bb61bec9ba1ac";"d1a103bcec98af233f2aa7fe7f6ceef1f736f02b73083ed0cadb2e8dfe82f6a4"
"Körperliche Fitness";"Krafttraining & Muskulatur";"Fitness-Kurztests";"Begründung / Einordnung";"Ergebnisdetail Liegestütz-Test, gesundheitliche Relevanz";"Der Test bildet vor allem die Kraftausdauer von Brust, Schultern, Armen und Rumpf ab. Muskelkraft unterstützt Belastbarkeit, Mobilität und gesundes Altern. Das Ergebnis ist ein Trainingshinweis – kein Herz-Kreislauf-Risikotest.";"Le test reflète surtout l’endurance de force de la poitrine, des épaules, des bras et du tronc. La force musculaire favorise la résistance à l’effort, la mobilité et le vieillissement en bonne santé. Le résultat constitue une indication pour l’entraînement, et non un test du risque cardiovasculaire.";"";"";"Marketing, Medizin";"Prüfung erforderlich";"Die begrenzte Beobachtungsstudie bei männlichen Feuerwehrleuten wird nicht als individueller Risikorechner dargestellt.";"";"";"recommendation.fitness_test.liegestuetze.relevance";"recommendations";"fr-CH";"3";"v1:d69b55804c14335744a0a12a0aa976d1ec91e2438349a6a77f6bb61bec9ba1ac";"a58adcb0d9340a03e4ac9f037eb982e94853b6dc80880fa13e91c85e5ca4f1cb"
"Körperliche Fitness";"Krafttraining & Muskulatur";"Fitness-Kurztests";"Medizinischer Hinweis";"Ergebnisdetail Liegestütz-Test, Alter ausserhalb der verwendeten Vergleichsreihen";"Die verwendeten Vergleichsreihen reichen bei Frauen von 18 bis 94 Jahren und bei Männern von 20 bis 94 Jahren. Ausserhalb dieser Altersbereiche wird Ihr Wert nur als persönliche Ausgangsmessung gezeigt.";"Les séries de comparaison utilisées couvrent les femmes de 18 à 94 ans et les hommes de 20 à 94 ans. En dehors de ces tranches d’âge, votre valeur est uniquement affichée comme mesure initiale personnelle.";"";"";"Marketing, Medizin";"Prüfung erforderlich";"Vor Go-live Zielalter und Referenzmodell fachlich entscheiden.";"";"femmes de 18 à 94 ans | hommes de 20 à 94 ans | mesure initiale personnelle";"recommendation.fitness_test.liegestuetze.reference_note.age_outside";"recommendations";"fr-CH";"3";"v1:d69b55804c14335744a0a12a0aa976d1ec91e2438349a6a77f6bb61bec9ba1ac";"e354653439656f3eb1f308ba80b311e662578b9b32194bb346e1621f12d286aa"
"Körperliche Fitness";"Krafttraining & Muskulatur";"Fitness-Kurztests";"Medizinischer Hinweis";"Ergebnisdetail Liegestütz-Test, direkte und praktische Standard-Liegestütz-Orientierung für Frauen 18 bis 65";"Für Frauen von 18 bis 24 Jahren verwendet die Einordnung eine kleine direkt untersuchte Standard-Liegestütz-Skala, von 25 bis 65 Jahren praktische Orientierungswerte. Beides sind keine populationsweit validierten Normen oder medizinischen Grenzen.";"Pour les femmes de 18 à 24 ans, l’évaluation utilise une petite échelle de pompes standard étudiée directement; de 25 à 65 ans, elle utilise des valeurs d’orientation pratiques. Il ne s’agit ni de normes validées à l’échelle de la population ni de seuils médicaux.";"";"";"Marketing, Medizin";"Prüfung erforderlich";"Adams et al. liefern die kleine direkte Stichprobe 18 bis 24; Topend veröffentlicht die praktische Tabelle ab 25, nennt deren Originalquelle jedoch unbekannt.";"";"femmes de 18 à 24 ans | 25 à 65 ans | échelle de pompes standard | normes validées à l’échelle de la population";"recommendation.fitness_test.liegestuetze.reference_note.harmonized_orientation";"recommendations";"fr-CH";"3";"v1:d69b55804c14335744a0a12a0aa976d1ec91e2438349a6a77f6bb61bec9ba1ac";"9b5a960aede48ab9e1e5d915e8227684caa99b6224cc1e38c83a36a8ceaca5f5"
"Körperliche Fitness";"Krafttraining & Muskulatur";"Fitness-Kurztests";"Medizinischer Hinweis";"Ergebnisdetail Liegestütz-Test, keine passende geschlechtsspezifische Vergleichsgruppe";"Für die gewählte Geschlechtsangabe liegt keine passende Vergleichsgruppe vor. Deshalb bleibt dieses Ergebnis eine persönliche Ausgangsmessung ohne automatische Einordnung oder Empfehlung.";"Aucun groupe de comparaison adapté n’est disponible pour le genre indiqué. Ce résultat reste donc une mesure initiale personnelle, sans évaluation ni recommandation automatique.";"";"";"Marketing, Medizin";"Prüfung erforderlich";"Kein binärer Tabellen-Fallback für intersex/andere.";"";"Aucun groupe de comparaison adapté | mesure initiale personnelle";"recommendation.fitness_test.liegestuetze.reference_note.reference_unavailable";"recommendations";"fr-CH";"3";"v1:d69b55804c14335744a0a12a0aa976d1ec91e2438349a6a77f6bb61bec9ba1ac";"42fcf0c2385f6afb29da3ea597cc63ff4fe7612e0de14e2752ee8d74fdb896a3"
"Körperliche Fitness";"Krafttraining & Muskulatur";"Fitness-Kurztests";"Medizinischer Hinweis";"Ergebnisdetail Liegestütz-Test, modellierte Altersfortschreibung bis 94";"Für Frauen von 66 bis 94 Jahren und Männer von 70 bis 94 Jahren sind die Vergleichswerte altersadjustiert modelliert, weil direkte Standard-Liegestütz-Normen fehlen. Sie dienen nur als Trainingsorientierung und sind keine medizinischen Grenzen.";"Pour les femmes de 66 à 94 ans et les hommes de 70 à 94 ans, les valeurs de comparaison sont des modèles ajustés selon l’âge, car il n’existe pas de normes directes pour les pompes standard. Elles servent uniquement d’orientation pour l’entraînement et ne constituent pas des seuils médicaux.";"";"";"Marketing, Medizin";"Prüfung erforderlich";"Die Fortschreibung nutzt die geschlechtsspezifische Arm-Curl-Altersentwicklung aus Rikli und Jones; sie ist keine direkte Liegestütz-Norm.";"";"femmes de 66 à 94 ans | hommes de 70 à 94 ans | modèles | pas des seuils médicaux";"recommendation.fitness_test.liegestuetze.reference_note.modeled_orientation";"recommendations";"fr-CH";"3";"v1:d69b55804c14335744a0a12a0aa976d1ec91e2438349a6a77f6bb61bec9ba1ac";"3d50c2fd015b355920214e827d152559ad8390dc14c17c402217afeaa4e4431a"
"Körperliche Fitness";"Krafttraining & Muskulatur";"Fitness-Kurztests";"Dynamischer Text";"4-Wochen-Plan · persönliche Verlaufskontrolle nach tiefem Wandsitz-Wert ohne bekannten Bluthochdruck";"Wenn Sie sich beschwerdefrei fühlen, können Sie den Wandsitz unter denselben Bedingungen wiederholen und mit Ihrem Ausgangswert von {{baselineValue}} Sekunden vergleichen. Der nächste Vergleichswert liegt bei {{orientationValue}} Sekunden; er ist keine medizinische Grenze und kein versprochener Vier-Wochen-Erfolg. Brechen Sie bei Schmerzen, Schwindel oder Atemnot sofort ab.";"Si vous ne ressentez aucun symptôme, vous pouvez répéter la chaise contre un mur dans les mêmes conditions et comparer le résultat à votre valeur initiale de {{baselineValue}} secondes. La prochaine valeur de comparaison est de {{orientationValue}} secondes ; il ne s’agit ni d’une limite médicale ni d’un résultat promis après quatre semaines. Arrêtez immédiatement en cas de douleurs, de vertiges ou de difficulté respiratoire.";"";"";"Marketing, Medizin";"Prüfung erforderlich";"Maximaler Wandsitz kann den Blutdruck stark erhöhen; medizinisch freigeben.";"{{baselineValue}} | {{orientationValue}}";"limite médicale | douleurs | vertiges | difficulté respiratoire";"recommendation.fitness_test.retest.wandsitz";"recommendations";"fr-CH";"3";"v1:d69b55804c14335744a0a12a0aa976d1ec91e2438349a6a77f6bb61bec9ba1ac";"00e5becb703a3cc6a4b43a17a8f213b058548add6d3f43aab0a5c0220384d137"
"Körperliche Fitness";"Krafttraining & Muskulatur";"Fitness-Kurztests";"Dynamischer Text";"4-Wochen-Plan · persönlicher Abschluss-Check nach tiefem Liegestütz-Test";"Wiederholen Sie den Standard-Liegestütz-Test unter denselben Bedingungen und mit derselben sauberen Ausführung. Vergleichen Sie mit Ihrem Ausgangswert von {{baselineValue}} Wiederholungen. Der nächste Vergleichswert liegt bei {{orientationValue}} Wiederholungen; er ist keine medizinische Grenzlinie und kein versprochener Vier-Wochen-Erfolg. Brechen Sie bei Schmerzen, Schwindel oder Atemnot ab.";"Répétez le test des pompes standard dans les mêmes conditions et avec la même exécution correcte. Comparez le résultat à votre valeur initiale de {{baselineValue}} répétitions. La prochaine valeur de comparaison est de {{orientationValue}} répétitions ; il ne s’agit ni d’une limite médicale ni d’un résultat promis après quatre semaines. Arrêtez-vous en cas de douleurs, de vertiges ou de difficulté respiratoire.";"";"";"Marketing, Medizin";"Prüfung erforderlich";"Nur bei scorebarer Standard-Liegestütz-Einordnung automatisch ausgespielt; praktische und modellierte Werte bleiben Trainingsorientierungen.";"{{baselineValue}} | {{orientationValue}}";"test des pompes standard | limite médicale | douleurs | vertiges | difficulté respiratoire";"recommendation.fitness_test.retest.liegestuetze";"recommendations";"fr-CH";"3";"v1:d69b55804c14335744a0a12a0aa976d1ec91e2438349a6a77f6bb61bec9ba1ac";"719ff5b63110b08e00900530a657047200f0dcd5e538c8c864a060289453c955"
"Körperliche Fitness";"Krafttraining & Muskulatur";"Fitness-Kurztests";"Dynamischer Text";"4-Wochen-Plan · Sicherheitsersatz statt maximalem Wandsitz-Retest bei bekanntem Bluthochdruck";"Wegen Ihrer Angabe zu Bluthochdruck empfehlen wir keinen automatischen maximalen Wandsitz-Retest. Besprechen Sie zuerst mit einer Fachperson, welche Belastung für Sie passend ist. Ihr bisheriger Ausgangswert beträgt {{baselineValue}} Sekunden. Bei Schmerzen, Schwindel oder Atemnot brechen Sie körperliche Belastung ab.";"En raison de votre indication concernant l’hypertension, nous ne recommandons pas automatiquement de répéter un test maximal de la chaise contre un mur. Discutez d’abord avec un professionnel de la santé du niveau d’effort qui vous convient. Votre valeur initiale actuelle est de {{baselineValue}} secondes. En cas de douleurs, de vertiges ou de difficulté respiratoire, arrêtez l’effort physique.";"";"";"Marketing, Medizin";"Prüfung erforderlich";"Sicherheitsregel nach aktueller Evidenz zur akuten Blutdruckreaktion; medizinisch freigeben.";"{{baselineValue}}";"hypertension | ne recommandons pas automatiquement de répéter un test maximal de la chaise contre un mur | professionnel de la santé | douleurs | vertiges | difficulté respiratoire";"recommendation.fitness_test.retest.wandsitz.medical_clearance";"recommendations";"fr-CH";"3";"v1:d69b55804c14335744a0a12a0aa976d1ec91e2438349a6a77f6bb61bec9ba1ac";"60249ba0debb2645ed3e75e25173d34ad07cf9742f2139e2896717158a397546"
"Körperliche Fitness";"Krafttraining & Muskulatur";"Fitness-Kurztests";"Überschrift";"Ergebnisdetail Körperliche Fitness, Titel des ausgefüllten Wandsitz-Tests";"Wandsitz-Test";"Test de la chaise contre un mur";"";"";"Marketing";"Prüfung erforderlich";"Neue Ergebnisdarstellung; redaktionell freigeben.";"";"";"recommendation.fitness_test.wandsitz.title";"recommendations";"fr-CH";"3";"v1:d69b55804c14335744a0a12a0aa976d1ec91e2438349a6a77f6bb61bec9ba1ac";"404b437f66eac25155bf4e28d96d8eed2f679821dc403e14467c012e6d97ca6d"
"Körperliche Fitness";"Krafttraining & Muskulatur";"Fitness-Kurztests";"Begründung / Einordnung";"Ergebnisdetail Wandsitz-Test ohne passende Vergleichsgruppe";"Für Ihre Angaben liegt keine passende Vergleichsgruppe vor. Ihr Wert bleibt als persönliche Ausgangsmessung sichtbar. Haltung, Winkel und Motivation können das Ergebnis beeinflussen.";"Aucun groupe de comparaison adapté ne correspond à vos indications. Votre valeur reste visible comme mesure initiale personnelle. La posture, l’angle et la motivation peuvent influencer le résultat.";"";"";"Marketing, Medizin";"Prüfung erforderlich";"Bewusst keine Einordnung ohne passende Alters- und Geschlechtsreferenz.";"";"";"recommendation.fitness_test.wandsitz.interpretation.unrated";"recommendations";"fr-CH";"3";"v1:d69b55804c14335744a0a12a0aa976d1ec91e2438349a6a77f6bb61bec9ba1ac";"afc568505711a155c4c67f307d08280bb6623368fc8bf0969894e1240874de85"
"Körperliche Fitness";"Krafttraining & Muskulatur";"Fitness-Kurztests";"Begründung / Einordnung";"Ergebnisdetail Wandsitz-Test, gesundheitliche Relevanz";"Der Wandsitz zeigt die lokale statische Kraftausdauer Ihrer Beinmuskulatur. Diese unterstützt Aufstehen, Treppensteigen und stabile Alltagsbewegungen. Der Test misst nicht Ihre Herz-Kreislauf-Ausdauer.";"La chaise contre un mur montre l’endurance de force statique locale des muscles de vos jambes. Celle-ci favorise le lever, la montée des escaliers et la stabilité des mouvements quotidiens. Le test ne mesure pas votre endurance cardiovasculaire.";"";"";"Marketing, Medizin";"Prüfung erforderlich";"Zuordnung zur Muskulatur statt zur Kondition ist medizinisch freigegeben; Text redaktionell freigeben.";"";"endurance de force statique locale | ne mesure pas votre endurance cardiovasculaire";"recommendation.fitness_test.wandsitz.relevance";"recommendations";"fr-CH";"3";"v1:d69b55804c14335744a0a12a0aa976d1ec91e2438349a6a77f6bb61bec9ba1ac";"27eb0dffe397001e7ccc5ec47aca86754165ce962362255cc8661cc162661ad4"
"Körperliche Fitness";"Krafttraining & Muskulatur";"Fitness-Kurztests";"Medizinischer Hinweis";"Ergebnisdetail Wandsitz-Test ohne passende geschlechtsspezifische Vergleichsgruppe";"Die verfügbaren Vergleichswerte sind nach männlich und weiblich getrennt. Für Ihre Angabe zeigen wir deshalb keine Einordnung.";"Les valeurs de comparaison disponibles sont réparties entre hommes et femmes. Nous n’affichons donc aucune évaluation pour votre indication.";"";"";"Marketing, Medizin";"Prüfung erforderlich";"Für intersex liegt in der verwendeten Literatur keine eigene Vergleichstabelle vor.";"";"hommes et femmes | aucune évaluation";"recommendation.fitness_test.wandsitz.reference_note.reference_unavailable";"recommendations";"fr-CH";"3";"v1:d69b55804c14335744a0a12a0aa976d1ec91e2438349a6a77f6bb61bec9ba1ac";"c4950b6b5b51900478708b9607e90e7fc3dc1d77679996dd50531dabda2f4c68"
"Körperliche Fitness";"Krafttraining & Muskulatur";"Fitness-Kurztests";"Medizinischer Hinweis";"Ergebnisdetail Wandsitz-Test, Alter ausserhalb der harmonisierten Erwachsenentabelle";"Die verwendeten Vergleichswerte reichen von 18 bis 94 Jahren. Ausserhalb dieses Altersbereichs wird Ihr Wert ohne Einordnung als persönliche Ausgangsmessung gezeigt.";"Les valeurs de comparaison utilisées couvrent les personnes de 18 à 94 ans. En dehors de cette tranche d’âge, votre valeur est affichée sans évaluation comme mesure initiale personnelle.";"";"";"Marketing, Medizin";"Prüfung erforderlich";"Ab 95 wird wegen der begrenzten Modellbasis keine Scheingenauigkeit ausgegeben.";"";"18 à 94 ans | mesure initiale personnelle";"recommendation.fitness_test.wandsitz.reference_note.age_outside";"recommendations";"fr-CH";"3";"v1:d69b55804c14335744a0a12a0aa976d1ec91e2438349a6a77f6bb61bec9ba1ac";"d2d96fd9744416d70c176fb9673e67dc77141b496a46d3f32dc663ccd8c5c071"
"Körperliche Fitness";"Krafttraining & Muskulatur";"Fitness-Kurztests";"Medizinischer Hinweis";"Ergebnisdetail Wandsitz-Test, harmonisierte Trainingsorientierung 18 bis 94";"Die Wandsitz-Einordnung von 18 bis 94 Jahren ist eine harmonisierte Trainingsorientierung; die höheren Altersbänder sind teilweise extrapoliert. Sie ist keine klinische Norm oder medizinische Grenze.";"L’évaluation de la chaise contre un mur de 18 à 94 ans est une orientation d’entraînement harmonisée; les tranches d’âge supérieures sont en partie extrapolées. Il ne s’agit ni d’une norme clinique ni d’un seuil médical.";"";"";"Marketing, Medizin";"Prüfung erforderlich";"Transparenzhinweis für die nur eingeschränkt belegten 60- bis 69- und extrapolierten 70+-Bänder.";"";"18 à 94 ans | orientation d’entraînement harmonisée | en partie extrapolées | ni d’une norme clinique";"recommendation.fitness_test.wandsitz.reference_note.harmonized_orientation";"recommendations";"fr-CH";"3";"v1:d69b55804c14335744a0a12a0aa976d1ec91e2438349a6a77f6bb61bec9ba1ac";"ca745deffad288ea59bfa9a184d6ff86e2061ad809d2d7cade9236d90070c36f"
"Körperliche Fitness";"Krafttraining & Muskulatur";"Dimensionsdetails";"Überschrift";"Dimensionsdetail · Titel";"Krafttraining fehlt";"Absence de musculation";"";"";"Marketing, Medizin";"Prüfung erforderlich";"";"";"";"recommendation.signal.keine_kraft.title";"recommendations";"fr-CH";"3";"v1:d69b55804c14335744a0a12a0aa976d1ec91e2438349a6a77f6bb61bec9ba1ac";"354243c4aa494bd43ac31f70a36bc21630b9f65e440fed292ec50413e53e633d"
"Körperliche Fitness";"Krafttraining & Muskulatur";"Dimensionsdetails";"Persönliche Einordnung";"Dimensionsdetail · Einordnung";"Muskelmasse und Kraft nehmen ohne regelmässigen Trainingsreiz mit dem Alter tendenziell ab. Krafttraining an mindestens zwei Tagen pro Woche hilft, Kraft und Funktion zu erhalten oder zu verbessern.";"Sans stimulus d’entraînement régulier, la masse musculaire et la force tendent à diminuer avec l’âge. La musculation au moins deux jours par semaine aide à maintenir ou améliorer la force et les capacités physiques.";"";"";"Marketing, Medizin";"Prüfung erforderlich";"Falsche Organbehauptung und pauschales Erfolgsversprechen entfernt; durch Marketing und Medizin freigeben.";"";"";"recommendation.signal.keine_kraft.insight";"recommendations";"fr-CH";"3";"v1:d69b55804c14335744a0a12a0aa976d1ec91e2438349a6a77f6bb61bec9ba1ac";"8cbedb745cd5a022cfe9062cf8b16a0e1b54f3e2a5cb4eb07486f6f84fd36a56"
"Körperliche Fitness";"Krafttraining & Muskulatur";"Dimensionsdetails";"Nächster Schritt";"Dimensionsdetail · konkreter nächster Schritt";"2× pro Woche 20 Minuten Kniebeugen, Liegestütze und Ausfallschritte – ohne Geräte, ohne Studio.";"Deux fois par semaine, faites pendant 20 minutes des squats, des pompes et des fentes, sans appareil ni salle de sport.";"";"";"Marketing, Medizin";"Prüfung erforderlich";"";"";"";"recommendation.signal.keine_kraft.action";"recommendations";"fr-CH";"3";"v1:d69b55804c14335744a0a12a0aa976d1ec91e2438349a6a77f6bb61bec9ba1ac";"25691845a806157befd9233b73839651d26571ee564d28b8f91b4a8ba275fdfe"
"Körperliche Fitness";"Krafttraining & Muskulatur";"Risikosignale";"Risikosignal";"Ergebnisseite, Lebensstil-Signal fehlendes Krafttraining";"Gezieltes Krafttraining fehlt aktuell.";"Vous ne pratiquez actuellement pas de musculation ciblée.";"";"";"Marketing, Medizin";"Prüfung erforderlich";"";"";"";"recommendation.risk_signal.keine_kraft.label";"recommendations";"fr-CH";"3";"v1:d69b55804c14335744a0a12a0aa976d1ec91e2438349a6a77f6bb61bec9ba1ac";"4239c687a0da502576ea84a28191db9919c036d056a1ef80a16c32420d1bf7c4"
"Körperliche Fitness";"Krafttraining & Muskulatur";"Handlungsfelder";"Beschriftung";"Handlungsfeld · Körperliche Fitness · Kurzlabel";"Mit 2× Krafttraining pro Woche starten";"Commencer par 2 séances de musculation par semaine";"";"";"Marketing, Medizin";"Prüfung erforderlich";"";"";"";"recommendation.lever.lv_kraft.label";"recommendations";"fr-CH";"3";"v1:d69b55804c14335744a0a12a0aa976d1ec91e2438349a6a77f6bb61bec9ba1ac";"4835d13727c943fdf3b8911d1c6955dd30ebbc620b4c742efb93fea66ae36560"
"Körperliche Fitness";"Krafttraining & Muskulatur";"Handlungsfelder";"Detailtext";"Handlungsfeld · Körperliche Fitness · Variante Alter ab 50";"Ab 50 baut der Körper ohne Training jährlich Muskulatur ab – zweimal pro Woche Kraftreize erhalten Kraft, Stabilität und Selbstständigkeit.";"À partir de 50 ans, le corps perd chaque année de la masse musculaire sans entraînement. Deux stimulations de force par semaine entretiennent la force, la stabilité et l’autonomie.";"";"";"Marketing, Medizin";"Prüfung erforderlich";"";"";"";"recommendation.lever.lv_kraft.detail.age_50_plus";"recommendations";"fr-CH";"3";"v1:d69b55804c14335744a0a12a0aa976d1ec91e2438349a6a77f6bb61bec9ba1ac";"4f17cbb06568fc60930a7a5f9f33350de89c10317e5efb4dcd44ec3b54a19770"
"Körperliche Fitness";"Krafttraining & Muskulatur";"Handlungsfelder";"Detailtext";"Handlungsfeld · Körperliche Fitness · Variante Alter unter 50";"Muskulatur ist Ihr Stoffwechsel- und Stabilitätsorgan – schon zwei kurze Einheiten pro Woche (auch mit Körpergewicht) wirken.";"La musculature joue un rôle central pour le métabolisme et la stabilité. Deux courtes séances par semaine, même au poids du corps, ont déjà un effet.";"";"";"Marketing, Medizin";"Prüfung erforderlich";"";"";"";"recommendation.lever.lv_kraft.detail.under_50";"recommendations";"fr-CH";"3";"v1:d69b55804c14335744a0a12a0aa976d1ec91e2438349a6a77f6bb61bec9ba1ac";"1de4949f4ef91da39af265975b67d36ef79bef6a4227949af7aff1a34c7d2795"
"Körperliche Fitness";"Krafttraining & Muskulatur";"Stärken";"Beschriftung";"Stärke · Körperliche Fitness · Kurzlabel";"Regelmässiges Krafttraining";"Musculation régulière";"";"";"Marketing";"Prüfung erforderlich";"";"";"";"recommendation.strength.st_kraft.label";"recommendations";"fr-CH";"3";"v1:d69b55804c14335744a0a12a0aa976d1ec91e2438349a6a77f6bb61bec9ba1ac";"cf1cf4793b0549789971998dd884d9aeb30192889195d514b8f7a529b68a8693"
"Körperliche Fitness";"Krafttraining & Muskulatur";"Stärken";"Detailtext";"Stärke · Körperliche Fitness · Detailtext";"Mit mindestens zwei Krafteinheiten pro Woche erfüllen Sie die WHO-Empfehlung und erhalten Muskulatur und Stabilität.";"Avec au moins deux séances de musculation par semaine, vous respectez la recommandation de l’OMS et entretenez votre musculature et votre stabilité.";"";"";"Marketing, Medizin";"Prüfung erforderlich";"";"";"";"recommendation.strength.st_kraft.detail";"recommendations";"fr-CH";"3";"v1:d69b55804c14335744a0a12a0aa976d1ec91e2438349a6a77f6bb61bec9ba1ac";"439fc49433c3d1998776e8c231925ea2701b074c48f2c585bf73119ac42a0a3c"
"Körperliche Fitness";"Krafttraining & Muskulatur";"Ergebnis-Einstieg";"Beschriftung";"Ergebnis-Zusammenfassung · Themenlabel «Krafttraining & Muskulatur»";"Tragkraft im Alltag";"capacité à porter des charges au quotidien";"";"";"Marketing";"Prüfung erforderlich";"";"";"";"ui.hero.topic.einkaufstaschen";"ui";"fr-CH";"3";"v1:d69b55804c14335744a0a12a0aa976d1ec91e2438349a6a77f6bb61bec9ba1ac";"79282ebe147abb04a14bbbf053989b633ea56d53bed2257663de46afc37ab5d4"
"Körperliche Fitness";"Krafttraining & Muskulatur";"Ergebnis-Einstieg";"Beschriftung";"Ergebnis-Zusammenfassung · Themenlabel «Krafttraining & Muskulatur»";"Krafttraining";"musculation";"";"";"Marketing";"Prüfung erforderlich";"";"";"";"ui.hero.topic.krafttraining";"ui";"fr-CH";"3";"v1:d69b55804c14335744a0a12a0aa976d1ec91e2438349a6a77f6bb61bec9ba1ac";"11e5a197725f01025056c72153463792a3b5ea92ddde48c2d9197e98b349aafb"
"Ernährung";"Allgemeine Ernährung";"Coach-Antworten";"Dynamischer Text";"Demo-Coach-Antwort zu Ernährung oder Gewicht";"Kleine Umstellungen wirken: pro Tag eine zusätzliche Portion Gemüse, Hülsenfrüchte oder Vollkorn und gesüsste Getränke reduzieren. Ihr Ernährungs-Wert: <b>{{nutritionScore}}</b>.";"De petits changements font la différence : ajoutez chaque jour une portion de légumes, de légumineuses ou de céréales complètes et réduisez les boissons sucrées. Votre score d’alimentation : <b>{{nutritionScore}}</b>.";"";"";"Marketing, Medizin";"Prüfung erforderlich";"";"{{nutritionScore}}";"";"coach.answer.nutrition";"coach";"fr-CH";"3";"v1:d69b55804c14335744a0a12a0aa976d1ec91e2438349a6a77f6bb61bec9ba1ac";"eaca3d229d3cb08d51e9fe7902c79b9c6c3745d9a642d88e7ac96f9eff342358"
"Ernährung";"Allgemeine Ernährung";"Dimensionsdetails";"Überschrift";"Dimensionsdetail · Titel";"Zucker und stark Verarbeitetes";"Sucre et produits fortement transformés";"";"";"Marketing, Medizin";"Prüfung erforderlich";"";"";"";"recommendation.signal.ernaehrung.title";"recommendations";"fr-CH";"3";"v1:d69b55804c14335744a0a12a0aa976d1ec91e2438349a6a77f6bb61bec9ba1ac";"e0c6c3cb0f1585bcb1b4c7bf9fb790ceef3b6c367540368d708e0e47b50b3a0f"
"Ernährung";"Allgemeine Ernährung";"Gemeinsame Bereichstexte (Fragebogen und Ergebnis)";"Beschriftung";"Gemeinsam in Fragebogen und Ergebnis · Ernährung · Kurzlabel für Navigation und Ergebnisvisualisierung";"Ernährung";"Alimentation";"";"";"Marketing";"Prüfung erforderlich";"";"";"";"service.dimension.ernaehrung.short";"services";"fr-CH";"3";"v1:d69b55804c14335744a0a12a0aa976d1ec91e2438349a6a77f6bb61bec9ba1ac";"1a86a56b9cbb431863f110ac81682e8ae88baa95d79252666fa5f367b1c0d96a"
"Ernährung";"Allgemeine Ernährung";"Gemeinsame Bereichstexte (Fragebogen und Ergebnis)";"Überschrift";"Gemeinsam in Fragebogen und Ergebnis · Ernährung · vollständiger Bereichstitel";"Ernährung";"Alimentation";"";"";"Marketing, Medizin";"Prüfung erforderlich";"";"";"";"service.dimension.ernaehrung.title";"services";"fr-CH";"3";"v1:d69b55804c14335744a0a12a0aa976d1ec91e2438349a6a77f6bb61bec9ba1ac";"a5aee719d23ac974a818fb897a47b4eca1f9134c1d69c6ad928103d5f834ad2f"
"Ernährung";"Allgemeine Ernährung";"Dimensionsdetails";"Persönliche Einordnung";"Dimensionsdetail · Einordnung";"Zuckerhaltige Getränke sättigen meist deutlich weniger als feste Lebensmittel. Je nach Produkt kann ein halber Liter Softdrink rund 50 g Zucker enthalten; Wasser oder Ungesüsstes ist deshalb ein gut umsetzbarer Ersatz.";"Les boissons sucrées rassasient généralement nettement moins que les aliments solides. Selon le produit, un demi-litre de soda peut contenir environ 50 g de sucre ; l’eau ou une boisson non sucrée constitue donc une alternative facile à appliquer.";"";"";"Marketing, Medizin";"Prüfung erforderlich";"Unbelegte Absolutheit zur Sättigung und Priorität entfernt; durch Marketing und Medizin freigeben.";"";"";"recommendation.signal.ernaehrung.insight";"recommendations";"fr-CH";"3";"v1:d69b55804c14335744a0a12a0aa976d1ec91e2438349a6a77f6bb61bec9ba1ac";"9903ed19a55f52b020df65d3d7496f60524f745c6593f0ef37d285a89e884acb"
"Ernährung";"Allgemeine Ernährung";"Gemeinsame Bereichstexte (Fragebogen und Ergebnis)";"Begründung / Einordnung";"Gemeinsam in Fragebogen und Ergebnis · Ernährung · Einleitung im Fragebogen und in den Ergebnisdetails";"Ihre Essgewohnheiten beeinflussen direkt Ihre Gesundheit und Ihr Wohlbefinden.";"Vos habitudes alimentaires influencent directement votre santé et votre bien-être.";"";"";"Marketing, Medizin";"Prüfung erforderlich";"";"";"";"service.dimension.ernaehrung.intro";"services";"fr-CH";"3";"v1:d69b55804c14335744a0a12a0aa976d1ec91e2438349a6a77f6bb61bec9ba1ac";"fcb3aae0745c5f709b1e2ef6f92d4e08ca2ef77e5589549465459495b0fd415a"
"Ernährung";"Allgemeine Ernährung";"Dimensionsdetails";"Nächster Schritt";"Dimensionsdetail · konkreter nächster Schritt";"Ein Zuckergetränk pro Tag durch Wasser ersetzen – reine Fruchtsäfte zählen dazu.";"Remplacez une boisson sucrée par jour par de l’eau ; les jus de fruits purs en font également partie.";"";"";"Marketing, Medizin";"Prüfung erforderlich";"";"";"";"recommendation.signal.ernaehrung.action";"recommendations";"fr-CH";"3";"v1:d69b55804c14335744a0a12a0aa976d1ec91e2438349a6a77f6bb61bec9ba1ac";"52f1607440fe80f9c4a866eae79c38e80f04a463447deb714f968f3af820f90a"
"Ernährung";"Allgemeine Ernährung";"Zusatzhinweise bei abgedeckten Aktionsschritten";"Vertiefung";"Zusatzhinweis bei bereits abgedecktem Aktionsschritt";"Achten Sie zusätzlich auf die Kombination: Flüssiger Zucker und stark verarbeitete Produkte verstärken sich, weil beide viel Energie liefern und nur kurz sättigen. Der Plan setzt deshalb beim leichtesten täglichen Tausch an.";"Observez aussi la combinaison : le sucre liquide et les produits fortement transformés se renforcent mutuellement, car tous deux apportent beaucoup d’énergie et ne rassasient que brièvement. Le programme commence donc par le remplacement quotidien le plus simple.";"";"";"Marketing, Medizin";"Prüfung erforderlich";"";"";"";"recommendation.signal.ernaehrung.deepen";"recommendations";"fr-CH";"3";"v1:d69b55804c14335744a0a12a0aa976d1ec91e2438349a6a77f6bb61bec9ba1ac";"5174083ebdc769a48c838e1d643707df3040a40b21401fe0121c62eb5c479da0"
"Ernährung";"Allgemeine Ernährung";"Risikosignale";"Risikosignal";"Ergebnisseite, Lebensstil-Signal Ernährung";"Zuckerhaltige Getränke oder stark verarbeitete Lebensmittel kommen sehr häufig vor.";"Vous consommez très fréquemment des boissons sucrées ou des aliments fortement transformés.";"";"";"Marketing, Medizin";"Prüfung erforderlich";"";"";"";"recommendation.risk_signal.ernaehrung.label";"recommendations";"fr-CH";"3";"v1:d69b55804c14335744a0a12a0aa976d1ec91e2438349a6a77f6bb61bec9ba1ac";"0a25aafc6f854f66671934abc62889162642762711b20d8ec66cefac1947eca9"
"Ernährung";"Allgemeine Ernährung";"Positive Dimensionstexte";"Positive Rückmeldung";"Positive Verstärkung für die Dimension ernaehrung";"Ihre Ernährung bietet eine gute Grundlage. Geniessen Sie es, dranzubleiben.";"Votre alimentation offre une bonne base. Prenez plaisir à garder le cap.";"";"";"Marketing, Medizin";"Prüfung erforderlich";"Positive Rückmeldung wird nur noch im Status Stark ausgegeben; durch Marketing und Medizin freigeben.";"";"";"recommendation.positive.ernaehrung";"recommendations";"fr-CH";"3";"v1:d69b55804c14335744a0a12a0aa976d1ec91e2438349a6a77f6bb61bec9ba1ac";"2ef711005472d77e97bc72cfca51d07a123598bbd35560c29f215a3829da8767"
"Ernährung";"Allgemeine Ernährung";"Solide Dimensionstexte";"Solide Rückmeldung";"Zurückhaltende Rückmeldung für die Dimension ernaehrung im Status Solide";"Mehrere Ihrer Ernährungsgewohnheiten sind bereits günstig. Kleine, alltagstaugliche Anpassungen können die Qualität weiter verbessern.";"Plusieurs de vos habitudes alimentaires sont déjà favorables. De petites adaptations compatibles avec le quotidien peuvent encore améliorer la qualité.";"";"";"Marketing, Medizin";"Prüfung erforderlich";"Neu vom positiven Feedback ab Score 80 getrennt; durch Marketing und Medizin freigeben.";"";"";"recommendation.solid.ernaehrung";"recommendations";"fr-CH";"3";"v1:d69b55804c14335744a0a12a0aa976d1ec91e2438349a6a77f6bb61bec9ba1ac";"21d269e171126dad22a27a20fc3f5b8ceac4914fc309ed1e0f0e7e7bace1483f"
"Ernährung";"Allgemeine Ernährung";"Ergebnis-Einstieg";"Beschriftung";"Hero-Zusammenfassung, Dimension ernaehrung im Nominativ";"Ihre Ernährung";"Votre alimentation";"";"";"Marketing";"Prüfung erforderlich";"";"";"";"ui.hero.dimension.ernaehrung.nominative";"ui";"fr-CH";"3";"v1:d69b55804c14335744a0a12a0aa976d1ec91e2438349a6a77f6bb61bec9ba1ac";"42788255671c88f8a95b134f4879e4858d5380fc19686313866380111e5968fa"
"Ernährung";"Allgemeine Ernährung";"Ergebnis-Einstieg";"Beschriftung";"Hero-Zusammenfassung, Dimension ernaehrung nach «bei»";"bei Ihrer Ernährung";"au niveau de votre alimentation";"";"";"Marketing";"Prüfung erforderlich";"";"";"";"ui.hero.dimension.ernaehrung.prepositional";"ui";"fr-CH";"3";"v1:d69b55804c14335744a0a12a0aa976d1ec91e2438349a6a77f6bb61bec9ba1ac";"3de56059c3cf25a5dbd8ec0a4ed8c05e6275cb02713a3d4ea1972d6d0174eb4a"
"Ernährung";"Getränke & Zucker";"Empfehlungskarten";"Überschrift";"Empfehlungskarte · Ernährung · Titel";"Flüssige Kalorien reduzieren";"Réduire les calories liquides";"";"";"Marketing";"Prüfung erforderlich";"";"";"";"recommendation.catalog.er_getraenke.title";"recommendations";"fr-CH";"3";"v1:d69b55804c14335744a0a12a0aa976d1ec91e2438349a6a77f6bb61bec9ba1ac";"dd19f8ff1b963cc83337180e6d7c93246713d30aae4ea07c37103a15a2ddd0ea"
"Ernährung";"Getränke & Zucker";"Empfehlungskarten";"Begründung / Einordnung";"Empfehlungskarte · Ernährung · Begründung";"Gesüsste Getränke liefern viel Zucker, ohne satt zu machen, und können Blutzucker und Gewicht ungünstig beeinflussen.";"Les boissons sucrées apportent beaucoup de sucre sans rassasier et peuvent avoir un effet défavorable sur la glycémie et le poids.";"";"";"Marketing, Medizin";"Prüfung erforderlich";"";"";"";"recommendation.catalog.er_getraenke.why";"recommendations";"fr-CH";"3";"v1:d69b55804c14335744a0a12a0aa976d1ec91e2438349a6a77f6bb61bec9ba1ac";"fdc98a8dedc042db26faa86b3a78d34a6436804f6444fda924a61e1b9013850f"
"Ernährung";"Getränke & Zucker";"Empfehlungskarten";"Nächster Schritt";"Empfehlungskarte · Ernährung · konkreter nächster Schritt";"Ersetzen Sie zuckerhaltige Getränke schrittweise durch Wasser, ungesüssten Tee oder mit Früchten aromatisiertes Wasser.";"Remplacez progressivement les boissons sucrées par de l’eau, du thé non sucré ou de l’eau aromatisée avec des fruits.";"";"";"Marketing, Medizin";"Prüfung erforderlich";"";"";"";"recommendation.catalog.er_getraenke.step";"recommendations";"fr-CH";"3";"v1:d69b55804c14335744a0a12a0aa976d1ec91e2438349a6a77f6bb61bec9ba1ac";"49996d1302c15059548b2ebd212fa6020dad2b0c4cc667cd2eaf77d5934ed81c"
"Ernährung";"Getränke & Zucker";"Empfehlungskarten";"Erwarteter Nutzen";"Empfehlungskarte · Ernährung · erwarteter Nutzen";"Weniger flüssiger Zucker entlastet Stoffwechsel und Gewicht spürbar.";"Moins de sucre liquide soulage sensiblement le métabolisme et la gestion du poids.";"";"";"Marketing, Medizin";"Prüfung erforderlich";"";"";"";"recommendation.catalog.er_getraenke.benefit";"recommendations";"fr-CH";"3";"v1:d69b55804c14335744a0a12a0aa976d1ec91e2438349a6a77f6bb61bec9ba1ac";"0cc6a7b34189ef474a03d09cd657cf1e9bb32b6ca2febb79834927bfdd26aaf7"
"Ernährung";"Getränke & Zucker";"4-Wochen-Pläne";"4-Wochen-Plan";"4-Wochen-Plan · Diese Woche";"Ersetzen Sie das erste tägliche Zuckergetränk durch Wasser oder Ungesüsstes. Je nach Produkt kann ein halber Liter Softdrink rund <b>50 g Zucker</b> enthalten und sättigt meist nur wenig.";"Remplacez la première boisson sucrée quotidienne par de l’eau ou une boisson non sucrée. Selon le produit, un demi-litre de soda peut contenir environ <b>50 g de sucre</b> tout en rassasiant généralement très peu.";"";"";"Marketing, Medizin";"Prüfung erforderlich";"Produktabhängigkeit ergänzt und absolute Sättigungsbehauptung entfernt; durch Marketing und Medizin freigeben.";"";"";"recommendation.plan.er_getraenke.this_week";"recommendations";"fr-CH";"3";"v1:d69b55804c14335744a0a12a0aa976d1ec91e2438349a6a77f6bb61bec9ba1ac";"eb06e75174b93ae20db3268379d4e8beba7b8207c82fc952465d1d2d15ef5221"
"Ernährung";"Getränke & Zucker";"4-Wochen-Pläne";"4-Wochen-Plan";"4-Wochen-Plan · Woche 2–3";"Auch <b>reine Fruchtsäfte</b> zählen dazu: Ohne die Fasern der ganzen Frucht bleibt vor allem der Zucker. Machen Sie das gesündere Getränk zur Standardoption – Wasserflasche sichtbar auf den Tisch, Süssgetränke nicht mehr auf Vorrat kaufen.";"Les <b>jus de fruits purs</b> en font également partie : sans les fibres du fruit entier, il reste surtout le sucre. Faites de la boisson plus saine votre option standard : placez une bouteille d’eau bien en vue sur la table et n’achetez plus de boissons sucrées en réserve.";"";"";"Marketing, Medizin";"Prüfung erforderlich";"";"";"";"recommendation.plan.er_getraenke.weeks_2_3";"recommendations";"fr-CH";"3";"v1:d69b55804c14335744a0a12a0aa976d1ec91e2438349a6a77f6bb61bec9ba1ac";"003fad50910545e3996fd1a0ec42d4d9ecf7d1accdb16be516e47e72b9f7b176"
"Ernährung";"Getränke & Zucker";"4-Wochen-Pläne";"4-Wochen-Plan";"4-Wochen-Plan · Woche 4";"Bilanz: An wie vielen Tagen kamen Sie ohne aus? Der Effekt wirkt doppelt – weniger Kalorien und stabilere Blutzuckerkurven, was Heisshunger reduziert. Erlauben Sie sich bewusste Ausnahmen statt Verbote; nur die Regel muss stimmen.";"Bilan : combien de jours avez-vous passés sans boisson sucrée ? L’effet est double : moins de calories et des courbes de glycémie plus stables, ce qui réduit les fringales. Accordez-vous des exceptions conscientes plutôt que des interdictions ; seule la règle générale doit être respectée.";"";"";"Marketing, Medizin";"Prüfung erforderlich";"";"";"";"recommendation.plan.er_getraenke.week_4";"recommendations";"fr-CH";"3";"v1:d69b55804c14335744a0a12a0aa976d1ec91e2438349a6a77f6bb61bec9ba1ac";"f5d7cbb0356fe6730eab3cf89b3c5e6a18378b728eea0fbe6f0ec5aa3bb86c32"
"Ernährung";"Getränke & Zucker";"Handlungsfelder";"Beschriftung";"Handlungsfeld · Ernährung · Kurzlabel";"Zuckergetränke durch Wasser oder Ungesüsstes ersetzen";"Remplacer les boissons sucrées par de l’eau ou des boissons non sucrées";"";"";"Marketing, Medizin";"Prüfung erforderlich";"";"";"";"recommendation.lever.lv_zucker.label";"recommendations";"fr-CH";"3";"v1:d69b55804c14335744a0a12a0aa976d1ec91e2438349a6a77f6bb61bec9ba1ac";"42371180b1ac1ef5be3b3a1c2e0db835e77fb50d60f4fd5b270f40cee74be820"
"Ernährung";"Getränke & Zucker";"Handlungsfelder";"Detailtext";"Handlungsfeld · Ernährung · Detailtext";"Zuckerhaltige Getränke sättigen meist deutlich weniger als feste Lebensmittel. Sie durch Wasser oder Ungesüsstes zu ersetzen, ist deshalb ein gut umsetzbarer Ernährungshebel.";"Les boissons sucrées rassasient généralement nettement moins que les aliments solides. Les remplacer par de l’eau ou des boissons non sucrées constitue donc un levier alimentaire facile à appliquer.";"";"";"Marketing, Medizin";"Prüfung erforderlich";"Unbelegte Absolutheit zur Sättigung und Priorität entfernt; durch Marketing und Medizin freigeben.";"";"";"recommendation.lever.lv_zucker.detail";"recommendations";"fr-CH";"3";"v1:d69b55804c14335744a0a12a0aa976d1ec91e2438349a6a77f6bb61bec9ba1ac";"ec19ee971b1822fe5f251096569245ee3d344ab578dd181f0301cc120dad378a"
"Ernährung";"Getränke & Zucker";"Ergebnis-Einstieg";"Beschriftung";"Ergebnis-Zusammenfassung · Themenlabel «Getränke & Zucker»";"zuckerhaltige Getränke";"boissons sucrées";"";"";"Marketing";"Prüfung erforderlich";"";"";"";"ui.hero.topic.zuckergetraenke";"ui";"fr-CH";"3";"v1:d69b55804c14335744a0a12a0aa976d1ec91e2438349a6a77f6bb61bec9ba1ac";"4690e1a73fb6fb3789222249e672f3a9af5bfacea3e0752c4c88f4ef0aac270b"
"Ernährung";"Omega-3";"Empfehlungskarten";"Überschrift";"Empfehlungskarte · Ernährung · Titel";"Mehr Omega-3 einbauen";"Intégrer davantage d’oméga-3";"";"";"Marketing";"Prüfung erforderlich";"";"";"";"recommendation.catalog.er_omega3.title";"recommendations";"fr-CH";"3";"v1:d69b55804c14335744a0a12a0aa976d1ec91e2438349a6a77f6bb61bec9ba1ac";"f05fb81b58d63487cfcda8fbfc1c8b4c85dfc6a6d42c2b8bd88cf345077c88e0"
"Ernährung";"Omega-3";"Empfehlungskarten";"Begründung / Einordnung";"Empfehlungskarte · Ernährung · Begründung";"Omega-3-reiche Lebensmittel kommen aktuell selten vor. Sie unterstützen Herz, Gehirn und die Entzündungsregulation.";"Les aliments riches en oméga-3 sont actuellement rares dans votre alimentation. Ils soutiennent le cœur, le cerveau et la régulation de l’inflammation.";"";"";"Marketing, Medizin";"Prüfung erforderlich";"";"";"";"recommendation.catalog.er_omega3.why";"recommendations";"fr-CH";"3";"v1:d69b55804c14335744a0a12a0aa976d1ec91e2438349a6a77f6bb61bec9ba1ac";"cb2664f35f7c88d3934b0fdbe86eb08e5b1e4a0881493f5c92f9a01c38994644"
"Ernährung";"Omega-3";"Empfehlungskarten";"Nächster Schritt";"Empfehlungskarte · Ernährung · konkreter nächster Schritt";"Planen Sie 1- bis 2-mal pro Woche fetten Fisch (Lachs, Hering, Makrele) ein oder streuen Sie täglich Leinsamen bzw. Baumnüsse über Ihre Mahlzeiten.";"Prévoyez du poisson gras, comme du saumon, du hareng ou du maquereau, 1 à 2 fois par semaine ou ajoutez chaque jour des graines de lin ou des noix à vos repas.";"";"";"Marketing, Medizin";"Prüfung erforderlich";"";"";"";"recommendation.catalog.er_omega3.step";"recommendations";"fr-CH";"3";"v1:d69b55804c14335744a0a12a0aa976d1ec91e2438349a6a77f6bb61bec9ba1ac";"5ee2979a2c5108a76145e82786ddc976ea65a5feec4140ce1d6fc9bba3052cb1"
"Ernährung";"Omega-3";"Empfehlungskarten";"Erwarteter Nutzen";"Empfehlungskarte · Ernährung · erwarteter Nutzen";"Eine bessere Omega-3-Versorgung unterstützt Herz-Kreislauf-Gesundheit und Wohlbefinden.";"Un meilleur apport en oméga-3 soutient la santé cardiovasculaire et le bien-être.";"";"";"Marketing, Medizin";"Prüfung erforderlich";"";"";"";"recommendation.catalog.er_omega3.benefit";"recommendations";"fr-CH";"3";"v1:d69b55804c14335744a0a12a0aa976d1ec91e2438349a6a77f6bb61bec9ba1ac";"0f71371b50c9afa9d485753a0d8aa29e8a43e20f16bd2ed6ec2222c303c6e3b0"
"Ernährung";"Omega-3";"4-Wochen-Pläne";"4-Wochen-Plan";"4-Wochen-Plan · Diese Woche";"Planen Sie <b>ein bis zwei feste «Fischtage»</b> pro Woche mit fettem Fisch (Lachs, Hering, Makrele, Sardinen). Vegetarisch/vegan: Algenöl liefert Omega-3, das der Körper direkt nutzen kann – anders als die Vorstufe aus Leinöl.";"Prévoyez <b>un à deux jours fixes de poisson</b> par semaine avec du poisson gras, comme du saumon, du hareng, du maquereau ou des sardines. Option végétarienne ou végane : l’huile d’algues apporte des oméga-3 directement utilisables par l’organisme, contrairement au précurseur de l’huile de lin.";"";"";"Marketing, Medizin";"Prüfung erforderlich";"";"";"";"recommendation.plan.er_omega3.this_week";"recommendations";"fr-CH";"3";"v1:d69b55804c14335744a0a12a0aa976d1ec91e2438349a6a77f6bb61bec9ba1ac";"f464e6a1263f331f5349eaa79d00c078378496a64cd2633b3b5465e043009c79"
"Ernährung";"Omega-3";"4-Wochen-Pläne";"4-Wochen-Plan";"4-Wochen-Plan · Woche 2–3";"Streuen Sie täglich eine Portion Leinsamen (geschrotet), Chiasamen oder Baumnüsse über Mahlzeiten. Omega-3 wirkt entzündungshemmend und unterstützt Herz und Gehirn – der Körper bildet es nicht selbst, deshalb zählt die regelmässige Zufuhr.";"Ajoutez chaque jour une portion de graines de lin moulues, de graines de chia ou de noix à vos repas. Les oméga-3 exercent un effet anti-inflammatoire et soutiennent le cœur et le cerveau. Comme l’organisme ne les produit pas lui-même, un apport régulier compte.";"";"";"Marketing, Medizin";"Prüfung erforderlich";"";"";"";"recommendation.plan.er_omega3.weeks_2_3";"recommendations";"fr-CH";"3";"v1:d69b55804c14335744a0a12a0aa976d1ec91e2438349a6a77f6bb61bec9ba1ac";"366fc0ec43e4974f0b6254f24de42bf02d8379d6dfdc042303a336c3f2b7b16b"
"Ernährung";"Omega-3";"4-Wochen-Pläne";"4-Wochen-Plan";"4-Wochen-Plan · Woche 4";"Verankern Sie die Fischtage als festen Wochenrhythmus und halten Sie eine pflanzliche Omega-3-Quelle immer griffbereit. Regelmässigkeit schlägt Menge.";"Ancrez les jours de poisson dans votre rythme hebdomadaire et gardez toujours une source végétale d’oméga-3 à portée de main. La régularité compte davantage que la quantité.";"";"";"Marketing, Medizin";"Prüfung erforderlich";"";"";"";"recommendation.plan.er_omega3.week_4";"recommendations";"fr-CH";"3";"v1:d69b55804c14335744a0a12a0aa976d1ec91e2438349a6a77f6bb61bec9ba1ac";"485c886d5d9322a0e4a4a00829cd21c46bece26b79b9a081b40b6182d3b81ee8"
"Ernährung";"Omega-3";"Handlungsfelder";"Beschriftung";"Handlungsfeld · Ernährung · Kurzlabel";"Feste Omega-3-Quelle einplanen (fettreicher Fisch oder Algenöl)";"Prévoir une source fixe d’oméga-3 (poisson gras ou huile d’algues)";"";"";"Marketing, Medizin";"Prüfung erforderlich";"";"";"";"recommendation.lever.lv_omega.label";"recommendations";"fr-CH";"3";"v1:d69b55804c14335744a0a12a0aa976d1ec91e2438349a6a77f6bb61bec9ba1ac";"391136a6abbe1b84e95b926a00f83eb4973e261a0e6c90b70a671dd270e20dcc"
"Ernährung";"Omega-3";"Handlungsfelder";"Detailtext";"Handlungsfeld · Ernährung · Detailtext";"Fetter Fisch liefert die Omega-3-Fettsäuren EPA und DHA. Zwei Fischportionen pro Woche entsprechen gängigen Ernährungsempfehlungen; Nahrungsergänzungsmittel sollten nicht pauschal gleichgesetzt werden.";"Le poisson gras apporte les acides gras oméga-3 EPA et DHA. Deux portions de poisson par semaine correspondent aux recommandations alimentaires courantes ; les compléments alimentaires ne doivent pas être considérés d’emblée comme équivalents.";"";"";"Marketing, Medizin";"Prüfung erforderlich";"Lebensmittel- und Supplementevidenz getrennt und Wirkungsversprechen entfernt; durch Marketing und Medizin freigeben.";"";"";"recommendation.lever.lv_omega.detail";"recommendations";"fr-CH";"3";"v1:d69b55804c14335744a0a12a0aa976d1ec91e2438349a6a77f6bb61bec9ba1ac";"b1e5c643d20c6c165e814b1aa30ab049b99a8d4cefa22cdf37b364986c23513f"
"Ernährung";"Omega-3";"Ergebnis-Einstieg";"Beschriftung";"Ergebnis-Zusammenfassung · Themenlabel «Omega-3»";"Omega-3";"oméga-3";"";"";"Marketing";"Prüfung erforderlich";"";"";"";"ui.hero.topic.omega3";"ui";"fr-CH";"3";"v1:d69b55804c14335744a0a12a0aa976d1ec91e2438349a6a77f6bb61bec9ba1ac";"0818e342df55adb3f44a66c4ddfd68fb975ffcd2180c7a0cf53062dfa6b4232d"
"Ernährung";"Pflanzenvielfalt";"Empfehlungskarten";"Überschrift";"Empfehlungskarte · Ernährung · Titel";"Pflanzliche Vielfalt erhöhen";"Augmenter la diversité végétale";"";"";"Marketing";"Prüfung erforderlich";"";"";"";"recommendation.catalog.er_vielfalt.title";"recommendations";"fr-CH";"3";"v1:d69b55804c14335744a0a12a0aa976d1ec91e2438349a6a77f6bb61bec9ba1ac";"93d4049f10cf05b385754c3ac84cb54a57da2bb80be286f0617cf1335c8621c5"
"Ernährung";"Pflanzenvielfalt";"Empfehlungskarten";"Begründung / Einordnung";"Empfehlungskarte · Ernährung · Begründung";"Aktuell essen Sie eher wenige verschiedene pflanzliche Lebensmittel. Vielfalt fördert ein gesundes Darmmikrobiom und liefert wertvolle Ballast- und Pflanzenstoffe.";"Vous mangez actuellement plutôt peu d’aliments végétaux différents. La diversité favorise un microbiome intestinal sain et apporte de précieuses fibres alimentaires et substances végétales.";"";"";"Marketing, Medizin";"Prüfung erforderlich";"";"";"";"recommendation.catalog.er_vielfalt.why";"recommendations";"fr-CH";"3";"v1:d69b55804c14335744a0a12a0aa976d1ec91e2438349a6a77f6bb61bec9ba1ac";"3b3437f7bc10d286ec66b4ee423371cca524e48427a27f91f3f687de7dc66bfe"
"Ernährung";"Pflanzenvielfalt";"Empfehlungskarten";"Nächster Schritt";"Empfehlungskarte · Ernährung · konkreter nächster Schritt";"Nehmen Sie sich vor, pro Woche ein paar neue Sorten einzubauen – z. B. eine zusätzliche Gemüse-, Hülsenfrucht- oder Vollkornsorte pro Tag.";"Essayez d’intégrer chaque semaine quelques nouvelles variétés, par exemple un légume, une légumineuse ou une céréale complète supplémentaire par jour.";"";"";"Marketing, Medizin";"Prüfung erforderlich";"";"";"";"recommendation.catalog.er_vielfalt.step";"recommendations";"fr-CH";"3";"v1:d69b55804c14335744a0a12a0aa976d1ec91e2438349a6a77f6bb61bec9ba1ac";"3b8a61558a7806f4cc307b1428870ae95e9115a306e40d9b022bfd0403710c6f"
"Ernährung";"Pflanzenvielfalt";"Empfehlungskarten";"Erwarteter Nutzen";"Empfehlungskarte · Ernährung · erwarteter Nutzen";"Mehr pflanzliche Vielfalt wirkt sich gleich auf mehrere Gesundheitsbereiche positiv aus.";"Une plus grande diversité végétale a des effets positifs sur plusieurs domaines de la santé à la fois.";"";"";"Marketing, Medizin";"Prüfung erforderlich";"";"";"";"recommendation.catalog.er_vielfalt.benefit";"recommendations";"fr-CH";"3";"v1:d69b55804c14335744a0a12a0aa976d1ec91e2438349a6a77f6bb61bec9ba1ac";"539e34a0aff092bd6ebc62b2cab8e891e99fd5b3a7277b28452c98ac579884da"
"Ernährung";"Pflanzenvielfalt";"4-Wochen-Pläne";"4-Wochen-Plan";"4-Wochen-Plan · Diese Woche";"Nehmen Sie sich <b>zwei bis drei neue pflanzliche Sorten</b> vor. Auch Gewürze, Kräuter, Nüsse und Samen zählen – der Einstieg ist leichter, als viele denken.";"Choisissez <b>deux à trois nouvelles variétés végétales</b>. Les épices, les herbes, les fruits à coque et les graines comptent également : commencer est plus simple que beaucoup ne le pensent.";"";"";"Marketing, Medizin";"Prüfung erforderlich";"";"";"";"recommendation.plan.er_vielfalt.this_week";"recommendations";"fr-CH";"3";"v1:d69b55804c14335744a0a12a0aa976d1ec91e2438349a6a77f6bb61bec9ba1ac";"84b7e2db7a8b14c7e7c66a06f3790e248310397047f2fd666bfcf39db31bef50"
"Ernährung";"Pflanzenvielfalt";"4-Wochen-Pläne";"4-Wochen-Plan";"4-Wochen-Plan · Woche 2–3";"Richtwert: rund 30 verschiedene pflanzliche Lebensmittel pro Woche. Vielfalt füttert das Darmmikrobiom, das wiederum Immunsystem, Stoffwechsel und sogar Stimmung beeinflusst. Trick: pro Einkauf eine neue Sorte ausprobieren.";"Repère : environ 30 aliments végétaux différents par semaine. La diversité nourrit le microbiome intestinal, qui influence à son tour le système immunitaire, le métabolisme et même l’humeur. Astuce : essayez une nouvelle variété à chaque achat.";"";"";"Marketing, Medizin";"Prüfung erforderlich";"";"";"";"recommendation.plan.er_vielfalt.weeks_2_3";"recommendations";"fr-CH";"3";"v1:d69b55804c14335744a0a12a0aa976d1ec91e2438349a6a77f6bb61bec9ba1ac";"ff061ce286c6fdcc0ab0bdc6efc992fdc7e3483212f98c477b97c3f28994b7d5"
"Ernährung";"Pflanzenvielfalt";"4-Wochen-Pläne";"4-Wochen-Plan";"4-Wochen-Plan · Woche 4";"Etablieren Sie feste «Vielfalt-Anker» (z. B. eine Handvoll gemischte Nüsse/Samen täglich, wöchentlich wechselndes Gemüse), damit Abwechslung ohne Aufwand läuft.";"Mettez en place des « points d’ancrage de diversité » fixes, par exemple une poignée quotidienne de fruits à coque et de graines mélangés ou des légumes qui changent chaque semaine, afin de varier sans effort.";"";"";"Marketing, Medizin";"Prüfung erforderlich";"";"";"";"recommendation.plan.er_vielfalt.week_4";"recommendations";"fr-CH";"3";"v1:d69b55804c14335744a0a12a0aa976d1ec91e2438349a6a77f6bb61bec9ba1ac";"733bfd3c86b869ca9688eeb3fa85c9265db264eaba71dcac019df284c955c042"
"Ernährung";"Pflanzenvielfalt";"Handlungsfelder";"Beschriftung";"Handlungsfeld · Ernährung · Kurzlabel";"Pflanzliche Vielfalt schrittweise erhöhen";"Augmenter progressivement la diversité végétale";"";"";"Marketing, Medizin";"Prüfung erforderlich";"Beobachtenden 30-Pflanzen-Wert nicht als klinischen Grenzwert ausgegeben; durch Marketing und Medizin freigeben.";"";"";"recommendation.lever.lv_pflanzen.label";"recommendations";"fr-CH";"3";"v1:d69b55804c14335744a0a12a0aa976d1ec91e2438349a6a77f6bb61bec9ba1ac";"30496e7bbaf8fa923d08e0665e5c3601414aa6f65ed3c67edd062c052683560e"
"Ernährung";"Pflanzenvielfalt";"Handlungsfelder";"Detailtext";"Handlungsfeld · Ernährung · Detailtext";"Vielfalt füttert Ihr Darmmikrobiom – Gewürze, Kräuter, Nüsse und Samen zählen mit und machen den Einstieg leicht.";"La diversité nourrit votre microbiome intestinal. Les épices, les herbes, les fruits à coque et les graines comptent aussi et facilitent les premiers pas.";"";"";"Marketing, Medizin";"Prüfung erforderlich";"";"";"";"recommendation.lever.lv_pflanzen.detail";"recommendations";"fr-CH";"3";"v1:d69b55804c14335744a0a12a0aa976d1ec91e2438349a6a77f6bb61bec9ba1ac";"52a0434a796319b6f4ba8065348d902ad83217faadda52ce8e490164e78f5f6a"
"Ernährung";"Pflanzenvielfalt";"Stärken";"Beschriftung";"Stärke · Ernährung · Kurzlabel";"Grosse pflanzliche Vielfalt";"Grande diversité végétale";"";"";"Marketing";"Prüfung erforderlich";"";"";"";"recommendation.strength.st_pflanzen.label";"recommendations";"fr-CH";"3";"v1:d69b55804c14335744a0a12a0aa976d1ec91e2438349a6a77f6bb61bec9ba1ac";"52f19c8547f1c7fc4c7f4f068441a4715e77832d12c1d5f1fc66165210df0d15"
"Ernährung";"Pflanzenvielfalt";"Stärken";"Detailtext";"Stärke · Ernährung · Detailtext";"Ihre vielfältige Auswahl pflanzlicher Lebensmittel trägt zu einer abwechslungsreichen Ballaststoff- und Mikronährstoffzufuhr bei.";"Votre sélection variée d’aliments végétaux contribue à un apport diversifié en fibres alimentaires et en micronutriments.";"";"";"Marketing, Medizin";"Prüfung erforderlich";"Nicht validierte Aussage zum optimalen Mikrobiom entfernt; durch Marketing und Medizin freigeben.";"";"";"recommendation.strength.st_pflanzen.detail";"recommendations";"fr-CH";"3";"v1:d69b55804c14335744a0a12a0aa976d1ec91e2438349a6a77f6bb61bec9ba1ac";"7245213c57781752bd3dc2ca672152647d78dea7a00e06b2446b3739822da8d7"
"Ernährung";"Pflanzenvielfalt";"Ergebnis-Einstieg";"Beschriftung";"Ergebnis-Zusammenfassung · Themenlabel «Pflanzenvielfalt»";"pflanzliche Vielfalt";"diversité végétale";"";"";"Marketing";"Prüfung erforderlich";"";"";"";"ui.hero.topic.pflanzenvielfalt";"ui";"fr-CH";"3";"v1:d69b55804c14335744a0a12a0aa976d1ec91e2438349a6a77f6bb61bec9ba1ac";"63e697e6a11047fe37152b0b4e40277e91feb07ac2ed6835cc74891892a7e9f4"
"Ernährung";"Protein & Muskelerhalt";"Empfehlungskarten";"Überschrift";"Empfehlungskarte · Ernährung · Titel";"Proteinquellen regelmässig einplanen";"Prévoir régulièrement des sources de protéines";"";"";"Marketing";"Prüfung erforderlich";"Beschreibt die tatsächlich erfasste Gewohnheit statt eine nicht gemessene Gesamtversorgung; durch Marketing freigeben.";"";"";"recommendation.catalog.er_protein.title";"recommendations";"fr-CH";"3";"v1:d69b55804c14335744a0a12a0aa976d1ec91e2438349a6a77f6bb61bec9ba1ac";"865c87d2e744c101147123823b92006ec542d0383e9bd98cc88c73f5400072d4"
"Ernährung";"Protein & Muskelerhalt";"Empfehlungskarten";"Begründung / Einordnung";"Empfehlungskarte · Ernährung · Begründung";"Ihre Antwort zeigt, dass Sie bisher eher selten zu mehreren Mahlzeiten oder Snacks eine klare Proteinquelle einbauen. Krafttraining setzt den Reiz für Muskelanpassungen, Protein liefert die Bausteine. Die Frage erfasst diese Routine, aber nicht Ihre tatsächliche Tagesmenge.";"Votre réponse montre que vous intégrez encore rarement une source claire de protéines à plusieurs repas ou collations. La musculation fournit le stimulus des adaptations musculaires et les protéines apportent les éléments constitutifs. La question évalue cette routine, mais pas votre quantité quotidienne réelle.";"";"";"Marketing, Medizin";"Prüfung erforderlich";"Versorgungsdiagnose und pauschale Altersaussage entfernt; durch Marketing und Medizin freigeben.";"";"";"recommendation.catalog.er_protein.why";"recommendations";"fr-CH";"3";"v1:d69b55804c14335744a0a12a0aa976d1ec91e2438349a6a77f6bb61bec9ba1ac";"22c224162e128f13ee9f8ce055b4e3afc21a0aee0acb85597ee364c2ab7ec83f"
"Ernährung";"Protein & Muskelerhalt";"Empfehlungskarten";"Nächster Schritt";"Empfehlungskarte · Ernährung · konkreter nächster Schritt";"Beginnen Sie mit zwei Hauptmahlzeiten pro Tag: Planen Sie jeweils eine klare Proteinquelle ein, zum Beispiel Hülsenfrüchte, Tofu, Eier, Quark, Joghurt, Fisch oder Fleisch. Wenn das zuverlässig klappt, ergänzen Sie eine dritte Gelegenheit.";"Commencez par deux repas principaux par jour : prévoyez à chaque fois une source claire de protéines, par exemple des légumineuses, du tofu, des œufs, du séré, du yogourt, du poisson ou de la viande. Lorsque cette routine fonctionne de manière fiable, ajoutez une troisième occasion.";"";"";"Marketing, Medizin";"Prüfung erforderlich";"Niederschwelliger Aufbau statt pauschaler Portions- oder Grammanforderung; durch Marketing und Medizin freigeben.";"";"";"recommendation.catalog.er_protein.step";"recommendations";"fr-CH";"3";"v1:d69b55804c14335744a0a12a0aa976d1ec91e2438349a6a77f6bb61bec9ba1ac";"50724c97b96b4132088e9f2bd65b245a435e278fac1f074a54f59e1bd31fd8df"
"Ernährung";"Protein & Muskelerhalt";"Empfehlungskarten";"Erwarteter Nutzen";"Empfehlungskarte · Ernährung · erwarteter Nutzen";"Eine passende Gesamtzufuhr unterstützt zusammen mit Krafttraining den Aufbau und Erhalt der Muskulatur. Mehr Protein ist dabei nicht automatisch besser.";"Un apport total adapté, associé à la musculation, favorise le développement et le maintien de la musculature. Davantage de protéines n’est pas automatiquement préférable.";"";"";"Marketing, Medizin";"Prüfung erforderlich";"Pauschales Sättigungsversprechen entfernt und Zusammenspiel mit dem Trainingsreiz präzisiert; durch Marketing und Medizin freigeben.";"";"";"recommendation.catalog.er_protein.benefit";"recommendations";"fr-CH";"3";"v1:d69b55804c14335744a0a12a0aa976d1ec91e2438349a6a77f6bb61bec9ba1ac";"dc6a0ad05c0e6404f9c53bb5156cc842f84575bd2442cfb5850f0beb14ff7ea0"
"Ernährung";"Protein & Muskelerhalt";"4-Wochen-Pläne";"4-Wochen-Plan";"4-Wochen-Plan · Diese Woche";"Markieren Sie an zwei typischen Tagen, zu welchen Mahlzeiten bereits eine klare Proteinquelle gehört. Ergänzen Sie zunächst <b>zwei Hauptmahlzeiten pro Tag</b> mit Hülsenfrüchten, Tofu, Eiern, Quark, Joghurt, Fisch oder Fleisch.";"Pendant deux journées types, repérez les repas qui contiennent déjà une source claire de protéines. Commencez par compléter <b>deux repas principaux par jour</b> avec des légumineuses, du tofu, des œufs, du séré, du yogourt, du poisson ou de la viande.";"";"";"Marketing, Medizin";"Prüfung erforderlich";"Unpräzise Handflächen-Faustregel durch beobachtbaren ersten Gewohnheitsschritt ersetzt; durch Marketing und Medizin freigeben.";"";"";"recommendation.plan.er_protein.this_week";"recommendations";"fr-CH";"3";"v1:d69b55804c14335744a0a12a0aa976d1ec91e2438349a6a77f6bb61bec9ba1ac";"50caa8756115bed8b2c0831c0d4889bf64eaecea1f2804658fcebf625514db16"
"Ernährung";"Protein & Muskelerhalt";"4-Wochen-Pläne";"4-Wochen-Plan";"4-Wochen-Plan · Woche 2–3";"Erweitern Sie die Routine nach Möglichkeit auf drei Mahlzeiten oder Snacks mit einer klaren Proteinquelle. Die Frage berechnet kein persönliches Grammziel. Bei einer Nierenerkrankung oder medizinisch verordneten Ernährung sollten Sie die passende Menge fachlich klären.";"Étendez si possible la routine à trois repas ou collations contenant une source claire de protéines. Cette question ne calcule pas d’objectif personnel en grammes. En cas de maladie rénale ou d’alimentation prescrite médicalement, déterminez la quantité adaptée avec un professionnel.";"";"";"Marketing, Medizin";"Prüfung erforderlich";"Generische Variante ohne unbelegtes Blutzucker- oder Altersschutzversprechen; durch Marketing und Medizin freigeben.";"";"";"recommendation.plan.er_protein.weeks_2_3";"recommendations";"fr-CH";"3";"v1:d69b55804c14335744a0a12a0aa976d1ec91e2438349a6a77f6bb61bec9ba1ac";"e578128b56d78412ebb674ab1816deff8701b7053cf52782660d9d213c20dc7d"
"Ernährung";"Protein & Muskelerhalt";"4-Wochen-Pläne";"4-Wochen-Plan";"4-Wochen-Plan · Woche 2–3, Erwachsene mit mindestens zwei Krafttrainingstagen pro Woche";"Wenn Sie als gesunder Erwachsener regelmässig Kraft trainieren, sind etwa 1,4–1,6 g/kg/Tag eine praktische Orientierung. In der Meta-Analyse flachten die durchschnittlichen zusätzlichen Vorteile für den Aufbau fettfreier Masse ab rund 1,6 g/kg/Tag deutlich ab. Bis etwa 2,0 g/kg/Tag können bei sehr hoher Trainingsbelastung oder einem gezielten Energiedefizit als individueller Spielraum sinnvoll sein; für die meisten Menschen ist das nicht nötig, und das Alter allein begründet dieses Ziel nicht. Bei einer Nierenerkrankung oder medizinisch verordneten Ernährung gilt: zuerst fachlich klären.";"Si vous êtes un adulte en bonne santé et faites régulièrement de la musculation, environ 1,4–1,6 g/kg/jour constitue un repère pratique. Dans la méta-analyse, les bénéfices supplémentaires moyens pour le développement de la masse maigre diminuaient nettement à partir d’environ 1,6 g/kg/jour. Une quantité allant jusqu’à environ 2,0 g/kg/jour peut offrir une marge individuelle en cas de charge d’entraînement très élevée ou de déficit énergétique ciblé ; elle n’est pas nécessaire pour la plupart des personnes et l’âge seul ne justifie pas cet objectif. En cas de maladie rénale ou d’alimentation prescrite médicalement, demandez d’abord un avis professionnel.";"";"";"Marketing, Medizin";"Prüfung erforderlich";"Neue evidenzgebundene Variante nach Morton et al.; Zahlen und Anwendungsgrenzen durch Marketing und Medizin freigeben.";"";"1,4–1,6 g/kg/jour | 1,6 g/kg/jour | 2,0 g/kg/jour";"recommendation.plan.er_protein.weeks_2_3.strength_training";"recommendations";"fr-CH";"3";"v1:d69b55804c14335744a0a12a0aa976d1ec91e2438349a6a77f6bb61bec9ba1ac";"6c7dd4d53d7ecf55e6d651ace7dfa85d0710bee02592b78305381216b9485b1d"
"Ernährung";"Protein & Muskelerhalt";"4-Wochen-Pläne";"4-Wochen-Plan";"4-Wochen-Plan · Woche 4";"Prüfen Sie an drei typischen Tagen, ob die geplanten Proteinquellen alltagstauglich geworden sind. Wenn für Training oder Ernährung ein genaues g/kg-Ziel relevant ist, lassen Sie es anhand Ihrer Situation einordnen; Proteinpulver ist nicht automatisch erforderlich.";"Pendant trois journées types, vérifiez si les sources de protéines prévues sont devenues compatibles avec votre quotidien. Si un objectif précis en g/kg est pertinent pour votre entraînement ou votre alimentation, faites-le évaluer en fonction de votre situation ; les protéines en poudre ne sont pas automatiquement nécessaires.";"";"";"Marketing, Medizin";"Prüfung erforderlich";"Erfolgskontrolle und Grenze der Selbsteinschätzung ergänzt; durch Marketing und Medizin freigeben.";"";"";"recommendation.plan.er_protein.week_4";"recommendations";"fr-CH";"3";"v1:d69b55804c14335744a0a12a0aa976d1ec91e2438349a6a77f6bb61bec9ba1ac";"ce29fcafd7b5f8891baeaf0fd8e64133822c2d842464a0a2c7898cc7b36503cf"
"Ernährung";"Protein & Muskelerhalt";"Handlungsfelder";"Beschriftung";"Handlungsfeld · Ernährung · Kurzlabel";"Proteinquellen regelmässig einplanen";"Prévoir régulièrement des sources de protéines";"";"";"Marketing, Medizin";"Prüfung erforderlich";"Auf den tatsächlich gemessenen Häufigkeits- und Verteilungsindikator präzisiert; durch Marketing und Medizin freigeben.";"";"";"recommendation.lever.lv_protein.label";"recommendations";"fr-CH";"3";"v1:d69b55804c14335744a0a12a0aa976d1ec91e2438349a6a77f6bb61bec9ba1ac";"3179efb25cfe083c12cea65601ac0cddcbd204063ec0be1f572d5927679fba63"
"Ernährung";"Protein & Muskelerhalt";"Handlungsfelder";"Detailtext";"Handlungsfeld · Ernährung · Variante Alter ab 60";"Regelmässige Proteinquellen können zusammen mit Krafttraining den Erhalt von Muskelmasse und Funktion unterstützen. Die passende Menge hängt von Körpergewicht, Training, Energiezufuhr und Gesundheitszustand ab; das Alter allein begründet kein Ziel von 2,0 g/kg/Tag.";"Des sources régulières de protéines, associées à la musculation, peuvent contribuer au maintien de la masse musculaire et des capacités physiques. La quantité adaptée dépend du poids corporel, de l’entraînement, de l’apport énergétique et de l’état de santé ; l’âge seul ne justifie pas un objectif de 2,0 g/kg/jour.";"";"";"Marketing, Medizin";"Prüfung erforderlich";"Altersrelevanz ohne pauschales 2-g-Ziel eingeordnet; durch Marketing und Medizin freigeben.";"";"2,0 g/kg/jour";"recommendation.lever.lv_protein.detail.age_60_plus";"recommendations";"fr-CH";"3";"v1:d69b55804c14335744a0a12a0aa976d1ec91e2438349a6a77f6bb61bec9ba1ac";"c51412e6881a60d6b01f49575d07fe70458140f67b7a9ffdd91fe60bff1124ef"
"Ernährung";"Protein & Muskelerhalt";"Handlungsfelder";"Detailtext";"Handlungsfeld · Ernährung · Variante Alter unter 60";"Regelmässige Proteinquellen sind eine hilfreiche Ernährungsroutine. Ob die persönliche Tagesmenge passt, lässt sich aus dieser Antwort nicht ableiten; dafür sind unter anderem Körpergewicht, Krafttraining, Energiezufuhr und Gesundheitszustand relevant.";"Prévoir régulièrement des sources de protéines est une routine alimentaire utile. Cette réponse ne permet pas de déterminer si votre quantité quotidienne personnelle est adaptée ; le poids corporel, la musculation, l’apport énergétique et l’état de santé comptent notamment.";"";"";"Marketing, Medizin";"Prüfung erforderlich";"Die Aussage wird ausdrücklich als Gewohnheitsindikator statt Versorgungsnachweis geführt; durch Marketing und Medizin freigeben.";"";"";"recommendation.lever.lv_protein.detail.under_60";"recommendations";"fr-CH";"3";"v1:d69b55804c14335744a0a12a0aa976d1ec91e2438349a6a77f6bb61bec9ba1ac";"d7337198aed6a7d7a9992077db759deeb055cbdf5acc9ecddc2e0d2bcb4f24e7"
"Ernährung";"Protein & Muskelerhalt";"Quellenlabels";"Quellenbezeichnung";"Sichtbares Label der Meta-Analyse zu Protein und Krafttraining";"Morton et al.: Protein und Krafttraining – Meta-Analyse";"Morton et al. : protéines et musculation – méta-analyse";"";"";"Marketing, Medizin";"Prüfung erforderlich";"Neue Primärquelle für die konditionale Protein-Planvariante; sichtbares Quellenlabel freigeben.";"";"";"recommendation.source.morton_protein.label";"recommendations";"fr-CH";"3";"v1:d69b55804c14335744a0a12a0aa976d1ec91e2438349a6a77f6bb61bec9ba1ac";"9be46cf4966c787cf989e4dc8e987975a7fabfa598dcaddf71c96ee063038561"
"Ernährung";"Protein & Muskelerhalt";"Stärken";"Beschriftung";"Stärke · Ernährung · Kurzlabel";"Proteinquellen regelmässig eingeplant";"Sources de protéines prévues régulièrement";"";"";"Marketing";"Prüfung erforderlich";"Vermeidet eine nicht gemessene Aussage zur Gesamtversorgung; durch Marketing freigeben.";"";"";"recommendation.strength.st_protein.label";"recommendations";"fr-CH";"3";"v1:d69b55804c14335744a0a12a0aa976d1ec91e2438349a6a77f6bb61bec9ba1ac";"2d018aeb09ddac0f0fd2b82c3b93457e4d9a9e6a66bc7938fd77abd35429ca29"
"Ernährung";"Protein & Muskelerhalt";"Stärken";"Detailtext";"Stärke · Ernährung · Detailtext";"Sie bauen an den meisten Tagen zu mehreren Mahlzeiten oder Snacks eine Proteinquelle ein. Das ist eine gute Routine; die Antwort zeigt jedoch nicht, ob Ihre persönliche Tagesmenge bereits passend ist.";"La plupart des jours, vous intégrez une source de protéines à plusieurs repas ou collations. C’est une bonne routine ; cette réponse n’indique toutefois pas si votre quantité quotidienne personnelle est déjà adaptée.";"";"";"Marketing, Medizin";"Prüfung erforderlich";"Positive Verhaltensrückmeldung ohne unbelegtes Versorgungs-, Muskel- oder Sättigungsversprechen; durch Marketing und Medizin freigeben.";"";"";"recommendation.strength.st_protein.detail";"recommendations";"fr-CH";"3";"v1:d69b55804c14335744a0a12a0aa976d1ec91e2438349a6a77f6bb61bec9ba1ac";"c068d6db195ed67423fa8376f24dff02a9ab9c12d73f651634b697bbe3166a92"
"Ernährung";"Protein & Muskelerhalt";"Ergebnis-Einstieg";"Beschriftung";"Ergebnis-Zusammenfassung · Themenlabel «Protein & Muskelerhalt»";"Protein-Routine";"routine en matière de protéines";"";"";"Marketing";"Prüfung erforderlich";"Vermeidet eine nicht gemessene Aussage zur Gesamtversorgung; durch Marketing freigeben.";"";"";"ui.hero.topic.protein";"ui";"fr-CH";"3";"v1:d69b55804c14335744a0a12a0aa976d1ec91e2438349a6a77f6bb61bec9ba1ac";"ed12be4387a2bf066008a0095678d331a606ed55b458edde36428e3d2c21be7a"
"Ernährung";"Sättigung & Essverhalten";"Empfehlungskarten";"Überschrift";"Empfehlungskarte · Ernährung · Titel";"Mahlzeiten sättigender gestalten";"Composer des repas plus rassasiants";"";"";"Marketing";"Prüfung erforderlich";"";"";"";"recommendation.catalog.er_saettigung.title";"recommendations";"fr-CH";"3";"v1:d69b55804c14335744a0a12a0aa976d1ec91e2438349a6a77f6bb61bec9ba1ac";"e2684fc7096fe458f4e1c504b3ea795db506149d4d9d6b506856249669eb3f72"
"Ernährung";"Sättigung & Essverhalten";"Empfehlungskarten";"Begründung / Einordnung";"Empfehlungskarte · Ernährung · Begründung";"Sie fühlen sich nach Hauptmahlzeiten nicht verlässlich mehrere Stunden satt. Eine ausgewogene Zusammensetzung kann helfen, Snackbedarf und Energietiefs zu reduzieren.";"Vos repas principaux ne vous rassasient pas de manière fiable pendant plusieurs heures. Une composition équilibrée peut aider à réduire le besoin de collations et les baisses d’énergie.";"";"";"Marketing, Medizin";"Prüfung erforderlich";"Text deckt neu auch die neutrale Antwort «manchmal» ab; durch Marketing und Medizin freigeben.";"";"";"recommendation.catalog.er_saettigung.why";"recommendations";"fr-CH";"3";"v1:d69b55804c14335744a0a12a0aa976d1ec91e2438349a6a77f6bb61bec9ba1ac";"2ac68f1290b9d897e73a2cf9ed50404c6a08c0f00b1eeb8e6e1bab0c99228dd4"
"Ernährung";"Sättigung & Essverhalten";"Empfehlungskarten";"Nächster Schritt";"Empfehlungskarte · Ernährung · konkreter nächster Schritt";"Kombinieren Sie zu jeder Hauptmahlzeit Eiweiss, Ballaststoffe (Gemüse, Hülsenfrüchte, Vollkorn) und etwas gesundes Fett.";"Combinez à chaque repas principal des protéines, des fibres alimentaires, par exemple des légumes, des légumineuses ou des céréales complètes, et un peu de graisse de qualité.";"";"";"Marketing, Medizin";"Prüfung erforderlich";"";"";"";"recommendation.catalog.er_saettigung.step";"recommendations";"fr-CH";"3";"v1:d69b55804c14335744a0a12a0aa976d1ec91e2438349a6a77f6bb61bec9ba1ac";"99e31475a03e23c627cacee4d4bbaa744edd2f82edd11f727dfaab6369acd27d"
"Ernährung";"Sättigung & Essverhalten";"Empfehlungskarten";"Erwarteter Nutzen";"Empfehlungskarte · Ernährung · erwarteter Nutzen";"Ausgewogen zusammengesetzte Mahlzeiten können die Sättigung unterstützen und den Blutzuckeranstieg nach dem Essen abflachen.";"Des repas équilibrés peuvent favoriser la satiété et atténuer l’augmentation de la glycémie après le repas.";"";"";"Marketing, Medizin";"Prüfung erforderlich";"Individuelle Sättigungs- und Blutzuckerwirkung vorsichtig formuliert; durch Marketing und Medizin freigeben.";"";"";"recommendation.catalog.er_saettigung.benefit";"recommendations";"fr-CH";"3";"v1:d69b55804c14335744a0a12a0aa976d1ec91e2438349a6a77f6bb61bec9ba1ac";"de69eabf134521358497dbbb0dbc200eeab46ae70acf7832cfbb4fb8e3913e8a"
"Ernährung";"Sättigung & Essverhalten";"4-Wochen-Pläne";"4-Wochen-Plan";"4-Wochen-Plan · Diese Woche";"Bauen Sie in jede Hauptmahlzeit Eiweiss, ballaststoffreiche Lebensmittel (Gemüse, Hülsenfrüchte, Vollkorn) und eine passende Fettquelle ein. Diese Kombination kann die Sättigung unterstützen und den Blutzuckeranstieg nach der Mahlzeit abflachen.";"Intégrez à chaque repas principal des protéines, des aliments riches en fibres, comme des légumes, des légumineuses ou des céréales complètes, ainsi qu’une source de graisse adaptée. Cette combinaison peut favoriser la satiété et atténuer l’augmentation de la glycémie après le repas.";"";"";"Marketing, Medizin";"Prüfung erforderlich";"Blutzucker- und Heisshungerversprechen vorsichtig formuliert; durch Marketing und Medizin freigeben.";"";"";"recommendation.plan.er_saettigung.this_week";"recommendations";"fr-CH";"3";"v1:d69b55804c14335744a0a12a0aa976d1ec91e2438349a6a77f6bb61bec9ba1ac";"fe6181dda94807bdb808582fc14393b7f92566da115c5a6dfdf3abeaa508402e"
"Ernährung";"Sättigung & Essverhalten";"4-Wochen-Pläne";"4-Wochen-Plan";"4-Wochen-Plan · Woche 2–3";"Testen Sie bei passenden Mahlzeiten, Gemüse oder Salat und eine Eiweissquelle vor den kohlenhydratreichen Bestandteilen zu essen. Diese Reihenfolge kann den Blutzuckeranstieg abflachen. Beobachten Sie vor allem, welche Zusammensetzung Sie angenehm und ausreichend lange sättigt.";"Pour les repas qui s’y prêtent, testez de manger les légumes ou la salade et une source de protéines avant les aliments riches en glucides. Cet ordre peut atténuer l’augmentation de la glycémie. Observez surtout quelle composition vous rassasie agréablement et assez longtemps.";"";"";"Marketing, Medizin";"Prüfung erforderlich";"Kleinstudien nicht als garantierten Effekt ausgegeben und starre Vier-Stunden-Norm entfernt; durch Marketing und Medizin freigeben.";"";"";"recommendation.plan.er_saettigung.weeks_2_3";"recommendations";"fr-CH";"3";"v1:d69b55804c14335744a0a12a0aa976d1ec91e2438349a6a77f6bb61bec9ba1ac";"e66d3ae23d55504797e67fb17d5d2a68276f33e23f03b6505da741e60438b348"
"Ernährung";"Sättigung & Essverhalten";"4-Wochen-Pläne";"4-Wochen-Plan";"4-Wochen-Plan · Woche 4";"Machen Sie die sättigenden Kombinationen zu Ihren Standard-Rezepten. Bleibt trotz guter Zusammensetzung ständiger Hunger bestehen, lohnt sich ein Gespräch mit einer Ernährungsfachperson – dahinter können andere Ursachen stecken.";"Faites des combinaisons rassasiantes vos recettes standard. Si une faim constante persiste malgré une bonne composition, une discussion avec un professionnel de la nutrition est utile, car d’autres causes peuvent l’expliquer.";"";"";"Marketing, Medizin";"Prüfung erforderlich";"";"";"";"recommendation.plan.er_saettigung.week_4";"recommendations";"fr-CH";"3";"v1:d69b55804c14335744a0a12a0aa976d1ec91e2438349a6a77f6bb61bec9ba1ac";"0b9896ea8199775d7916e425c69b8563215cc6b35011ca19077ba6afde4a1199"
"Ernährung";"Sättigung & Essverhalten";"Handlungsfelder";"Beschriftung";"Handlungsfeld · Ernährung · Kurzlabel";"Anhaltendes Hungergefühl mit einer Fachperson besprechen";"Discuter d’une faim persistante avec un professionnel";"";"";"Marketing, Medizin";"Prüfung erforderlich";"";"";"";"recommendation.lever.lv_saettigung.label";"recommendations";"fr-CH";"3";"v1:d69b55804c14335744a0a12a0aa976d1ec91e2438349a6a77f6bb61bec9ba1ac";"502a59724f666820b8b4e64632c063da0bd2fc1ab9631b1e81065a176640fcee"
"Ernährung";"Sättigung & Essverhalten";"Handlungsfelder";"Detailtext";"Handlungsfeld · Ernährung · Detailtext";"Wenn Mahlzeiten kaum sättigen, lohnt der Blick auf Zusammensetzung und mögliche andere Ursachen – das ist gut lösbar.";"Si les repas rassasient à peine, il est utile d’examiner leur composition et d’autres causes possibles. Il existe de bonnes solutions.";"";"";"Marketing, Medizin";"Prüfung erforderlich";"";"";"";"recommendation.lever.lv_saettigung.detail";"recommendations";"fr-CH";"3";"v1:d69b55804c14335744a0a12a0aa976d1ec91e2438349a6a77f6bb61bec9ba1ac";"fb6cbd2cd539a75cb504caf999d176b67388674e37f457b473991376be87b76e"
"Ernährung";"Sättigung & Essverhalten";"Ergebnis-Einstieg";"Beschriftung";"Ergebnis-Zusammenfassung · Themenlabel «Sättigung & Essverhalten»";"Sättigung nach Mahlzeiten";"satiété après les repas";"";"";"Marketing";"Prüfung erforderlich";"";"";"";"ui.hero.topic.saettigung";"ui";"fr-CH";"3";"v1:d69b55804c14335744a0a12a0aa976d1ec91e2438349a6a77f6bb61bec9ba1ac";"461eb595a30097eefc4ac366b5e50a2c0628b206fd0e71336b95d71edb18b69c"
"Ernährung";"Verarbeitete Lebensmittel";"Empfehlungskarten";"Überschrift";"Empfehlungskarte · Ernährung · Titel";"Stark verarbeitete Lebensmittel reduzieren";"Réduire les aliments fortement transformés";"";"";"Marketing";"Prüfung erforderlich";"";"";"";"recommendation.catalog.er_verarbeitet.title";"recommendations";"fr-CH";"3";"v1:d69b55804c14335744a0a12a0aa976d1ec91e2438349a6a77f6bb61bec9ba1ac";"e7b164c0a85a4703a6cac7bd0ff47b1acb0a412d655e4c7ab69ed10d39a8232c"
"Ernährung";"Verarbeitete Lebensmittel";"Empfehlungskarten";"Begründung / Einordnung";"Empfehlungskarte · Ernährung · Begründung";"Stark verarbeitete Produkte stehen häufig auf Ihrem Speiseplan. Sie liefern oft viel Energie, Salz und Zucker bei wenig Sättigung.";"Les produits fortement transformés figurent souvent à votre menu. Ils apportent généralement beaucoup d’énergie, de sel et de sucre, tout en rassasiant peu.";"";"";"Marketing, Medizin";"Prüfung erforderlich";"";"";"";"recommendation.catalog.er_verarbeitet.why";"recommendations";"fr-CH";"3";"v1:d69b55804c14335744a0a12a0aa976d1ec91e2438349a6a77f6bb61bec9ba1ac";"6743b3971eb39b5403f5d55b4c624c069c0afb5101a5e6903ae285713b7c43ec"
"Ernährung";"Verarbeitete Lebensmittel";"Empfehlungskarten";"Nächster Schritt";"Empfehlungskarte · Ernährung · konkreter nächster Schritt";"Ersetzen Sie pro Tag ein stark verarbeitetes Produkt durch eine möglichst natürliche Alternative – z. B. Nüsse oder Früchte statt Snacks.";"Remplacez chaque jour un produit fortement transformé par une alternative aussi naturelle que possible, par exemple des fruits à coque ou des fruits à la place de snacks.";"";"";"Marketing, Medizin";"Prüfung erforderlich";"";"";"";"recommendation.catalog.er_verarbeitet.step";"recommendations";"fr-CH";"3";"v1:d69b55804c14335744a0a12a0aa976d1ec91e2438349a6a77f6bb61bec9ba1ac";"2d69f5fc1b3032f78b3784598ef150d42a50b77fdac370e27f578c56dca2d921"
"Ernährung";"Verarbeitete Lebensmittel";"Empfehlungskarten";"Erwarteter Nutzen";"Empfehlungskarte · Ernährung · erwarteter Nutzen";"Schon kleine Tauschaktionen verbessern Nährstoffdichte und Sättigung.";"De petits remplacements suffisent déjà à améliorer la densité nutritionnelle et la satiété.";"";"";"Marketing, Medizin";"Prüfung erforderlich";"";"";"";"recommendation.catalog.er_verarbeitet.benefit";"recommendations";"fr-CH";"3";"v1:d69b55804c14335744a0a12a0aa976d1ec91e2438349a6a77f6bb61bec9ba1ac";"7e5cd8c21a98fdc4ab6e82118b8657f937d4c314799e805a370856bc39c38df8"
"Ernährung";"Verarbeitete Lebensmittel";"4-Wochen-Pläne";"4-Wochen-Plan";"4-Wochen-Plan · Diese Woche";"Ersetzen Sie <b>eine stark verarbeitete Mahlzeit/Snack pro Tag</b> durch etwas Frisches (Obst, Nüsse, Joghurt, selbst Gekochtes). Faustregel: mehr als fünf Zutaten oder schwer aussprechbare Namen = meist stark verarbeitet.";"Remplacez <b>un repas ou une collation fortement transformé par jour</b> par un aliment frais, comme un fruit, des fruits à coque, un yogourt ou un plat cuisiné maison. Règle générale : plus de cinq ingrédients ou des noms difficiles à prononcer = généralement fortement transformé.";"";"";"Marketing, Medizin";"Prüfung erforderlich";"";"";"";"recommendation.plan.er_verarbeitet.this_week";"recommendations";"fr-CH";"3";"v1:d69b55804c14335744a0a12a0aa976d1ec91e2438349a6a77f6bb61bec9ba1ac";"efcafc41d12586ffc7e808de3ef2c14d6030b76e0361a34e96e020eef8f85c27"
"Ernährung";"Verarbeitete Lebensmittel";"4-Wochen-Pläne";"4-Wochen-Plan";"4-Wochen-Plan · Woche 2–3";"Kochen Sie zwei- bis dreimal pro Woche einfach frisch und bereiten Sie bewusst etwas mehr zu (Reste als Mittagessen). So sinkt der Griff zu Fertigem automatisch. Nicht Perfektion zählt, sondern der sinkende Anteil.";"Cuisinez simplement des produits frais deux à trois fois par semaine et préparez volontairement une portion supplémentaire pour le repas de midi suivant. Vous recourez ainsi automatiquement moins aux plats préparés. L’objectif n’est pas la perfection, mais une part décroissante.";"";"";"Marketing, Medizin";"Prüfung erforderlich";"";"";"";"recommendation.plan.er_verarbeitet.weeks_2_3";"recommendations";"fr-CH";"3";"v1:d69b55804c14335744a0a12a0aa976d1ec91e2438349a6a77f6bb61bec9ba1ac";"4228673792414a75fa78351fc27db7b36c9fdacad009f563be1f47f61ef4b33e"
"Ernährung";"Verarbeitete Lebensmittel";"4-Wochen-Pläne";"4-Wochen-Plan";"4-Wochen-Plan · Woche 4";"Machen Sie frische Grundzutaten zur Standardausstattung zu Hause. Beim Einkauf: vorwiegend am Rand des Ladens (Frisches) statt in den Regalgängen (Verarbeitetes).";"Faites des ingrédients frais de base votre équipement standard à la maison. Lors des achats, privilégiez le pourtour du magasin, où se trouvent les produits frais, plutôt que les rayons de produits transformés.";"";"";"Marketing, Medizin";"Prüfung erforderlich";"";"";"";"recommendation.plan.er_verarbeitet.week_4";"recommendations";"fr-CH";"3";"v1:d69b55804c14335744a0a12a0aa976d1ec91e2438349a6a77f6bb61bec9ba1ac";"fdaa77c31b6187c63be5ffff80bdd5034cb7152023e8567007ebdaaeb6c4e9a0"
"Ernährung";"Verarbeitete Lebensmittel";"Handlungsfelder";"Beschriftung";"Handlungsfeld · Ernährung · Kurzlabel";"Stark Verarbeitetes schrittweise durch Frisches ersetzen";"Remplacer progressivement les produits fortement transformés par des aliments frais";"";"";"Marketing, Medizin";"Prüfung erforderlich";"";"";"";"recommendation.lever.lv_verarbeitet.label";"recommendations";"fr-CH";"3";"v1:d69b55804c14335744a0a12a0aa976d1ec91e2438349a6a77f6bb61bec9ba1ac";"fd3b03e9210747cc9d201f0259bc471706bc2517f2b69137eebc56d97239cb30"
"Ernährung";"Verarbeitete Lebensmittel";"Handlungsfelder";"Detailtext";"Handlungsfeld · Ernährung · Detailtext";"Hochverarbeitete Produkte liefern viel Zucker, Salz und ungünstige Fette – jede ersetzte Mahlzeit zählt, Perfektion ist nicht nötig.";"Les produits fortement transformés apportent beaucoup de sucre, de sel et de graisses défavorables. Chaque repas remplacé compte, sans exiger la perfection.";"";"";"Marketing, Medizin";"Prüfung erforderlich";"";"";"";"recommendation.lever.lv_verarbeitet.detail";"recommendations";"fr-CH";"3";"v1:d69b55804c14335744a0a12a0aa976d1ec91e2438349a6a77f6bb61bec9ba1ac";"86856966b3b6378b0da1ec30735cc454d8836143c9355940c76841f8a8c830d2"
"Ernährung";"Verarbeitete Lebensmittel";"Stärken";"Beschriftung";"Stärke · Ernährung · Kurzlabel";"Wenig Zucker & Hochverarbeitetes";"Peu de sucre et de produits fortement transformés";"";"";"Marketing";"Prüfung erforderlich";"";"";"";"recommendation.strength.st_ernaehrung_clean.label";"recommendations";"fr-CH";"3";"v1:d69b55804c14335744a0a12a0aa976d1ec91e2438349a6a77f6bb61bec9ba1ac";"951aab7721ce91df6328dab96a0fe5d25dabcef0890c632d7857165cb9d42954"
"Ernährung";"Verarbeitete Lebensmittel";"Stärken";"Detailtext";"Stärke · Ernährung · Detailtext";"Sie greifen selten zu Zuckergetränken und stark verarbeiteten Produkten – eine der wirksamsten Ernährungsgewohnheiten überhaupt.";"Vous consommez rarement des boissons sucrées et des produits fortement transformés. C’est l’une des habitudes alimentaires les plus efficaces qui soient.";"";"";"Marketing, Medizin";"Prüfung erforderlich";"";"";"";"recommendation.strength.st_ernaehrung_clean.detail";"recommendations";"fr-CH";"3";"v1:d69b55804c14335744a0a12a0aa976d1ec91e2438349a6a77f6bb61bec9ba1ac";"157a966ee6f39487b5fb6025e21629878bd0d604e94532613fbcbedd9cace992"
"Ernährung";"Verarbeitete Lebensmittel";"Ergebnis-Einstieg";"Beschriftung";"Ergebnis-Zusammenfassung · Themenlabel «Verarbeitete Lebensmittel»";"stark verarbeitete Lebensmittel";"aliments fortement transformés";"";"";"Marketing";"Prüfung erforderlich";"";"";"";"ui.hero.topic.verarbeitet";"ui";"fr-CH";"3";"v1:d69b55804c14335744a0a12a0aa976d1ec91e2438349a6a77f6bb61bec9ba1ac";"dadf3dbc966c774ac485c32837adbfc690841862d00e9675081f3ff2e5a4620b"
"Schlaf";"Allgemeiner Schlaf";"Coach-Antworten";"Dynamischer Text";"Demo-Coach-Antwort zum Schlaf";"Beim Schlaf hilft oft eine ruhige, konstante Abendroutine: Bildschirme 30–60 Min. vorher aus, kein Koffein am Abend und möglichst feste Aufstehzeiten. Ihr Schlaf-Wert: <b>{{sleepScore}}</b>.";"Pour mieux dormir, une routine du soir calme et régulière est souvent utile : éteignez les écrans 30 à 60 min avant le coucher, évitez la caféine le soir et levez-vous si possible à heures fixes. Votre score de sommeil : <b>{{sleepScore}}</b>.";"";"";"Marketing, Medizin";"Prüfung erforderlich";"";"{{sleepScore}}";"";"coach.answer.sleep";"coach";"fr-CH";"3";"v1:d69b55804c14335744a0a12a0aa976d1ec91e2438349a6a77f6bb61bec9ba1ac";"38738f262e132a59c2321d20e367110914c819a56f2ea280ceb29d3365e9f33c"
"Schlaf";"Allgemeiner Schlaf";"Positive Dimensionstexte";"Positive Rückmeldung";"Positive Verstärkung für die Dimension schlaf";"Ihr Schlaf erholt Sie gut – eine wertvolle Basis für alles andere.";"Votre sommeil vous permet de bien récupérer : une base précieuse pour tout le reste.";"";"";"Marketing, Medizin";"Prüfung erforderlich";"";"";"";"recommendation.positive.schlaf";"recommendations";"fr-CH";"3";"v1:d69b55804c14335744a0a12a0aa976d1ec91e2438349a6a77f6bb61bec9ba1ac";"448875a6256eed926aee3b678e035bd0d8a15d794e7a4aada333ed4e9579fa96"
"Schlaf";"Allgemeiner Schlaf";"Solide Dimensionstexte";"Solide Rückmeldung";"Zurückhaltende Rückmeldung für die Dimension schlaf im Status Solide";"Mehrere Aspekte Ihres Schlafs unterstützen Ihre Erholung bereits. Kleine Anpassungen können Qualität oder Regelmässigkeit weiter stärken.";"Plusieurs aspects de votre sommeil favorisent déjà votre récupération. De petites adaptations peuvent encore renforcer sa qualité ou sa régularité.";"";"";"Marketing, Medizin";"Prüfung erforderlich";"Neu vom positiven Feedback ab Score 80 getrennt; durch Marketing und Medizin freigeben.";"";"";"recommendation.solid.schlaf";"recommendations";"fr-CH";"3";"v1:d69b55804c14335744a0a12a0aa976d1ec91e2438349a6a77f6bb61bec9ba1ac";"4e7e74d21050734120545ae2df8bb4c51dba7da762b566be5fdd7df658b7a000"
"Schlaf";"Allgemeiner Schlaf";"Dimensionsdetails";"Überschrift";"Dimensionsdetail · Titel";"Schlaf mit Handlungsbedarf";"Sommeil nécessitant une attention particulière";"";"";"Marketing, Medizin";"Prüfung erforderlich";"Gemeinsamen Lifestyle- und medizinischen Signalvertrag neutral abgedeckt; durch Marketing und Medizin freigeben.";"";"";"recommendation.signal.schlaf.title";"recommendations";"fr-CH";"3";"v1:d69b55804c14335744a0a12a0aa976d1ec91e2438349a6a77f6bb61bec9ba1ac";"8088d9a269a57070fa2c05fb35af7639c70853c491563622ac7d02c6b00362d6"
"Schlaf";"Allgemeiner Schlaf";"Gemeinsame Bereichstexte (Fragebogen und Ergebnis)";"Beschriftung";"Gemeinsam in Fragebogen und Ergebnis · Schlaf · Kurzlabel für Navigation und Ergebnisvisualisierung";"Schlaf";"Sommeil";"";"";"Marketing";"Prüfung erforderlich";"";"";"";"service.dimension.schlaf.short";"services";"fr-CH";"3";"v1:d69b55804c14335744a0a12a0aa976d1ec91e2438349a6a77f6bb61bec9ba1ac";"6319f75c53652e6f17ff5901887acb0a6a90acc03bef5c362d5c966ac892cdaf"
"Schlaf";"Allgemeiner Schlaf";"Gemeinsame Bereichstexte (Fragebogen und Ergebnis)";"Überschrift";"Gemeinsam in Fragebogen und Ergebnis · Schlaf · vollständiger Bereichstitel";"Schlaf";"Sommeil";"";"";"Marketing, Medizin";"Prüfung erforderlich";"";"";"";"service.dimension.schlaf.title";"services";"fr-CH";"3";"v1:d69b55804c14335744a0a12a0aa976d1ec91e2438349a6a77f6bb61bec9ba1ac";"53c2e52218fed9f5d96315347c8483e3235beaa4550411ea06470aff470baa17"
"Schlaf";"Allgemeiner Schlaf";"Dimensionsdetails";"Persönliche Einordnung";"Dimensionsdetail · Einordnung";"Alkohol kann das Einschlafen erleichtern, fragmentiert aber häufig den Schlaf und reduziert besonders den REM-Schlaf. Koffein wird individuell unterschiedlich abgebaut; spätes Koffein kann den Schlaf noch Stunden später beeinträchtigen.";"L’alcool peut faciliter l’endormissement, mais fragmente souvent le sommeil et réduit particulièrement le sommeil paradoxal. La caféine est éliminée à une vitesse différente selon les personnes ; une consommation tardive peut encore perturber le sommeil plusieurs heures plus tard.";"";"";"Marketing, Medizin";"Prüfung erforderlich";"Rechenfehler zur Koffein-Halbwertszeit und absolute Alkoholaussage korrigiert; durch Marketing und Medizin freigeben.";"";"";"recommendation.signal.schlaf.insight";"recommendations";"fr-CH";"3";"v1:d69b55804c14335744a0a12a0aa976d1ec91e2438349a6a77f6bb61bec9ba1ac";"c171346b470c63d9f271b5cb56297523722efeb541bc390ae3f0081a84da0675"
"Schlaf";"Allgemeiner Schlaf";"Gemeinsame Bereichstexte (Fragebogen und Ergebnis)";"Begründung / Einordnung";"Gemeinsam in Fragebogen und Ergebnis · Schlaf · Einleitung im Fragebogen und in den Ergebnisdetails";"Qualitativ guter Schlaf ist zentral für Ihre Gesundheit. Während Sie schlafen, werden Zellen repariert, das Immunsystem gestärkt und das Gedächtnis gefestigt.";"Un sommeil de qualité est essentiel à votre santé. Pendant votre sommeil, les cellules se réparent, le système immunitaire se renforce et la mémoire se consolide.";"";"";"Marketing, Medizin";"Prüfung erforderlich";"";"";"";"service.dimension.schlaf.intro";"services";"fr-CH";"3";"v1:d69b55804c14335744a0a12a0aa976d1ec91e2438349a6a77f6bb61bec9ba1ac";"ce15e682469af4d411ccc2b9947c8b8630b1fc9ae257083f983679715f214d2f"
"Schlaf";"Allgemeiner Schlaf";"Dimensionsdetails";"Nächster Schritt";"Dimensionsdetail · konkreter nächster Schritt";"Halten Sie die Aufstehzeit möglichst konstant und suchen Sie nach dem Aufstehen möglichst bald Tageslicht. Wenn Ihr Schlaf den Alltag stark beeinträchtigt oder Beschwerden anhalten, lassen Sie dies ärztlich einordnen.";"Gardez une heure de lever aussi constante que possible et exposez-vous à la lumière du jour dès que possible après le réveil. Si votre sommeil nuit fortement à votre quotidien ou si les troubles persistent, demandez un avis médical.";"";"";"Marketing, Medizin";"Prüfung erforderlich";"Lifestyle- und medizinischen Signalpfad gemeinsam abgedeckt; durch Marketing und Medizin freigeben.";"";"";"recommendation.signal.schlaf.action";"recommendations";"fr-CH";"3";"v1:d69b55804c14335744a0a12a0aa976d1ec91e2438349a6a77f6bb61bec9ba1ac";"1a58c215b314073c93b5268d69b495193b4284d52dcd826ada5bd741a6b3776f"
"Schlaf";"Allgemeiner Schlaf";"Risikosignale";"Risikosignal";"Ergebnisseite, Lebensstil-Signal Schlaf";"Ihre Angaben weisen auf möglichen Handlungsbedarf beim Schlaf hin.";"Vos réponses indiquent que votre sommeil mérite une attention particulière.";"";"";"Marketing, Medizin";"Prüfung erforderlich";"Gemeinsamen Lifestyle- und medizinischen Signalvertrag neutral abgedeckt; durch Marketing und Medizin freigeben.";"";"";"recommendation.risk_signal.schlaf.label";"recommendations";"fr-CH";"3";"v1:d69b55804c14335744a0a12a0aa976d1ec91e2438349a6a77f6bb61bec9ba1ac";"4e2930599b468dfac332464b4097fb7941d2979a16ce8a7a7b9bdae952b7a567"
"Schlaf";"Allgemeiner Schlaf";"Stärken";"Beschriftung";"Stärke · Schlaf · Kurzlabel";"Erholsamer Schlaf";"Sommeil réparateur";"";"";"Marketing";"Prüfung erforderlich";"";"";"";"recommendation.strength.st_erholsamer_schlaf.label";"recommendations";"fr-CH";"3";"v1:d69b55804c14335744a0a12a0aa976d1ec91e2438349a6a77f6bb61bec9ba1ac";"12041bd9614848f9fb3f833fbf7790e33722c22246e76d06febc9af18a44f79f"
"Schlaf";"Allgemeiner Schlaf";"Stärken";"Detailtext";"Stärke · Schlaf · Detailtext";"Sie schlafen insgesamt gut – eine Basis, von der Konzentration, Stimmung und Regeneration jeden Tag profitieren.";"Dans l’ensemble, vous dormez bien. C’est une base dont profitent chaque jour la concentration, l’humeur et la récupération.";"";"";"Marketing, Medizin";"Prüfung erforderlich";"";"";"";"recommendation.strength.st_erholsamer_schlaf.detail";"recommendations";"fr-CH";"3";"v1:d69b55804c14335744a0a12a0aa976d1ec91e2438349a6a77f6bb61bec9ba1ac";"c9bb5dffaabe76d54da11a141f74ac35ccec8159f620f80e42c2bd14e1b1c221"
"Schlaf";"Allgemeiner Schlaf";"Stärken";"Beschriftung";"Stärke · Schlaf · Kurzlabel";"Stabiler, ausreichender Schlaf";"Sommeil stable et suffisant";"";"";"Marketing";"Prüfung erforderlich";"";"";"";"recommendation.strength.st_schlaf.label";"recommendations";"fr-CH";"3";"v1:d69b55804c14335744a0a12a0aa976d1ec91e2438349a6a77f6bb61bec9ba1ac";"e2332edafea3bc31fb43022a17a841274b7076dbc2114c84f3fa66c90cf009a9"
"Schlaf";"Allgemeiner Schlaf";"Stärken";"Detailtext";"Stärke · Schlaf · Detailtext";"Ausreichende Schlafdauer, gute Qualität und ein regelmässiger Rhythmus unterstützen die Erholung. Wie viel Schlaf ausreichend ist, hängt unter anderem vom Alter ab.";"Une durée de sommeil suffisante, une bonne qualité et un rythme régulier favorisent la récupération. La quantité de sommeil suffisante dépend notamment de l’âge.";"";"";"Marketing, Medizin";"Prüfung erforderlich";"Superlativ entfernt und altersabhängigen Schlafbedarf berücksichtigt; durch Marketing und Medizin freigeben.";"";"";"recommendation.strength.st_schlaf.detail";"recommendations";"fr-CH";"3";"v1:d69b55804c14335744a0a12a0aa976d1ec91e2438349a6a77f6bb61bec9ba1ac";"10821b96f6cdb2373ddbf8524daccf0cbc8250b542e02e86fc03c886bafb2f2e"
"Schlaf";"Allgemeiner Schlaf";"Ergebnis-Einstieg";"Beschriftung";"Hero-Zusammenfassung, Dimension schlaf im Nominativ";"Ihr Schlaf";"Votre sommeil";"";"";"Marketing";"Prüfung erforderlich";"";"";"";"ui.hero.dimension.schlaf.nominative";"ui";"fr-CH";"3";"v1:d69b55804c14335744a0a12a0aa976d1ec91e2438349a6a77f6bb61bec9ba1ac";"78c8954af44ee6cfb175c9387014442188f38ab63cccca542ee100181b2ebeca"
"Schlaf";"Allgemeiner Schlaf";"Ergebnis-Einstieg";"Beschriftung";"Hero-Zusammenfassung, Dimension schlaf nach «bei»";"bei Ihrem Schlaf";"au niveau de votre sommeil";"";"";"Marketing";"Prüfung erforderlich";"";"";"";"ui.hero.dimension.schlaf.prepositional";"ui";"fr-CH";"3";"v1:d69b55804c14335744a0a12a0aa976d1ec91e2438349a6a77f6bb61bec9ba1ac";"6d46a27fb508e7aad80ad9fe3589f780bc0420c513e563592215fb1edece08fa"
"Schlaf";"Schlafdauer";"Handlungsfelder";"Beschriftung";"Handlungsfeld · Schlaf · Kurzlabel";"Schlaffenster auf 7–9 Stunden ausweiten";"Étendre votre fenêtre de sommeil à 7–9 heures";"";"";"Marketing, Medizin";"Prüfung erforderlich";"";"";"";"recommendation.lever.lv_schlafdauer.label";"recommendations";"fr-CH";"3";"v1:d69b55804c14335744a0a12a0aa976d1ec91e2438349a6a77f6bb61bec9ba1ac";"286c4ff7fe7c158ad981b2de053259f65761b7d3dbdc68af9f53e4b6d623ed24"
"Schlaf";"Schlafdauer";"Handlungsfelder";"Detailtext";"Handlungsfeld · Schlaf · Detailtext";"Zu kurzer Schlaf wirkt auf Konzentration, Stoffwechsel und Immunsystem – verlegen Sie die Bettzeit in kleinen 15-Minuten-Schritten nach vorn.";"Un sommeil trop court agit sur la concentration, le métabolisme et le système immunitaire. Avancez l’heure du coucher par petites étapes de 15 minutes.";"";"";"Marketing, Medizin";"Prüfung erforderlich";"";"";"";"recommendation.lever.lv_schlafdauer.detail";"recommendations";"fr-CH";"3";"v1:d69b55804c14335744a0a12a0aa976d1ec91e2438349a6a77f6bb61bec9ba1ac";"51b400f6cf30c9c4341f5a23ea5fee59815c03eff7b1a350128e29b9b36f6304"
"Schlaf";"Schlafdauer";"Empfehlungskarten";"Überschrift";"Empfehlungskarte · Schlaf · Titel";"Mehr Raum für Schlaf schaffen";"Accorder plus de place au sommeil";"";"";"Marketing";"Prüfung erforderlich";"";"";"";"recommendation.catalog.sl_dauer.title";"recommendations";"fr-CH";"3";"v1:d69b55804c14335744a0a12a0aa976d1ec91e2438349a6a77f6bb61bec9ba1ac";"f956bda406ab366627ffeebb238ff03588d8d8af53e0c1e22a451bd4dfb0c135"
"Schlaf";"Schlafdauer";"Empfehlungskarten";"Begründung / Einordnung";"Empfehlungskarte · Schlaf · Begründung";"Sie schlafen aktuell eher wenig. Der Bedarf hängt vom Alter und von persönlichen Faktoren ab: Erwachsene benötigen meist mindestens sieben Stunden, Jugendliche in der Regel acht bis zehn Stunden. Schlaf unterstützt Erholung, Stoffwechsel und Stimmung.";"Vous dormez actuellement plutôt peu. Le besoin dépend de l’âge et de facteurs personnels : les adultes ont généralement besoin d’au moins sept heures, et les adolescents de huit à dix heures. Le sommeil favorise la récupération, le métabolisme et l’humeur.";"";"";"Marketing, Medizin";"Prüfung erforderlich";"Erwachsenen- und Jugendbedarf wegen des aktuellen Mindestalters getrennt; durch Marketing und Medizin freigeben.";"";"";"recommendation.catalog.sl_dauer.why";"recommendations";"fr-CH";"3";"v1:d69b55804c14335744a0a12a0aa976d1ec91e2438349a6a77f6bb61bec9ba1ac";"a8b2798630217eaec65fda47293dfa9d936cc9658cc7fa39ceeb8b8f79913f10"
"Schlaf";"Schlafdauer";"Empfehlungskarten";"Nächster Schritt";"Empfehlungskarte · Schlaf · konkreter nächster Schritt";"Verschieben Sie Ihre Schlafenszeit schrittweise um 15 bis 30 Minuten nach vorne und halten Sie sie möglichst konstant.";"Avancez progressivement votre heure de coucher de 15 à 30 minutes et gardez-la aussi constante que possible.";"";"";"Marketing, Medizin";"Prüfung erforderlich";"";"";"";"recommendation.catalog.sl_dauer.step";"recommendations";"fr-CH";"3";"v1:d69b55804c14335744a0a12a0aa976d1ec91e2438349a6a77f6bb61bec9ba1ac";"02381083de8bb07e1eee5c232b29f30bcc323ed859cac3c6bd5cc4c93f0b17e5"
"Schlaf";"Schlafdauer";"Empfehlungskarten";"Erwarteter Nutzen";"Empfehlungskarte · Schlaf · erwarteter Nutzen";"Etwas mehr Schlaf verbessert Energie, Konzentration und Appetitregulation.";"Un peu plus de sommeil améliore l’énergie, la concentration et la régulation de l’appétit.";"";"";"Marketing, Medizin";"Prüfung erforderlich";"";"";"";"recommendation.catalog.sl_dauer.benefit";"recommendations";"fr-CH";"3";"v1:d69b55804c14335744a0a12a0aa976d1ec91e2438349a6a77f6bb61bec9ba1ac";"a1a3197b1fa3ba57a14d306d98405040e49bbacc170c409d4d1b9c93f4569307"
"Schlaf";"Schlafdauer";"4-Wochen-Pläne";"4-Wochen-Plan";"4-Wochen-Plan · Diese Woche, 5–6 Stunden";"Verschieben Sie die Bettzeit in <b>15-Minuten-Schritten</b> nach vorn – abrupte Sprünge scheitern meist. Setzen Sie sich einen Alarm nicht zum Aufstehen, sondern zum Zubettgehen.";"Avancez l’heure du coucher par <b>étapes de 15 minutes</b>, car les changements brusques échouent généralement. Programmez une alarme non pas pour vous lever, mais pour aller vous coucher.";"";"";"Marketing, Medizin";"Prüfung erforderlich";"";"";"";"recommendation.plan.sl_dauer.this_week.five_to_six_hours";"recommendations";"fr-CH";"3";"v1:d69b55804c14335744a0a12a0aa976d1ec91e2438349a6a77f6bb61bec9ba1ac";"ec3ed6b86a59484351e9fefb60c5aed9ce4ba94d03368b8ba33caa60d7ec4ab8"
"Schlaf";"Schlafdauer";"4-Wochen-Pläne";"4-Wochen-Plan";"4-Wochen-Plan · Diese Woche, 6–7 Stunden";"Für Erwachsene werden regelmässig mindestens sieben Stunden Schlaf empfohlen. Testen Sie eine Woche lang eine <b>15 Minuten frühere Bettzeit</b> und beobachten Sie Energie und Konzentration am Tag.";"Il est recommandé aux adultes de dormir régulièrement au moins sept heures. Pendant une semaine, testez une <b>heure de coucher avancée de 15 minutes</b> et observez votre énergie et votre concentration pendant la journée.";"";"";"Marketing, Medizin";"Prüfung erforderlich";"Neue Variante für die evidenzbasierte Mindestempfehlung von sieben Stunden; durch Marketing und Medizin freigeben.";"";"";"recommendation.plan.sl_dauer.this_week.six_to_seven_hours";"recommendations";"fr-CH";"3";"v1:d69b55804c14335744a0a12a0aa976d1ec91e2438349a6a77f6bb61bec9ba1ac";"73ee793f76b7271512dac6dca2b57119161a96f7b45579b5f289e93b96f195a2"
"Schlaf";"Schlafdauer";"4-Wochen-Pläne";"4-Wochen-Plan";"4-Wochen-Plan · Diese Woche, weniger als 5 Stunden";"Weniger als 5 Stunden zehren spürbar an Konzentration und Gesundheit – hier lohnt jede zusätzliche halbe Stunde. Verschieben Sie die Bettzeit in <b>15-Minuten-Schritten</b> nach vorn – abrupte Sprünge scheitern meist. Setzen Sie sich einen Alarm nicht zum Aufstehen, sondern zum Zubettgehen.";"Moins de 5 heures de sommeil affectent sensiblement la concentration et la santé : chaque demi-heure supplémentaire est utile. Avancez l’heure du coucher par <b>étapes de 15 minutes</b>, car les changements brusques échouent généralement. Programmez une alarme non pas pour vous lever, mais pour aller vous coucher.";"";"";"Marketing, Medizin";"Prüfung erforderlich";"";"";"";"recommendation.plan.sl_dauer.this_week.under_5_hours";"recommendations";"fr-CH";"3";"v1:d69b55804c14335744a0a12a0aa976d1ec91e2438349a6a77f6bb61bec9ba1ac";"1fc96fa126b5d529a787c4701ef2b2fc03fd25090103df6a60b47769fa29f797"
"Schlaf";"Schlafdauer";"4-Wochen-Pläne";"4-Wochen-Plan";"4-Wochen-Plan · Woche 2–3";"Halten Sie vor allem die <b>Aufstehzeit</b> möglichst konstant, auch am Wochenende. Koffein wird individuell unterschiedlich abgebaut und kann den Schlaf noch Stunden später beeinträchtigen. Alkohol kann zwar müde machen, fragmentiert aber häufig den Schlaf und reduziert besonders den REM-Schlaf.";"Gardez surtout une <b>heure de lever</b> aussi constante que possible, y compris le week-end. La caféine est éliminée à une vitesse différente selon les personnes et peut encore perturber le sommeil plusieurs heures plus tard. L’alcool peut provoquer de la somnolence, mais fragmente souvent le sommeil et réduit particulièrement le sommeil paradoxal.";"";"";"Marketing, Medizin";"Prüfung erforderlich";"Absolute und rechnerisch missverständliche Schlafaussagen evidenznäher formuliert; durch Marketing und Medizin freigeben.";"";"";"recommendation.plan.sl_dauer.weeks_2_3";"recommendations";"fr-CH";"3";"v1:d69b55804c14335744a0a12a0aa976d1ec91e2438349a6a77f6bb61bec9ba1ac";"44868bc7743b8df38220a220ec8ea5874b124b2f40cc8fee3b7d76847c9014e6"
"Schlaf";"Schlafdauer";"4-Wochen-Pläne";"4-Wochen-Plan";"4-Wochen-Plan · Woche 4";"Prüfen Sie das Ergebnis am Tag, nicht in der Nacht: Wachen Sie erholt auf, ohne Mittagstief? Die meisten Erwachsenen brauchen <b>7–9 Stunden</b>. Bleibt die Müdigkeit trotz ausreichender Schlafdauer bestehen, gehört das ärztlich abgeklärt – dahinter können Schlafapnoe, Eisenmangel oder Schilddrüsenwerte stecken.";"Évaluez le résultat pendant la journée, et non la nuit : vous réveillez-vous reposé, sans baisse d’énergie à midi ? La plupart des adultes ont besoin de <b>7 à 9 heures</b>. Si la fatigue persiste malgré une durée de sommeil suffisante, faites-la examiner par un médecin : une apnée du sommeil, une carence en fer ou un problème thyroïdien peuvent notamment en être la cause.";"";"";"Marketing, Medizin";"Prüfung erforderlich";"";"";"";"recommendation.plan.sl_dauer.week_4";"recommendations";"fr-CH";"3";"v1:d69b55804c14335744a0a12a0aa976d1ec91e2438349a6a77f6bb61bec9ba1ac";"4b204439e15127e6cf436acb9725edbf6bbfe725ecd337d29e8deab3e7cf3bae"
"Schlaf";"Schlafdauer";"Ergebnis-Einstieg";"Beschriftung";"Ergebnis-Zusammenfassung · Themenlabel «Schlafdauer»";"Schlafdauer";"durée du sommeil";"";"";"Marketing";"Prüfung erforderlich";"";"";"";"ui.hero.topic.schlafdauer";"ui";"fr-CH";"3";"v1:d69b55804c14335744a0a12a0aa976d1ec91e2438349a6a77f6bb61bec9ba1ac";"7d5d0b8e14f7f437f3f36b6453956841fdd51dc0d3c8425cb2944b8dc64a27c1"
"Schlaf";"Schlafqualität & Abklärung";"Spezialaktionen";"Überschrift";"Ärztliche Abklärung anhaltender Erschöpfung, Titel";"Starke Schlafbeeinträchtigung ärztlich abklären";"Faire examiner médicalement les fortes répercussions du sommeil";"";"";"Marketing, Medizin";"Prüfung erforderlich";"Auslöser umfasst neben Müdigkeit auch Konzentration, Stimmung und soziale Aktivität; durch Marketing und Medizin freigeben.";"";"";"recommendation.special.act_schlaf_abklaerung.title";"recommendations";"fr-CH";"3";"v1:d69b55804c14335744a0a12a0aa976d1ec91e2438349a6a77f6bb61bec9ba1ac";"67849e009662b79ac61193098092a63c3db417c796c3b87d4049afd28579181a"
"Schlaf";"Schlafqualität & Abklärung";"Spezialaktionen";"Begründung / Einordnung";"Ärztliche Abklärung anhaltender Erschöpfung, Begründung";"Ihr Schlaf beeinträchtigt Ihren Alltag massiv. Wenn das anhält, sollten mögliche körperliche oder psychische Ursachen ärztlich eingeordnet werden.";"Votre sommeil perturbe fortement votre quotidien. Si cette situation persiste, d’éventuelles causes physiques ou psychiques devraient faire l’objet d’une évaluation médicale.";"";"";"Marketing, Medizin";"Prüfung erforderlich";"Medizinischer Hinweis gilt unabhängig von der angegebenen Schlafdauer; durch Marketing und Medizin freigeben.";"";"";"recommendation.special.act_schlaf_abklaerung.why";"recommendations";"fr-CH";"3";"v1:d69b55804c14335744a0a12a0aa976d1ec91e2438349a6a77f6bb61bec9ba1ac";"6a17aa79637a30f0a9101190f44beb68e89584f05440d7f836c56b63d18889a5"
"Schlaf";"Schlafqualität & Abklärung";"Spezialaktionen";"Nächster Schritt";"Ärztliche Abklärung anhaltender Erschöpfung, Startschritt";"Vereinbaren Sie einen Termin bei Ihrer Hausärztin oder Ihrem Hausarzt und schildern Sie, seit wann und in welcher Form der Schlaf Ihren Alltag beeinträchtigt – etwa Energie, Konzentration, Stimmung oder soziale Aktivitäten.";"Prenez rendez-vous avec votre médecin de famille et décrivez depuis quand et de quelle manière votre sommeil perturbe votre quotidien, par exemple votre énergie, votre concentration, votre humeur ou vos activités sociales.";"";"";"Marketing, Medizin";"Prüfung erforderlich";"Startschritt an den vollständigen Antwortvertrag der Auswirkungsfrage angeglichen; durch Marketing und Medizin freigeben.";"";"";"recommendation.special.act_schlaf_abklaerung.step";"recommendations";"fr-CH";"3";"v1:d69b55804c14335744a0a12a0aa976d1ec91e2438349a6a77f6bb61bec9ba1ac";"debf05c1825120fc1677816c7b316f6f729991b75e5b20351bec70f7b83fb2da"
"Schlaf";"Schlafqualität & Abklärung";"Spezialaktionen";"Erwarteter Nutzen";"Ärztliche Abklärung anhaltender Erschöpfung, Nutzen";"Sie erhalten Klarheit über mögliche Ursachen und können passende nächste Schritte festlegen.";"Vous obtenez des éclaircissements sur les causes possibles et pouvez définir les prochaines étapes adaptées.";"";"";"Marketing, Medizin";"Prüfung erforderlich";"Nicht belegtes Zeitversprechen entfernt; durch Marketing und Medizin freigeben.";"";"";"recommendation.special.act_schlaf_abklaerung.benefit";"recommendations";"fr-CH";"3";"v1:d69b55804c14335744a0a12a0aa976d1ec91e2438349a6a77f6bb61bec9ba1ac";"8164551c7d36238cfb9ff92c63432aaa23b23ab1393e218fe8e39164edb248a1"
"Schlaf";"Schlafqualität & Abklärung";"4-Wochen-Pläne";"4-Wochen-Plan";"4-Wochen-Plan · Diese Woche";"Vereinbaren Sie einen <b>hausärztlichen Termin</b> und notieren Sie vorab: seit wann die Müdigkeit besteht, wie stark sie den Alltag beeinträchtigt und ob es Begleitsymptome gibt (Schnarchen, Atemaussetzer, Kopfschmerzen).";"Prenez un <b>rendez-vous chez votre médecin de famille</b> et notez au préalable depuis quand la fatigue existe, dans quelle mesure elle perturbe votre quotidien et si elle s’accompagne de symptômes comme des ronflements, des pauses respiratoires ou des maux de tête.";"";"";"Marketing, Medizin";"Prüfung erforderlich";"";"";"";"recommendation.plan.act_schlaf_abklaerung.this_week";"recommendations";"fr-CH";"3";"v1:d69b55804c14335744a0a12a0aa976d1ec91e2438349a6a77f6bb61bec9ba1ac";"cf59998e1b9a8981b128a61affcb916be1db5cb77c7918b23948f1fe6906d749"
"Schlaf";"Schlafqualität & Abklärung";"4-Wochen-Pläne";"4-Wochen-Plan";"4-Wochen-Plan · Woche 2–3";"Führen Sie bis zum Termin ein kurzes Schlaf-/Energie-Tagebuch (Bettzeiten, Aufwachen, Tagesenergie). Häufige, gut behandelbare Ursachen sind z. B. Schlafapnoe, Eisenmangel oder Schilddrüsenwerte – das lässt sich gezielt abklären.";"Jusqu’au rendez-vous, tenez un bref journal du sommeil et de l’énergie, en notant les heures de coucher, les réveils et l’énergie pendant la journée. Parmi les causes fréquentes et bien traitables figurent par exemple l’apnée du sommeil, la carence en fer ou les valeurs thyroïdiennes ; elles peuvent être examinées de manière ciblée.";"";"";"Marketing, Medizin";"Prüfung erforderlich";"";"";"";"recommendation.plan.act_schlaf_abklaerung.weeks_2_3";"recommendations";"fr-CH";"3";"v1:d69b55804c14335744a0a12a0aa976d1ec91e2438349a6a77f6bb61bec9ba1ac";"3f3ec8356d0031fe16a23c75bcbc97f81ba1c498b1449674145b459dd20b592f"
"Schlaf";"Schlafqualität & Abklärung";"4-Wochen-Pläne";"4-Wochen-Plan";"4-Wochen-Plan · Woche 4";"Besprechen Sie die Ergebnisse und die empfohlenen nächsten Schritte. Bleiben Sie dran, bis die Ursache gefunden ist – anhaltende Erschöpfung ist kein Zustand, den man einfach hinnehmen muss.";"Discutez des résultats et des prochaines étapes recommandées. Persévérez jusqu’à ce que la cause soit trouvée : vous n’avez pas à accepter simplement un épuisement persistant.";"";"";"Marketing, Medizin";"Prüfung erforderlich";"";"";"";"recommendation.plan.act_schlaf_abklaerung.week_4";"recommendations";"fr-CH";"3";"v1:d69b55804c14335744a0a12a0aa976d1ec91e2438349a6a77f6bb61bec9ba1ac";"70f6391843f7be5808acdac99b362e685cdff62b60ade2b3f270d8917b0ab913"
"Schlaf";"Schlafqualität & Abklärung";"Handlungsfelder";"Beschriftung";"Handlungsfeld · Schlaf · Kurzlabel";"Starke Schlafbeeinträchtigung ärztlich abklären";"Faire évaluer médicalement une forte gêne liée au sommeil";"";"";"Marketing, Medizin";"Prüfung erforderlich";"An den tatsächlichen Trigger «massive Alltagsbeeinträchtigung» angepasst; durch Marketing und Medizin freigeben.";"";"";"recommendation.lever.lv_schlaf_abklaerung.label";"recommendations";"fr-CH";"3";"v1:d69b55804c14335744a0a12a0aa976d1ec91e2438349a6a77f6bb61bec9ba1ac";"09b0eba28c4e53bef153807d56c5884bfd1beebca6757bbb7ef5e68f4a3a1a0a"
"Schlaf";"Schlafqualität & Abklärung";"Handlungsfelder";"Detailtext";"Handlungsfeld · Schlaf · Detailtext";"Ihr Schlaf beeinträchtigt Ihren Alltag massiv. Das kann verschiedene Ursachen haben und sollte ärztlich eingeordnet werden.";"Votre sommeil nuit fortement à votre quotidien. Cela peut avoir différentes causes et devrait faire l’objet d’une évaluation médicale.";"";"";"Marketing, Medizin";"Prüfung erforderlich";"Nicht erhobene ausreichende Schlafdauer und Erschöpfung entfernt; durch Marketing und Medizin freigeben.";"";"";"recommendation.lever.lv_schlaf_abklaerung.detail";"recommendations";"fr-CH";"3";"v1:d69b55804c14335744a0a12a0aa976d1ec91e2438349a6a77f6bb61bec9ba1ac";"85f8779c9466da4e0d7b020b16d14d79a705f442dd59819188ccb786f614752d"
"Schlaf";"Schlafqualität & Abklärung";"Handlungsfelder";"Beschriftung";"Handlungsfeld · Schlaf · Kurzlabel";"Abendroutine für besseren Schlaf aufbauen";"Mettre en place une routine du soir pour mieux dormir";"";"";"Marketing, Medizin";"Prüfung erforderlich";"";"";"";"recommendation.lever.lv_schlafqualitaet.label";"recommendations";"fr-CH";"3";"v1:d69b55804c14335744a0a12a0aa976d1ec91e2438349a6a77f6bb61bec9ba1ac";"062feefb5cfdbea26939bdba3b73727372f638b26d7889dc10a38e51621b51d6"
"Schlaf";"Schlafqualität & Abklärung";"Handlungsfelder";"Detailtext";"Handlungsfeld · Schlaf · Detailtext";"Gleiche Rituale, gedimmtes Licht und ein kühles Schlafzimmer verbessern die Schlafqualität oft schon in wenigen Wochen.";"Des rituels identiques, une lumière tamisée et une chambre fraîche améliorent souvent la qualité du sommeil en quelques semaines déjà.";"";"";"Marketing, Medizin";"Prüfung erforderlich";"";"";"";"recommendation.lever.lv_schlafqualitaet.detail";"recommendations";"fr-CH";"3";"v1:d69b55804c14335744a0a12a0aa976d1ec91e2438349a6a77f6bb61bec9ba1ac";"92a6e0873d404bfed4707842a2bfcc9735410065d9867feace1be7827175879f"
"Schlaf";"Schlafqualität & Abklärung";"Empfehlungskarten";"Überschrift";"Empfehlungskarte · Schlaf · Titel";"Schlafqualität gezielt verbessern";"Améliorer de manière ciblée la qualité du sommeil";"";"";"Marketing";"Prüfung erforderlich";"";"";"";"recommendation.catalog.sl_qualitaet.title";"recommendations";"fr-CH";"3";"v1:d69b55804c14335744a0a12a0aa976d1ec91e2438349a6a77f6bb61bec9ba1ac";"59c751c62296b9c5860ab56e01d407d68c66e38f56573542ab51d841e7ef678d"
"Schlaf";"Schlafqualität & Abklärung";"Empfehlungskarten";"Begründung / Einordnung";"Empfehlungskarte · Schlaf · Begründung";"Ihre Angaben zeigen, dass Ihre Schlafqualität oder die Auswirkungen auf Ihren Alltag ein Ansatzpunkt sind. Oft helfen schon Anpassungen an Umgebung und Abendroutine.";"Vos réponses indiquent que la qualité de votre sommeil ou ses répercussions sur votre quotidien constituent un point de départ. Des adaptations de l’environnement et de la routine du soir suffisent souvent déjà à améliorer la situation.";"";"";"Marketing, Medizin";"Prüfung erforderlich";"Disjunktiv an die tatsächliche Auslöseregel angepasst; durch Marketing und Medizin freigeben.";"";"";"recommendation.catalog.sl_qualitaet.why";"recommendations";"fr-CH";"3";"v1:d69b55804c14335744a0a12a0aa976d1ec91e2438349a6a77f6bb61bec9ba1ac";"dc654f6465c15e7de4299ca5a464d6a6344191970603a688f68f492d011e708c"
"Schlaf";"Schlafqualität & Abklärung";"Empfehlungskarten";"Nächster Schritt";"Empfehlungskarte · Schlaf · konkreter nächster Schritt";"Sorgen Sie für ein dunkles, kühles, ruhiges Schlafzimmer und eine ruhige letzte Stunde ohne Bildschirm. Halten die Beschwerden über Wochen an, klären Sie sie ärztlich ab.";"Veillez à ce que votre chambre soit sombre, fraîche et calme et passez une dernière heure paisible sans écran. Si les troubles persistent pendant plusieurs semaines, faites-les examiner par un médecin.";"";"";"Marketing, Medizin";"Prüfung erforderlich";"";"";"";"recommendation.catalog.sl_qualitaet.step";"recommendations";"fr-CH";"3";"v1:d69b55804c14335744a0a12a0aa976d1ec91e2438349a6a77f6bb61bec9ba1ac";"e871bb1b8e353d39a5e0920caa30e399640f23b4cfc0b71096ca0445f1754152"
"Schlaf";"Schlafqualität & Abklärung";"Empfehlungskarten";"Erwarteter Nutzen";"Empfehlungskarte · Schlaf · erwarteter Nutzen";"Besserer Schlaf stärkt Energie, Stimmung, Immunsystem und Konzentration.";"Un meilleur sommeil renforce l’énergie, l’humeur, le système immunitaire et la concentration.";"";"";"Marketing, Medizin";"Prüfung erforderlich";"";"";"";"recommendation.catalog.sl_qualitaet.benefit";"recommendations";"fr-CH";"3";"v1:d69b55804c14335744a0a12a0aa976d1ec91e2438349a6a77f6bb61bec9ba1ac";"5b2b3ca58291a7cf7189b51fc27f292c9d0f4e786b9024ae6d0631373748584f"
"Schlaf";"Schlafqualität & Abklärung";"4-Wochen-Pläne";"4-Wochen-Plan";"4-Wochen-Plan · Diese Woche";"Optimieren Sie das Schlafzimmer: <b>dunkel, kühl (~18 °C), ruhig</b>. Eine ruhige letzte Stunde ohne Bildschirm einführen – gedämpftes Licht signalisiert dem Körper «bald Schlaf».";"Optimisez votre chambre : <b>sombre, fraîche (env. 18 °C) et calme</b>. Instaurez une dernière heure paisible sans écran ; une lumière tamisée signale à l’organisme que l’heure du sommeil approche.";"";"";"Marketing, Medizin";"Prüfung erforderlich";"";"";"";"recommendation.plan.sl_qualitaet.this_week";"recommendations";"fr-CH";"3";"v1:d69b55804c14335744a0a12a0aa976d1ec91e2438349a6a77f6bb61bec9ba1ac";"6bd103d115c1335479a82022106d338ae3c48506132001b067d6e7dc0a3b83d6"
"Schlaf";"Schlafqualität & Abklärung";"4-Wochen-Pläne";"4-Wochen-Plan";"4-Wochen-Plan · Woche 2–3";"Verlegen Sie Koffein möglichst in die erste Tageshälfte; der individuelle Abbau variiert, und spätes Koffein kann den Schlaf noch Stunden später beeinträchtigen. Alkohol kann zwar müde machen, fragmentiert aber häufig den Schlaf und reduziert besonders den REM-Schlaf. Regelmässige Aufsteh- und Zubettgehzeiten geben dem Schlaf Struktur.";"Consommez si possible la caféine pendant la première moitié de la journée. Son élimination varie selon les personnes et une consommation tardive peut encore perturber le sommeil plusieurs heures plus tard. L’alcool peut provoquer de la somnolence, mais fragmente souvent le sommeil et réduit particulièrement le sommeil paradoxal. Des heures régulières de lever et de coucher structurent le sommeil.";"";"";"Marketing, Medizin";"Prüfung erforderlich";"Variable Koffeinwirkung und Alkohol-Schlaf-Effekt evidenznäher formuliert; durch Marketing und Medizin freigeben.";"";"";"recommendation.plan.sl_qualitaet.weeks_2_3";"recommendations";"fr-CH";"3";"v1:d69b55804c14335744a0a12a0aa976d1ec91e2438349a6a77f6bb61bec9ba1ac";"ba252e1f9e1f454ea4cc5769d07313fc97ef8486feeff9c7972ec2cdf81de7cc"
"Schlaf";"Schlafqualität & Abklärung";"4-Wochen-Pläne";"4-Wochen-Plan";"4-Wochen-Plan · Woche 4";"Halten Sie die Routine konstant. Bleiben die Beschwerden trotz guter Gewohnheiten über mehrere Wochen bestehen, klären Sie sie ärztlich ab – dahinter kann eine gut behandelbare Ursache stecken.";"Maintenez la routine. Si les troubles persistent pendant plusieurs semaines malgré de bonnes habitudes, faites-les examiner par un médecin : une cause traitable peut les expliquer.";"";"";"Marketing, Medizin";"Prüfung erforderlich";"";"";"";"recommendation.plan.sl_qualitaet.week_4";"recommendations";"fr-CH";"3";"v1:d69b55804c14335744a0a12a0aa976d1ec91e2438349a6a77f6bb61bec9ba1ac";"ac280bdb36788f7502e09af0fd33c79bc3cb33c93dee8edf66858dcf74f9fce6"
"Schlaf";"Schlafqualität & Abklärung";"Ergebnis-Einstieg";"Beschriftung";"Ergebnis-Zusammenfassung · Themenlabel «Schlafqualität & Abklärung»";"Auswirkungen auf den Alltag";"conséquences sur le quotidien";"";"";"Marketing";"Prüfung erforderlich";"";"";"";"ui.hero.topic.schlaf_auswirkung";"ui";"fr-CH";"3";"v1:d69b55804c14335744a0a12a0aa976d1ec91e2438349a6a77f6bb61bec9ba1ac";"a5f32fa64b4a924730f542cd13ededc9d19df22572b2fe56421c3e6d97c8eefb"
"Schlaf";"Schlafqualität & Abklärung";"Ergebnis-Einstieg";"Beschriftung";"Ergebnis-Zusammenfassung · Themenlabel «Schlafqualität & Abklärung»";"Schlafqualität";"qualité du sommeil";"";"";"Marketing";"Prüfung erforderlich";"";"";"";"ui.hero.topic.schlafqualitaet";"ui";"fr-CH";"3";"v1:d69b55804c14335744a0a12a0aa976d1ec91e2438349a6a77f6bb61bec9ba1ac";"274031c1030cca14a22b8c1e0d1f31e7d2baad9f2d031ea1e4401e8eef3049c5"
"Schlaf";"Schlafrhythmus & Abendroutine";"Spezialaktionen";"Überschrift";"Bildschirm am Abend früher weglegen, Titel";"Bildschirm am Abend früher weglegen";"Éloigner les écrans plus tôt le soir";"";"";"Marketing, Medizin";"Prüfung erforderlich";"";"";"";"recommendation.special.act_bildschirm_abend.title";"recommendations";"fr-CH";"3";"v1:d69b55804c14335744a0a12a0aa976d1ec91e2438349a6a77f6bb61bec9ba1ac";"097a78b459e220eaf9f48fc7222216541fd957da8dbf1ba90652284afc433795"
"Schlaf";"Schlafrhythmus & Abendroutine";"Spezialaktionen";"Begründung / Einordnung";"Bildschirm am Abend früher weglegen, Begründung";"Häufige Social-Media-Nutzung und ein unruhiger Schlaf treten bei Ihnen gemeinsam auf. Testen Sie eine ruhigere, bildschirmfreie Phase am Abend, um zu sehen, ob Ihnen das Abschalten leichter fällt.";"Une utilisation fréquente des réseaux sociaux et un sommeil agité se présentent ensemble chez vous. Testez une période plus calme et sans écran le soir pour voir si vous parvenez plus facilement à déconnecter.";"";"";"Marketing, Medizin";"Prüfung erforderlich";"Nicht erhobene Abendnutzung und Kausalität nicht unterstellt; durch Marketing und Medizin freigeben.";"";"";"recommendation.special.act_bildschirm_abend.why";"recommendations";"fr-CH";"3";"v1:d69b55804c14335744a0a12a0aa976d1ec91e2438349a6a77f6bb61bec9ba1ac";"e6b45002beec51be7727d74c57b5afca5aeffafbdfa48c4871114e55ab0ddd51"
"Schlaf";"Schlafrhythmus & Abendroutine";"Spezialaktionen";"Nächster Schritt";"Bildschirm am Abend früher weglegen, Startschritt";"Testen Sie vor dem Zubettgehen eine feste bildschirmfreie Phase. Das Handy ausser Reichweite oder ausserhalb des Schlafzimmers zu laden kann die Umsetzung erleichtern.";"Testez une période fixe sans écran avant le coucher. Charger le téléphone hors de portée ou en dehors de la chambre peut faciliter la mise en œuvre.";"";"";"Marketing, Medizin";"Prüfung erforderlich";"Starre Stunde und unbelegten Superlativ entfernt; durch Marketing und Medizin freigeben.";"";"";"recommendation.special.act_bildschirm_abend.step";"recommendations";"fr-CH";"3";"v1:d69b55804c14335744a0a12a0aa976d1ec91e2438349a6a77f6bb61bec9ba1ac";"b6a64e28be1d0d07b93dda8c5b7933cda5863223074be3c3657af4f4314a61d3"
"Schlaf";"Schlafrhythmus & Abendroutine";"Spezialaktionen";"Erwarteter Nutzen";"Bildschirm am Abend früher weglegen, Nutzen";"Eine ruhigere Abendroutine kann das Abschalten erleichtern und möglicherweise die Schlafqualität unterstützen; zugleich gewinnen Sie bildschirmfreie Zeit zurück.";"Une routine du soir plus calme peut faciliter la déconnexion et éventuellement soutenir la qualité du sommeil ; vous récupérez en même temps du temps sans écran.";"";"";"Marketing, Medizin";"Prüfung erforderlich";"Garantiertes individuelles Schlafergebnis entfernt; durch Marketing und Medizin freigeben.";"";"";"recommendation.special.act_bildschirm_abend.benefit";"recommendations";"fr-CH";"3";"v1:d69b55804c14335744a0a12a0aa976d1ec91e2438349a6a77f6bb61bec9ba1ac";"2281a3b2db80e59efb9467a3ea42095718bf7c71b4ca06c0a6170b945764280b"
"Schlaf";"Schlafrhythmus & Abendroutine";"4-Wochen-Pläne";"4-Wochen-Plan";"4-Wochen-Plan · Diese Woche";"Führen Sie eine <b>feste bildschirmfreie Stunde</b> vor dem Zubettgehen ein und laden Sie das Handy ausserhalb des Schlafzimmers. Der grösste Effekt entsteht, wenn das Gerät gar nicht erst griffbereit ist.";"Instaurez une <b>heure fixe sans écran</b> avant le coucher et chargez le téléphone en dehors de la chambre. L’effet est maximal lorsque l’appareil n’est pas à portée de main.";"";"";"Marketing, Medizin";"Prüfung erforderlich";"";"";"";"recommendation.plan.act_bildschirm_abend.this_week";"recommendations";"fr-CH";"3";"v1:d69b55804c14335744a0a12a0aa976d1ec91e2438349a6a77f6bb61bec9ba1ac";"d681b04b2386db931bec320660886793b2f89bd870873eed3d549b0809b97530"
"Schlaf";"Schlafrhythmus & Abendroutine";"4-Wochen-Pläne";"4-Wochen-Plan";"4-Wochen-Plan · Woche 2–3";"Ersetzen Sie das abendliche Scrollen durch eine ruhige Routine (Lesen, Dehnen, Musik). Erhöhen Sie die Hürde für die zeitintensivsten Apps: vom Startbildschirm entfernen, Benachrichtigungen aus. Dass Loslassen schwerfällt, ist Produktdesign – kein Willensmangel.";"Remplacez le défilement du soir par une routine calme, par exemple lire, vous étirer ou écouter de la musique. Augmentez l’obstacle pour les applications qui vous prennent le plus de temps : retirez-les de l’écran d’accueil et désactivez les notifications. La difficulté à lâcher prise relève de la conception du produit, et non d’un manque de volonté.";"";"";"Marketing, Medizin";"Prüfung erforderlich";"";"";"";"recommendation.plan.act_bildschirm_abend.weeks_2_3";"recommendations";"fr-CH";"3";"v1:d69b55804c14335744a0a12a0aa976d1ec91e2438349a6a77f6bb61bec9ba1ac";"17e2b2bcd438e239f700fdba27a9c79304e3381ff3a4344f46805935ec8f1285"
"Schlaf";"Schlafrhythmus & Abendroutine";"4-Wochen-Pläne";"4-Wochen-Plan";"4-Wochen-Plan · Woche 4";"Machen Sie die bildschirmfreie Abendstunde zur Selbstverständlichkeit. Achten Sie darauf, wie sich Einschlafzeit und Schlafqualität verändert haben.";"Faites de l’heure sans écran le soir une évidence. Observez comment votre temps d’endormissement et la qualité de votre sommeil ont évolué.";"";"";"Marketing, Medizin";"Prüfung erforderlich";"";"";"";"recommendation.plan.act_bildschirm_abend.week_4";"recommendations";"fr-CH";"3";"v1:d69b55804c14335744a0a12a0aa976d1ec91e2438349a6a77f6bb61bec9ba1ac";"8dc8ccac9d08f40cc4959edc906bbfceb0641f0182fbf236e2cb7237ede7a87e"
"Schlaf";"Schlafrhythmus & Abendroutine";"Handlungsfelder";"Beschriftung";"Handlungsfeld · Schlaf · Kurzlabel";"Bildschirm am Abend früher weglegen";"Éloigner les écrans plus tôt le soir";"";"";"Marketing, Medizin";"Prüfung erforderlich";"";"";"";"recommendation.lever.lv_bildschirm_abend.label";"recommendations";"fr-CH";"3";"v1:d69b55804c14335744a0a12a0aa976d1ec91e2438349a6a77f6bb61bec9ba1ac";"6f3835b82a34c21f116667ac3ba69e354d0d953e0042288568d400975ae34f51"
"Schlaf";"Schlafrhythmus & Abendroutine";"Handlungsfelder";"Detailtext";"Handlungsfeld · Schlaf · Detailtext";"Häufige Social-Media-Nutzung und unruhiger Schlaf treten bei Ihnen gemeinsam auf. Eine ruhigere, bildschirmfreie Phase am Abend kann helfen zu prüfen, ob sich das Abschalten dadurch erleichtert.";"Une utilisation fréquente des réseaux sociaux et un sommeil agité se présentent ensemble chez vous. Une période plus calme et sans écran le soir peut vous aider à vérifier si vous parvenez ainsi plus facilement à déconnecter.";"";"";"Marketing, Medizin";"Prüfung erforderlich";"Nicht erhobene Abendnutzung als Experiment statt Ursache formuliert; durch Marketing und Medizin freigeben.";"";"";"recommendation.lever.lv_bildschirm_abend.detail";"recommendations";"fr-CH";"3";"v1:d69b55804c14335744a0a12a0aa976d1ec91e2438349a6a77f6bb61bec9ba1ac";"c4d82ca17a108c3842a3839dcea0d8132c97b7d9b20ea99b8d6cc83e6731f310"
"Schlaf";"Schlafrhythmus & Abendroutine";"Handlungsfelder";"Beschriftung";"Handlungsfeld · Schlaf · Kurzlabel";"Feste Schlaf- und Aufstehzeiten etablieren";"Adopter des heures fixes de coucher et de lever";"";"";"Marketing, Medizin";"Prüfung erforderlich";"";"";"";"recommendation.lever.lv_schlafrhythmus.label";"recommendations";"fr-CH";"3";"v1:d69b55804c14335744a0a12a0aa976d1ec91e2438349a6a77f6bb61bec9ba1ac";"55d2aae89cb5e0283ff8b33dfed06e44c5a18e37a046b277d150cb82d2e9f7bc"
"Schlaf";"Schlafrhythmus & Abendroutine";"Handlungsfelder";"Detailtext";"Handlungsfeld · Schlaf · Detailtext";"Ihre innere Uhr liebt Regelmässigkeit – vor allem eine konstante Aufstehzeit (auch am Wochenende) stabilisiert den Schlaf.";"Votre horloge interne aime la régularité. Une heure de lever constante, y compris le week-end, stabilise particulièrement le sommeil.";"";"";"Marketing, Medizin";"Prüfung erforderlich";"";"";"";"recommendation.lever.lv_schlafrhythmus.detail";"recommendations";"fr-CH";"3";"v1:d69b55804c14335744a0a12a0aa976d1ec91e2438349a6a77f6bb61bec9ba1ac";"2eb8b7ba477fc9634b75e08ac8c195dabad7c16d514cd01455cb7709bf20d5d8"
"Schlaf";"Schlafrhythmus & Abendroutine";"Empfehlungskarten";"Überschrift";"Empfehlungskarte · Schlaf · Titel";"Schlafrhythmus stabilisieren";"Stabiliser le rythme du sommeil";"";"";"Marketing";"Prüfung erforderlich";"";"";"";"recommendation.catalog.sl_rhythmus.title";"recommendations";"fr-CH";"3";"v1:d69b55804c14335744a0a12a0aa976d1ec91e2438349a6a77f6bb61bec9ba1ac";"292272c3405d320ed2cfd38f5702ec724dd27c1e94aa35aac4e3f31b2a620827"
"Schlaf";"Schlafrhythmus & Abendroutine";"Empfehlungskarten";"Begründung / Einordnung";"Empfehlungskarte · Schlaf · Begründung";"Unregelmässige Schlafenszeiten bringen die innere Uhr durcheinander und erschweren erholsamen Schlaf.";"Des horaires de sommeil irréguliers perturbent l’horloge interne et rendent le sommeil réparateur plus difficile.";"";"";"Marketing, Medizin";"Prüfung erforderlich";"";"";"";"recommendation.catalog.sl_rhythmus.why";"recommendations";"fr-CH";"3";"v1:d69b55804c14335744a0a12a0aa976d1ec91e2438349a6a77f6bb61bec9ba1ac";"498f0b658a073eab89cae38a5595d8978e6e8321c2db6d7111820165af824b16"
"Schlaf";"Schlafrhythmus & Abendroutine";"Empfehlungskarten";"Nächster Schritt";"Empfehlungskarte · Schlaf · konkreter nächster Schritt";"Stehen Sie möglichst zu ähnlichen Zeiten auf – auch am Wochenende – und holen Sie sich morgens etwas Tageslicht.";"Levez-vous si possible à des heures similaires, y compris le week-end, et exposez-vous un peu à la lumière du jour le matin.";"";"";"Marketing, Medizin";"Prüfung erforderlich";"";"";"";"recommendation.catalog.sl_rhythmus.step";"recommendations";"fr-CH";"3";"v1:d69b55804c14335744a0a12a0aa976d1ec91e2438349a6a77f6bb61bec9ba1ac";"fe86c07cce380b5e6a38473918d468090bd67344f91a7b137c2e617c1e2c0e71"
"Schlaf";"Schlafrhythmus & Abendroutine";"Empfehlungskarten";"Erwarteter Nutzen";"Empfehlungskarte · Schlaf · erwarteter Nutzen";"Ein regelmässiger Rhythmus macht das Ein- und Durchschlafen leichter.";"Un rythme régulier facilite l’endormissement et le sommeil continu.";"";"";"Marketing, Medizin";"Prüfung erforderlich";"";"";"";"recommendation.catalog.sl_rhythmus.benefit";"recommendations";"fr-CH";"3";"v1:d69b55804c14335744a0a12a0aa976d1ec91e2438349a6a77f6bb61bec9ba1ac";"874bf43af53b1bdd81a9b725ea69cd223494be40b2c8d3fc1f2cbd16cc1af597"
"Schlaf";"Schlafrhythmus & Abendroutine";"4-Wochen-Pläne";"4-Wochen-Plan";"4-Wochen-Plan · Diese Woche";"Legen Sie eine möglichst konstante Aufstehzeit fest, auch am Wochenende. Suchen Sie nach dem Aufstehen möglichst bald Tageslicht, idealerweise draussen: Morgenlicht unterstützt die Ausrichtung der inneren Uhr.";"Fixez une heure de lever aussi constante que possible, y compris le week-end. Exposez-vous à la lumière du jour dès que possible après le réveil, idéalement à l’extérieur : la lumière matinale aide à régler l’horloge interne.";"";"";"Marketing, Medizin";"Prüfung erforderlich";"Starre 30-/10-Minuten-Vorgaben und unbelegten Überlegenheitsvergleich entfernt; durch Marketing und Medizin freigeben.";"";"";"recommendation.plan.sl_rhythmus.this_week";"recommendations";"fr-CH";"3";"v1:d69b55804c14335744a0a12a0aa976d1ec91e2438349a6a77f6bb61bec9ba1ac";"5e758beae7f449e42088793bca478a0f93646b1cf15d6bfc439f5a3f8d918db5"
"Schlaf";"Schlafrhythmus & Abendroutine";"4-Wochen-Pläne";"4-Wochen-Plan";"4-Wochen-Plan · Woche 2–3";"Reduzieren Sie grosse Unterschiede zwischen Arbeits- und freien Tagen. Stark wechselnde Schlafzeiten werden als «sozialer Jetlag» bezeichnet und sind in Studien mit ungünstigen Schlaf- und Stoffwechselmerkmalen verbunden. Wählen Sie eine möglichst alltagstaugliche, regelmässige Aufstehzeit.";"Réduisez les grandes différences entre les jours de travail et les jours de congé. Des horaires de sommeil très variables sont appelés « jetlag social » et sont associés, dans les études, à des caractéristiques défavorables du sommeil et du métabolisme. Choisissez une heure de lever régulière aussi compatible que possible avec votre quotidien.";"";"";"Marketing, Medizin";"Prüfung erforderlich";"Kausale Zeitzonenmetapher und starre Ein-Stunden-Grenze durch eine beobachtungsbasierte Einordnung ersetzt; durch Marketing und Medizin freigeben.";"";"";"recommendation.plan.sl_rhythmus.weeks_2_3";"recommendations";"fr-CH";"3";"v1:d69b55804c14335744a0a12a0aa976d1ec91e2438349a6a77f6bb61bec9ba1ac";"920550fa021794ebdd55c8495e9f3ee81be2e84ea9485bda42a469b1a6056661"
"Schlaf";"Schlafrhythmus & Abendroutine";"4-Wochen-Pläne";"4-Wochen-Plan";"4-Wochen-Plan · Woche 4";"Verankern Sie eine kurze, immer gleiche Abendsequenz (z. B. Licht dimmen, lüften, lesen). Nicht der Inhalt wirkt, sondern die Wiederholung: Der Körper lernt das Signal und beginnt vorzuschlafen.";"Ancrez une courte séquence du soir toujours identique, par exemple tamiser la lumière, aérer et lire. Ce n’est pas son contenu qui agit, mais sa répétition : le corps apprend le signal et commence à se préparer au sommeil.";"";"";"Marketing, Medizin";"Prüfung erforderlich";"";"";"";"recommendation.plan.sl_rhythmus.week_4";"recommendations";"fr-CH";"3";"v1:d69b55804c14335744a0a12a0aa976d1ec91e2438349a6a77f6bb61bec9ba1ac";"161a233abc490d896f82e3a013e3a42d2be0ef3576845e3fdc953c4a2387fa62"
"Schlaf";"Schlafrhythmus & Abendroutine";"Ergebnis-Einstieg";"Beschriftung";"Ergebnis-Zusammenfassung · Themenlabel «Schlafrhythmus & Abendroutine»";"Schlafrhythmus";"rythme du sommeil";"";"";"Marketing";"Prüfung erforderlich";"";"";"";"ui.hero.topic.schlafrhythmus";"ui";"fr-CH";"3";"v1:d69b55804c14335744a0a12a0aa976d1ec91e2438349a6a77f6bb61bec9ba1ac";"373b364c9c718db9415df1fc9052245c1538d1d504304af4cb606464e61641fc"
"Mentales Wohlbefinden";"Allgemeines mentales Wohlbefinden";"Gemeinsame Bereichstexte (Fragebogen und Ergebnis)";"Beschriftung";"Gemeinsam in Fragebogen und Ergebnis · Mentales Wohlbefinden · Kurzlabel für Navigation und Ergebnisvisualisierung";"Mentales";"Santé mentale";"";"";"Marketing";"Prüfung erforderlich";"";"";"";"service.dimension.mental.short";"services";"fr-CH";"3";"v1:d69b55804c14335744a0a12a0aa976d1ec91e2438349a6a77f6bb61bec9ba1ac";"e0acdf5cc8a0c7c12c2139750fbcab8b5a315fbdc1450298cc6a865aa059ad02"
"Mentales Wohlbefinden";"Allgemeines mentales Wohlbefinden";"Gemeinsame Bereichstexte (Fragebogen und Ergebnis)";"Überschrift";"Gemeinsam in Fragebogen und Ergebnis · Mentales Wohlbefinden · vollständiger Bereichstitel";"Mentale Gesundheit";"Santé mentale";"";"";"Marketing, Medizin";"Prüfung erforderlich";"";"";"";"service.dimension.mental.title";"services";"fr-CH";"3";"v1:d69b55804c14335744a0a12a0aa976d1ec91e2438349a6a77f6bb61bec9ba1ac";"6370e0ad7f27f237d2b95b451b7dcf1feaa8b5ea096a1871f0dd54ce3122fb9d"
"Mentales Wohlbefinden";"Allgemeines mentales Wohlbefinden";"Gemeinsame Bereichstexte (Fragebogen und Ergebnis)";"Begründung / Einordnung";"Gemeinsam in Fragebogen und Ergebnis · Mentales Wohlbefinden · Einleitung im Fragebogen und in den Ergebnisdetails";"Ihre mentale und emotionale Gesundheit ist genauso wichtig wie Ihre körperliche. Was Sie fühlen, denken und erleben, wirkt sich auf Ihren Körper aus und umgekehrt.";"Votre santé mentale et émotionnelle est aussi importante que votre santé physique. Ce que vous ressentez, pensez et vivez agit sur votre corps, et inversement.";"";"";"Marketing, Medizin";"Prüfung erforderlich";"";"";"";"service.dimension.mental.intro";"services";"fr-CH";"3";"v1:d69b55804c14335744a0a12a0aa976d1ec91e2438349a6a77f6bb61bec9ba1ac";"2cfc370f0d1cb3b1d8107ea356f055da08e361e4d9c2da5476959dd8a9a033b9"
"Mentales Wohlbefinden";"Allgemeines mentales Wohlbefinden";"Positive Dimensionstexte";"Positive Rückmeldung";"Positive Verstärkung für die Dimension mental";"Sie verfügen über spürbare mentale Ressourcen. Pflegen Sie weiterhin Pausen, Beziehungen und Dinge, die Ihnen guttun.";"Vous disposez de ressources mentales perceptibles. Continuez à entretenir les pauses, les relations et les activités qui vous font du bien.";"";"";"Marketing, Medizin";"Prüfung erforderlich";"";"";"";"recommendation.positive.mental";"recommendations";"fr-CH";"3";"v1:d69b55804c14335744a0a12a0aa976d1ec91e2438349a6a77f6bb61bec9ba1ac";"6ecac12172f4019ca50c6c196895c1b1dbd3abc09bfe8d39cdbac1cf883205ca"
"Mentales Wohlbefinden";"Allgemeines mentales Wohlbefinden";"Solide Dimensionstexte";"Solide Rückmeldung";"Zurückhaltende Rückmeldung für die Dimension mental im Status Solide";"Sie verfügen über mentale Ressourcen. Regelmässige Pausen, Beziehungen und hilfreiche Routinen können sie weiter stärken.";"Vous disposez de ressources mentales. Des pauses régulières, des relations et des routines utiles peuvent encore les renforcer.";"";"";"Marketing, Medizin";"Prüfung erforderlich";"Neu vom positiven Feedback ab Score 80 getrennt; durch Marketing und Medizin freigeben.";"";"";"recommendation.solid.mental";"recommendations";"fr-CH";"3";"v1:d69b55804c14335744a0a12a0aa976d1ec91e2438349a6a77f6bb61bec9ba1ac";"bf8f78781869e3c2aa0cf3c312dabda3e74580cca0d0223706e77cca824fabbb"
"Mentales Wohlbefinden";"Allgemeines mentales Wohlbefinden";"Stärken";"Beschriftung";"Stärke · Mentales Wohlbefinden · Kurzlabel";"Psychische Widerstandskraft";"Résilience psychique";"";"";"Marketing";"Prüfung erforderlich";"";"";"";"recommendation.strength.st_resilienz.label";"recommendations";"fr-CH";"3";"v1:d69b55804c14335744a0a12a0aa976d1ec91e2438349a6a77f6bb61bec9ba1ac";"1193a15359f72de878ccf7bf759b2912407cf9c6a91609344b53ca4adc01dcd0"
"Mentales Wohlbefinden";"Allgemeines mentales Wohlbefinden";"Stärken";"Detailtext";"Stärke · Mentales Wohlbefinden · Detailtext";"Sie behalten in schwierigen Situationen den Überblick und finden Wege, klarzukommen – eine belastbare Ressource.";"Dans les situations difficiles, vous gardez une vue d’ensemble et trouvez des moyens d’y faire face. C’est une ressource solide.";"";"";"Marketing, Medizin";"Prüfung erforderlich";"";"";"";"recommendation.strength.st_resilienz.detail";"recommendations";"fr-CH";"3";"v1:d69b55804c14335744a0a12a0aa976d1ec91e2438349a6a77f6bb61bec9ba1ac";"93e9395048ab499d3f6fac8b70e24c982b6e306d03b7010a915b8b332a239953"
"Mentales Wohlbefinden";"Allgemeines mentales Wohlbefinden";"Ergebnis-Einstieg";"Beschriftung";"Hero-Zusammenfassung, Dimension mental im Nominativ";"Ihr mentales Wohlbefinden";"Votre bien-être mental";"";"";"Marketing";"Prüfung erforderlich";"";"";"";"ui.hero.dimension.mental.nominative";"ui";"fr-CH";"3";"v1:d69b55804c14335744a0a12a0aa976d1ec91e2438349a6a77f6bb61bec9ba1ac";"d7028158f9a3ad892e23797476d4478572aab71f947cb8c1e49e1bb1485b9c36"
"Mentales Wohlbefinden";"Allgemeines mentales Wohlbefinden";"Ergebnis-Einstieg";"Beschriftung";"Hero-Zusammenfassung, Dimension mental nach «bei»";"bei Ihrem mentalen Wohlbefinden";"au niveau de votre bien-être mental";"";"";"Marketing";"Prüfung erforderlich";"";"";"";"ui.hero.dimension.mental.prepositional";"ui";"fr-CH";"3";"v1:d69b55804c14335744a0a12a0aa976d1ec91e2438349a6a77f6bb61bec9ba1ac";"3d75b6597049cbbdb90da6b90ca669e05336fa76f409d009d73f6f3764c83a9d"
"Mentales Wohlbefinden";"Belastung & Stresskompetenz";"Dimensionsdetails";"Überschrift";"Dimensionsdetail · Titel";"Spürbarer Druck im Alltag";"Pression perceptible au quotidien";"";"";"Marketing, Medizin";"Prüfung erforderlich";"";"";"";"recommendation.signal.belastung.title";"recommendations";"fr-CH";"3";"v1:d69b55804c14335744a0a12a0aa976d1ec91e2438349a6a77f6bb61bec9ba1ac";"725c8233354e032e1a89fd49a87d59e1be1a7a4a1539934ecf6482036b4a5518"
"Mentales Wohlbefinden";"Belastung & Stresskompetenz";"Dimensionsdetails";"Persönliche Einordnung";"Dimensionsdetail · Einordnung";"Erholung entsteht nicht in der Restzeit, die übrig bleibt – sie muss geplant werden wie ein Termin. Schon wenige Minuten bewusste Pause senken die Stressreaktion messbar.";"La récupération ne se produit pas pendant le temps qui reste : elle doit être planifiée comme un rendez-vous. Quelques minutes de pause consciente réduisent déjà la réaction au stress de manière mesurable.";"";"";"Marketing, Medizin";"Prüfung erforderlich";"";"";"";"recommendation.signal.belastung.insight";"recommendations";"fr-CH";"3";"v1:d69b55804c14335744a0a12a0aa976d1ec91e2438349a6a77f6bb61bec9ba1ac";"203ff1df561744f0e0360cad8154906e35c022d940a1b237e015090eb06f0681"
"Mentales Wohlbefinden";"Belastung & Stresskompetenz";"Dimensionsdetails";"Nächster Schritt";"Dimensionsdetail · konkreter nächster Schritt";"Zwei fixe 10-Minuten-Pausen pro Tag im Kalender blockieren – ohne Bildschirm.";"Bloquez deux pauses fixes de 10 minutes par jour dans votre agenda, sans écran.";"";"";"Marketing, Medizin";"Prüfung erforderlich";"";"";"";"recommendation.signal.belastung.action";"recommendations";"fr-CH";"3";"v1:d69b55804c14335744a0a12a0aa976d1ec91e2438349a6a77f6bb61bec9ba1ac";"b3ea242c24fda98c5e526c0e891a47901ce324227236775f17cced5bf40be40e"
"Mentales Wohlbefinden";"Belastung & Stresskompetenz";"Risikosignale";"Risikosignal";"Ergebnisseite, Lebensstil-Signal Belastung";"Sie stehen gerade spürbar unter Druck oder finden schwer zur Ruhe.";"Vous ressentez actuellement une pression importante ou avez de la difficulté à retrouver votre calme.";"";"";"Marketing, Medizin";"Prüfung erforderlich";"";"";"";"recommendation.risk_signal.belastung.label";"recommendations";"fr-CH";"3";"v1:d69b55804c14335744a0a12a0aa976d1ec91e2438349a6a77f6bb61bec9ba1ac";"77bcfa6a51046ba15b2cb8dbbbfe61bd3180d5bd245da84cf4b86797f449822d"
"Mentales Wohlbefinden";"Belastung & Stresskompetenz";"Coach-Antworten";"Begründung / Einordnung";"Demo-Coach-Antwort zu Stress, Entspannung oder Atemübung";"Probieren Sie die Atemübung etwas weiter oben auf dieser Seite (4s ein · 7s halten · 8s aus) – schon ein paar Minuten können die Anspannung senken. Hält die Belastung länger an, ist Helsana für Sie da: Gesundheitsberatung <b>058 340 15 69</b>. Bei einer akuten Krise: <b>143</b>.";"Essayez l’exercice de respiration présenté un peu plus haut sur cette page (inspirer 4 s · retenir 7 s · expirer 8 s) : quelques minutes peuvent déjà réduire la tension. Si la charge persiste, Helsana est à vos côtés : conseils de santé au <b>058 340 15 69</b>. En cas de crise aiguë : <b>143</b>.";"";"";"Marketing, Medizin";"Prüfung erforderlich";"";"";"058 340 15 69 | 143";"coach.answer.breathing";"coach";"fr-CH";"3";"v1:d69b55804c14335744a0a12a0aa976d1ec91e2438349a6a77f6bb61bec9ba1ac";"75d4548364e0d12b85f11273bc46e77314f0e0a81812b2e5327acd9cc335d2d5"
"Mentales Wohlbefinden";"Belastung & Stresskompetenz";"Dimensionsdetails";"Überschrift";"Dimensionsdetail · Titel";"Erhöhte seelische Belastung";"Charge psychique accrue";"";"";"Marketing, Medizin";"Prüfung erforderlich";"";"";"";"recommendation.signal.hohe_belastung.title";"recommendations";"fr-CH";"3";"v1:d69b55804c14335744a0a12a0aa976d1ec91e2438349a6a77f6bb61bec9ba1ac";"a1ce61d4f5c9e564db1cd080a18ba67c4af318e31e14595afabb2f274bfd79e7"
"Mentales Wohlbefinden";"Belastung & Stresskompetenz";"Dimensionsdetails";"Persönliche Einordnung";"Dimensionsdetail · Einordnung";"Anhaltende Belastung verändert nachweislich auch körperliche Prozesse – Schlaf, Blutdruck, Immunsystem. Sie ist behandelbar, und früh geholt wirkt Unterstützung schneller.";"Une charge persistante modifie aussi de manière démontrée des processus physiques, notamment le sommeil, la tension artérielle et le système immunitaire. Elle se traite et un soutien demandé tôt agit plus rapidement.";"";"";"Marketing, Medizin";"Prüfung erforderlich";"";"";"";"recommendation.signal.hohe_belastung.insight";"recommendations";"fr-CH";"3";"v1:d69b55804c14335744a0a12a0aa976d1ec91e2438349a6a77f6bb61bec9ba1ac";"92eeb2212e6df0cbbf2b0b2ff4457a9d623dc4d95a1f2500e5dfcbb18a823305"
"Mentales Wohlbefinden";"Belastung & Stresskompetenz";"Dimensionsdetails";"Medizinische Klärung";"Dimensionsdetail · medizinischer Klärungshinweis";"Eine Fachperson unterscheidet vorübergehende Belastung von einer behandlungsbedürftigen Störung und findet die passende Begleitung.";"Un professionnel distingue une charge passagère d’un trouble nécessitant un traitement et identifie l’accompagnement adapté.";"";"";"Marketing, Medizin";"Prüfung erforderlich";"";"";"";"recommendation.signal.hohe_belastung.clarify";"recommendations";"fr-CH";"3";"v1:d69b55804c14335744a0a12a0aa976d1ec91e2438349a6a77f6bb61bec9ba1ac";"8c59e6ee677d7e0d7c0767b0626129046b7d015061d2d5abd274e99fc412e03d"
"Mentales Wohlbefinden";"Belastung & Stresskompetenz";"Zusatzhinweise bei abgedeckten Aktionsschritten";"Vertiefung";"Zusatzhinweis bei bereits abgedecktem Aktionsschritt";"Eine Hausarztpraxis kann eine erste Anlaufstelle sein und bei Bedarf an passende psychologische oder psychiatrische Unterstützung weitervermitteln. Früh Unterstützung zu suchen kann helfen, Belastungen einzuordnen und geeignete Schritte zu beginnen.";"Un cabinet de médecine de famille peut être un premier point de contact et vous orienter au besoin vers un soutien psychologique ou psychiatrique adapté. Demander de l’aide tôt peut permettre d’évaluer la charge et d’entamer les démarches appropriées.";"";"";"Marketing, Medizin";"Prüfung erforderlich";"Unbelegte Aussage zur typischen Verkürzung und zum einzigen Versorgungsweg entfernt; durch Marketing und Medizin freigeben.";"";"";"recommendation.signal.hohe_belastung.deepen";"recommendations";"fr-CH";"3";"v1:d69b55804c14335744a0a12a0aa976d1ec91e2438349a6a77f6bb61bec9ba1ac";"7d2529949caac3ffb3e40a0859a8c3f4b1996663c754bcd46052923c9e6af05a"
"Mentales Wohlbefinden";"Belastung & Stresskompetenz";"Risikosignale";"Risikosignal";"Ergebnisseite, medizinisches Signal hohe seelische Belastung";"Einige Ihrer Angaben deuten auf eine erhöhte seelische Belastung hin – eine fachliche Begleitung kann entlasten.";"Certaines de vos indications suggèrent une charge psychique accrue : un accompagnement professionnel peut vous soulager.";"";"";"Marketing, Medizin";"Prüfung erforderlich";"";"";"";"recommendation.risk_signal.hohe_belastung.label";"recommendations";"fr-CH";"3";"v1:d69b55804c14335744a0a12a0aa976d1ec91e2438349a6a77f6bb61bec9ba1ac";"7a19f08a4f81b6648695eed8e278cd0b3e22eeaff159ab059b2b2261d2930f23"
"Mentales Wohlbefinden";"Belastung & Stresskompetenz";"Handlungsfelder";"Beschriftung";"Handlungsfeld · Mentales Wohlbefinden · Kurzlabel";"Unterstützung annehmen – ein Gespräch mit einer Fachperson";"Accepter du soutien : parler avec un professionnel";"";"";"Marketing, Medizin";"Prüfung erforderlich";"";"";"";"recommendation.lever.lv_mental_support.label";"recommendations";"fr-CH";"3";"v1:d69b55804c14335744a0a12a0aa976d1ec91e2438349a6a77f6bb61bec9ba1ac";"23f3f810f5969673fff021cb89edea76d5b3e751c818669b026b5cd4f109f8a1"
"Mentales Wohlbefinden";"Belastung & Stresskompetenz";"Handlungsfelder";"Detailtext";"Handlungsfeld · Mentales Wohlbefinden · Detailtext";"Ihre Antworten zeigen eine spürbare Belastung. Sich Unterstützung zu holen ist ein Zeichen von Stärke – und wirkt.";"Vos réponses montrent une charge perceptible. Demander du soutien est un signe de force et peut faire la différence.";"";"";"Marketing, Medizin";"Prüfung erforderlich";"";"";"";"recommendation.lever.lv_mental_support.detail";"recommendations";"fr-CH";"3";"v1:d69b55804c14335744a0a12a0aa976d1ec91e2438349a6a77f6bb61bec9ba1ac";"5d93115daa146bbc90850bb1272639894a455840addd74b14ea02c1d7af43e89"
"Mentales Wohlbefinden";"Belastung & Stresskompetenz";"Handlungsfelder";"Beschriftung";"Handlungsfeld · Mentales Wohlbefinden · Kurzlabel";"Stresskompetenz gezielt stärken";"Renforcer de manière ciblée votre capacité à gérer le stress";"";"";"Marketing, Medizin";"Prüfung erforderlich";"";"";"";"recommendation.lever.lv_stresskompetenz.label";"recommendations";"fr-CH";"3";"v1:d69b55804c14335744a0a12a0aa976d1ec91e2438349a6a77f6bb61bec9ba1ac";"f566a773d3b6141521a205169d21096ba08048e5d7d9f23d9ed35d6eea146c44"
"Mentales Wohlbefinden";"Belastung & Stresskompetenz";"Handlungsfelder";"Detailtext";"Handlungsfeld · Mentales Wohlbefinden · Detailtext";"Umgang mit Druck ist lernbar – Atemübungen, kurze Pausen und klare Prioritäten sind wirksame erste Werkzeuge.";"La gestion de la pression s’apprend. Des exercices de respiration, de courtes pauses et des priorités claires sont de premiers outils efficaces.";"";"";"Marketing, Medizin";"Prüfung erforderlich";"";"";"";"recommendation.lever.lv_stresskompetenz.detail";"recommendations";"fr-CH";"3";"v1:d69b55804c14335744a0a12a0aa976d1ec91e2438349a6a77f6bb61bec9ba1ac";"026c0a89c96f9cb4b510f8bfeb132bc4884b5bc21a94b55f65003841d6253d60"
"Mentales Wohlbefinden";"Belastung & Stresskompetenz";"Empfehlungskarten";"Überschrift";"Empfehlungskarte · Mentales Wohlbefinden · Titel";"Belastung aktiv ausgleichen";"Compenser activement la charge";"";"";"Marketing";"Prüfung erforderlich";"";"";"";"recommendation.catalog.me_belastung.title";"recommendations";"fr-CH";"3";"v1:d69b55804c14335744a0a12a0aa976d1ec91e2438349a6a77f6bb61bec9ba1ac";"314760589b10935eecf912e8576fad064e3bce609bb79a3fe00e8459d22fe6a5"
"Mentales Wohlbefinden";"Belastung & Stresskompetenz";"Empfehlungskarten";"Begründung / Einordnung";"Empfehlungskarte · Mentales Wohlbefinden · Begründung";"Sie stehen gerade spürbar unter Druck oder finden schwer zur Ruhe. Dauerhafte Anspannung wirkt sich auf Schlaf, Herz, Stoffwechsel und Stimmung aus.";"Vous ressentez actuellement une pression importante ou avez de la difficulté à retrouver votre calme. Une tension durable agit sur le sommeil, le cœur, le métabolisme et l’humeur.";"";"";"Marketing, Medizin";"Prüfung erforderlich";"";"";"";"recommendation.catalog.me_belastung.why";"recommendations";"fr-CH";"3";"v1:d69b55804c14335744a0a12a0aa976d1ec91e2438349a6a77f6bb61bec9ba1ac";"04a8bc79f6d77fa86da032fa6ddd110010f36f6d3d1af6a84728da760079d2da"
"Mentales Wohlbefinden";"Belastung & Stresskompetenz";"Empfehlungskarten";"Nächster Schritt";"Empfehlungskarte · Mentales Wohlbefinden · konkreter nächster Schritt";"Planen Sie täglich eine kurze bewusste Pause: ein paar tiefe Atemzüge, ein Spaziergang oder ein paar Minuten ohne Bildschirm.";"Prévoyez chaque jour une brève pause consciente : quelques respirations profondes, une promenade ou quelques minutes sans écran.";"";"";"Marketing, Medizin";"Prüfung erforderlich";"";"";"";"recommendation.catalog.me_belastung.step";"recommendations";"fr-CH";"3";"v1:d69b55804c14335744a0a12a0aa976d1ec91e2438349a6a77f6bb61bec9ba1ac";"7cc5a89429936a10b97e69615cbb6d8e1b4ae79dcc3a3c8735f45db2a7ed0fd6"
"Mentales Wohlbefinden";"Belastung & Stresskompetenz";"Empfehlungskarten";"Erwarteter Nutzen";"Empfehlungskarte · Mentales Wohlbefinden · erwarteter Nutzen";"Regelmässige Mini-Pausen senken die Anspannung und stärken Ihre Widerstandskraft.";"Des mini-pauses régulières réduisent la tension et renforcent votre résilience.";"";"";"Marketing, Medizin";"Prüfung erforderlich";"";"";"";"recommendation.catalog.me_belastung.benefit";"recommendations";"fr-CH";"3";"v1:d69b55804c14335744a0a12a0aa976d1ec91e2438349a6a77f6bb61bec9ba1ac";"1d7cc1a77ab228690d31d4da9023e976d2c46fd2fd12e8181c9b814445eff077"
"Mentales Wohlbefinden";"Belastung & Stresskompetenz";"4-Wochen-Pläne";"4-Wochen-Plan";"4-Wochen-Plan · Diese Woche";"Planen Sie <b>zwei fixe 10-Minuten-Pausen pro Tag</b> fest in den Kalender – ohne Bildschirm. Erholung entsteht nicht in der Restzeit, sie muss wie ein Termin geplant werden.";"Inscrivez <b>deux pauses fixes de 10 minutes par jour</b> dans votre agenda, sans écran. La récupération ne se produit pas pendant le temps restant : elle doit être planifiée comme un rendez-vous.";"";"";"Marketing, Medizin";"Prüfung erforderlich";"";"";"";"recommendation.plan.me_belastung.this_week";"recommendations";"fr-CH";"3";"v1:d69b55804c14335744a0a12a0aa976d1ec91e2438349a6a77f6bb61bec9ba1ac";"64a451b26f54c8807109687c6a96b5505aa5ac0a42971f1883f9ed99e9459cd0"
"Mentales Wohlbefinden";"Belastung & Stresskompetenz";"4-Wochen-Pläne";"4-Wochen-Plan";"4-Wochen-Plan · Woche 2–3";"Bauen Sie eine kurze Technik ein, die nachweislich die Stressreaktion senkt: einige Minuten bewusste, langsame Atmung (z. B. 4 Sek. ein, 6 Sek. aus) oder ein Spaziergang in der Natur. Regelmässigkeit wirkt stärker als Dauer.";"Intégrez une technique courte dont l’effet sur la réaction au stress est démontré : quelques minutes de respiration consciente et lente, par exemple inspirer 4 s et expirer 6 s, ou une promenade dans la nature. La régularité compte davantage que la durée.";"";"";"Marketing, Medizin";"Prüfung erforderlich";"";"";"";"recommendation.plan.me_belastung.weeks_2_3";"recommendations";"fr-CH";"3";"v1:d69b55804c14335744a0a12a0aa976d1ec91e2438349a6a77f6bb61bec9ba1ac";"fc43d30441efce0f54086f6bbd27f2876bce5472131ab55f8ea04668a88dc981"
"Mentales Wohlbefinden";"Belastung & Stresskompetenz";"4-Wochen-Pläne";"4-Wochen-Plan";"4-Wochen-Plan · Woche 4";"Machen Sie die wirksamste Pause zum festen täglichen Ritual. Bemerken Sie, dass die Belastung dauerhaft hoch bleibt, holen Sie sich zusätzlich Unterstützung – das ist ein Zeichen von Stärke.";"Faites de la pause la plus efficace un rituel quotidien fixe. Si vous remarquez que la charge reste durablement élevée, demandez du soutien supplémentaire : c’est un signe de force.";"";"";"Marketing, Medizin";"Prüfung erforderlich";"";"";"";"recommendation.plan.me_belastung.week_4";"recommendations";"fr-CH";"3";"v1:d69b55804c14335744a0a12a0aa976d1ec91e2438349a6a77f6bb61bec9ba1ac";"62d29d95c41c88f79766a4f8ccff06c02016c4f94c673ccea9df38724776a9c7"
"Mentales Wohlbefinden";"Belastung & Stresskompetenz";"Empfehlungskarten";"Überschrift";"Empfehlungskarte · Mentales Wohlbefinden · Titel";"Unterstützung holen – Sie müssen das nicht allein tragen";"Demander du soutien : vous n’avez pas à porter cela seul";"";"";"Marketing, Medizin";"Prüfung erforderlich";"";"";"";"recommendation.catalog.me_unterstuetzung.title";"recommendations";"fr-CH";"3";"v1:d69b55804c14335744a0a12a0aa976d1ec91e2438349a6a77f6bb61bec9ba1ac";"40add0fd562b5cfd35e9d9343cd92a7fd72816f0db956182018bb7bd8e56c0e9"
"Mentales Wohlbefinden";"Belastung & Stresskompetenz";"Empfehlungskarten";"Begründung / Einordnung";"Empfehlungskarte · Mentales Wohlbefinden · Begründung";"Einige Ihrer Antworten deuten auf eine erhöhte seelische Belastung hin. Das kann jede und jeden treffen und ist kein Zeichen von Schwäche. Hilfe anzunehmen ist ein starker Schritt.";"Certaines de vos réponses suggèrent une charge psychique accrue. Cela peut arriver à tout le monde et ne constitue pas un signe de faiblesse. Accepter de l’aide est une démarche forte.";"";"";"Marketing, Medizin";"Prüfung erforderlich";"";"";"";"recommendation.catalog.me_unterstuetzung.why";"recommendations";"fr-CH";"3";"v1:d69b55804c14335744a0a12a0aa976d1ec91e2438349a6a77f6bb61bec9ba1ac";"5da1e0903ad7f2982ebb8b3e20c857ab8ee16b76801b52a73fa302f5bb481369"
"Mentales Wohlbefinden";"Belastung & Stresskompetenz";"Empfehlungskarten";"Nächster Schritt";"Empfehlungskarte · Mentales Wohlbefinden · konkreter nächster Schritt";"Sprechen Sie mit einer Vertrauensperson und ziehen Sie professionelle Unterstützung in Betracht. In einer akuten Krise wenden Sie sich sofort an eine Notfallstelle (z. B. Tel. 143, «Die Dargebotene Hand») oder den Notruf 144.";"Parlez-en à une personne de confiance et envisagez un soutien professionnel. En cas de crise aiguë, contactez immédiatement un service d’urgence, par exemple La Main Tendue au 143, ou le numéro d’urgence 144.";"";"";"Marketing, Medizin";"Prüfung erforderlich";"";"";"143 | 144";"recommendation.catalog.me_unterstuetzung.step";"recommendations";"fr-CH";"3";"v1:d69b55804c14335744a0a12a0aa976d1ec91e2438349a6a77f6bb61bec9ba1ac";"ae9b20dcdfdac7bd2e24096e02225fb69d28e8309bff9e06b1c81b39fc20ffa7"
"Mentales Wohlbefinden";"Belastung & Stresskompetenz";"Empfehlungskarten";"Erwarteter Nutzen";"Empfehlungskarte · Mentales Wohlbefinden · erwarteter Nutzen";"Frühe Unterstützung entlastet spürbar und eröffnet neue Handlungsmöglichkeiten.";"Un soutien précoce soulage sensiblement et ouvre de nouvelles possibilités d’action.";"";"";"Marketing, Medizin";"Prüfung erforderlich";"";"";"";"recommendation.catalog.me_unterstuetzung.benefit";"recommendations";"fr-CH";"3";"v1:d69b55804c14335744a0a12a0aa976d1ec91e2438349a6a77f6bb61bec9ba1ac";"1dcc938a2e6d48222a59ebff2192687d40e0c1e1d36a26858e4d9475083f3cf2"
"Mentales Wohlbefinden";"Belastung & Stresskompetenz";"4-Wochen-Pläne";"4-Wochen-Plan";"4-Wochen-Plan · Diese Woche";"Machen Sie den ersten Schritt: Sprechen Sie mit Ihrer Hausärztin oder Ihrem Hausarzt – das ist der übliche und unkomplizierte Einstieg in psychologische Unterstützung. Wenn es akut wird, ist die <b>Dargebotene Hand: 143</b> rund um die Uhr erreichbar, kostenlos und anonym.";"Faites le premier pas : parlez-en à votre médecin de famille. C’est l’accès habituel et simple à un soutien psychologique. En cas de situation aiguë, <b>La Main Tendue au 143</b> est joignable gratuitement, anonymement et 24 heures sur 24.";"";"";"Marketing, Medizin";"Prüfung erforderlich";"";"";"143";"recommendation.plan.me_unterstuetzung.this_week";"recommendations";"fr-CH";"3";"v1:d69b55804c14335744a0a12a0aa976d1ec91e2438349a6a77f6bb61bec9ba1ac";"1638a63e14ef93c18a2ddc44bae519bfcbde5636f0ad13c36af75b4839fab84a"
"Mentales Wohlbefinden";"Belastung & Stresskompetenz";"4-Wochen-Pläne";"4-Wochen-Plan";"4-Wochen-Plan · Woche 2–3";"Bis zum Termin: Schreiben Sie täglich zwei Minuten auf, was belastet und was gut tat. Das klingt banal, verschafft aber Abstand – und Sie kommen mit konkretem Material ins Gespräch, statt es aus dem Moment heraus rekonstruieren zu müssen. Sagen Sie zusätzlich einer Person Ihres Vertrauens, wie es Ihnen geht.";"D’ici au rendez-vous, notez chaque jour pendant deux minutes ce qui vous a pesé et ce qui vous a fait du bien. Cela peut sembler banal, mais vous aide à prendre de la distance et vous fournit des éléments concrets pour la discussion, sans devoir tout reconstruire sur le moment. Dites également à une personne de confiance comment vous allez.";"";"";"Marketing, Medizin";"Prüfung erforderlich";"";"";"";"recommendation.plan.me_unterstuetzung.weeks_2_3";"recommendations";"fr-CH";"3";"v1:d69b55804c14335744a0a12a0aa976d1ec91e2438349a6a77f6bb61bec9ba1ac";"68330b8b4817e9c8e2639bd3c7192246c01429a485b56a9c7a53585b6f639bde"
"Mentales Wohlbefinden";"Belastung & Stresskompetenz";"4-Wochen-Pläne";"4-Wochen-Plan";"4-Wochen-Plan · Woche 4";"Dranbleiben ist hier das Ziel, nicht Leistung. Psychische Belastung ist behandelbar, und frühe Unterstützung verkürzt den Verlauf deutlich. Halten Sie den vereinbarten Termin – auch wenn es Ihnen zwischenzeitlich besser geht.";"L’objectif est de persévérer, pas de performer. Les difficultés psychiques se traitent et un soutien précoce raccourcit nettement leur évolution. Maintenez le rendez-vous convenu, même si vous vous sentez mieux entre-temps.";"";"";"Marketing, Medizin";"Prüfung erforderlich";"";"";"";"recommendation.plan.me_unterstuetzung.week_4";"recommendations";"fr-CH";"3";"v1:d69b55804c14335744a0a12a0aa976d1ec91e2438349a6a77f6bb61bec9ba1ac";"da38ec2ad31d4afc3f8147f8db6d100ddeaf3ba94f1617e3a6bd7473c370b1b3"
"Mentales Wohlbefinden";"Belastung & Stresskompetenz";"Atemübung";"Beschriftung";"Atemübungs-Sektion, Rubrik";"Technik zum Sofort-Anwenden";"Technique à utiliser immédiatement";"";"";"Marketing";"Prüfung erforderlich";"";"";"";"ui.breathing.eyebrow";"ui";"fr-CH";"3";"v1:d69b55804c14335744a0a12a0aa976d1ec91e2438349a6a77f6bb61bec9ba1ac";"79c68c1126205cdbb063d4fef926b931574b5b9d1a9940dc419fd41180bfec0f"
"Mentales Wohlbefinden";"Belastung & Stresskompetenz";"Atemübung";"Überschrift";"Atemübungs-Sektion, Überschrift";"Kurze Atemübung zum Runterkommen";"Bref exercice de respiration pour retrouver votre calme";"";"";"Marketing";"Prüfung erforderlich";"";"";"";"ui.breathing.title";"ui";"fr-CH";"3";"v1:d69b55804c14335744a0a12a0aa976d1ec91e2438349a6a77f6bb61bec9ba1ac";"e3a86318e97f600a1a3295b040697cca17ee55922ee025c19b1da4233aeef01c"
"Mentales Wohlbefinden";"Belastung & Stresskompetenz";"Atemübung";"Begründung / Einordnung";"Kurzanleitung unter dem Atemkreis";"<b>4s</b> einatmen · <b>7s</b> halten · <b>8s</b> ausatmen. Sie können jederzeit abbrechen.";"<b>4 s</b> d’inspiration · <b>7 s</b> de rétention · <b>8 s</b> d’expiration. Vous pouvez arrêter à tout moment.";"";"";"Marketing, Medizin";"Prüfung erforderlich";"";"";"";"ui.breathing.instructions";"ui";"fr-CH";"3";"v1:d69b55804c14335744a0a12a0aa976d1ec91e2438349a6a77f6bb61bec9ba1ac";"cec7af095b1eb31f5d68f35d7e80400b90e2415824a5b23f111227668dfa3c4d"
"Mentales Wohlbefinden";"Belastung & Stresskompetenz";"Atemübung";"Dynamischer Text";"Atemübungs-Sektion, Beschreibung mit optionalem Belastungshinweis";"Die 4-7-8-Atmung kann Anspannung in wenigen Minuten senken{{stressHint}}. Atmen Sie einfach mit dem Kreis.";"La respiration 4-7-8 peut réduire la tension en quelques minutes{{stressHint}}. Respirez simplement au rythme du cercle.";"";"";"Marketing, Medizin";"Prüfung erforderlich";"";"{{stressHint}}";"";"ui.breathing.description";"ui";"fr-CH";"3";"v1:d69b55804c14335744a0a12a0aa976d1ec91e2438349a6a77f6bb61bec9ba1ac";"389795995ccc1d795be8238d7279ed8f5062903ad2c104134751b28afa1a9d98"
"Mentales Wohlbefinden";"Belastung & Stresskompetenz";"Atemübung";"Dynamischer Text";"Dynamischer Zusatz bei aktivem Belastungssignal";" – gerade bei erhöhter Anspannung, wie sie Ihre Antworten andeuten";" – particulièrement en cas de tension accrue, comme le suggèrent vos réponses";"";"";"Marketing, Medizin";"Prüfung erforderlich";"";"";"";"ui.breathing.stress_hint";"ui";"fr-CH";"3";"v1:d69b55804c14335744a0a12a0aa976d1ec91e2438349a6a77f6bb61bec9ba1ac";"8b672a80af8d98423831163ec54b31e362a80c8c7195654bc4df09661c6dc5f5"
"Mentales Wohlbefinden";"Belastung & Stresskompetenz";"Atemübung";"Nächster Schritt";"Button zum Beenden der Atemübung";"Übung beenden";"Arrêter l’exercice";"";"";"Marketing";"Prüfung erforderlich";"";"";"";"ui.breathing.button.stop";"ui";"fr-CH";"3";"v1:d69b55804c14335744a0a12a0aa976d1ec91e2438349a6a77f6bb61bec9ba1ac";"b01f7d87cbf3ebdc117d063a29a462db21dba64871b6cadf33876871d233e685"
"Mentales Wohlbefinden";"Belastung & Stresskompetenz";"Atemübung";"Nächster Schritt";"Button zum Starten der Atemübung";"Übung starten";"Commencer l’exercice";"";"";"Marketing";"Prüfung erforderlich";"";"";"";"ui.breathing.button.start";"ui";"fr-CH";"3";"v1:d69b55804c14335744a0a12a0aa976d1ec91e2438349a6a77f6bb61bec9ba1ac";"8870475b094eb3af3421c55e152120a873fa8d1cfe0a0aacd2e44dca84519379"
"Mentales Wohlbefinden";"Belastung & Stresskompetenz";"Atemübung";"Beschriftung";"Atemkreis vor beziehungsweise nach der Übung";"Bereit?";"Prêt ?";"";"";"Marketing";"Prüfung erforderlich";"";"";"";"ui.breathing.cue.ready";"ui";"fr-CH";"3";"v1:d69b55804c14335744a0a12a0aa976d1ec91e2438349a6a77f6bb61bec9ba1ac";"2ff6627169c5c2ec8a9e7cf5f33a55ad9e479a38ec8680e534c74e61ce42f818"
"Mentales Wohlbefinden";"Belastung & Stresskompetenz";"Atemübung";"Beschriftung";"Atemkreis, Ausatemphase";"Ausatmen";"Expirez";"";"";"Marketing";"Prüfung erforderlich";"";"";"";"ui.breathing.cue.exhale";"ui";"fr-CH";"3";"v1:d69b55804c14335744a0a12a0aa976d1ec91e2438349a6a77f6bb61bec9ba1ac";"96510daecc01f60fa25355004d56f517753207ebcd86bfec42f22f4774fcc552"
"Mentales Wohlbefinden";"Belastung & Stresskompetenz";"Atemübung";"Beschriftung";"Atemkreis, Einatemphase";"Einatmen";"Inspirez";"";"";"Marketing";"Prüfung erforderlich";"";"";"";"ui.breathing.cue.inhale";"ui";"fr-CH";"3";"v1:d69b55804c14335744a0a12a0aa976d1ec91e2438349a6a77f6bb61bec9ba1ac";"46052c2b5166df8a3f3332c46ece9dd73d197a97b8e0103fb34b41696be45a8e"
"Mentales Wohlbefinden";"Belastung & Stresskompetenz";"Atemübung";"Beschriftung";"Atemkreis, Haltephase";"Halten";"Retenez";"";"";"Marketing";"Prüfung erforderlich";"";"";"";"ui.breathing.cue.hold";"ui";"fr-CH";"3";"v1:d69b55804c14335744a0a12a0aa976d1ec91e2438349a6a77f6bb61bec9ba1ac";"327373014758df9495c77d7e44423a94438664844406ef9e427e8fd3565bf376"
"Mentales Wohlbefinden";"Belastung & Stresskompetenz";"Atemübung";"Beschriftung";"Zähler vor Beginn der Atemübung";"0 Zyklen";"0 cycle";"";"";"Marketing";"Prüfung erforderlich";"";"";"";"ui.breathing.cycles.initial";"ui";"fr-CH";"3";"v1:d69b55804c14335744a0a12a0aa976d1ec91e2438349a6a77f6bb61bec9ba1ac";"9ed1583d7c525ac8a45510c840dc448006c92900547b8f61267704123e8d64fe"
"Mentales Wohlbefinden";"Belastung & Stresskompetenz";"Atemübung";"Dynamischer Text";"Zähler bei genau einem Atemzyklus";"{{cycleCount}} Zyklus";"{{cycleCount}} cycle";"";"";"Marketing";"Prüfung erforderlich";"";"{{cycleCount}}";"";"ui.breathing.cycles.one";"ui";"fr-CH";"3";"v1:d69b55804c14335744a0a12a0aa976d1ec91e2438349a6a77f6bb61bec9ba1ac";"a9f40b914424fa6e241a43b472d3d572188ebec75018eac9ae71c4f9a3c102f8"
"Mentales Wohlbefinden";"Belastung & Stresskompetenz";"Atemübung";"Dynamischer Text";"Zähler bei mehreren Atemzyklen";"{{cycleCount}} Zyklen";"{{cycleCount}} cycles";"";"";"Marketing";"Prüfung erforderlich";"";"{{cycleCount}}";"";"ui.breathing.cycles.multiple";"ui";"fr-CH";"3";"v1:d69b55804c14335744a0a12a0aa976d1ec91e2438349a6a77f6bb61bec9ba1ac";"39293a19b84bc940a629f36960879dfd0644733cd909516cafe4ff93be24e25d"
"Mentales Wohlbefinden";"Belastung & Stresskompetenz";"Ergebnis-Einstieg";"Beschriftung";"Ergebnis-Zusammenfassung · Themenlabel «Belastung & Stresskompetenz»";"Belastbarkeit";"résistance";"";"";"Marketing";"Prüfung erforderlich";"";"";"";"ui.hero.topic.belastbarkeit";"ui";"fr-CH";"3";"v1:d69b55804c14335744a0a12a0aa976d1ec91e2438349a6a77f6bb61bec9ba1ac";"981a766c7f60bd8a6e91a95ec2e4e2f701e50862978eac34833c6083219f299b"
"Mentales Wohlbefinden";"Belastung & Stresskompetenz";"Ergebnis-Einstieg";"Beschriftung";"Ergebnis-Zusammenfassung · Themenlabel «Belastung & Stresskompetenz»";"Umgang mit Belastung";"gestion de la charge";"";"";"Marketing";"Prüfung erforderlich";"";"";"";"ui.hero.topic.coping";"ui";"fr-CH";"3";"v1:d69b55804c14335744a0a12a0aa976d1ec91e2438349a6a77f6bb61bec9ba1ac";"887194143469f41f25a42668f2d0c8240913c849552a14087eb62f562b9489bd"
"Mentales Wohlbefinden";"Selbstfürsorge & positive Emotionen";"Handlungsfelder";"Beschriftung";"Handlungsfeld · Mentales Wohlbefinden · Kurzlabel";"Feste Erholungsinseln im Alltag einplanen";"Prévoir des moments de récupération fixes au quotidien";"";"";"Marketing, Medizin";"Prüfung erforderlich";"";"";"";"recommendation.lever.lv_selbstfuersorge.label";"recommendations";"fr-CH";"3";"v1:d69b55804c14335744a0a12a0aa976d1ec91e2438349a6a77f6bb61bec9ba1ac";"1ef32d58dc7642cb82ca7f7047ca60c29fa3cbada01c2b2c04311fee14671c6c"
"Mentales Wohlbefinden";"Selbstfürsorge & positive Emotionen";"Handlungsfelder";"Detailtext";"Handlungsfeld · Mentales Wohlbefinden · Detailtext";"Erholung passiert selten von allein – planen Sie kleine, fixe Momente der Ruhe wie einen Termin mit sich selbst.";"La récupération survient rarement d’elle-même. Prévoyez de petits moments de calme fixes, comme un rendez-vous avec vous-même.";"";"";"Marketing, Medizin";"Prüfung erforderlich";"";"";"";"recommendation.lever.lv_selbstfuersorge.detail";"recommendations";"fr-CH";"3";"v1:d69b55804c14335744a0a12a0aa976d1ec91e2438349a6a77f6bb61bec9ba1ac";"d322f56841fd7769ecd3656fe6c9cc66852b4fe78827c8ba8bbaa5169c2b990b"
"Mentales Wohlbefinden";"Selbstfürsorge & positive Emotionen";"Empfehlungskarten";"Überschrift";"Empfehlungskarte · Mentales Wohlbefinden · Titel";"Eine kleine Erholungsroutine etablieren";"Mettre en place une petite routine de récupération";"";"";"Marketing";"Prüfung erforderlich";"";"";"";"recommendation.catalog.me_selbstfuersorge.title";"recommendations";"fr-CH";"3";"v1:d69b55804c14335744a0a12a0aa976d1ec91e2438349a6a77f6bb61bec9ba1ac";"55ff67c19ee21c1e95f5d12c4735c24ce71b7dae179adba1d247949c7cb4a488"
"Mentales Wohlbefinden";"Selbstfürsorge & positive Emotionen";"Empfehlungskarten";"Begründung / Einordnung";"Empfehlungskarte · Mentales Wohlbefinden · Begründung";"Regelmässiges Auftanken hilft, Belastungen besser zu verarbeiten. Aktuell nehmen Sie sich dafür wenig bewusste Zeit.";"Refaire régulièrement le plein d’énergie aide à mieux gérer les charges. Vous vous accordez actuellement peu de temps consciemment consacré à la récupération.";"";"";"Marketing, Medizin";"Prüfung erforderlich";"";"";"";"recommendation.catalog.me_selbstfuersorge.why";"recommendations";"fr-CH";"3";"v1:d69b55804c14335744a0a12a0aa976d1ec91e2438349a6a77f6bb61bec9ba1ac";"a295fc723e4cf5fed5b4831b907bb81acf9ccf3884ff62b087da02234ec889b4"
"Mentales Wohlbefinden";"Selbstfürsorge & positive Emotionen";"Empfehlungskarten";"Nächster Schritt";"Empfehlungskarte · Mentales Wohlbefinden · konkreter nächster Schritt";"Wählen Sie eine Aktivität, die Ihnen guttut (Bewegung, Natur, Musik, Hobby), und reservieren Sie dafür diese Woche zwei feste Zeitfenster.";"Choisissez une activité qui vous fait du bien, comme bouger, être dans la nature, écouter de la musique ou pratiquer un loisir, et réservez-lui deux créneaux fixes cette semaine.";"";"";"Marketing, Medizin";"Prüfung erforderlich";"";"";"";"recommendation.catalog.me_selbstfuersorge.step";"recommendations";"fr-CH";"3";"v1:d69b55804c14335744a0a12a0aa976d1ec91e2438349a6a77f6bb61bec9ba1ac";"40fecabd06dcf0e64e2c0775a3142b8824b11715a58803129b9e4e6d19b55916"
"Mentales Wohlbefinden";"Selbstfürsorge & positive Emotionen";"Empfehlungskarten";"Erwarteter Nutzen";"Empfehlungskarte · Mentales Wohlbefinden · erwarteter Nutzen";"Bewusste Erholung stärkt Ihre mentale Widerstandskraft im Alltag.";"Une récupération consciente renforce votre résilience mentale au quotidien.";"";"";"Marketing, Medizin";"Prüfung erforderlich";"";"";"";"recommendation.catalog.me_selbstfuersorge.benefit";"recommendations";"fr-CH";"3";"v1:d69b55804c14335744a0a12a0aa976d1ec91e2438349a6a77f6bb61bec9ba1ac";"a0cb5651a544eab735cdb185903a7f94cd4a7efb8d5f16d6912de461557cbe0c"
"Mentales Wohlbefinden";"Selbstfürsorge & positive Emotionen";"4-Wochen-Pläne";"4-Wochen-Plan";"4-Wochen-Plan · Diese Woche";"Planen Sie <b>eine feste kleine Erholungsinsel pro Tag</b> – wie einen Termin mit sich selbst (10 Minuten ohne Bildschirm, Spaziergang, Tee, Musik). Erholung entsteht selten von allein.";"Prévoyez <b>un petit moment de récupération fixe par jour</b>, comme un rendez-vous avec vous-même : 10 minutes sans écran, une promenade, un thé ou de la musique. La récupération survient rarement d’elle-même.";"";"";"Marketing, Medizin";"Prüfung erforderlich";"";"";"";"recommendation.plan.me_selbstfuersorge.this_week";"recommendations";"fr-CH";"3";"v1:d69b55804c14335744a0a12a0aa976d1ec91e2438349a6a77f6bb61bec9ba1ac";"557ed9d3031a0b80664ef9930bc50e1aea6f70ef8f518db8651df23b2987d34a"
"Mentales Wohlbefinden";"Selbstfürsorge & positive Emotionen";"4-Wochen-Pläne";"4-Wochen-Plan";"4-Wochen-Plan · Woche 2–3";"Beobachten Sie, was Ihnen wirklich Energie gibt (nicht nur ablenkt), und bauen Sie davon mehr ein. Kurze, regelmässige Momente wirken stärker als seltene lange Auszeiten.";"Observez ce qui vous apporte réellement de l’énergie, et ne fait pas que vous distraire, puis accordez-lui davantage de place. Des moments courts et réguliers ont plus d’effet que de longues pauses occasionnelles.";"";"";"Marketing, Medizin";"Prüfung erforderlich";"";"";"";"recommendation.plan.me_selbstfuersorge.weeks_2_3";"recommendations";"fr-CH";"3";"v1:d69b55804c14335744a0a12a0aa976d1ec91e2438349a6a77f6bb61bec9ba1ac";"5a5dddfad6ba4b04efaadbfa65c2671b7ed6920afc9b1f756afc2eed9987d4df"
"Mentales Wohlbefinden";"Selbstfürsorge & positive Emotionen";"4-Wochen-Pläne";"4-Wochen-Plan";"4-Wochen-Plan · Woche 4";"Machen Sie die wirksamste Erholungsinsel zum festen täglichen Ritual, das nicht verhandelbar ist.";"Faites du moment de récupération le plus efficace un rituel quotidien fixe et non négociable.";"";"";"Marketing, Medizin";"Prüfung erforderlich";"";"";"";"recommendation.plan.me_selbstfuersorge.week_4";"recommendations";"fr-CH";"3";"v1:d69b55804c14335744a0a12a0aa976d1ec91e2438349a6a77f6bb61bec9ba1ac";"9c6d1ee8197349fb926123396f9f20f62b3494a99afd8facc09178941402ead3"
"Mentales Wohlbefinden";"Selbstfürsorge & positive Emotionen";"Ergebnis-Einstieg";"Beschriftung";"Ergebnis-Zusammenfassung · Themenlabel «Selbstfürsorge & positive Emotionen»";"positive Momente im Alltag";"moments positifs au quotidien";"";"";"Marketing";"Prüfung erforderlich";"";"";"";"ui.hero.topic.positive_emotionen";"ui";"fr-CH";"3";"v1:d69b55804c14335744a0a12a0aa976d1ec91e2438349a6a77f6bb61bec9ba1ac";"7e5626d1842e1ada00394f1700f19bf05c350ec8e190dad5688b54d3e010495d"
"Mentales Wohlbefinden";"Selbstfürsorge & positive Emotionen";"Ergebnis-Einstieg";"Beschriftung";"Ergebnis-Zusammenfassung · Themenlabel «Selbstfürsorge & positive Emotionen»";"Selbstfürsorge";"attention portée à soi-même";"";"";"Marketing";"Prüfung erforderlich";"";"";"";"ui.hero.topic.selbstfuersorge";"ui";"fr-CH";"3";"v1:d69b55804c14335744a0a12a0aa976d1ec91e2438349a6a77f6bb61bec9ba1ac";"3888f167884e787da695929a6b391de3dbc583de122f0b54bf60bf0cbf73ec3e"
"Mentales Wohlbefinden";"Sinn & Selbstwirksamkeit";"Empfehlungskarten";"Überschrift";"Empfehlungskarte · Mentales Wohlbefinden · Titel";"Sinn und Zuversicht stärken";"Renforcer le sens et la confiance";"";"";"Marketing";"Prüfung erforderlich";"";"";"";"recommendation.catalog.me_sinn.title";"recommendations";"fr-CH";"3";"v1:d69b55804c14335744a0a12a0aa976d1ec91e2438349a6a77f6bb61bec9ba1ac";"46b49b67dcc6b466c440a4b1ced7995ae92aa9d6bad9099839025f2f87dbe1db"
"Mentales Wohlbefinden";"Sinn & Selbstwirksamkeit";"Empfehlungskarten";"Begründung / Einordnung";"Empfehlungskarte · Mentales Wohlbefinden · Begründung";"Sinn im Alltag und ein zuversichtlicher Blick nach vorn sind wichtige seelische Ressourcen. Beides erleben Sie gerade eher schwach.";"Trouver du sens au quotidien et envisager l’avenir avec confiance sont des ressources psychiques importantes. Vous les ressentez actuellement plutôt peu.";"";"";"Marketing, Medizin";"Prüfung erforderlich";"";"";"";"recommendation.catalog.me_sinn.why";"recommendations";"fr-CH";"3";"v1:d69b55804c14335744a0a12a0aa976d1ec91e2438349a6a77f6bb61bec9ba1ac";"c9d705f2cd262a886d312b1264d0c42286ea92056a4bd884c91260614e0abb2f"
"Mentales Wohlbefinden";"Sinn & Selbstwirksamkeit";"Empfehlungskarten";"Nächster Schritt";"Empfehlungskarte · Mentales Wohlbefinden · konkreter nächster Schritt";"Überlegen Sie, welche Tätigkeit oder welcher Kontakt Ihnen Sinn gibt, und planen Sie diese Woche bewusst etwas davon ein.";"Réfléchissez à l’activité ou à la relation qui donne du sens à votre vie et prévoyez-en consciemment un peu cette semaine.";"";"";"Marketing, Medizin";"Prüfung erforderlich";"";"";"";"recommendation.catalog.me_sinn.step";"recommendations";"fr-CH";"3";"v1:d69b55804c14335744a0a12a0aa976d1ec91e2438349a6a77f6bb61bec9ba1ac";"18644ae78a26cdcf711131b7d245a4c66c06cd66dfdf48b95375433d85b6d2de"
"Mentales Wohlbefinden";"Sinn & Selbstwirksamkeit";"Empfehlungskarten";"Erwarteter Nutzen";"Empfehlungskarte · Mentales Wohlbefinden · erwarteter Nutzen";"Mehr Sinnerleben und kleine Erfolge stärken Zuversicht und seelische Gesundheit.";"Davantage de sens et de petites réussites renforcent la confiance et la santé psychique.";"";"";"Marketing, Medizin";"Prüfung erforderlich";"";"";"";"recommendation.catalog.me_sinn.benefit";"recommendations";"fr-CH";"3";"v1:d69b55804c14335744a0a12a0aa976d1ec91e2438349a6a77f6bb61bec9ba1ac";"130c68d02ef41f5d18329f25a92f6a9f19d41dd3e8a257d7f565aa62a7999785"
"Mentales Wohlbefinden";"Sinn & Selbstwirksamkeit";"4-Wochen-Pläne";"4-Wochen-Plan";"4-Wochen-Plan · Diese Woche";"Planen Sie bewusst <b>eine Tätigkeit ein, die Ihnen Sinn oder Freude gibt</b> – so klein sie auch scheint. Sinn entsteht selten von allein; er wird gemacht, oft in ganz alltäglichen Momenten.";"Prévoyez consciemment <b>une activité qui vous apporte du sens ou de la joie</b>, aussi petite soit-elle. Le sens apparaît rarement de lui-même ; il se construit, souvent dans des moments très ordinaires.";"";"";"Marketing, Medizin";"Prüfung erforderlich";"";"";"";"recommendation.plan.me_sinn.this_week";"recommendations";"fr-CH";"3";"v1:d69b55804c14335744a0a12a0aa976d1ec91e2438349a6a77f6bb61bec9ba1ac";"ef1b521aa9d5851bec4d0b89afcba16c5f9df6d349f43be753d6889ca04b6963"
"Mentales Wohlbefinden";"Sinn & Selbstwirksamkeit";"4-Wochen-Pläne";"4-Wochen-Plan";"4-Wochen-Plan · Woche 2–3";"Probieren Sie eine einfache Dankbarkeits-Übung: notieren Sie abends drei Dinge, die heute gut waren. Das lenkt die Aufmerksamkeit nachweislich auf das Positive und stärkt den zuversichtlichen Blick nach vorn.";"Essayez un exercice simple de gratitude : notez chaque soir trois choses positives de la journée. Cela oriente de manière démontrée l’attention vers le positif et renforce la confiance en l’avenir.";"";"";"Marketing, Medizin";"Prüfung erforderlich";"";"";"";"recommendation.plan.me_sinn.weeks_2_3";"recommendations";"fr-CH";"3";"v1:d69b55804c14335744a0a12a0aa976d1ec91e2438349a6a77f6bb61bec9ba1ac";"eb112e712796703b94f6559e23a69ef8a06096ee99ce66ee9bbb1239eed31a2f"
"Mentales Wohlbefinden";"Sinn & Selbstwirksamkeit";"4-Wochen-Pläne";"4-Wochen-Plan";"4-Wochen-Plan · Woche 4";"Verankern Sie das, was Ihnen guttut, als festen Teil Ihrer Woche (Kontakt, Tätigkeit, Engagement). Hält die Sinnkrise oder Antriebslosigkeit an, ist das ein guter Grund, Unterstützung zu suchen – das ist ein Zeichen von Stärke.";"Ancrez ce qui vous fait du bien dans votre semaine, par exemple un contact, une activité ou un engagement. Si la perte de sens ou le manque d’élan persiste, c’est une bonne raison de chercher du soutien, et un signe de force.";"";"";"Marketing, Medizin";"Prüfung erforderlich";"";"";"";"recommendation.plan.me_sinn.week_4";"recommendations";"fr-CH";"3";"v1:d69b55804c14335744a0a12a0aa976d1ec91e2438349a6a77f6bb61bec9ba1ac";"4dc6a8b5af6c04bb13d61d9cb4a4d37068104858f380a0526dac322fcd6478d8"
"Mentales Wohlbefinden";"Sinn & Selbstwirksamkeit";"Stärken";"Beschriftung";"Stärke · Mentales Wohlbefinden · Kurzlabel";"Sinn & Freude im Alltag";"Sens et joie au quotidien";"";"";"Marketing";"Prüfung erforderlich";"";"";"";"recommendation.strength.st_sinn.label";"recommendations";"fr-CH";"3";"v1:d69b55804c14335744a0a12a0aa976d1ec91e2438349a6a77f6bb61bec9ba1ac";"d3ed3f3c31e455b19b4230e59ef7710675a3babd056885727881aa31dc9c4c14"
"Mentales Wohlbefinden";"Sinn & Selbstwirksamkeit";"Stärken";"Detailtext";"Stärke · Mentales Wohlbefinden · Detailtext";"Sie erleben Ihr Leben als sinnvoll und finden regelmässig Momente der Freude – ein starker Schutz für die mentale Gesundheit.";"Vous trouvez que votre vie a du sens et vivez régulièrement des moments de joie. C’est une forte protection pour la santé mentale.";"";"";"Marketing, Medizin";"Prüfung erforderlich";"";"";"";"recommendation.strength.st_sinn.detail";"recommendations";"fr-CH";"3";"v1:d69b55804c14335744a0a12a0aa976d1ec91e2438349a6a77f6bb61bec9ba1ac";"c5abc4500ca58ca150de6c2903cd26f49295a5eaca4f3120caf5f862cee8fc5d"
"Mentales Wohlbefinden";"Sinn & Selbstwirksamkeit";"Ergebnis-Einstieg";"Beschriftung";"Ergebnis-Zusammenfassung · Themenlabel «Sinn & Selbstwirksamkeit»";"Selbstwirksamkeit";"sentiment d’efficacité personnelle";"";"";"Marketing";"Prüfung erforderlich";"";"";"";"ui.hero.topic.selbstwirksamkeit";"ui";"fr-CH";"3";"v1:d69b55804c14335744a0a12a0aa976d1ec91e2438349a6a77f6bb61bec9ba1ac";"319afea1cead654b59be9aa21a8bc33619f81a0336efcaa91c7686388a158686"
"Mentales Wohlbefinden";"Sinn & Selbstwirksamkeit";"Ergebnis-Einstieg";"Beschriftung";"Ergebnis-Zusammenfassung · Themenlabel «Sinn & Selbstwirksamkeit»";"Sinnerleben";"sentiment de sens";"";"";"Marketing";"Prüfung erforderlich";"";"";"";"ui.hero.topic.sinnhaftigkeit";"ui";"fr-CH";"3";"v1:d69b55804c14335744a0a12a0aa976d1ec91e2438349a6a77f6bb61bec9ba1ac";"63ab99e44885a0dfbf31f2675f8a624d52dee31b234eb323bf32aa30f5040096"
"Mentales Wohlbefinden";"Sinn & Selbstwirksamkeit";"Ergebnis-Einstieg";"Beschriftung";"Ergebnis-Zusammenfassung · Themenlabel «Sinn & Selbstwirksamkeit»";"Zukunftszuversicht";"confiance en l’avenir";"";"";"Marketing";"Prüfung erforderlich";"";"";"";"ui.hero.topic.zukunft";"ui";"fr-CH";"3";"v1:d69b55804c14335744a0a12a0aa976d1ec91e2438349a6a77f6bb61bec9ba1ac";"87b74ce898bddef3e8f00654984c670f743e67e3f433344efa1a05ca4a7ea9da"
"Mentales Wohlbefinden";"Soziale Verbundenheit";"Dimensionsdetails";"Überschrift";"Dimensionsdetail · Titel";"Wenig soziale Verbundenheit";"Peu de liens sociaux";"";"";"Marketing, Medizin";"Prüfung erforderlich";"";"";"";"recommendation.signal.einsamkeit.title";"recommendations";"fr-CH";"3";"v1:d69b55804c14335744a0a12a0aa976d1ec91e2438349a6a77f6bb61bec9ba1ac";"26b3b0fb464815e8b13d294d1b2e352bdaba895f56e1b00939a625f78642f870"
"Mentales Wohlbefinden";"Soziale Verbundenheit";"Dimensionsdetails";"Persönliche Einordnung";"Dimensionsdetail · Einordnung";"Soziale Verbundenheit gehört zu den stärksten bekannten Schutzfaktoren für Gesundheit und Lebenserwartung – vergleichbar mit klassischen Lebensstilfaktoren. Sie wird trotzdem selten aktiv gepflegt.";"Les liens sociaux comptent parmi les facteurs de protection connus les plus puissants pour la santé et l’espérance de vie, à un niveau comparable aux facteurs classiques du mode de vie. Ils sont pourtant rarement entretenus de manière active.";"";"";"Marketing, Medizin";"Prüfung erforderlich";"";"";"";"recommendation.signal.einsamkeit.insight";"recommendations";"fr-CH";"3";"v1:d69b55804c14335744a0a12a0aa976d1ec91e2438349a6a77f6bb61bec9ba1ac";"84641d18ad51c85b85d70aab17f5efc011e90bb7a22725744996ddce22d0b227"
"Mentales Wohlbefinden";"Soziale Verbundenheit";"Dimensionsdetails";"Nächster Schritt";"Dimensionsdetail · konkreter nächster Schritt";"Diese Woche eine Person aktiv kontaktieren und etwas Konkretes verabreden – nicht «mal wieder treffen».";"Cette semaine, contactez activement une personne et convenez de quelque chose de concret, plutôt que de dire simplement « il faudrait se revoir ».";"";"";"Marketing, Medizin";"Prüfung erforderlich";"";"";"";"recommendation.signal.einsamkeit.action";"recommendations";"fr-CH";"3";"v1:d69b55804c14335744a0a12a0aa976d1ec91e2438349a6a77f6bb61bec9ba1ac";"aaca4c2c86c42b0c8081e159a65749eb2dde12f13b7289071aab99ede00c7aa9"
"Mentales Wohlbefinden";"Soziale Verbundenheit";"Risikosignale";"Risikosignal";"Ergebnisseite, Lebensstil-Signal soziale Verbundenheit";"Sie fühlen sich aktuell wenig mit anderen Menschen verbunden.";"Vous vous sentez actuellement peu en lien avec les autres.";"";"";"Marketing, Medizin";"Prüfung erforderlich";"";"";"";"recommendation.risk_signal.einsamkeit.label";"recommendations";"fr-CH";"3";"v1:d69b55804c14335744a0a12a0aa976d1ec91e2438349a6a77f6bb61bec9ba1ac";"d9bcb32870dcc374d6d48fe52e5fd98dd6648eda18b2ab82885a5feb542f640e"
"Mentales Wohlbefinden";"Soziale Verbundenheit";"Handlungsfelder";"Beschriftung";"Handlungsfeld · Mentales Wohlbefinden · Kurzlabel";"Soziale Kontakte aktiv pflegen";"Entretenir activement les contacts sociaux";"";"";"Marketing, Medizin";"Prüfung erforderlich";"";"";"";"recommendation.lever.lv_verbundenheit.label";"recommendations";"fr-CH";"3";"v1:d69b55804c14335744a0a12a0aa976d1ec91e2438349a6a77f6bb61bec9ba1ac";"d4be9402f4504d11d4b5f2236eed5d59ed763428d230f91f19e9888f43f14a10"
"Mentales Wohlbefinden";"Soziale Verbundenheit";"Handlungsfelder";"Detailtext";"Handlungsfeld · Mentales Wohlbefinden · Detailtext";"Verbundenheit ist einer der stärksten Schutzfaktoren für die Gesundheit – ein kleiner erster Schritt: eine Person diese Woche aktiv kontaktieren.";"Les liens sociaux sont l’un des facteurs de protection les plus puissants pour la santé. Une petite première étape consiste à contacter activement une personne cette semaine.";"";"";"Marketing, Medizin";"Prüfung erforderlich";"";"";"";"recommendation.lever.lv_verbundenheit.detail";"recommendations";"fr-CH";"3";"v1:d69b55804c14335744a0a12a0aa976d1ec91e2438349a6a77f6bb61bec9ba1ac";"f4526ab4b98ab82cc0cf3afc29f32a69a76cc61a3d5025a166f42962ec1c25a1"
"Mentales Wohlbefinden";"Soziale Verbundenheit";"Empfehlungskarten";"Überschrift";"Empfehlungskarte · Mentales Wohlbefinden · Titel";"Soziale Verbindungen stärken";"Renforcer les liens sociaux";"";"";"Marketing";"Prüfung erforderlich";"";"";"";"recommendation.catalog.me_sozial.title";"recommendations";"fr-CH";"3";"v1:d69b55804c14335744a0a12a0aa976d1ec91e2438349a6a77f6bb61bec9ba1ac";"cc02d96a7a74fe012865ec1ccd1249785c4b5dec096fac52b9db81d15be087d6"
"Mentales Wohlbefinden";"Soziale Verbundenheit";"Empfehlungskarten";"Begründung / Einordnung";"Empfehlungskarte · Mentales Wohlbefinden · Begründung";"Tragfähige Beziehungen gehören zu den stärksten Schutzfaktoren für die Gesundheit. Aktuell fühlen Sie sich wenig verbunden oder wenig unterstützt.";"Des relations solides comptent parmi les facteurs de protection les plus puissants pour la santé. Vous vous sentez actuellement peu lié aux autres ou peu soutenu.";"";"";"Marketing, Medizin";"Prüfung erforderlich";"";"";"";"recommendation.catalog.me_sozial.why";"recommendations";"fr-CH";"3";"v1:d69b55804c14335744a0a12a0aa976d1ec91e2438349a6a77f6bb61bec9ba1ac";"6e8843659128d1eecbdba4b0caa6c7a1293733661f2be9ec63e8ea6d2d0cd481"
"Mentales Wohlbefinden";"Soziale Verbundenheit";"Empfehlungskarten";"Nächster Schritt";"Empfehlungskarte · Mentales Wohlbefinden · konkreter nächster Schritt";"Nehmen Sie diese Woche bewusst Kontakt zu einer Person auf, die Ihnen guttut – ein Anruf oder eine kurze Nachricht genügt für den Anfang.";"Cette semaine, contactez consciemment une personne qui vous fait du bien. Un appel ou un bref message suffit pour commencer.";"";"";"Marketing, Medizin";"Prüfung erforderlich";"";"";"";"recommendation.catalog.me_sozial.step";"recommendations";"fr-CH";"3";"v1:d69b55804c14335744a0a12a0aa976d1ec91e2438349a6a77f6bb61bec9ba1ac";"3e11b75df0262a6e83d2aebfdaca2adbecf32a5dee6fff8262928301f3cee7d2"
"Mentales Wohlbefinden";"Soziale Verbundenheit";"Empfehlungskarten";"Erwarteter Nutzen";"Empfehlungskarte · Mentales Wohlbefinden · erwarteter Nutzen";"Mehr Verbundenheit wirkt sich positiv auf Stimmung, Stress und körperliche Gesundheit aus.";"Davantage de liens a un effet positif sur l’humeur, le stress et la santé physique.";"";"";"Marketing, Medizin";"Prüfung erforderlich";"";"";"";"recommendation.catalog.me_sozial.benefit";"recommendations";"fr-CH";"3";"v1:d69b55804c14335744a0a12a0aa976d1ec91e2438349a6a77f6bb61bec9ba1ac";"64cdcf8073d8cbe776c570a4653110ab4f0a8189f5ec9b455c26408236e95fe6"
"Mentales Wohlbefinden";"Soziale Verbundenheit";"4-Wochen-Pläne";"4-Wochen-Plan";"4-Wochen-Plan · Diese Woche";"Nehmen Sie <b>zu einer Person aktiv Kontakt auf</b>, die Ihnen guttut – und verabreden Sie etwas Konkretes (nicht «mal wieder treffen», sondern Tag und Uhrzeit).";"Contactez <b>activement une personne</b> qui vous fait du bien et convenez de quelque chose de concret. Ne dites pas simplement « il faudrait se revoir », mais fixez un jour et une heure.";"";"";"Marketing, Medizin";"Prüfung erforderlich";"";"";"";"recommendation.plan.me_sozial.this_week";"recommendations";"fr-CH";"3";"v1:d69b55804c14335744a0a12a0aa976d1ec91e2438349a6a77f6bb61bec9ba1ac";"a2d3eb09089394b1a03e473e9dcda2dfa195903995a55281b04e3852f75ce223"
"Mentales Wohlbefinden";"Soziale Verbundenheit";"4-Wochen-Pläne";"4-Wochen-Plan";"4-Wochen-Plan · Woche 2–3";"Bauen Sie einen wiederkehrenden Kontakt auf (fester Spaziergang, Anruf, gemeinsames Essen). Soziale Verbundenheit zählt zu den stärksten bekannten Schutzfaktoren für Gesundheit und Lebenserwartung.";"Établissez un contact récurrent, par exemple une promenade fixe, un appel ou un repas partagé. Les liens sociaux comptent parmi les facteurs de protection connus les plus puissants pour la santé et l’espérance de vie.";"";"";"Marketing, Medizin";"Prüfung erforderlich";"";"";"";"recommendation.plan.me_sozial.weeks_2_3";"recommendations";"fr-CH";"3";"v1:d69b55804c14335744a0a12a0aa976d1ec91e2438349a6a77f6bb61bec9ba1ac";"eb4ba2acdcc77b9b6f5b9569b7f31b8f0977d6c92ac5ebb099e6455e53881805"
"Mentales Wohlbefinden";"Soziale Verbundenheit";"4-Wochen-Pläne";"4-Wochen-Plan";"4-Wochen-Plan · Woche 4";"Verankern Sie mindestens einen regelmässigen sozialen Fixpunkt pro Woche. Auch ein Verein, Kurs oder Ehrenamt schafft verlässliche Begegnungen.";"Ancrez au moins un rendez-vous social régulier par semaine. Une association, un cours ou une activité bénévole créent également des rencontres fiables.";"";"";"Marketing, Medizin";"Prüfung erforderlich";"";"";"";"recommendation.plan.me_sozial.week_4";"recommendations";"fr-CH";"3";"v1:d69b55804c14335744a0a12a0aa976d1ec91e2438349a6a77f6bb61bec9ba1ac";"700c04ad25a0a83ece68041b5752c695a11806527942d1ff4f899c683fb98544"
"Mentales Wohlbefinden";"Soziale Verbundenheit";"Stärken";"Beschriftung";"Stärke · Mentales Wohlbefinden · Kurzlabel";"Starkes soziales Netz";"Réseau social solide";"";"";"Marketing";"Prüfung erforderlich";"";"";"";"recommendation.strength.st_sozial.label";"recommendations";"fr-CH";"3";"v1:d69b55804c14335744a0a12a0aa976d1ec91e2438349a6a77f6bb61bec9ba1ac";"a8f36c95320dc32c62f687ed4680cb21a1a4805227b9f57f7cd4ea977d994f51"
"Mentales Wohlbefinden";"Soziale Verbundenheit";"Stärken";"Detailtext";"Stärke · Mentales Wohlbefinden · Detailtext";"Sie fühlen sich akzeptiert und eingebunden – soziale Verbundenheit ist einer der stärksten bekannten Schutzfaktoren.";"Vous vous sentez accepté et intégré. Les liens sociaux comptent parmi les facteurs de protection les plus puissants connus.";"";"";"Marketing, Medizin";"Prüfung erforderlich";"";"";"";"recommendation.strength.st_sozial.detail";"recommendations";"fr-CH";"3";"v1:d69b55804c14335744a0a12a0aa976d1ec91e2438349a6a77f6bb61bec9ba1ac";"6ae89342152c6d74cb964fa82fb454a04682bd8e6187b79a1aadf3fa489635a1"
"Mentales Wohlbefinden";"Soziale Verbundenheit";"Ergebnis-Einstieg";"Beschriftung";"Ergebnis-Zusammenfassung · Themenlabel «Soziale Verbundenheit»";"soziale Verbundenheit";"liens sociaux";"";"";"Marketing";"Prüfung erforderlich";"";"";"";"ui.hero.topic.verbundenheit";"ui";"fr-CH";"3";"v1:d69b55804c14335744a0a12a0aa976d1ec91e2438349a6a77f6bb61bec9ba1ac";"bf11cd446444bdb530941e8983ef773f2f8674af03c3706d3f31d2659fd90dc3"
"Digital Coach";"Coach-Dialog & Übergabe";"Coach-Antworten";"Begründung / Einordnung";"Demo-Coach-Antwort zu Protein oder Eiweiss";"Für gesunde Erwachsene mit regelmässigem Krafttraining sind etwa <b>1,4–1,6 g/kg/Tag</b> eine praktische Orientierung. Die durchschnittlichen zusätzlichen Vorteile für den Aufbau fettfreier Masse flachen ab rund <b>1,6 g/kg/Tag</b> deutlich ab. Bis etwa <b>2,0 g/kg/Tag</b> können bei sehr hoher Trainingsbelastung oder einem gezielten Energiedefizit als individueller Spielraum sinnvoll sein; für die meisten Menschen ist das nicht nötig, und das Alter allein begründet dieses Ziel nicht. Für Personen unter 18 Jahren sowie bei einer Nierenerkrankung oder medizinisch verordneter Ernährung sollte die Menge fachlich geklärt werden.";"Pour les adultes en bonne santé qui pratiquent régulièrement la musculation, environ <b>1,4–1,6 g/kg/jour</b> constitue un repère pratique. Les bénéfices supplémentaires moyens pour le développement de la masse maigre diminuent nettement à partir d’environ <b>1,6 g/kg/jour</b>. Une quantité allant jusqu’à environ <b>2,0 g/kg/jour</b> peut offrir une marge individuelle en cas de charge d’entraînement très élevée ou de déficit énergétique ciblé ; elle n’est pas nécessaire pour la plupart des personnes, et l’âge seul ne justifie pas cet objectif. Pour les moins de 18 ans, ainsi qu’en cas de maladie rénale ou d’alimentation prescrite médicalement, la quantité doit être déterminée avec une personne qualifiée.";"";"";"Marketing, Medizin";"Prüfung erforderlich";"Neue evidenzgebundene Proteinantwort mit klaren Anwendungs- und Sicherheitsgrenzen; durch Marketing und Medizin freigeben.";"";"1,4–1,6 g/kg/jour | 1,6 g/kg/jour | 2,0 g/kg/jour";"coach.answer.protein";"coach";"fr-CH";"3";"v1:d69b55804c14335744a0a12a0aa976d1ec91e2438349a6a77f6bb61bec9ba1ac";"8bb8b454b3a033e61a15f7aa6c3f2aa534479f87a966fcc44ddf4240e5d0d928"
"Digital Coach";"Coach-Dialog & Übergabe";"Coach-Antworten";"Dynamischer Text";"Allgemeine Demo-Coach-Antwort, wenn keine speziellere Regel greift";"Ich bin eine Vorschau und antworte mit Beispielen zu Ihrer Auswertung. Am meisten Wirkung hat bei Ihnen gerade <b>{{weakestTitle}}</b> ({{weakestScore}}/100). Fragen Sie mich z. B. „Womit fange ich an?“ oder tippen Sie oben auf einen Vorschlag.";"Je suis un assistant en version de démonstration et je vous donne des exemples de réponses en lien avec votre évaluation. Votre plus grand potentiel d’amélioration concerne actuellement <b>{{weakestTitle}}</b> ({{weakestScore}}/100). Demandez-moi par exemple « Par quoi dois-je commencer ? » ou sélectionnez l’une des suggestions ci-dessus.";"";"";"Marketing";"Prüfung erforderlich";"";"{{weakestScore}} | {{weakestTitle}}";"";"coach.answer.fallback";"coach";"fr-CH";"3";"v1:d69b55804c14335744a0a12a0aa976d1ec91e2438349a6a77f6bb61bec9ba1ac";"7a167fdcac4e78aa8bd5c0e9257c83253d16b4e5b09534b26afcf0e0882dbe4f"
"Digital Coach";"Coach-Dialog & Übergabe";"Coach-Antworten";"Dynamischer Text";"Demo-Coach-Antwort zum Gesamtscore";"Ihr Gesamtscore liegt bei <b>{{overallScore}}/100</b> („{{statusLabel}}“). Am stärksten sind Sie bei <b>{{strongestTitle}}</b> ({{strongestScore}}/100), am meisten Hebel haben Sie bei <b>{{weakestTitle}}</b> ({{weakestScore}}/100). Das ist eine Momentaufnahme – kein medizinisches Urteil.";"Votre score global est de <b>{{overallScore}}/100</b> (« {{statusLabel}} »). Votre point fort est <b>{{strongestTitle}}</b> ({{strongestScore}}/100) et votre plus grand potentiel d’amélioration concerne <b>{{weakestTitle}}</b> ({{weakestScore}}/100). Il s’agit d’un instantané, et non d’un avis médical.";"";"";"Marketing, Medizin";"Prüfung erforderlich";"";"{{overallScore}} | {{statusLabel}} | {{strongestScore}} | {{strongestTitle}} | {{weakestScore}} | {{weakestTitle}}";"";"coach.answer.overall_score";"coach";"fr-CH";"3";"v1:d69b55804c14335744a0a12a0aa976d1ec91e2438349a6a77f6bb61bec9ba1ac";"e29991b94454964f7425ba4a93b0dfa0ff4209e21a0502d25c2e9a2234ec89a7"
"Digital Coach";"Coach-Dialog & Übergabe";"Coach-Antworten";"Nächster Schritt";"Demo-Coach-Antwort zum Einstieg ohne vorhandenen Aktionsschritt";"Aus Ihren Antworten lässt sich aktuell kein einzelner priorisierter Startschritt ableiten. Nutzen Sie die Dimensionswerte und Hinweise zur Einordnung und wählen Sie einen kleinen Schritt, der zu Ihrem Alltag passt.";"Vos réponses actuelles ne permettent pas d’identifier une seule première étape prioritaire. Appuyez-vous sur les scores des dimensions et les indications fournies, puis choisissez une petite action adaptée à votre quotidien.";"";"";"Marketing";"Prüfung erforderlich";"Leerzustand nicht mehr mit fehlendem Handlungsbedarf gleichgesetzt; durch Marketing freigeben.";"";"";"coach.answer.first_step.without_plan";"coach";"fr-CH";"3";"v1:d69b55804c14335744a0a12a0aa976d1ec91e2438349a6a77f6bb61bec9ba1ac";"3400de5169283b1ae6a8e623441391dd497d4c7c1f8543f16eb6bd6fd7ad7159"
"Digital Coach";"Coach-Dialog & Übergabe";"Coach-Antworten";"Dynamischer Text";"Demo-Coach-Antwort zum Einstieg mit vorhandenem Aktionsschritt";"Fangen Sie am besten klein an: <b>{{recommendationTitle}}</b>. Ihr erster Schritt: {{recommendationStep}} Wählen Sie nur diesen einen Schritt für diese Woche.";"Commencez de préférence par une petite action : <b>{{recommendationTitle}}</b>. Votre première étape : {{recommendationStep}} Concentrez-vous uniquement sur cette action cette semaine.";"";"";"Marketing";"Prüfung erforderlich";"";"{{recommendationStep}} | {{recommendationTitle}}";"";"coach.answer.first_step.with_plan";"coach";"fr-CH";"3";"v1:d69b55804c14335744a0a12a0aa976d1ec91e2438349a6a77f6bb61bec9ba1ac";"6a7db3910027ffb1c831a82fee347489d01e8ebf4defe33fb200768224da05da"
"Digital Coach";"Coach-Dialog & Übergabe";"Coach-Kontext";"Beschriftung";"Fallback-Titel, wenn keine schwächste Dimension vorliegt";"diesem Bereich";"ce domaine";"";"";"Marketing";"Prüfung erforderlich";"";"";"";"coach.context.weakest_title_fallback";"coach";"fr-CH";"3";"v1:d69b55804c14335744a0a12a0aa976d1ec91e2438349a6a77f6bb61bec9ba1ac";"5dd04077a9cbccea777a371c92a361e0916ee5fb609ebfaa0cc9aa088f6aec19"
"Digital Coach";"Coach-Dialog & Übergabe";"Coach-Kontext";"Beschriftung";"Fallback-Titel, wenn keine stärkste Dimension vorliegt";"—";"—";"";"";"Marketing";"Prüfung erforderlich";"";"";"";"coach.context.strongest_title_fallback";"coach";"fr-CH";"3";"v1:d69b55804c14335744a0a12a0aa976d1ec91e2438349a6a77f6bb61bec9ba1ac";"6063f1598b33eb4be59f87d37d13ef192811ed0685c3564ab436d6dfd990bb41"
"Digital Coach";"Coach-Dialog & Übergabe";"Coach-Kontext";"Beschriftung";"Fallback, wenn ein Dimensionsscore im Coach-Kontext fehlt";"noch nicht ermittelt";"pas encore déterminé";"";"";"Marketing";"Prüfung erforderlich";"";"";"";"coach.context.score_unknown";"coach";"fr-CH";"3";"v1:d69b55804c14335744a0a12a0aa976d1ec91e2438349a6a77f6bb61bec9ba1ac";"f725a190bb7cd08850ab6a4d370ff4daeafe3173197e8074e12ef6e0797600a0"
"Digital Coach";"Coach-Dialog & Übergabe";"Coach-Antworten";"Dynamischer Text";"Antwort zur Verbesserung einer Dimension mit passendem Top-Schritt";"Für <b>{{dimensionTitle}}</b> ist Ihr wirksamster Schritt: {{recommendationStep}} Klein anfangen und dranbleiben schlägt Perfektion.";"Pour <b>{{dimensionTitle}}</b>, votre action la plus efficace est la suivante : {{recommendationStep}} Commencer petit et persévérer vaut mieux que rechercher la perfection.";"";"";"Marketing";"Prüfung erforderlich";"";"{{dimensionTitle}} | {{recommendationStep}}";"";"coach.improve_dimension.with_recommendation";"coach";"fr-CH";"3";"v1:d69b55804c14335744a0a12a0aa976d1ec91e2438349a6a77f6bb61bec9ba1ac";"91780f5ffc7fba84caf499f532edcab9365722eecedeaf5c4d3d848cfba6437a"
"Digital Coach";"Coach-Dialog & Übergabe";"Coach-Antworten";"Dynamischer Text";"Antwort zur Verbesserung einer Dimension ohne passenden Top-Schritt";"Für <b>{{dimensionTitle}}</b> ({{dimensionScore}}/100) lässt sich aus den aktuellen Antworten keine einzelne spezifische Empfehlung ableiten. Nutzen Sie die Einordnung im Detailbereich und wählen Sie bei Bedarf eine kleine, alltagstaugliche Anpassung.";"Pour <b>{{dimensionTitle}}</b> ({{dimensionScore}}/100), vos réponses actuelles ne permettent pas de formuler une recommandation spécifique unique. Consultez l’évaluation détaillée et choisissez au besoin une petite adaptation compatible avec votre quotidien.";"";"";"Marketing";"Prüfung erforderlich";"Funktioniert bei niedrigen wie hohen Scores ohne nicht vorhandene Empfehlungen zu versprechen; durch Marketing freigeben.";"{{dimensionScore}} | {{dimensionTitle}}";"";"coach.improve_dimension.without_recommendation";"coach";"fr-CH";"3";"v1:d69b55804c14335744a0a12a0aa976d1ec91e2438349a6a77f6bb61bec9ba1ac";"cb17cbe5941b3febc56369b62544c363982886601c74b8e83851477310d7b93a"
"Digital Coach";"Coach-Dialog & Übergabe";"Vorschlagsfragen";"Nächster Schritt";"Immer sichtbarer Vorschlags-Chip zum Gesamtscore";"Was bedeutet mein Gesamtscore?";"Que signifie mon score global ?";"";"";"Marketing";"Prüfung erforderlich";"";"";"";"coach.prompt.overall_score";"coach";"fr-CH";"3";"v1:d69b55804c14335744a0a12a0aa976d1ec91e2438349a6a77f6bb61bec9ba1ac";"a2917a244ceef5cb40f9d792d0c88ff16f42bc7b379a8a903f955f878f473d5c"
"Digital Coach";"Coach-Dialog & Übergabe";"Vorschlagsfragen";"Nächster Schritt";"Vorschlags-Chip bei Belastungssignal";"Zeigen Sie mir eine Atemübung";"Montrez-moi un exercice de respiration";"";"";"Marketing";"Prüfung erforderlich";"";"";"";"coach.prompt.breathing";"coach";"fr-CH";"3";"v1:d69b55804c14335744a0a12a0aa976d1ec91e2438349a6a77f6bb61bec9ba1ac";"81931e9cf7b5a65d92253ee77b011c9586dd44642a0d7f832c20475030fbd34b"
"Digital Coach";"Coach-Dialog & Übergabe";"Vorschlagsfragen";"Nächster Schritt";"Vorschlags-Chip zur Coach App";"Was kann die Coach App für mich tun?";"Que peut faire l’application Helsana Coach pour moi ?";"";"";"Marketing";"Prüfung erforderlich";"";"";"";"coach.prompt.coach_app";"coach";"fr-CH";"3";"v1:d69b55804c14335744a0a12a0aa976d1ec91e2438349a6a77f6bb61bec9ba1ac";"00e58a46855c33fb878b5112013b7eacd5c20aaa844a987094fd1d1d742be993"
"Digital Coach";"Coach-Dialog & Übergabe";"Vorschlagsfragen";"Nächster Schritt";"Vorschlags-Chip, wenn ein Aktionsschritt vorhanden ist";"Womit fange ich am besten an?";"Par quoi devrais-je commencer ?";"";"";"Marketing";"Prüfung erforderlich";"";"";"";"coach.prompt.first_step";"coach";"fr-CH";"3";"v1:d69b55804c14335744a0a12a0aa976d1ec91e2438349a6a77f6bb61bec9ba1ac";"091ace8dbb579e9bd5f25c99f58393c41a6a018ed8e7400a0a41a2a2152c7f01"
"Digital Coach";"Coach-Dialog & Übergabe";"Vorschlagsfragen";"Dynamischer Text";"Vorschlags-Chip für die schwächste Dimension";"Wie verbessere ich „{{dimensionTitle}}“?";"Comment améliorer « {{dimensionTitle}} » ?";"";"";"Marketing";"Prüfung erforderlich";"";"{{dimensionTitle}}";"";"coach.prompt.improve_dimension";"coach";"fr-CH";"3";"v1:d69b55804c14335744a0a12a0aa976d1ec91e2438349a6a77f6bb61bec9ba1ac";"bac277c92da716e22a750b5f29a809204c918931f3391ff39a1e17938ddf6989"
"Digital Coach";"Coach-Dialog & Übergabe";"Defensiver Ersatzplan";"Beschriftung";"Defensiver 4-Wochen-Plan ohne eigenen Plan, erster Zeitraum";"Diese Woche";"Cette semaine";"";"";"Marketing";"Prüfung erforderlich";"";"";"";"coach.week_plan.fallback.label.this_week";"coach";"fr-CH";"3";"v1:d69b55804c14335744a0a12a0aa976d1ec91e2438349a6a77f6bb61bec9ba1ac";"eba7a594f04f871b696327b43d0e38edcddc1f35cf8dce46399451687b247903"
"Digital Coach";"Coach-Dialog & Übergabe";"Defensiver Ersatzplan";"Beschriftung";"Defensiver 4-Wochen-Plan ohne eigenen Plan, letzter Zeitraum";"Woche 4";"Semaine 4";"";"";"Marketing";"Prüfung erforderlich";"";"";"";"coach.week_plan.fallback.label.week_four";"coach";"fr-CH";"3";"v1:d69b55804c14335744a0a12a0aa976d1ec91e2438349a6a77f6bb61bec9ba1ac";"7a33c92d14cb137be88316af6fed95b79b4cfc5e1340ec6f0390940ce0ac5f40"
"Digital Coach";"Coach-Dialog & Übergabe";"Defensiver Ersatzplan";"Beschriftung";"Defensiver 4-Wochen-Plan ohne eigenen Plan, mittlerer Zeitraum";"Woche 2–3";"Semaines 2–3";"";"";"Marketing";"Prüfung erforderlich";"";"";"";"coach.week_plan.fallback.label.weeks_two_three";"coach";"fr-CH";"3";"v1:d69b55804c14335744a0a12a0aa976d1ec91e2438349a6a77f6bb61bec9ba1ac";"cc26d5e5a4a225d75bd9ee549180c211ac73f5fbfca67af9699450e06913682e"
"Digital Coach";"Coach-Dialog & Übergabe";"Defensiver Ersatzplan";"Nächster Schritt";"Defensiver erster Planschritt, wenn auch kein Empfehlungsschritt vorhanden ist";"Wählen Sie einen einzigen, kleinen Startschritt.";"Choisissez une seule petite action pour commencer.";"";"";"Marketing";"Prüfung erforderlich";"";"";"";"coach.week_plan.fallback.step.this_week";"coach";"fr-CH";"3";"v1:d69b55804c14335744a0a12a0aa976d1ec91e2438349a6a77f6bb61bec9ba1ac";"580536c39573cd5075a6a301160aec823bad4922a1aef35d8794690df73815f4"
"Digital Coach";"Coach-Dialog & Übergabe";"Defensiver Ersatzplan";"Nächster Schritt";"Defensiver letzter Planschritt";"Machen Sie den Schritt zu einer festen Gewohnheit.";"Faites de cette action une habitude durable.";"";"";"Marketing";"Prüfung erforderlich";"";"";"";"coach.week_plan.fallback.step.week_four";"coach";"fr-CH";"3";"v1:d69b55804c14335744a0a12a0aa976d1ec91e2438349a6a77f6bb61bec9ba1ac";"ea72ee0cd8c4f89d2dd83694f08e8b389778dfe1a9701020770e7749fb1e0a19"
"Digital Coach";"Coach-Dialog & Übergabe";"Defensiver Ersatzplan";"Nächster Schritt";"Defensiver mittlerer Planschritt";"Wiederholen Sie den Schritt regelmässig und steigern Sie sich langsam.";"Répétez cette action régulièrement et progressez lentement.";"";"";"Marketing";"Prüfung erforderlich";"";"";"";"coach.week_plan.fallback.step.weeks_two_three";"coach";"fr-CH";"3";"v1:d69b55804c14335744a0a12a0aa976d1ec91e2438349a6a77f6bb61bec9ba1ac";"de61f899095234a4e465b62df2c0c3ae42074cc0a35e66470f1cc671a59cb6a1"
"Digital Coach";"Coach-Dialog & Übergabe";"Coach-Dialog";"Beschriftung";"Barrierefreie Beschriftung des Senden-Buttons";"Senden";"Envoyer";"";"";"Marketing";"Prüfung erforderlich";"";"";"";"ui.chat.send_aria";"ui";"fr-CH";"3";"v1:d69b55804c14335744a0a12a0aa976d1ec91e2438349a6a77f6bb61bec9ba1ac";"931bf7381a32fab81a14cddd0dced2613e62e7fef18c1a4fa5b3b74a45865b1a"
"Digital Coach";"Coach-Dialog & Übergabe";"Coach-Dialog";"Beschriftung";"Chat-Sektion, Demo-Badge";"Vorschau · Demo";"Aperçu · Démo";"";"";"Marketing";"Prüfung erforderlich";"";"";"";"ui.chat.badge";"ui";"fr-CH";"3";"v1:d69b55804c14335744a0a12a0aa976d1ec91e2438349a6a77f6bb61bec9ba1ac";"fbcd63e246abf90b96e59f20306fc00bd623023a0aabf39c06490fbfb1a06ffb"
"Digital Coach";"Coach-Dialog & Übergabe";"Coach-Dialog";"Beschriftung";"Chat-Sektion, Rubrik";"Ihr Gesundheits-Coach";"Votre coach santé";"";"";"Marketing";"Prüfung erforderlich";"";"";"";"ui.chat.eyebrow";"ui";"fr-CH";"3";"v1:d69b55804c14335744a0a12a0aa976d1ec91e2438349a6a77f6bb61bec9ba1ac";"581659f15c73241518747b1b7a806810a46bed1252e59c40e6c5b12c49828ff4"
"Digital Coach";"Coach-Dialog & Übergabe";"Coach-Dialog";"Überschrift";"Chat-Sektion, Überschrift";"Haben Sie Fragen? Der Helsana Digital Coach ist für Sie da.";"Avez-vous des questions ? Le Digital Coach Helsana est à vos côtés.";"";"";"Marketing";"Prüfung erforderlich";"Neue Chat-Überschrift durch Marketing freigeben.";"";"";"ui.chat.title";"ui";"fr-CH";"3";"v1:d69b55804c14335744a0a12a0aa976d1ec91e2438349a6a77f6bb61bec9ba1ac";"9e4f79dc798fb01f6e90b54b3ca85c074a6393f1d1b7ce256d19dab7abb4f03e"
"Digital Coach";"Coach-Dialog & Übergabe";"Coach-Dialog";"Beschriftung";"Sichtbarer Platzhalter im Eingabefeld";"Fragen Sie Ihren Coach …";"Posez votre question au coach…";"";"";"Marketing";"Prüfung erforderlich";"";"";"";"ui.chat.input_placeholder";"ui";"fr-CH";"3";"v1:d69b55804c14335744a0a12a0aa976d1ec91e2438349a6a77f6bb61bec9ba1ac";"1f8f6de56d66e5c3f524f4d86669ec0be0303f3450b6ce85000aae755a29cb7e"
"Digital Coach";"Coach-Dialog & Übergabe";"Coach-Dialog";"Begründung / Einordnung";"Chat-Sektion, Funktionsbeschreibung";"Der Coach kennt Ihre Auswertung (Score, Bereiche, Empfehlungen). In dieser Vorschau sehen Sie Beispielantworten – es werden keine Daten gesendet, alles bleibt auf Ihrem Gerät.";"Le coach connaît votre évaluation, notamment votre score, vos domaines et vos recommandations. Cet aperçu présente des exemples de réponses : aucune donnée n’est envoyée et tout reste sur votre appareil.";"";"";"Marketing, Recht";"Prüfung erforderlich";"Aussage zur lokalen Datenverarbeitung vor Go-live durch Legal/Datenschutz freigeben.";"";"";"ui.chat.description";"ui";"fr-CH";"3";"v1:d69b55804c14335744a0a12a0aa976d1ec91e2438349a6a77f6bb61bec9ba1ac";"7c2e304566c52bbf815bf51b975f60972c918f21bb4f667c71857f6815de78e3"
"Digital Coach";"Coach-Dialog & Übergabe";"Coach-Dialog";"Begründung / Einordnung";"Hinweis unter dem Demo-Chat";"Konzept-Vorschau mit Beispielantworten. Ein echter Coach würde ein EU/CH-gehostetes KI-Modell nutzen – erst nach Ihrer ausdrücklichen Zustimmung. Keine medizinische Beratung; im Notfall <b>144</b>.";"Aperçu du concept avec des exemples de réponses. Un véritable coach utiliserait un modèle d’IA hébergé dans l’UE ou en Suisse, uniquement après votre consentement explicite. Aucun conseil médical ; en cas d’urgence, appelez le <b>144</b>.";"";"";"Marketing, Medizin, Recht";"Prüfung erforderlich";"KI-Hosting-, Einwilligungs- und medizinischen Hinweis vor Go-live fachlich und rechtlich freigeben.";"";"144";"ui.chat.disclaimer";"ui";"fr-CH";"3";"v1:d69b55804c14335744a0a12a0aa976d1ec91e2438349a6a77f6bb61bec9ba1ac";"8733d9f9a65555589256e6a2fb99d501d0b1f031a0f1f88bdb869ae039ef871f"
"Digital Coach";"Coach-Dialog & Übergabe";"Coach-Dialog";"Dynamischer Text";"Erste sichtbare Nachricht des Demo-Coachs mit priorisiertem Aktionsplan";"Hallo! Ich kenne Ihre Auswertung: Gesamtscore <b>{{overallScore}}/100</b> („{{statusLabel}}“). Fragen Sie mich, wie Sie Ihre nächsten Schritte angehen – oder tippen Sie unten auf einen Vorschlag.";"Bonjour ! Je connais votre évaluation : score global <b>{{overallScore}}/100</b> (« {{statusLabel}} »). Demandez-moi comment aborder vos prochaines étapes ou sélectionnez l’une des suggestions ci-dessous.";"";"";"Marketing";"Prüfung erforderlich";"";"{{overallScore}} | {{statusLabel}}";"";"ui.chat.greeting";"ui";"fr-CH";"3";"v1:d69b55804c14335744a0a12a0aa976d1ec91e2438349a6a77f6bb61bec9ba1ac";"e4e02961ffe185a5594a7ea8838e3a93468b78b35579eb1b665a8cded3e41e3e"
"Digital Coach";"Coach-Dialog & Übergabe";"Coach-Dialog";"Dynamischer Text";"Erste sichtbare Nachricht des Demo-Coachs ohne priorisierten Handlungsbedarf";"Hallo! Ich kenne Ihre Auswertung: Gesamtscore <b>{{overallScore}}/100</b> („{{statusLabel}}“). Fragen Sie mich, wie Sie das Ergebnis einordnen oder einen passenden nächsten Schritt finden – oder tippen Sie unten auf einen Vorschlag.";"Bonjour ! Je connais votre évaluation : score global <b>{{overallScore}}/100</b> (« {{statusLabel}} »). Demandez-moi comment interpréter le résultat ou trouver une prochaine étape adaptée, ou sélectionnez l’une des suggestions ci-dessous.";"";"";"Marketing";"Prüfung erforderlich";"Leerzustand behauptet weder einen guten Kurs noch fehlenden Handlungsbedarf; durch Marketing freigeben.";"{{overallScore}} | {{statusLabel}}";"";"ui.chat.greeting.empty";"ui";"fr-CH";"3";"v1:d69b55804c14335744a0a12a0aa976d1ec91e2438349a6a77f6bb61bec9ba1ac";"10bbb39c23e51325d548d4b6814b3ebec24b4b84261b468249bfbc1e770c575c"
"Digital Coach";"Coach-Dialog & Übergabe";"Coach-Übergabe";"Beschriftung";"Coach-App-Karte, Rubrik";"Weiter mit Begleitung";"Poursuivre avec un accompagnement";"";"";"Marketing";"Prüfung erforderlich";"";"";"";"ui.coach_handoff.eyebrow";"ui";"fr-CH";"3";"v1:d69b55804c14335744a0a12a0aa976d1ec91e2438349a6a77f6bb61bec9ba1ac";"f9cc0254edacacc22feec68f42e0921e4d084278995773ea37be8eabac7dee38"
"Digital Coach";"Coach-Dialog & Übergabe";"Coach-Übergabe";"Überschrift";"Coach-App-Karte, Überschrift";"Nehmen Sie Ihre Ergebnisse mit in die Coach App";"Emportez vos résultats dans l’application Helsana Coach";"";"";"Marketing";"Prüfung erforderlich";"";"";"";"ui.coach_handoff.title";"ui";"fr-CH";"3";"v1:d69b55804c14335744a0a12a0aa976d1ec91e2438349a6a77f6bb61bec9ba1ac";"444c405ca3145b97dc1047d15465c1b95b032f5a42442df5b5c4c9d20b8a3190"
"Digital Coach";"Coach-Dialog & Übergabe";"Coach-Übergabe";"Beschriftung";"Fallback, wenn keine Fokus-Bereiche benannt werden";"werden aus Ihrer Auswertung abgeleitet";"sont définis à partir de votre évaluation";"";"";"Marketing";"Prüfung erforderlich";"";"";"";"ui.coach_handoff.focus_fallback";"ui";"fr-CH";"3";"v1:d69b55804c14335744a0a12a0aa976d1ec91e2438349a6a77f6bb61bec9ba1ac";"661554d4387708895457779dbd9548954203311550519d8907a852c9ca949c9d"
"Digital Coach";"Coach-Dialog & Übergabe";"Coach-Übergabe";"Begründung / Einordnung";"Coach-App-Karte, Beschreibung";"Die Helsana Coach App begleitet Sie täglich beim Dranbleiben – mit persönlichen Plänen, Erinnerungen und Übungen. Ihr Gesundheitscheck kann Ihnen dort den Start abnehmen.";"L’application Helsana Coach vous aide au quotidien à garder le cap grâce à des programmes personnels, des rappels et des exercices. Votre bilan de santé peut y faciliter vos premiers pas.";"";"";"Marketing";"Prüfung erforderlich";"";"";"";"ui.coach_handoff.description";"ui";"fr-CH";"3";"v1:d69b55804c14335744a0a12a0aa976d1ec91e2438349a6a77f6bb61bec9ba1ac";"6694e2b58f272d0182c61b4ca346400ac683e6582d6482fdc67c6f18d4e8b02d"
"Digital Coach";"Coach-Dialog & Übergabe";"Coach-Übergabe";"Nächster Schritt";"CTA zur Helsana Coach App";"Helsana Coach öffnen";"Ouvrir Helsana Coach";"";"";"Marketing";"Prüfung erforderlich";"";"";"";"ui.coach_handoff.cta";"ui";"fr-CH";"3";"v1:d69b55804c14335744a0a12a0aa976d1ec91e2438349a6a77f6bb61bec9ba1ac";"352ae4c3252f1b793dc40c5ded46ae2608bbb3057daa412e0684eceede6ae75b"
"Digital Coach";"Coach-Dialog & Übergabe";"Coach-Übergabe";"Dynamischer Text";"Coach-App-Karte, Fokus-Bereiche-Zeile";"Ihre Fokus-Bereiche: {{focusTitles}}";"Vos domaines prioritaires : {{focusTitles}}";"";"";"Marketing";"Prüfung erforderlich";"";"{{focusTitles}}";"";"ui.coach_handoff.focus";"ui";"fr-CH";"3";"v1:d69b55804c14335744a0a12a0aa976d1ec91e2438349a6a77f6bb61bec9ba1ac";"85d3d01c5e578cf501e8dfce9421fc8edb46531540ba085b062f9780403b1a09"
"Digital Coach";"Coach-Dialog & Übergabe";"Coach-Übergabe";"Dynamischer Text";"Coach-App-Karte, Gesamtprofil-Zeile";"Ihr Gesamtprofil: <b>{{overallScore}}/100</b> ({{statusLabel}})";"Votre profil global : <b>{{overallScore}}/100</b> ({{statusLabel}})";"";"";"Marketing";"Prüfung erforderlich";"";"{{overallScore}} | {{statusLabel}}";"";"ui.coach_handoff.profile";"ui";"fr-CH";"3";"v1:d69b55804c14335744a0a12a0aa976d1ec91e2438349a6a77f6bb61bec9ba1ac";"c95cff65fbc88f3bed50f30fca2964e837b0255b0b4abd7465a624ce75424ed9"
"Digital Coach";"Coach-Dialog & Übergabe";"Coach-Übergabe";"Beschriftung";"Coach-App-Karte mit drei Startschritten";"Ihre nächsten drei Schritte als fertiger Startplan";"Vos trois prochaines étapes sous forme de plan de démarrage prêt à l’emploi";"";"";"Marketing";"Prüfung erforderlich";"";"";"";"ui.coach_handoff.plan.three";"ui";"fr-CH";"3";"v1:d69b55804c14335744a0a12a0aa976d1ec91e2438349a6a77f6bb61bec9ba1ac";"932c20d1c924b000acccacedf4f26dd18fb6c86ca44671603906933e2470399a"
"Digital Coach";"Coach-Dialog & Übergabe";"Coach-Übergabe";"Beschriftung";"Coach-App-Karte mit genau einem Startschritt";"Ihr nächster Schritt als fertiger Startplan";"Votre prochaine étape sous forme de plan de démarrage prêt à l’emploi";"";"";"Marketing";"Prüfung erforderlich";"";"";"";"ui.coach_handoff.plan.one";"ui";"fr-CH";"3";"v1:d69b55804c14335744a0a12a0aa976d1ec91e2438349a6a77f6bb61bec9ba1ac";"887d70a7cdde20e9d41e7c3f494e2b498822323017ff0231a2d4a0e43a5b8e4a"
"Digital Coach";"Coach-Dialog & Übergabe";"Coach-Übergabe";"Beschriftung";"Coach-App-Karte mit zwei Startschritten";"Ihre nächsten zwei Schritte als fertiger Startplan";"Vos deux prochaines étapes sous forme de plan de démarrage prêt à l’emploi";"";"";"Marketing";"Prüfung erforderlich";"";"";"";"ui.coach_handoff.plan.two";"ui";"fr-CH";"3";"v1:d69b55804c14335744a0a12a0aa976d1ec91e2438349a6a77f6bb61bec9ba1ac";"b1d7f17ab57d2899741e4a7e8230983ca6da6479d5fbbe29f4e9ca787bdeb8a0"
"Digital Coach";"Coach-Dialog & Übergabe";"Coach-Übergabe";"Begründung / Einordnung";"Coach-App-Karte ohne eindeutig priorisierten Aktionsschritt";"Kein einzelner priorisierter Schritt; Fokus anhand der fünf Dimensionen gemeinsam festlegen";"Aucune étape prioritaire unique ; définir ensemble les priorités à partir des cinq dimensions";"";"";"Marketing";"Prüfung erforderlich";"Neutraler Leerzustand ohne unzulässigen Rückschluss auf eine starke Ausgangslage; durch Marketing freigeben.";"";"";"ui.coach_handoff.plan.empty";"ui";"fr-CH";"3";"v1:d69b55804c14335744a0a12a0aa976d1ec91e2438349a6a77f6bb61bec9ba1ac";"6ac4605565f85882efff58720736189d8de93872dbc4aeab68ac20d639b6b62c"
"Digital Coach";"Coach-Dialog & Übergabe";"Gesundheitsberatung";"Überschrift";"Kontaktkarte, Überschrift";"Unsere Gesundheitsberatung ist gerne für Sie da";"Nos conseils de santé sont à votre disposition";"";"";"Marketing";"Prüfung erforderlich";"";"";"";"ui.contact.title";"ui";"fr-CH";"3";"v1:d69b55804c14335744a0a12a0aa976d1ec91e2438349a6a77f6bb61bec9ba1ac";"2fd9eef3494cf42d4c3f9d2c46abbaf3be5d2bff12d596fbbaa04534697800bc"
"Digital Coach";"Coach-Dialog & Übergabe";"Gesundheitsberatung";"Beschriftung";"Sichtbare Telefonnummer der Gesundheitsberatung; die technische tel-URL bleibt ausserhalb des Textkatalogs";"058 340 15 69";"058 340 15 69";"";"";"Marketing";"Prüfung erforderlich";"";"";"058 340 15 69";"ui.contact.phone";"ui";"fr-CH";"3";"v1:d69b55804c14335744a0a12a0aa976d1ec91e2438349a6a77f6bb61bec9ba1ac";"c75c503f84b0044c3d44e92ed39f989cac65016b2960a265bc125df33e6a401a"
"Digital Coach";"Coach-Dialog & Übergabe";"Gesundheitsberatung";"Nächster Schritt";"Kontaktkarte, Anruf-CTA";"Jetzt anrufen";"Appeler maintenant";"";"";"Marketing";"Prüfung erforderlich";"";"";"";"ui.contact.cta";"ui";"fr-CH";"3";"v1:d69b55804c14335744a0a12a0aa976d1ec91e2438349a6a77f6bb61bec9ba1ac";"308f0bac9a3460c44107425ac6f14fb894895925ee013d25a40e50755f1aba33"
"Helsana-Angebote & Versicherung";"Angebote: Bewegung";"Helsana-Angebote";"Beschriftung";"Helsana-Angebot · sichtbarer Platzhalter solange keine echte URL hinterlegt ist";"[Helsana Bewegungsangebot verlinken]";"[Ajouter un lien vers une offre Helsana sur l’activité physique]";"";"";"Marketing";"Prüfung erforderlich";"";"";"";"service.offer.bewegung.placeholder";"services";"fr-CH";"3";"v1:d69b55804c14335744a0a12a0aa976d1ec91e2438349a6a77f6bb61bec9ba1ac";"6c59650e9f6b16ea379ab94bba1ab765e049ea66b6b2cabfcfd3558195f42616"
"Helsana-Angebote & Versicherung";"Angebote: Bewegung";"Helsana-Angebote";"Beschriftung";"Helsana-Angebot · sichtbares Linklabel; leere fit-Felder werden nicht katalogisiert, weil sie keinen sichtbaren Text erzeugen";"Bewegungsangebote & Ratgeber Bewegung";"Offres et guides sur l’activité physique";"";"";"Marketing";"Prüfung erforderlich";"";"";"";"service.offer.bewegung.label";"services";"fr-CH";"3";"v1:d69b55804c14335744a0a12a0aa976d1ec91e2438349a6a77f6bb61bec9ba1ac";"bc80d94f847204c30d42716205c307a9c68bc574f5eedb95f5a37566e5d96501"
"Helsana-Angebote & Versicherung";"Angebote: Bewegung";"Helsana-Angebote";"Begründung / Einordnung";"Helsana-Angebot · sichtbare Einordnung der Angebots-Passung";"Niederschwellige Impulse, um mehr Bewegung in den Alltag zu bringen.";"Des idées faciles d’accès pour bouger davantage au quotidien.";"";"";"Marketing";"Prüfung erforderlich";"";"";"";"service.offer.bewegung.fit";"services";"fr-CH";"3";"v1:d69b55804c14335744a0a12a0aa976d1ec91e2438349a6a77f6bb61bec9ba1ac";"b8ccb41ce3f91ae0ee1f72810be0639effe2a0c8db331b4b06e854e1328b6685"
"Helsana-Angebote & Versicherung";"Angebote: Bewegung";"Helsana-Angebote";"Beschriftung";"Helsana-Angebot · sichtbarer Platzhalter solange keine echte URL hinterlegt ist";"[Helsana Wissensinhalt zu Bewegung verlinken – z. B. warum der Einstieg den grössten Gewinn bringt, Konzept kurzer intensiver Alltags-Einheiten (VILPA: Treppe/steilen Weg 1–2 Min.), Fitness als starker Prädiktor für Lebenserwartung]";"[Ajouter un lien vers un contenu Helsana sur l’activité physique – p. ex. les raisons pour lesquelles commencer apporte le plus grand bénéfice, le concept de courtes activités quotidiennes intenses (VILPA : monter les escaliers ou une pente pendant 1–2 min) et la condition physique comme indicateur important de l’espérance de vie]";"";"";"Marketing";"Prüfung erforderlich";"";"";"";"service.offer.wissen_bewegung.placeholder";"services";"fr-CH";"3";"v1:d69b55804c14335744a0a12a0aa976d1ec91e2438349a6a77f6bb61bec9ba1ac";"8ba5f3c4b1bfd6cc13a18821eb0b9b051138c9a658a14e7dc906a40b2fb7a5ab"
"Helsana-Angebote & Versicherung";"Angebote: Bewegung";"Helsana-Angebote";"Beschriftung";"Helsana-Angebot · sichtbares Linklabel; leere fit-Felder werden nicht katalogisiert, weil sie keinen sichtbaren Text erzeugen";"Verständlich erklärt: Warum schon kurze, intensive Bewegung so viel bewirkt";"Explications claires : pourquoi une activité physique courte et intense est déjà très bénéfique";"";"";"Marketing";"Prüfung erforderlich";"";"";"";"service.offer.wissen_bewegung.label";"services";"fr-CH";"3";"v1:d69b55804c14335744a0a12a0aa976d1ec91e2438349a6a77f6bb61bec9ba1ac";"3f560bfb8c8b833b4582e96e15f72d0716b6f46a8cfb13d752a5d6355bca16fb"
"Helsana-Angebote & Versicherung";"Angebote: Bewegung";"Helsana-Angebote";"Begründung / Einordnung";"Helsana-Angebot · sichtbare Einordnung der Angebots-Passung";"Warum der Einstieg am meisten bringt und kurze intensive Einheiten besonders wirksam sind.";"Pourquoi commencer apporte le plus grand bénéfice et pourquoi de courtes activités intenses sont particulièrement efficaces.";"";"";"Marketing";"Prüfung erforderlich";"";"";"";"service.offer.wissen_bewegung.fit";"services";"fr-CH";"3";"v1:d69b55804c14335744a0a12a0aa976d1ec91e2438349a6a77f6bb61bec9ba1ac";"18f055c5ad3c338caf25b8b76904ffa3c3b226817d802c29311d6412ec5c411f"
"Helsana-Angebote & Versicherung";"Angebote: Ernährung & Stoffwechsel";"Helsana-Angebote";"Beschriftung";"Helsana-Angebot · sichtbarer Platzhalter solange keine echte URL hinterlegt ist";"[Helsana Ernährungsberatung verlinken]";"[Ajouter un lien vers les conseils nutritionnels Helsana]";"";"";"Marketing";"Prüfung erforderlich";"";"";"";"service.offer.ernaehrung.placeholder";"services";"fr-CH";"3";"v1:d69b55804c14335744a0a12a0aa976d1ec91e2438349a6a77f6bb61bec9ba1ac";"9dec828f8efb003f6021795b83f62fee6316eb9d3f4f5aac3563e1f5024bae6f"
"Helsana-Angebote & Versicherung";"Angebote: Ernährung & Stoffwechsel";"Helsana-Angebote";"Beschriftung";"Helsana-Angebot · sichtbares Linklabel; leere fit-Felder werden nicht katalogisiert, weil sie keinen sichtbaren Text erzeugen";"Ernährungsberatung & Ratgeber Ernährung";"Conseils et guides sur l’alimentation";"";"";"Marketing";"Prüfung erforderlich";"";"";"";"service.offer.ernaehrung.label";"services";"fr-CH";"3";"v1:d69b55804c14335744a0a12a0aa976d1ec91e2438349a6a77f6bb61bec9ba1ac";"1bd331fb385845ca286e1fe4e75eb75419a07a7973d3021fefa7b73b523104af"
"Helsana-Angebote & Versicherung";"Angebote: Ernährung & Stoffwechsel";"Helsana-Angebote";"Begründung / Einordnung";"Helsana-Angebot · sichtbare Einordnung der Angebots-Passung";"Persönliche Begleitung für eine alltagstaugliche, gesunde Ernährung.";"Un accompagnement personnalisé pour une alimentation saine et adaptée au quotidien.";"";"";"Marketing";"Prüfung erforderlich";"";"";"";"service.offer.ernaehrung.fit";"services";"fr-CH";"3";"v1:d69b55804c14335744a0a12a0aa976d1ec91e2438349a6a77f6bb61bec9ba1ac";"0c89a08dacffd6f3ff677e3900be9ae169daedb4ce02d73aac74629958c4a127"
"Helsana-Angebote & Versicherung";"Angebote: Ernährung & Stoffwechsel";"Helsana-Angebote";"Beschriftung";"Helsana-Angebot · sichtbarer Platzhalter solange keine echte URL hinterlegt ist";"[Helsana Angebot metabolische Gesundheit verlinken]";"[Ajouter un lien vers une offre Helsana sur la santé métabolique]";"";"";"Marketing";"Prüfung erforderlich";"";"";"";"service.offer.metabolisch.placeholder";"services";"fr-CH";"3";"v1:d69b55804c14335744a0a12a0aa976d1ec91e2438349a6a77f6bb61bec9ba1ac";"ce23cd82401261ffcc7c757a1b7e646598ce3f8ad1144c42adf5f6f5d74b0f25"
"Helsana-Angebote & Versicherung";"Angebote: Ernährung & Stoffwechsel";"Helsana-Angebote";"Beschriftung";"Helsana-Angebot · sichtbares Linklabel; leere fit-Felder werden nicht katalogisiert, weil sie keinen sichtbaren Text erzeugen";"Inhalte zu Stoffwechsel & gesundem Gewicht";"Contenus sur le métabolisme et le poids santé";"";"";"Marketing";"Prüfung erforderlich";"";"";"";"service.offer.metabolisch.label";"services";"fr-CH";"3";"v1:d69b55804c14335744a0a12a0aa976d1ec91e2438349a6a77f6bb61bec9ba1ac";"d61290d00cb8e355d1ed2cf7ecc8972daa0f7e774202980009557696c65af694"
"Helsana-Angebote & Versicherung";"Angebote: Ernährung & Stoffwechsel";"Helsana-Angebote";"Begründung / Einordnung";"Helsana-Angebot · sichtbare Einordnung der Angebots-Passung";"Unterstützt Sie rund um Blutzucker, Gewicht und Energie.";"Vous accompagne sur les thèmes de la glycémie, du poids et de l’énergie.";"";"";"Marketing";"Prüfung erforderlich";"";"";"";"service.offer.metabolisch.fit";"services";"fr-CH";"3";"v1:d69b55804c14335744a0a12a0aa976d1ec91e2438349a6a77f6bb61bec9ba1ac";"b4ec3bee6e2a8dd985434f08c1003b8856a6784cca28803a13b611b184f25fda"
"Helsana-Angebote & Versicherung";"Angebote: Krafttraining";"Helsana-Angebote";"Beschriftung";"Helsana-Angebot · sichtbarer Platzhalter solange keine echte URL hinterlegt ist";"[Helsana Krafttraining-/Trainingsangebot verlinken]";"[Ajouter un lien vers une offre Helsana de musculation ou d’entraînement]";"";"";"Marketing";"Prüfung erforderlich";"";"";"";"service.offer.kraft.placeholder";"services";"fr-CH";"3";"v1:d69b55804c14335744a0a12a0aa976d1ec91e2438349a6a77f6bb61bec9ba1ac";"f29e04c21cf39d13dbb1d71a6433cc73cd604430c98769aec4c2c79e6ec37e37"
"Helsana-Angebote & Versicherung";"Angebote: Krafttraining";"Helsana-Angebote";"Beschriftung";"Helsana-Angebot · sichtbares Linklabel; leere fit-Felder werden nicht katalogisiert, weil sie keinen sichtbaren Text erzeugen";"Krafttraining-Einstieg & Trainingspläne";"Débuter la musculation et plans d’entraînement";"";"";"Marketing";"Prüfung erforderlich";"";"";"";"service.offer.kraft.label";"services";"fr-CH";"3";"v1:d69b55804c14335744a0a12a0aa976d1ec91e2438349a6a77f6bb61bec9ba1ac";"11f7c2c39935653a8f995c8e4d8f82f3d154e7863532fb414ab571ea3ff870e3"
"Helsana-Angebote & Versicherung";"Angebote: Krafttraining";"Helsana-Angebote";"Begründung / Einordnung";"Helsana-Angebot · sichtbare Einordnung der Angebots-Passung";"Hilft Ihnen, gezielt und sicher mit Krafttraining zu starten.";"Vous aide à commencer la musculation de manière ciblée et sûre.";"";"";"Marketing";"Prüfung erforderlich";"";"";"";"service.offer.kraft.fit";"services";"fr-CH";"3";"v1:d69b55804c14335744a0a12a0aa976d1ec91e2438349a6a77f6bb61bec9ba1ac";"1c6b8ce45a6aa016756cbb1330d505228409a47ee4eb7758645361e31508fa6d"
"Helsana-Angebote & Versicherung";"Angebote: Mentales Wohlbefinden";"Helsana-Angebote";"Beschriftung";"Helsana-Angebot · sichtbarer Platzhalter solange keine echte URL hinterlegt ist";"[Helsana Angebot psychische Gesundheit / Beratung verlinken]";"[Ajouter un lien vers une offre Helsana de santé psychique ou de conseil]";"";"";"Marketing";"Prüfung erforderlich";"";"";"";"service.offer.mentale_hilfe.placeholder";"services";"fr-CH";"3";"v1:d69b55804c14335744a0a12a0aa976d1ec91e2438349a6a77f6bb61bec9ba1ac";"908a842f6a20de2852e0d9bff3401cead1f90ace97793e5875d52ea426057b64"
"Helsana-Angebote & Versicherung";"Angebote: Mentales Wohlbefinden";"Helsana-Angebote";"Beschriftung";"Helsana-Angebot · sichtbares Linklabel; leere fit-Felder werden nicht katalogisiert, weil sie keinen sichtbaren Text erzeugen";"Unterstützungsangebote bei psychischer Belastung";"Offres de soutien en cas de difficultés psychiques";"";"";"Marketing";"Prüfung erforderlich";"";"";"";"service.offer.mentale_hilfe.label";"services";"fr-CH";"3";"v1:d69b55804c14335744a0a12a0aa976d1ec91e2438349a6a77f6bb61bec9ba1ac";"fe2d160816c6d0030a79d7e67155b079c0200e26737ea2cc8ddbf8291295c92b"
"Helsana-Angebote & Versicherung";"Angebote: Mentales Wohlbefinden";"Helsana-Angebote";"Begründung / Einordnung";"Helsana-Angebot · sichtbare Einordnung der Angebots-Passung";"Vertrauliche Hilfe, wenn die Belastung gross wird.";"Une aide confidentielle lorsque la charge devient importante.";"";"";"Marketing";"Prüfung erforderlich";"";"";"";"service.offer.mentale_hilfe.fit";"services";"fr-CH";"3";"v1:d69b55804c14335744a0a12a0aa976d1ec91e2438349a6a77f6bb61bec9ba1ac";"0e099193e6bb97d9740243e09f5d9341c311332d3a4beeb7dfb487badf184619"
"Helsana-Angebote & Versicherung";"Angebote: Mentales Wohlbefinden";"Helsana-Angebote";"Beschriftung";"Helsana-Angebot · sichtbarer Platzhalter solange keine echte URL hinterlegt ist";"[Helsana Stressmanagement-Angebot verlinken]";"[Ajouter un lien vers une offre Helsana de gestion du stress]";"";"";"Marketing";"Prüfung erforderlich";"";"";"";"service.offer.stress.placeholder";"services";"fr-CH";"3";"v1:d69b55804c14335744a0a12a0aa976d1ec91e2438349a6a77f6bb61bec9ba1ac";"3047e28ea43735af1841b4361fd1cb105f5d6a2a299321e43a585f46a9819902"
"Helsana-Angebote & Versicherung";"Angebote: Mentales Wohlbefinden";"Helsana-Angebote";"Beschriftung";"Helsana-Angebot · sichtbares Linklabel; leere fit-Felder werden nicht katalogisiert, weil sie keinen sichtbaren Text erzeugen";"Stressmanagement & mentale Gesundheit";"Gestion du stress et santé mentale";"";"";"Marketing";"Prüfung erforderlich";"";"";"";"service.offer.stress.label";"services";"fr-CH";"3";"v1:d69b55804c14335744a0a12a0aa976d1ec91e2438349a6a77f6bb61bec9ba1ac";"1d75be39c4416ca8d332520514c5b1c1f2198e697e21cde1d770eadea5172841"
"Helsana-Angebote & Versicherung";"Angebote: Mentales Wohlbefinden";"Helsana-Angebote";"Begründung / Einordnung";"Helsana-Angebot · sichtbare Einordnung der Angebots-Passung";"Begleitung und Übungen, um Belastung zu reduzieren und aufzutanken.";"Un accompagnement et des exercices pour réduire la charge et refaire le plein d’énergie.";"";"";"Marketing";"Prüfung erforderlich";"";"";"";"service.offer.stress.fit";"services";"fr-CH";"3";"v1:d69b55804c14335744a0a12a0aa976d1ec91e2438349a6a77f6bb61bec9ba1ac";"d6570f1aa14646f2ee159763fa9ae3330d3e8291fb4824fbdb5b12ac3a516870"
"Helsana-Angebote & Versicherung";"Angebote: Rauchstopp";"Helsana-Angebote";"Beschriftung";"Helsana-Angebot · sichtbarer Platzhalter solange keine echte URL hinterlegt ist";"[Helsana Rauchstopp-Angebot verlinken]";"[Ajouter un lien vers une offre Helsana d’aide à l’arrêt du tabac]";"";"";"Marketing";"Prüfung erforderlich";"";"";"";"service.offer.rauchstopp.placeholder";"services";"fr-CH";"3";"v1:d69b55804c14335744a0a12a0aa976d1ec91e2438349a6a77f6bb61bec9ba1ac";"87a174bb910ec2d585767c84c1b8f5a418b4ddc747d78ed877d7ccea77e275f8"
"Helsana-Angebote & Versicherung";"Angebote: Rauchstopp";"Helsana-Angebote";"Beschriftung";"Helsana-Angebot · sichtbares Linklabel; leere fit-Felder werden nicht katalogisiert, weil sie keinen sichtbaren Text erzeugen";"Rauchstopp-Angebote & Beratung";"Offres et conseils pour arrêter de fumer";"";"";"Marketing";"Prüfung erforderlich";"";"";"";"service.offer.rauchstopp.label";"services";"fr-CH";"3";"v1:d69b55804c14335744a0a12a0aa976d1ec91e2438349a6a77f6bb61bec9ba1ac";"cd81936974e54ee11f6ad277fbb4c262583dbdd6de3b3f03ceff9f15a5a52fa2"
"Helsana-Angebote & Versicherung";"Angebote: Rauchstopp";"Helsana-Angebote";"Begründung / Einordnung";"Helsana-Angebot · sichtbare Einordnung der Angebots-Passung";"Begleitung und Methoden für einen erfolgreichen Rauchstopp.";"Un accompagnement et des méthodes pour réussir à arrêter de fumer.";"";"";"Marketing";"Prüfung erforderlich";"";"";"";"service.offer.rauchstopp.fit";"services";"fr-CH";"3";"v1:d69b55804c14335744a0a12a0aa976d1ec91e2438349a6a77f6bb61bec9ba1ac";"4d716f01cf1ca007ddf92b70ba7032d75559c0289351deacc216271003c21f1a"
"Helsana-Angebote & Versicherung";"Angebote: Rauchstopp";"Helsana-Angebote";"Beschriftung";"Helsana-Angebot · sichtbarer Platzhalter solange keine echte URL hinterlegt ist";"[Helsana Wissensinhalt zum Rauchstopp verlinken – z. B. Erholungs-Zeitleiste (20 Min. bis 15 Jahre), Umgang mit Entzug und Rückfällen, warum Begleitung + Nikotinersatz die Erfolgschance vervielfacht]";"[Ajouter un lien vers un contenu Helsana sur l’arrêt du tabac – p. ex. une chronologie de la récupération (de 20 min à 15 ans), la gestion du sevrage et des rechutes, et les raisons pour lesquelles l’accompagnement et les substituts nicotiniques multiplient les chances de réussite]";"";"";"Marketing";"Prüfung erforderlich";"";"";"";"service.offer.wissen_rauchstopp.placeholder";"services";"fr-CH";"3";"v1:d69b55804c14335744a0a12a0aa976d1ec91e2438349a6a77f6bb61bec9ba1ac";"5c7c414d9be626b060c59871c8ab0dc4c3f96426b651242adf7fcd7327438d9d"
"Helsana-Angebote & Versicherung";"Angebote: Rauchstopp";"Helsana-Angebote";"Beschriftung";"Helsana-Angebot · sichtbares Linklabel; leere fit-Felder werden nicht katalogisiert, weil sie keinen sichtbaren Text erzeugen";"Verständlich erklärt: Was im Körper nach dem Rauchstopp passiert";"Explications claires : ce qui se passe dans le corps après l’arrêt du tabac";"";"";"Marketing";"Prüfung erforderlich";"";"";"";"service.offer.wissen_rauchstopp.label";"services";"fr-CH";"3";"v1:d69b55804c14335744a0a12a0aa976d1ec91e2438349a6a77f6bb61bec9ba1ac";"243c8725b86ddc80f4695208c25cfe46baf3d0ed48c46336fcc4d2b22c226fec"
"Helsana-Angebote & Versicherung";"Angebote: Rauchstopp";"Helsana-Angebote";"Begründung / Einordnung";"Helsana-Angebot · sichtbare Einordnung der Angebots-Passung";"Die Erholungs-Zeitleiste und warum professionelle Begleitung den Unterschied macht.";"La chronologie de la récupération et les raisons pour lesquelles un accompagnement professionnel fait la différence.";"";"";"Marketing";"Prüfung erforderlich";"";"";"";"service.offer.wissen_rauchstopp.fit";"services";"fr-CH";"3";"v1:d69b55804c14335744a0a12a0aa976d1ec91e2438349a6a77f6bb61bec9ba1ac";"73175ef559f1c26f25d97548a9580a2a8faadc08666ff6c8d63639899609c108"
"Helsana-Angebote & Versicherung";"Angebote: Schlaf";"Helsana-Angebote";"Beschriftung";"Helsana-Angebot · sichtbarer Platzhalter solange keine echte URL hinterlegt ist";"[Helsana Schlafratgeber verlinken]";"[Ajouter un lien vers le guide du sommeil Helsana]";"";"";"Marketing";"Prüfung erforderlich";"";"";"";"service.offer.schlaf.placeholder";"services";"fr-CH";"3";"v1:d69b55804c14335744a0a12a0aa976d1ec91e2438349a6a77f6bb61bec9ba1ac";"3009a5d6c0c049bdb1a11fd031a4b51f0490e07323fd12315c0f3f4c992dfc87"
"Helsana-Angebote & Versicherung";"Angebote: Schlaf";"Helsana-Angebote";"Beschriftung";"Helsana-Angebot · sichtbares Linklabel; leere fit-Felder werden nicht katalogisiert, weil sie keinen sichtbaren Text erzeugen";"Schlafratgeber & Regeneration";"Guide du sommeil et récupération";"";"";"Marketing";"Prüfung erforderlich";"";"";"";"service.offer.schlaf.label";"services";"fr-CH";"3";"v1:d69b55804c14335744a0a12a0aa976d1ec91e2438349a6a77f6bb61bec9ba1ac";"cde5801cd0452f29335a536b39507f3ef5c1830c7b3fdbb3fdf0a8493429889b"
"Helsana-Angebote & Versicherung";"Angebote: Schlaf";"Helsana-Angebote";"Begründung / Einordnung";"Helsana-Angebot · sichtbare Einordnung der Angebots-Passung";"Praktische Tipps für besseren, erholsameren Schlaf.";"Des conseils pratiques pour un sommeil meilleur et plus réparateur.";"";"";"Marketing";"Prüfung erforderlich";"";"";"";"service.offer.schlaf.fit";"services";"fr-CH";"3";"v1:d69b55804c14335744a0a12a0aa976d1ec91e2438349a6a77f6bb61bec9ba1ac";"dffdd1394f37f2f4c3d7ffdce997061e73001afed73373d615433990df515580"
"Helsana-Angebote & Versicherung";"Angebote: Vorsorge";"Helsana-Angebote";"Beschriftung";"Helsana-Angebot · sichtbarer Platzhalter solange keine echte URL hinterlegt ist";"[Helsana Blutdruck-/Herzgesundheit-Angebot verlinken]";"[Ajouter un lien vers une offre Helsana sur la tension artérielle ou la santé cardiaque]";"";"";"Marketing";"Prüfung erforderlich";"";"";"";"service.offer.blutdruck.placeholder";"services";"fr-CH";"3";"v1:d69b55804c14335744a0a12a0aa976d1ec91e2438349a6a77f6bb61bec9ba1ac";"2c8e9f2a004ada51b1eb322acdb433b0d9231d2871c9c7c43d5e91d4b556abb1"
"Helsana-Angebote & Versicherung";"Angebote: Vorsorge";"Helsana-Angebote";"Beschriftung";"Helsana-Angebot · sichtbares Linklabel; leere fit-Felder werden nicht katalogisiert, weil sie keinen sichtbaren Text erzeugen";"Inhalte zu Blutdruck & Herzgesundheit";"Contenus sur la tension artérielle et la santé cardiaque";"";"";"Marketing";"Prüfung erforderlich";"";"";"";"service.offer.blutdruck.label";"services";"fr-CH";"3";"v1:d69b55804c14335744a0a12a0aa976d1ec91e2438349a6a77f6bb61bec9ba1ac";"407f6e480cab8f7859b482e8fd62898e40764f109a29c8901867de22dd729ab1"
"Helsana-Angebote & Versicherung";"Angebote: Vorsorge";"Helsana-Angebote";"Begründung / Einordnung";"Helsana-Angebot · sichtbare Einordnung der Angebots-Passung";"Wissen und Impulse rund um Blutdruck und Herz-Kreislauf.";"Des connaissances et des pistes d’action concernant la tension artérielle et le système cardiovasculaire.";"";"";"Marketing";"Prüfung erforderlich";"";"";"";"service.offer.blutdruck.fit";"services";"fr-CH";"3";"v1:d69b55804c14335744a0a12a0aa976d1ec91e2438349a6a77f6bb61bec9ba1ac";"086faa25e8ddf284bab19bb46d8266418f901610aa2347f251410f39bab91de0"
"Helsana-Angebote & Versicherung";"Angebote: Vorsorge";"Helsana-Angebote";"Beschriftung";"Helsana-Angebot · sichtbarer Platzhalter solange keine echte URL hinterlegt ist";"[Helsana Vorsorgeangebot verlinken]";"[Ajouter un lien vers une offre de prévention Helsana]";"";"";"Marketing";"Prüfung erforderlich";"";"";"";"service.offer.vorsorge.placeholder";"services";"fr-CH";"3";"v1:d69b55804c14335744a0a12a0aa976d1ec91e2438349a6a77f6bb61bec9ba1ac";"f8b30829b3eb4e81ba46131214ab8ed95120e855dfed412b25654f69b49ed8aa"
"Helsana-Angebote & Versicherung";"Angebote: Vorsorge";"Helsana-Angebote";"Beschriftung";"Helsana-Angebot · sichtbares Linklabel; leere fit-Felder werden nicht katalogisiert, weil sie keinen sichtbaren Text erzeugen";"Vorsorge- & Check-up-Informationen";"Informations sur la prévention et les check-up";"";"";"Marketing";"Prüfung erforderlich";"";"";"";"service.offer.vorsorge.label";"services";"fr-CH";"3";"v1:d69b55804c14335744a0a12a0aa976d1ec91e2438349a6a77f6bb61bec9ba1ac";"cf2ed56a58ed7dcc08e6fac1b08d1dd9526d53caaf8870a2965ef73976830ed8"
"Helsana-Angebote & Versicherung";"Angebote: Vorsorge";"Helsana-Angebote";"Begründung / Einordnung";"Helsana-Angebot · sichtbare Einordnung der Angebots-Passung";"Orientierung zu sinnvollen Vorsorge- und Kontrolluntersuchungen.";"Des repères sur les examens de prévention et de contrôle pertinents.";"";"";"Marketing";"Prüfung erforderlich";"";"";"";"service.offer.vorsorge.fit";"services";"fr-CH";"3";"v1:d69b55804c14335744a0a12a0aa976d1ec91e2438349a6a77f6bb61bec9ba1ac";"8bd1f99db6369d264433573c2fa061a0438dfdc0c93e784c3fac3c30e797c65d"
"Helsana-Angebote & Versicherung";"Angebote: Vorsorge";"Helsana-Angebote";"Beschriftung";"Helsana-Angebot · sichtbarer Platzhalter solange keine echte URL hinterlegt ist";"[Helsana Wissensinhalt zu kardiovaskulären Markern & Prävention verlinken – z. B. erklärender Artikel/Video dazu, wie LDL-C, ApoB und Lp(a) unterschiedliche Aspekte des Herz-Kreislauf-Risikos abbilden und wann zusätzliche Messungen sinnvoll sind]";"[Ajouter un lien vers un contenu Helsana sur les marqueurs cardiovasculaires et la prévention – p. ex. un article ou une vidéo expliquant comment le LDL-C, l’ApoB et la Lp(a) reflètent différents aspects du risque cardiovasculaire et quand des mesures supplémentaires sont utiles]";"";"";"Marketing";"Prüfung erforderlich";"LDL-C ergänzt und ApoB/Lp(a) nicht als pauschal aussagekräftigste Marker bezeichnet; durch Marketing freigeben.";"";"";"service.offer.wissen_kardio.placeholder";"services";"fr-CH";"3";"v1:d69b55804c14335744a0a12a0aa976d1ec91e2438349a6a77f6bb61bec9ba1ac";"224f3d2ce1b62c07d81837584d3def4c983f87358bc375b1d29b89b7f1784b2e"
"Helsana-Angebote & Versicherung";"Angebote: Vorsorge";"Helsana-Angebote";"Beschriftung";"Helsana-Angebot · sichtbares Linklabel; leere fit-Felder werden nicht katalogisiert, weil sie keinen sichtbaren Text erzeugen";"Verständlich erklärt: ApoB, Lp(a) & moderne Herz-Kreislauf-Vorsorge";"Explications claires : ApoB, Lp(a) et prévention cardiovasculaire moderne";"";"";"Marketing";"Prüfung erforderlich";"";"";"";"service.offer.wissen_kardio.label";"services";"fr-CH";"3";"v1:d69b55804c14335744a0a12a0aa976d1ec91e2438349a6a77f6bb61bec9ba1ac";"cdc595258754f95fec8647672d4ed7a7ad63fa13023d4d107e7bec056c8b7ee7"
"Helsana-Angebote & Versicherung";"Angebote: Vorsorge";"Helsana-Angebote";"Begründung / Einordnung";"Helsana-Angebot · sichtbare Einordnung der Angebots-Passung";"Einfach erklärt, warum diese Werte zählen und warum frühes Handeln so wirksam ist.";"Des explications simples sur l’importance de ces valeurs et l’efficacité d’une action précoce.";"";"";"Marketing";"Prüfung erforderlich";"";"";"";"service.offer.wissen_kardio.fit";"services";"fr-CH";"3";"v1:d69b55804c14335744a0a12a0aa976d1ec91e2438349a6a77f6bb61bec9ba1ac";"ef0502c2f31565b41aff6a4307f1e08ec9070f7e6f2eaaa059787478379b70f9"
"Helsana-Angebote & Versicherung";"Datenschutz & Einwilligung";"Coach-Antworten";"Begründung / Einordnung";"Demo-Coach-Antwort zur Helsana Coach App";"Die Helsana Coach App begleitet Sie täglich beim Dranbleiben – mit Plänen, Erinnerungen und Übungen. Mit Ihrer Zustimmung könnten Sie Ihr Profil (Score, Fokus-Bereiche, nächste Schritte) direkt übernehmen. Den Absprung finden Sie weiter unten auf dieser Seite.";"L’application Helsana Coach vous aide au quotidien à garder le cap grâce à des programmes, des rappels et des exercices. Avec votre accord, votre profil (score, domaines prioritaires et prochaines étapes) pourrait être repris directement. Le lien vers l’application se trouve plus bas sur cette page.";"";"";"Marketing, Recht";"Prüfung erforderlich";"Aussage zu Einwilligung und möglicher Profilübernahme vor Go-live durch Legal/Datenschutz freigeben.";"";"";"coach.answer.coach_app";"coach";"fr-CH";"3";"v1:d69b55804c14335744a0a12a0aa976d1ec91e2438349a6a77f6bb61bec9ba1ac";"76b071b19f8353915a83ac78e9715caaaeffdcab38ec44e8fdabe625f56b8973"
"Helsana-Angebote & Versicherung";"Datenschutz & Einwilligung";"Coach-Übergabe";"Überschrift";"Coach-App-Karte, Überschrift der übergebenen Daten";"Das würde übergeben – nur mit Ihrer Zustimmung:";"Voici les informations qui seraient transmises, uniquement avec votre consentement :";"";"";"Marketing, Recht";"Prüfung erforderlich";"Einwilligungsformulierung vor Umsetzung und Go-live durch Legal/Datenschutz freigeben.";"";"";"ui.coach_handoff.consent_title";"ui";"fr-CH";"3";"v1:d69b55804c14335744a0a12a0aa976d1ec91e2438349a6a77f6bb61bec9ba1ac";"dde83900df39c2e714164a4723cf4de021c349370634caaa8af5ec8d16dce389"
"Helsana-Angebote & Versicherung";"Datenschutz & Einwilligung";"Coach-Übergabe";"Begründung / Einordnung";"Technischer Datenschutz-Hinweis zur Übergabe";"Konzept: Die Übergabe erfolgt über einen kurzlebigen, einmaligen Token – Ihre Antworten liegen nicht offen im Link.";"Concept : la transmission s’effectue au moyen d’un jeton unique de courte durée ; vos réponses n’apparaissent pas en clair dans le lien.";"";"";"Marketing, Recht";"Prüfung erforderlich";"Technische Datenschutzbehauptung erst nach bestätigter Zielarchitektur durch Legal/Datenschutz freigeben.";"";"";"ui.coach_handoff.note";"ui";"fr-CH";"3";"v1:d69b55804c14335744a0a12a0aa976d1ec91e2438349a6a77f6bb61bec9ba1ac";"7fdec540da2350fa9062a41da4d9ddf24f026299814da326cdd0674db9d9b5c3"
"Helsana-Angebote & Versicherung";"Datenschutz & Einwilligung";"Gesundheitsberatung";"Begründung / Einordnung";"Kontaktkarte, Öffnungszeiten und Einwilligungshinweis";"Montag bis Freitag, 8.00 Uhr bis 18.00 Uhr (Lokaltarif). Mit Ihrem Anruf erklären Sie sich mit den Nutzungsbestimmungen und der Datenschutzerklärung der Helsana-Gesundheitsberatung einverstanden.";"Du lundi au vendredi, de 8 h à 18 h (tarif local). En nous appelant, vous acceptez les conditions d’utilisation et la déclaration de protection des données des conseils de santé Helsana.";"";"";"Marketing, Recht";"Prüfung erforderlich";"Öffnungszeiten, Tarif- und Einwilligungshinweis vor Go-live durch Legal und den Service-Fachbereich freigeben.";"";"";"ui.contact.availability_legal";"ui";"fr-CH";"3";"v1:d69b55804c14335744a0a12a0aa976d1ec91e2438349a6a77f6bb61bec9ba1ac";"908309035594984e1f8e0068287c1ac07b6baa51f3ba079ad7e3898ef303c08a"
"Helsana-Angebote & Versicherung";"Datenschutz & Einwilligung";"Angebote & Kundenkontext";"Beschriftung";"Ergebnisseite, Ersatzname im Kundenkontext-Chip ohne Anzeigenamen";"Angemeldet";"Connecté";"";"";"Marketing";"Prüfung erforderlich";"";"";"";"ui.customer_context.fallback_name";"ui";"fr-CH";"3";"v1:d69b55804c14335744a0a12a0aa976d1ec91e2438349a6a77f6bb61bec9ba1ac";"678e1e7702d31e4a02cb400d4d432d7030f6db366f2cb2350a177e0f438e5327"
"Helsana-Angebote & Versicherung";"Datenschutz & Einwilligung";"Angebote & Kundenkontext";"Dynamischer Text";"Ergebnisseite, Kundenkontext-Chip für angemeldete Personen";"<b>{{displayName}}</b> – passende Angebote werden mit Blick auf Ihre Versicherungsprodukte eingeordnet.";"<b>{{displayName}}</b> – les offres adaptées sont évaluées en tenant compte de vos produits d’assurance.";"";"";"Marketing, Recht";"Prüfung erforderlich";"Versicherungsbezogene Einordnung und Sichtbarkeit des Login-Chips vor Go-live durch Legal und den zuständigen Fachbereich freigeben.";"{{displayName}}";"";"ui.customer_context.chip";"ui";"fr-CH";"3";"v1:d69b55804c14335744a0a12a0aa976d1ec91e2438349a6a77f6bb61bec9ba1ac";"9417158c339bd59088c5fa6ee75348c6b2806b4c68310f435c4bcc64ac5b94f8"
"Helsana-Angebote & Versicherung";"Datenschutz & Einwilligung";"Ergebnislink-Dialog";"Rechtlicher Hinweis";"Datenschutzhinweis bei bewusst aktivierter Ergebnis-Link-Funktion";"Dieser Link enthält Ihre Antworten codiert, aber nicht verschlüsselt. Teilen Sie ihn nur mit Personen, denen Sie diese Gesundheitsangaben anvertrauen.";"Ce lien contient vos réponses sous forme codée, mais non chiffrée. Ne le partagez qu’avec des personnes auxquelles vous souhaitez confier ces données de santé.";"";"";"Marketing, Recht";"Prüfung erforderlich";"Vor Aktivierung der Ergebnis-Link-Funktion durch Datenschutz/Legal freigeben.";"";"";"ui.share_modal.privacy_warning";"ui";"fr-CH";"3";"v1:d69b55804c14335744a0a12a0aa976d1ec91e2438349a6a77f6bb61bec9ba1ac";"8c1094d14a4442325d62a25831dac20b9c25f6928567f5320ca90269775f3cf6"
"Helsana-Angebote & Versicherung";"Leistungs- und Deckungshinweise";"Versicherungs-Hinweise";"Begründung / Einordnung";"COVERAGE_HINTS.bewegung, unverbindlicher Hinweis für passende Produktkategorien";"Präventionsangebote wie dieses können je nach Zusatzversicherung unterstützt werden.";"Selon votre assurance complémentaire, des offres de prévention comme celle-ci peuvent être prises en charge.";"";"";"Marketing, Recht";"Prüfung erforderlich";"Deckungsnahe Formulierung vor Go-live durch Legal und den zuständigen Fachbereich freigeben.";"";"";"service.coverage.bewegung.hint";"services";"fr-CH";"3";"v1:d69b55804c14335744a0a12a0aa976d1ec91e2438349a6a77f6bb61bec9ba1ac";"6da939b5ed23f95ad4df2958c4add6ef4ec318af3a758c7f1addb143de1dc389"
"Helsana-Angebote & Versicherung";"Leistungs- und Deckungshinweise";"Versicherungs-Hinweise";"Begründung / Einordnung";"COVERAGE_HINTS.ernaehrung, unverbindlicher Hinweis für passende Produktkategorien";"Mit Ihrer Zusatzversicherung potenziell relevant – ob und in welchem Umfang Kosten unterstützt werden, hängt von Ihrem konkreten Produkt ab.";"Potentiellement pertinent avec votre assurance complémentaire : la prise en charge et son étendue dépendent de votre produit concret.";"";"";"Marketing, Recht";"Prüfung erforderlich";"Deckungsnahe Formulierung vor Go-live durch Legal und den zuständigen Fachbereich freigeben.";"";"";"service.coverage.ernaehrung.hint";"services";"fr-CH";"3";"v1:d69b55804c14335744a0a12a0aa976d1ec91e2438349a6a77f6bb61bec9ba1ac";"9aa0990ca72a0adae061c95e7591827f48365f78f8db7dee8e0dfc33af889fed"
"Helsana-Angebote & Versicherung";"Leistungs- und Deckungshinweise";"Versicherungs-Hinweise";"Begründung / Einordnung";"COVERAGE_HINTS.kraft, unverbindlicher Hinweis für passende Produktkategorien";"Trainings- und Präventionsangebote können je nach Zusatzversicherung unterstützt werden.";"Selon votre assurance complémentaire, des offres d’entraînement et de prévention peuvent être prises en charge.";"";"";"Marketing, Recht";"Prüfung erforderlich";"Deckungsnahe Formulierung vor Go-live durch Legal und den zuständigen Fachbereich freigeben.";"";"";"service.coverage.kraft.hint";"services";"fr-CH";"3";"v1:d69b55804c14335744a0a12a0aa976d1ec91e2438349a6a77f6bb61bec9ba1ac";"1e2dba834370d8efcd2f10f59e35747ed4c835b303c7687b5f840259bd870d08"
"Helsana-Angebote & Versicherung";"Leistungs- und Deckungshinweise";"Versicherungs-Hinweise";"Begründung / Einordnung";"COVERAGE_HINTS.mentaleHilfe, unverbindlicher Hinweis für passende Produktkategorien";"Mit Ihrer Zusatzversicherung potenziell relevant – ob und in welchem Umfang Kosten unterstützt werden, hängt von Ihrem konkreten Produkt ab.";"Potentiellement pertinent avec votre assurance complémentaire : la prise en charge et son étendue dépendent de votre produit concret.";"";"";"Marketing, Recht";"Prüfung erforderlich";"Deckungsnahe Formulierung vor Go-live durch Legal und den zuständigen Fachbereich freigeben.";"";"";"service.coverage.mentale_hilfe.hint";"services";"fr-CH";"3";"v1:d69b55804c14335744a0a12a0aa976d1ec91e2438349a6a77f6bb61bec9ba1ac";"14fc758f850dd06a3ff79d302d5b8829887a35d9b8c55f27b93a2d8ec70c74e2"
"Helsana-Angebote & Versicherung";"Leistungs- und Deckungshinweise";"Versicherungs-Hinweise";"Begründung / Einordnung";"COVERAGE_HINTS.rauchstopp, unverbindlicher Hinweis für passende Produktkategorien";"Mit Ihrer Zusatzversicherung potenziell relevant – ob und in welchem Umfang Kosten unterstützt werden, hängt von Ihrem konkreten Produkt ab.";"Potentiellement pertinent avec votre assurance complémentaire : la prise en charge et son étendue dépendent de votre produit concret.";"";"";"Marketing, Recht";"Prüfung erforderlich";"Deckungsnahe Formulierung vor Go-live durch Legal und den zuständigen Fachbereich freigeben.";"";"";"service.coverage.rauchstopp.hint";"services";"fr-CH";"3";"v1:d69b55804c14335744a0a12a0aa976d1ec91e2438349a6a77f6bb61bec9ba1ac";"93bc61efaaa56c97459e1363e59d4aa7d0636f534594963e2628ed0810c3b7bf"
"Helsana-Angebote & Versicherung";"Leistungs- und Deckungshinweise";"Versicherungs-Hinweise";"Begründung / Einordnung";"COVERAGE_HINTS.stress, unverbindlicher Hinweis für passende Produktkategorien";"Mit Ihrer Zusatzversicherung potenziell relevant – ob und in welchem Umfang Kosten unterstützt werden, hängt von Ihrem konkreten Produkt ab.";"Potentiellement pertinent avec votre assurance complémentaire : la prise en charge et son étendue dépendent de votre produit concret.";"";"";"Marketing, Recht";"Prüfung erforderlich";"Deckungsnahe Formulierung vor Go-live durch Legal und den zuständigen Fachbereich freigeben.";"";"";"service.coverage.stress.hint";"services";"fr-CH";"3";"v1:d69b55804c14335744a0a12a0aa976d1ec91e2438349a6a77f6bb61bec9ba1ac";"7f9aa4c45d73e06bd366f4b30d1bb645223131a02f83b5ba4c05ba3bd967df6d"
"Helsana-Angebote & Versicherung";"Leistungs- und Deckungshinweise";"Versicherungs-Hinweise";"Begründung / Einordnung";"COVERAGE_HINTS.vorsorge, unverbindlicher Hinweis für passende Produktkategorien";"Je nach Zusatzversicherung können Vorsorgeuntersuchungen unterstützt werden – Details klären Sie am besten direkt mit Helsana.";"Selon votre assurance complémentaire, certains examens de prévention peuvent être pris en charge. Pour les détails, adressez-vous directement à Helsana.";"";"";"Marketing, Recht";"Prüfung erforderlich";"Deckungsnahe Formulierung vor Go-live durch Legal und den zuständigen Fachbereich freigeben.";"";"";"service.coverage.vorsorge.hint";"services";"fr-CH";"3";"v1:d69b55804c14335744a0a12a0aa976d1ec91e2438349a6a77f6bb61bec9ba1ac";"8dad374c7959b0c36f2d1fbc25fd207d1b967c5f8af0c3e28efb610d3996debf"
"Helsana-Angebote & Versicherung";"Service- und Angebotskommunikation";"Gemeinsame Bereichstexte (Fragebogen und Ergebnis)";"Beschriftung";"Gemeinsam in Fragebogen und Ergebnis · Grundversicherung · Kurzlabel für Navigation und Ergebnisvisualisierung";"Grundinfo";"Informations de base";"";"";"Marketing";"Prüfung erforderlich";"";"";"";"service.dimension.grund.short";"services";"fr-CH";"3";"v1:d69b55804c14335744a0a12a0aa976d1ec91e2438349a6a77f6bb61bec9ba1ac";"8ecd0eed9a98bc1eadd549894259f15e7f3e7231365f236b302aecd30cfbf4c5"
"Helsana-Angebote & Versicherung";"Service- und Angebotskommunikation";"Gemeinsame Bereichstexte (Fragebogen und Ergebnis)";"Überschrift";"Gemeinsam in Fragebogen und Ergebnis · Grundversicherung · vollständiger Bereichstitel";"Persönliche Angaben";"Informations personnelles";"";"";"Marketing, Medizin";"Prüfung erforderlich";"";"";"";"service.dimension.grund.title";"services";"fr-CH";"3";"v1:d69b55804c14335744a0a12a0aa976d1ec91e2438349a6a77f6bb61bec9ba1ac";"65f6e1667ac2159b5b8cebe23b56ebe85c3426c833066ffbedad01bb16d9298b"
"Helsana-Angebote & Versicherung";"Service- und Angebotskommunikation";"Gemeinsame Bereichstexte (Fragebogen und Ergebnis)";"Begründung / Einordnung";"Gemeinsam in Fragebogen und Ergebnis · Grundversicherung · Einleitung im Fragebogen und in den Ergebnisdetails";"Ihre persönlichen Angaben bilden ein Antwortprofil für diese Orientierung und die individuellen Empfehlungen. Ihre Angaben werden vertraulich behandelt und bleiben anonym.";"Vos informations personnelles constituent un profil de réponses pour cette orientation et les recommandations individuelles. Elles sont traitées de manière confidentielle et restent anonymes.";"";"";"Marketing, Medizin, Recht";"Prüfung erforderlich";"Datenschutz- und Anonymitätsaussage vor Go-live durch Legal/Datenschutz freigeben.";"";"";"service.dimension.grund.intro";"services";"fr-CH";"3";"v1:d69b55804c14335744a0a12a0aa976d1ec91e2438349a6a77f6bb61bec9ba1ac";"983f720e46653b9d9d89b8272dac269e03bc61d8b5a63891159c8063f297cddc"
"Helsana-Angebote & Versicherung";"Service- und Angebotskommunikation";"Demo-Kundenkontext";"Beschriftung";"Demo-Kundenprofil, nur Grundversicherung";"Demo-Profil «Nur Grundversicherung»";"Profil de démonstration « Assurance de base uniquement »";"";"";"Marketing";"Prüfung erforderlich";"Nur im expliziten Mock-Modus sichtbar.";"";"";"service.demo_profile.basic.display_name";"services";"fr-CH";"3";"v1:d69b55804c14335744a0a12a0aa976d1ec91e2438349a6a77f6bb61bec9ba1ac";"0f7ec0459aabb97a36da92a16afd8695cd451ba8298b1c4f79366198912deb72"
"Helsana-Angebote & Versicherung";"Service- und Angebotskommunikation";"Demo-Kundenkontext";"Beschriftung";"Demo-Kundenprofil, vollständiger Zusatzversicherungs-Mix";"Demo-Profil «Grund + Zusatz ambulant/Spital/Prävention»";"Profil de démonstration « Base + complémentaire ambulatoire/hospitalisation/prévention »";"";"";"Marketing";"Prüfung erforderlich";"Nur im expliziten Mock-Modus sichtbar.";"";"";"service.demo_profile.complete.display_name";"services";"fr-CH";"3";"v1:d69b55804c14335744a0a12a0aa976d1ec91e2438349a6a77f6bb61bec9ba1ac";"eaea22b603cd955e0d2be2167bb3efe5b76776221cb84195c371287279d7f770"
"Helsana-Angebote & Versicherung";"Service- und Angebotskommunikation";"Demo-Kundenkontext";"Beschriftung";"Demo-Kundenprofil, Grundversicherung und Prävention";"Demo-Profil «Grund + Prävention»";"Profil de démonstration « Base + prévention »";"";"";"Marketing";"Prüfung erforderlich";"Nur im expliziten Mock-Modus sichtbar.";"";"";"service.demo_profile.prevention.display_name";"services";"fr-CH";"3";"v1:d69b55804c14335744a0a12a0aa976d1ec91e2438349a6a77f6bb61bec9ba1ac";"857c3dc73caaddf087ff350a99070beb83c459af4b889b0a6e966dceaa747287"
"Helsana-Angebote & Versicherung";"Service- und Angebotskommunikation";"Demo-Kundenkontext";"Beschriftung";"Demo-Produkt, ambulanter Zusatz";"Zusatzversicherung ambulant (Demo)";"Assurance complémentaire ambulatoire (démo)";"";"";"Marketing";"Prüfung erforderlich";"Nur im expliziten Mock-Modus sichtbar.";"";"";"service.demo_profile.product.ambulant";"services";"fr-CH";"3";"v1:d69b55804c14335744a0a12a0aa976d1ec91e2438349a6a77f6bb61bec9ba1ac";"5a610933029c5e40957237a0098ff193edc00effc9a20dd2a7131776a967c9aa"
"Helsana-Angebote & Versicherung";"Service- und Angebotskommunikation";"Demo-Kundenkontext";"Beschriftung";"Demo-Produkt, Grundversicherung";"Grundversicherung (Demo)";"Assurance de base (démo)";"";"";"Marketing";"Prüfung erforderlich";"Nur im expliziten Mock-Modus sichtbar.";"";"";"service.demo_profile.product.basic";"services";"fr-CH";"3";"v1:d69b55804c14335744a0a12a0aa976d1ec91e2438349a6a77f6bb61bec9ba1ac";"8ac434cd8fb9d5c59e8c1f7a4f72e70495797da3cd397103bb15292f7d59dd64"
"Helsana-Angebote & Versicherung";"Service- und Angebotskommunikation";"Demo-Kundenkontext";"Beschriftung";"Demo-Produkt, Präventionszusatz";"Zusatzversicherung Prävention (Demo)";"Assurance complémentaire prévention (démo)";"";"";"Marketing";"Prüfung erforderlich";"Nur im expliziten Mock-Modus sichtbar.";"";"";"service.demo_profile.product.prevention";"services";"fr-CH";"3";"v1:d69b55804c14335744a0a12a0aa976d1ec91e2438349a6a77f6bb61bec9ba1ac";"b9fdf97ad5217a1905bf89f1d59fbb40a9d5922b971a48cdb22a1fc1a599a975"
"Helsana-Angebote & Versicherung";"Service- und Angebotskommunikation";"Demo-Kundenkontext";"Beschriftung";"Demo-Produkt, Spitalzusatz";"Spital-Zusatzversicherung (Demo)";"Assurance complémentaire hospitalisation (démo)";"";"";"Marketing";"Prüfung erforderlich";"Nur im expliziten Mock-Modus sichtbar.";"";"";"service.demo_profile.product.hospital";"services";"fr-CH";"3";"v1:d69b55804c14335744a0a12a0aa976d1ec91e2438349a6a77f6bb61bec9ba1ac";"c7b160a7371fc8c1ec9590aeb622d9a56cf46d0edfb9297cf0f8232fa6c1d58d"
"Helsana-Angebote & Versicherung";"Service- und Angebotskommunikation";"Statusbänder";"Beschriftung";"Scoring STATUS_BANDS, sichtbares Label für aufmerksam";"Erhöhte Aufmerksamkeit";"Attention accrue";"";"";"Marketing, Medizin";"Prüfung erforderlich";"";"";"";"service.status_band.aufmerksam.label";"services";"fr-CH";"3";"v1:d69b55804c14335744a0a12a0aa976d1ec91e2438349a6a77f6bb61bec9ba1ac";"9ee549da9f30ebf78630314440cbcc76aba921b83e0ae143a08403c50b76f534"
"Helsana-Angebote & Versicherung";"Service- und Angebotskommunikation";"Statusbänder";"Beschriftung";"Scoring STATUS_BANDS, sichtbares Label für ausbau";"Ausbaufähig";"À améliorer";"";"";"Marketing, Medizin";"Prüfung erforderlich";"";"";"";"service.status_band.ausbau.label";"services";"fr-CH";"3";"v1:d69b55804c14335744a0a12a0aa976d1ec91e2438349a6a77f6bb61bec9ba1ac";"383e64fa97e676bfcf998f30d1d183522bd42d25220fef1986fa00aafabecad6"
"Helsana-Angebote & Versicherung";"Service- und Angebotskommunikation";"Statusbänder";"Beschriftung";"Scoring STATUS_BANDS, sichtbares Label für solide";"Solide Basis";"Base solide";"";"";"Marketing, Medizin";"Prüfung erforderlich";"";"";"";"service.status_band.solide.label";"services";"fr-CH";"3";"v1:d69b55804c14335744a0a12a0aa976d1ec91e2438349a6a77f6bb61bec9ba1ac";"3d55632c91d86045c5e753be8073a10d5576d3e48a02c292cb9ec0715e487e30"
"Helsana-Angebote & Versicherung";"Service- und Angebotskommunikation";"Statusbänder";"Beschriftung";"Scoring STATUS_BANDS, sichtbares Label für stark";"Stark";"Fort";"";"";"Marketing, Medizin";"Prüfung erforderlich";"";"";"";"service.status_band.stark.label";"services";"fr-CH";"3";"v1:d69b55804c14335744a0a12a0aa976d1ec91e2438349a6a77f6bb61bec9ba1ac";"0d70f331da5fb18a157af209c83622211b5df5353fc39b9c03be9edf6f488604"
"Helsana-Angebote & Versicherung";"Weitere Angebote";"Helsana-Angebote";"Beschriftung";"Helsana-Angebot · sichtbarer Platzhalter solange keine echte URL hinterlegt ist";"[Helsana Coach App / Deep-Link verlinken]";"[Ajouter un lien vers l’application Helsana Coach ou un lien profond]";"";"";"Marketing";"Prüfung erforderlich";"";"";"";"service.offer.coach_app.placeholder";"services";"fr-CH";"3";"v1:d69b55804c14335744a0a12a0aa976d1ec91e2438349a6a77f6bb61bec9ba1ac";"70d31f9b6c636f48d9e2a760ef7132c1e4bd3b206c4ff425e373c4c667164c7f"
"Helsana-Angebote & Versicherung";"Weitere Angebote";"Helsana-Angebote";"Beschriftung";"Helsana-Angebot · sichtbares Linklabel; leere fit-Felder werden nicht katalogisiert, weil sie keinen sichtbaren Text erzeugen";"Helsana Coach öffnen";"Ouvrir Helsana Coach";"";"";"Marketing";"Prüfung erforderlich";"";"";"";"service.offer.coach_app.label";"services";"fr-CH";"3";"v1:d69b55804c14335744a0a12a0aa976d1ec91e2438349a6a77f6bb61bec9ba1ac";"7dee845f56bacea46a2609e260a2031232c70f507c3c1e1e1a7a74e1654c988c"
"Helsana-Angebote & Versicherung";"Weitere Angebote";"Helsana-Angebote";"Beschriftung";"Helsana-Angebot · sichtbarer Platzhalter solange keine echte URL hinterlegt ist";"[Feedback-Formular verlinken]";"[Ajouter un lien vers le formulaire de feed-back]";"";"";"Marketing";"Prüfung erforderlich";"";"";"";"service.offer.feedback.placeholder";"services";"fr-CH";"3";"v1:d69b55804c14335744a0a12a0aa976d1ec91e2438349a6a77f6bb61bec9ba1ac";"ab5eb5e8727cfc06f998b8e87d6daca41c348a1a65a795ac0eb78215ec8447dd"
"Helsana-Angebote & Versicherung";"Weitere Angebote";"Helsana-Angebote";"Beschriftung";"Helsana-Angebot · sichtbares Linklabel; leere fit-Felder werden nicht katalogisiert, weil sie keinen sichtbaren Text erzeugen";"Zum Formular";"Accéder au formulaire";"";"";"Marketing";"Prüfung erforderlich";"";"";"";"service.offer.feedback.label";"services";"fr-CH";"3";"v1:d69b55804c14335744a0a12a0aa976d1ec91e2438349a6a77f6bb61bec9ba1ac";"12621ba33870636cf60ccba19dd0bbc7b291fcd28f4643d4b9481c01918ba51f"
"Helsana-Angebote & Versicherung";"Weitere Angebote";"Helsana-Angebote";"Beschriftung";"Helsana-Angebot · sichtbarer Platzhalter solange keine echte URL hinterlegt ist";"[Helsana+ passendes Partnerangebot verlinken]";"[Ajouter un lien vers une offre partenaire Helsana+ adaptée]";"";"";"Marketing";"Prüfung erforderlich";"";"";"";"service.offer.plus.placeholder";"services";"fr-CH";"3";"v1:d69b55804c14335744a0a12a0aa976d1ec91e2438349a6a77f6bb61bec9ba1ac";"b66b02bdcb3b477515c9eb4f857cd59b95b61612891778e58071dc4958d5eadb"
"Helsana-Angebote & Versicherung";"Weitere Angebote";"Helsana-Angebote";"Beschriftung";"Helsana-Angebot · sichtbares Linklabel; leere fit-Felder werden nicht katalogisiert, weil sie keinen sichtbaren Text erzeugen";"Helsana+ Partnerangebote";"Offres des partenaires Helsana+";"";"";"Marketing";"Prüfung erforderlich";"";"";"";"service.offer.plus.label";"services";"fr-CH";"3";"v1:d69b55804c14335744a0a12a0aa976d1ec91e2438349a6a77f6bb61bec9ba1ac";"d34beffb35c4fb071f0e2ded213d3b2d852e5d7101f18c16cab67141a42f0bed"
"Helsana-Angebote & Versicherung";"Weitere Angebote";"Helsana-Angebote";"Begründung / Einordnung";"Helsana-Angebot · sichtbare Einordnung der Angebots-Passung";"Belohnt aktive Schritte und macht das Dranbleiben leichter.";"Récompense vos actions positives et vous aide à persévérer.";"";"";"Marketing";"Prüfung erforderlich";"";"";"";"service.offer.plus.fit";"services";"fr-CH";"3";"v1:d69b55804c14335744a0a12a0aa976d1ec91e2438349a6a77f6bb61bec9ba1ac";"6efc75d5698ccb396e05e82d4d8f1d4000bdf93b4f38953970387918fe6837de"
"Helsana-Angebote & Versicherung";"Weitere Angebote";"Helsana-Angebote";"Beschriftung";"Helsana-Angebot · sichtbarer Platzhalter solange keine echte URL hinterlegt ist";"[Helsana+ Programmseite verlinken]";"[Ajouter un lien vers la page du programme Helsana+]";"";"";"Marketing";"Prüfung erforderlich";"";"";"";"service.offer.plus_entdecken.placeholder";"services";"fr-CH";"3";"v1:d69b55804c14335744a0a12a0aa976d1ec91e2438349a6a77f6bb61bec9ba1ac";"e9fc656c71e2538c2b679d36b54b19432f8bd9917faea558acb609be1aa0ee45"
"Helsana-Angebote & Versicherung";"Weitere Angebote";"Helsana-Angebote";"Beschriftung";"Helsana-Angebot · sichtbares Linklabel; leere fit-Felder werden nicht katalogisiert, weil sie keinen sichtbaren Text erzeugen";"Helsana+ entdecken";"Découvrir Helsana+";"";"";"Marketing";"Prüfung erforderlich";"";"";"";"service.offer.plus_entdecken.label";"services";"fr-CH";"3";"v1:d69b55804c14335744a0a12a0aa976d1ec91e2438349a6a77f6bb61bec9ba1ac";"d6f4bb1596021dea2262df9a7eb7f0e7f44ca13ec69726501e6ad0ca6edf3b72"
"Medizin & Sicherheit";"Medizinische Hinweise & Notfallrouting";"Coach-Antworten";"Dynamischer Text";"Demo-Coach-Antwort bei Notfall- oder Krisenbegriffen";"Wenn es akut ist, zögern Sie nicht: Bei starken oder plötzlichen Beschwerden wählen Sie den Notruf <b>144</b>, in seelischen Krisen die Dargebotene Hand <b>143</b>. Ich bin nur eine Vorschau und kann keine medizinische Hilfe leisten.";"En cas de situation aiguë, n’attendez pas : pour des symptômes forts ou soudains, appelez le numéro d’urgence <b>144</b> ; en cas de crise psychique, contactez La Main Tendue au <b>143</b>. Je ne suis qu’un aperçu et ne peux pas fournir d’aide médicale.";"";"";"Marketing, Medizin";"Prüfung erforderlich";"";"";"144 | 143";"coach.answer.emergency";"coach";"fr-CH";"3";"v1:d69b55804c14335744a0a12a0aa976d1ec91e2438349a6a77f6bb61bec9ba1ac";"6b2c1d96ef1dd5f56019f32cf2b57eb48903091307124bb18242971d0d6a79f9"
"Medizin & Sicherheit";"Medizinische Hinweise & Notfallrouting";"Medizinischer Hinweis";"Überschrift";"Medizinischer Abschlussblock, Überschrift";"Medizinischer Hinweis & nächste Schritte";"Indication médicale et prochaines étapes";"";"";"Marketing, Medizin";"Prüfung erforderlich";"";"";"";"ui.medical_notice.title";"ui";"fr-CH";"3";"v1:d69b55804c14335744a0a12a0aa976d1ec91e2438349a6a77f6bb61bec9ba1ac";"fb0da119f476e9a6e108e6d8094d595b79baeead0b6acbdc102c04762e4c98af"
"Medizin & Sicherheit";"Medizinische Hinweise & Notfallrouting";"Medizinischer Hinweis";"Überschrift";"Medizinischer Abschlussblock, Zwischenüberschrift";"Sinnvolle nächste Schritte:";"Prochaines étapes pertinentes :";"";"";"Marketing, Medizin";"Prüfung erforderlich";"";"";"";"ui.medical_notice.steps_title";"ui";"fr-CH";"3";"v1:d69b55804c14335744a0a12a0aa976d1ec91e2438349a6a77f6bb61bec9ba1ac";"f325a076f1b92ed243de839eb7d08a68d8c24bf155e41800e1d56ae8a2063c7f"
"Medizin & Sicherheit";"Medizinische Hinweise & Notfallrouting";"Medizinischer Hinweis";"Begründung / Einordnung";"Medizinischer Abschlussblock, Disclaimer";"Dieser Check ersetzt keine Diagnose, Untersuchung oder Behandlung. Er kann und soll keine medizinische Fachperson ersetzen. Nutzen Sie die Ergebnisse als Gesprächsgrundlage – nicht als abschliessende Beurteilung.";"Ce bilan ne remplace ni un diagnostic, ni un examen, ni un traitement. Il ne peut et ne doit pas remplacer un professionnel de la santé. Utilisez les résultats comme base de discussion, et non comme évaluation définitive.";"";"";"Marketing, Medizin";"Prüfung erforderlich";"";"";"";"ui.medical_notice.disclaimer";"ui";"fr-CH";"3";"v1:d69b55804c14335744a0a12a0aa976d1ec91e2438349a6a77f6bb61bec9ba1ac";"3a8612f2c30445ddaafb8ecfd86e53f272e46a131f512a5b12fa102e778e4c94"
"Medizin & Sicherheit";"Medizinische Hinweise & Notfallrouting";"Medizinischer Hinweis";"Nächster Schritt";"Medizinischer Abschlussblock, dritter Listenpunkt";"Wählen Sie aus Ihrem Aktionsplan einen einzigen, kleinen Schritt für diese Woche.";"Choisissez une seule petite action de votre plan d’action pour cette semaine.";"";"";"Marketing";"Prüfung erforderlich";"";"";"";"ui.medical_notice.step.choose";"ui";"fr-CH";"3";"v1:d69b55804c14335744a0a12a0aa976d1ec91e2438349a6a77f6bb61bec9ba1ac";"7a0207d7801101a85a6ff41572d8f2aa7be43545e017f0c27810862e2d2ecd47"
"Medizin & Sicherheit";"Medizinische Hinweise & Notfallrouting";"Medizinischer Hinweis";"Nächster Schritt";"Medizinischer Abschlussblock, erster Listenpunkt";"Besprechen Sie auffällige Werte, bestehende Diagnosen oder familiäre Vorbelastung mit einer medizinischen Fachperson.";"Discutez des valeurs inhabituelles, des diagnostics existants ou des prédispositions familiales avec un professionnel de la santé.";"";"";"Marketing, Medizin";"Prüfung erforderlich";"";"";"";"ui.medical_notice.step.discuss";"ui";"fr-CH";"3";"v1:d69b55804c14335744a0a12a0aa976d1ec91e2438349a6a77f6bb61bec9ba1ac";"76af71f0f67072e35ccf69ffed497d454261adfea9d6674cb9d567b47cf51f04"
"Medizin & Sicherheit";"Medizinische Hinweise & Notfallrouting";"Medizinischer Hinweis";"Nächster Schritt";"Medizinischer Abschlussblock, Notfall-Listenpunkt";"Bei akuten, starken oder plötzlichen Beschwerden: Notruf <b>144</b>. In seelischen Krisen: Dargebotene Hand <b>143</b>.";"En cas de symptômes aigus, forts ou soudains : numéro d’urgence <b>144</b>. En cas de crise psychique : La Main Tendue au <b>143</b>.";"";"";"Marketing, Medizin";"Prüfung erforderlich";"";"";"144 | 143";"ui.medical_notice.step.emergency";"ui";"fr-CH";"3";"v1:d69b55804c14335744a0a12a0aa976d1ec91e2438349a6a77f6bb61bec9ba1ac";"e677c14008b150023d7e7c02e747e35053d0408cfe6f33d5bf99be9e0c20dce1"
"Medizin & Sicherheit";"Medizinische Hinweise & Notfallrouting";"Medizinischer Hinweis";"Nächster Schritt";"Medizinischer Abschlussblock, zweiter Listenpunkt";"Lassen Sie unbekannte Basiswerte (z. B. Blutdruck, Blutzucker/HbA1c, Blutfette) bei Gelegenheit bestimmen.";"Faites mesurer à l’occasion les valeurs de base encore inconnues, par exemple la tension artérielle, la glycémie/HbA1c ou les lipides sanguins.";"";"";"Marketing, Medizin";"Prüfung erforderlich";"";"";"";"ui.medical_notice.step.measure";"ui";"fr-CH";"3";"v1:d69b55804c14335744a0a12a0aa976d1ec91e2438349a6a77f6bb61bec9ba1ac";"054e04bd8e44815b78c851c019b35a7040b5508c33d4fdf8865a4f17f6721696"
"Medizin & Sicherheit";"Medizinische Hinweise & Notfallrouting";"Warnhinweis";"Überschrift";"Warnbanner bei dringendem beziehungsweise hohem mentalem Signal";"Bitte zeitnah ärztlich abklären";"Veuillez consulter rapidement un médecin";"";"";"Marketing, Medizin";"Prüfung erforderlich";"";"";"";"ui.urgent.title";"ui";"fr-CH";"3";"v1:d69b55804c14335744a0a12a0aa976d1ec91e2438349a6a77f6bb61bec9ba1ac";"6da45f9fe37de8a6069905f68d82d0d6b2b6b7e7a3a4cb0d5bddaf03374995d7"
"Medizin & Sicherheit";"Medizinische Hinweise & Notfallrouting";"Warnhinweis";"Begründung / Einordnung";"Warnbanner bei dringendem beziehungsweise hohem mentalem Signal";"Einige Ihrer Angaben sollten zeitnah mit einer medizinischen Fachperson besprochen werden. Bei akuten, starken Beschwerden wählen Sie den Notruf <b>144</b>; in seelischen Krisen die Dargebotene Hand <b>143</b>.";"Certaines de vos indications devraient être discutées rapidement avec un professionnel de la santé. En cas de symptômes aigus et importants, appelez le numéro d’urgence <b>144</b> ; en cas de crise psychique, contactez La Main Tendue au <b>143</b>.";"";"";"Marketing, Medizin";"Prüfung erforderlich";"";"";"144 | 143";"ui.urgent.body";"ui";"fr-CH";"3";"v1:d69b55804c14335744a0a12a0aa976d1ec91e2438349a6a77f6bb61bec9ba1ac";"0188cd2dcabe51d68641f19f2db674cb3a69424d0bef35286c76b798fd07c7dc"
"Globale Navigation";"Navigation, Sprache & Installation";"Barrierefreiheit";"Barrierefreie Beschriftung";"Sprunglink zum Hauptinhalt";"Zum Inhalt springen";"Aller au contenu";"";"";"Marketing";"Prüfung erforderlich";"";"";"";"shell.skip_to_content";"shell";"fr-CH";"3";"v1:d69b55804c14335744a0a12a0aa976d1ec91e2438349a6a77f6bb61bec9ba1ac";"01bda3b5f6cb127fca2c35780f716c0152befb12a32ec6342bd306701e165282"
"Globale Navigation";"Navigation, Sprache & Installation";"Fusszeile";"Beschriftung";"Link zur Helsana-Gruppe";"Helsana Gruppe";"Groupe Helsana";"";"";"Marketing";"Prüfung erforderlich";"";"";"";"shell.footer.helsana_group";"shell";"fr-CH";"3";"v1:d69b55804c14335744a0a12a0aa976d1ec91e2438349a6a77f6bb61bec9ba1ac";"c4441ded0e34d23186df78288c93269ecd449092830d94d41b4b1e0fb0aff5eb"
"Globale Navigation";"Navigation, Sprache & Installation";"Fusszeile";"Beschriftung";"Platzhalter für den Newsletter";"Newsletter";"Newsletter";"";"";"Marketing";"Prüfung erforderlich";"Ziel-Link vor Go-live ergänzen.";"";"";"shell.footer.newsletter";"shell";"fr-CH";"3";"v1:d69b55804c14335744a0a12a0aa976d1ec91e2438349a6a77f6bb61bec9ba1ac";"672d94f90578e440219ea736923465e1a2465a173790d2aba42cfe2d7accc6c2"
"Globale Navigation";"Navigation, Sprache & Installation";"Fusszeile";"Beschriftung";"Platzhalter für den Prämienrechner";"Prämienrechner";"Calculateur de primes";"";"";"Marketing";"Prüfung erforderlich";"Ziel-Link vor Go-live ergänzen.";"";"";"shell.footer.premium_calculator";"shell";"fr-CH";"3";"v1:d69b55804c14335744a0a12a0aa976d1ec91e2438349a6a77f6bb61bec9ba1ac";"0111371da4ec7dc91131a91fa8ea69cbf133aff1460c92a2c5af3cdad082ee4d"
"Globale Navigation";"Navigation, Sprache & Installation";"Fusszeile";"Beschriftung";"Platzhalter für Jobs und Karriere";"Jobs & Karriere";"Emplois et carrière";"";"";"Marketing";"Prüfung erforderlich";"Ziel-Link vor Go-live ergänzen.";"";"";"shell.footer.jobs";"shell";"fr-CH";"3";"v1:d69b55804c14335744a0a12a0aa976d1ec91e2438349a6a77f6bb61bec9ba1ac";"816ca59e4265c5cad663bcc9beb22755443148c914c2098c29b7b166e59bf553"
"Globale Navigation";"Navigation, Sprache & Installation";"Fusszeile";"Beschriftung";"Platzhalter für Medien und Publikationen";"Medien & Publikationen";"Médias et publications";"";"";"Marketing";"Prüfung erforderlich";"Ziel-Link vor Go-live ergänzen.";"";"";"shell.footer.media";"shell";"fr-CH";"3";"v1:d69b55804c14335744a0a12a0aa976d1ec91e2438349a6a77f6bb61bec9ba1ac";"0b0dcb77ce86378c46fe3e0eb4f7c6f163c21e1aacd404d3c8887a4695359696"
"Globale Navigation";"Navigation, Sprache & Installation";"Fusszeile";"Beschriftung";"Platzhalter für Service Adresse ändern";"Adresse ändern";"Modifier l’adresse";"";"";"Marketing";"Prüfung erforderlich";"Ziel-Link vor Go-live ergänzen.";"";"";"shell.footer.change_address";"shell";"fr-CH";"3";"v1:d69b55804c14335744a0a12a0aa976d1ec91e2438349a6a77f6bb61bec9ba1ac";"b819bf5d6f344cd0fe856e098c45cecbfb6ea1a7d22d9f882b6d671cbef0c8f0"
"Globale Navigation";"Navigation, Sprache & Installation";"Fusszeile";"Beschriftung";"Platzhalter für Service Rechnung einsenden";"Rechnung einsenden";"Envoyer une facture";"";"";"Marketing";"Prüfung erforderlich";"Ziel-Link vor Go-live ergänzen.";"";"";"shell.footer.submit_invoice";"shell";"fr-CH";"3";"v1:d69b55804c14335744a0a12a0aa976d1ec91e2438349a6a77f6bb61bec9ba1ac";"0310f3d3345ab0c2c7d663f74e8e2e1b229c5dd5dccb712ec4bd38fbb4a52fab"
"Globale Navigation";"Navigation, Sprache & Installation";"Fusszeile";"Beschriftung";"Platzhalter für Über uns";"Über uns";"À propos de nous";"";"";"Marketing";"Prüfung erforderlich";"Ziel-Link vor Go-live ergänzen.";"";"";"shell.footer.about";"shell";"fr-CH";"3";"v1:d69b55804c14335744a0a12a0aa976d1ec91e2438349a6a77f6bb61bec9ba1ac";"6fec022365e875415e59e5e3184e30ec41260b70b8c77174e814940f09d0d953"
"Globale Navigation";"Navigation, Sprache & Installation";"Fusszeile";"Beschriftung";"Platzhalter für Übersicht aller Services";"Alle Services";"Tous les services";"";"";"Marketing";"Prüfung erforderlich";"Ziel-Link vor Go-live ergänzen.";"";"";"shell.footer.all_services";"shell";"fr-CH";"3";"v1:d69b55804c14335744a0a12a0aa976d1ec91e2438349a6a77f6bb61bec9ba1ac";"8a6aa2ae4c8222eae18db32761b58a4ca2e5a9d3d7c5fd1a3f598588d469868c"
"Globale Navigation";"Navigation, Sprache & Installation";"Fusszeile";"Überschrift";"Spaltenüberschrift Bereiche";"Bereiche";"Domaines";"";"";"Marketing";"Prüfung erforderlich";"";"";"";"shell.footer.areas_heading";"shell";"fr-CH";"3";"v1:d69b55804c14335744a0a12a0aa976d1ec91e2438349a6a77f6bb61bec9ba1ac";"30d77a631022c1e3a4a05684c07f61b1c65e3ad64b602b0c1ea277a406f412f8"
"Globale Navigation";"Navigation, Sprache & Installation";"Fusszeile";"Überschrift";"Spaltenüberschrift Helsana";"Helsana";"Helsana";"";"";"Marketing";"Prüfung erforderlich";"Markenname nicht übersetzen.";"";"";"shell.footer.helsana_heading";"shell";"fr-CH";"3";"v1:d69b55804c14335744a0a12a0aa976d1ec91e2438349a6a77f6bb61bec9ba1ac";"d9b272fea74815db3e0defff3a2bf1a3038d860b69e4b0dacaea9c6786e2f2d8"
"Globale Navigation";"Navigation, Sprache & Installation";"Fusszeile";"Überschrift";"Spaltenüberschrift Services";"Services";"Services";"";"";"Marketing";"Prüfung erforderlich";"";"";"";"shell.footer.services_heading";"shell";"fr-CH";"3";"v1:d69b55804c14335744a0a12a0aa976d1ec91e2438349a6a77f6bb61bec9ba1ac";"a6d65e3daf494485d40fa642f62f2054ab471d8fd27f3d5ff0aa72b205f7d13b"
"Globale Navigation";"Navigation, Sprache & Installation";"Barrierefreiheit";"Barrierefreie Beschriftung";"Fusszeile, barrierefreie Bezeichnung der Linknavigation";"Weitere Helsana-Links";"Autres liens Helsana";"";"";"Marketing";"Prüfung erforderlich";"";"";"";"shell.footer.nav_aria";"shell";"fr-CH";"3";"v1:d69b55804c14335744a0a12a0aa976d1ec91e2438349a6a77f6bb61bec9ba1ac";"867d31debc4021a072742d3411c24d077fb91b3caeac543758a1f9ed08c6f951"
"Globale Navigation";"Navigation, Sprache & Installation";"Fusszeile";"Detailtext";"Erklärung der grau markierten Platzhalter";"Grau markierte Links sind Platzhalter und werden vor Go-live final verlinkt.";"Les liens grisés sont des espaces réservés et seront remplacés par les liens définitifs avant la mise en ligne.";"";"";"Marketing";"Prüfung erforderlich";"Vor Go-live zusammen mit den Platzhaltern entfernen oder aktualisieren.";"";"";"shell.footer.placeholder_note";"shell";"fr-CH";"3";"v1:d69b55804c14335744a0a12a0aa976d1ec91e2438349a6a77f6bb61bec9ba1ac";"6e38fe15d2ab37c1a136a7ed24af1a841bcbef953158f52a53d6d86ac7c51509"
"Globale Navigation";"Navigation, Sprache & Installation";"Kopfzeile";"Beschriftung";"Bezeichnung des Gesundheitschecks neben dem Logo";"Ihr Gesundheitscheck";"Votre bilan de santé";"";"";"Marketing";"Prüfung erforderlich";"";"";"";"shell.header.tagline";"shell";"fr-CH";"3";"v1:d69b55804c14335744a0a12a0aa976d1ec91e2438349a6a77f6bb61bec9ba1ac";"df7f8849234c7b3f941467dfc98cd01dff919bcf4773d5465c612cc1837c4e0c"
"Globale Navigation";"Navigation, Sprache & Installation";"Barrierefreiheit";"Barrierefreie Beschriftung";"Alternativtext des Helsana-Logos";"Helsana";"Helsana";"";"";"Marketing";"Prüfung erforderlich";"Markenname nicht übersetzen.";"";"";"shell.header.logo_alt";"shell";"fr-CH";"3";"v1:d69b55804c14335744a0a12a0aa976d1ec91e2438349a6a77f6bb61bec9ba1ac";"2ee9eebe0269b8bf5ea247659b951d6f52ec3518746a4e9112dd7b8ed0479678"
"Globale Navigation";"Navigation, Sprache & Installation";"Barrierefreiheit";"Barrierefreie Beschriftung";"Helsana-Logo als Link zum Gesundheitscheck";"Helsana – Gesundheitscheck";"Helsana – bilan de santé";"";"";"Marketing";"Prüfung erforderlich";"";"";"";"shell.header.brand_aria";"shell";"fr-CH";"3";"v1:d69b55804c14335744a0a12a0aa976d1ec91e2438349a6a77f6bb61bec9ba1ac";"07913855f89fcffe8a19c5d8604985077b185d426f04f8ed63adbf604299f376"
"Globale Navigation";"Navigation, Sprache & Installation";"Sprachwahl";"Beschriftung";"Kurzbezeichnung Deutsch";"DE";"DE";"";"";"Marketing";"Prüfung erforderlich";"Nicht übersetzen.";"";"";"shell.language.de_short";"shell";"fr-CH";"3";"v1:d69b55804c14335744a0a12a0aa976d1ec91e2438349a6a77f6bb61bec9ba1ac";"03b08fde99356f8e07e6cc5d59080e061f6097090da1656a5a3a0292b9969fee"
"Globale Navigation";"Navigation, Sprache & Installation";"Sprachwahl";"Beschriftung";"Kurzbezeichnung Englisch";"EN";"EN";"";"";"Marketing";"Prüfung erforderlich";"Nicht übersetzen.";"";"";"shell.language.en_short";"shell";"fr-CH";"3";"v1:d69b55804c14335744a0a12a0aa976d1ec91e2438349a6a77f6bb61bec9ba1ac";"7839ba98819ccb1848a432828ad8a99c562566537315224d66c993f0ac9bf5f1"
"Globale Navigation";"Navigation, Sprache & Installation";"Sprachwahl";"Beschriftung";"Kurzbezeichnung Französisch";"FR";"FR";"";"";"Marketing";"Prüfung erforderlich";"Nicht übersetzen.";"";"";"shell.language.fr_short";"shell";"fr-CH";"3";"v1:d69b55804c14335744a0a12a0aa976d1ec91e2438349a6a77f6bb61bec9ba1ac";"c5cf213cf37b29c780672bdf816f2d3d022cf0d4a5c0a00b27a5cbb8b0469412"
"Globale Navigation";"Navigation, Sprache & Installation";"Sprachwahl";"Beschriftung";"Kurzbezeichnung Italienisch";"IT";"IT";"";"";"Marketing";"Prüfung erforderlich";"Nicht übersetzen.";"";"";"shell.language.it_short";"shell";"fr-CH";"3";"v1:d69b55804c14335744a0a12a0aa976d1ec91e2438349a6a77f6bb61bec9ba1ac";"be85b3d367a077a449e3a53e4d72f522ba26aafdb82d6bcd573bd2f60adbd8d9"
"Globale Navigation";"Navigation, Sprache & Installation";"Sprachwahl";"Barrierefreie Beschriftung";"Barrierefreie Bezeichnung der Sprachwahl";"Sprache wählen";"Choisir la langue";"";"";"Marketing";"Prüfung erforderlich";"";"";"";"shell.language.group_aria";"shell";"fr-CH";"3";"v1:d69b55804c14335744a0a12a0aa976d1ec91e2438349a6a77f6bb61bec9ba1ac";"e46b6011733b25dd2dc92691e1511916e779d40418e16b995124c414423b8943"
"Globale Navigation";"Navigation, Sprache & Installation";"Sprachwahl";"Barrierefreie Beschriftung";"Barrierefreie Bezeichnung Deutsch";"Deutsch";"Deutsch";"";"";"Marketing";"Prüfung erforderlich";"";"";"";"shell.language.de_label";"shell";"fr-CH";"3";"v1:d69b55804c14335744a0a12a0aa976d1ec91e2438349a6a77f6bb61bec9ba1ac";"72babe530c58f22b43caeeff0d443650b1da6188842d0d738af11438096ebac7"
"Globale Navigation";"Navigation, Sprache & Installation";"Sprachwahl";"Barrierefreie Beschriftung";"Barrierefreie Bezeichnung Englisch";"English";"English";"";"";"Marketing";"Prüfung erforderlich";"Eigenbezeichnung beibehalten.";"";"";"shell.language.en_label";"shell";"fr-CH";"3";"v1:d69b55804c14335744a0a12a0aa976d1ec91e2438349a6a77f6bb61bec9ba1ac";"f51a4cf4480e14731721b4a821775b4afe8f02fcb1c029c8bd5461c5aedb57bd"
"Globale Navigation";"Navigation, Sprache & Installation";"Sprachwahl";"Barrierefreie Beschriftung";"Barrierefreie Bezeichnung Französisch";"Français";"Français";"";"";"Marketing";"Prüfung erforderlich";"Eigenbezeichnung beibehalten.";"";"";"shell.language.fr_label";"shell";"fr-CH";"3";"v1:d69b55804c14335744a0a12a0aa976d1ec91e2438349a6a77f6bb61bec9ba1ac";"7590cb008ec9e2126bdbaec032490c5a83e3e9e4d2efc9dd9a767b98ee2cd230"
"Globale Navigation";"Navigation, Sprache & Installation";"Sprachwahl";"Barrierefreie Beschriftung";"Barrierefreie Bezeichnung Italienisch";"Italiano";"Italiano";"";"";"Marketing";"Prüfung erforderlich";"Eigenbezeichnung beibehalten.";"";"";"shell.language.it_label";"shell";"fr-CH";"3";"v1:d69b55804c14335744a0a12a0aa976d1ec91e2438349a6a77f6bb61bec9ba1ac";"2b32674aae082e389dd56b5773646770ba5f2ba43cc45a19d49505966fb66600"
"Globale Navigation";"Navigation, Sprache & Installation";"Fusszeile";"Rechtlicher Hinweis";"Platzhalter für Cookie-Einstellungen";"Cookie-Einstellungen";"Paramètres des cookies";"";"";"Marketing, Recht";"Prüfung erforderlich";"Ziel-Link vor Go-live ergänzen.";"";"";"shell.legal.cookies";"shell";"fr-CH";"3";"v1:d69b55804c14335744a0a12a0aa976d1ec91e2438349a6a77f6bb61bec9ba1ac";"fdf64393ca5d7c56a43479f5a449149b2d86b278452a76517e47e1bb96a7bcac"
"Globale Navigation";"Navigation, Sprache & Installation";"Fusszeile";"Rechtlicher Hinweis";"Platzhalter für Datenschutz";"Datenschutz";"Protection des données";"";"";"Marketing, Recht";"Prüfung erforderlich";"Ziel-Link vor Go-live ergänzen.";"";"";"shell.legal.privacy";"shell";"fr-CH";"3";"v1:d69b55804c14335744a0a12a0aa976d1ec91e2438349a6a77f6bb61bec9ba1ac";"41b50f49b491ab7e541171e8074f4490ecf4094602e75293f4bede32c751fb5e"
"Globale Navigation";"Navigation, Sprache & Installation";"Fusszeile";"Rechtlicher Hinweis";"Platzhalter für Impressum";"Impressum";"Mentions légales";"";"";"Marketing, Recht";"Prüfung erforderlich";"Ziel-Link vor Go-live ergänzen.";"";"";"shell.legal.imprint";"shell";"fr-CH";"3";"v1:d69b55804c14335744a0a12a0aa976d1ec91e2438349a6a77f6bb61bec9ba1ac";"028ec9e78962efb28a4afd82979da5f8853a527bbfbcfec9426f52db87c395c2"
"Globale Navigation";"Navigation, Sprache & Installation";"Fusszeile";"Rechtlicher Hinweis";"Platzhalter für Nutzungsbedingungen";"Nutzungsbedingungen";"Conditions d’utilisation";"";"";"Marketing, Recht";"Prüfung erforderlich";"Ziel-Link vor Go-live ergänzen.";"";"";"shell.legal.terms";"shell";"fr-CH";"3";"v1:d69b55804c14335744a0a12a0aa976d1ec91e2438349a6a77f6bb61bec9ba1ac";"0190e6e92bda8165580ba83da046199fed885276851bc8e93f0feca0d257df86"
"Globale Navigation";"Navigation, Sprache & Installation";"Fusszeile";"Rechtlicher Hinweis";"Platzhalter für rechtliche Hinweise";"Rechtliche Hinweise";"Informations juridiques";"";"";"Marketing, Recht";"Prüfung erforderlich";"Ziel-Link vor Go-live ergänzen.";"";"";"shell.legal.legal_notice";"shell";"fr-CH";"3";"v1:d69b55804c14335744a0a12a0aa976d1ec91e2438349a6a77f6bb61bec9ba1ac";"4b273421734419fce785991a219129777c5e0e4416ac7607a82aa7dda68ce51a"
"Globale Navigation";"Navigation, Sprache & Installation";"Mobile Installation";"Überschrift";"Vollständiger App-Name auf dem Startbildschirm und in der Installationsansicht";"Helsana Gesundheitscheck";"Bilan de santé Helsana";"";"";"Marketing";"Prüfung erforderlich";"Wird beim Build automatisch in das sprachspezifische Web-App-Manifest übernommen.";"";"";"shell.manifest.name";"shell";"fr-CH";"3";"v1:d69b55804c14335744a0a12a0aa976d1ec91e2438349a6a77f6bb61bec9ba1ac";"9a3459d11164d231cd79dd32865d60c52668c028f3c0e316743c1987d5ee52be"
"Globale Navigation";"Navigation, Sprache & Installation";"Mobile Installation";"Detailtext";"Kurzbeschreibung der installierbaren Web-App";"Ihr persönlicher Gesundheitscheck von Helsana.";"Votre bilan de santé personnel proposé par Helsana.";"";"";"Marketing, Recht";"Prüfung erforderlich";"Wird beim Build automatisch in das sprachspezifische Web-App-Manifest übernommen.";"";"";"shell.manifest.description";"shell";"fr-CH";"3";"v1:d69b55804c14335744a0a12a0aa976d1ec91e2438349a6a77f6bb61bec9ba1ac";"0266bde47a0db8d14f82439718f6b467e26a03093fe05f74e7e6000f0c38c7f7"
"Globale Navigation";"Navigation, Sprache & Installation";"Seitengerüst";"Überschrift";"Installierte Web-App, Titel auf dem Startbildschirm";"Gesundheitscheck";"Bilan de santé";"";"";"Marketing";"Prüfung erforderlich";"";"";"";"shell.meta.app_title";"shell";"fr-CH";"3";"v1:d69b55804c14335744a0a12a0aa976d1ec91e2438349a6a77f6bb61bec9ba1ac";"9aa34f0e0fc2e3478020710c0ac5969225dc60ad5a16898377e80c1851c18cc3"
"Globale Navigation";"Navigation, Sprache & Installation";"Seitengerüst";"Überschrift";"Startseite, Browser-Titel";"Gesundheitscheck";"Bilan de santé";"";"";"Marketing";"Prüfung erforderlich";"";"";"";"shell.meta.index_title";"shell";"fr-CH";"3";"v1:d69b55804c14335744a0a12a0aa976d1ec91e2438349a6a77f6bb61bec9ba1ac";"e98518cb4e0462c5e2ad2d116fb1933cf296d6f20c61fdb9f78549191da52a60"
"Globale Navigation";"Navigation, Sprache & Installation";"Seitengerüst";"Detailtext";"Startseite, Meta-Beschreibung";"Digitaler Gesundheitscheck: Ihr persönlicher Healthspan- und Präventions-Check. Keine Diagnose, sondern eine motivierende Standortbestimmung.";"Bilan de santé numérique : votre bilan personnel axé sur la longévité en bonne santé et la prévention. Il ne s’agit pas d’un diagnostic, mais d’un état des lieux motivant.";"";"";"Marketing, Recht";"Prüfung erforderlich";"Meta-Text vor Go-live sprachlich und rechtlich freigeben.";"";"";"shell.meta.index_description";"shell";"fr-CH";"3";"v1:d69b55804c14335744a0a12a0aa976d1ec91e2438349a6a77f6bb61bec9ba1ac";"df4ce0ffc0c91a031e9b19994e8ec46e9f7eb683870101e9d8c4a1c9b0d31c37"
"Globale Navigation";"Navigation, Sprache & Installation";"Fusszeile";"Barrierefreie Beschriftung";"Hinweistitel eines noch nicht verlinkten Platzhalters";"Platzhalter – echten Link ergänzen";"Espace réservé – ajouter le lien définitif";"";"";"Marketing";"Prüfung erforderlich";"Wird entfernt, sobald der jeweilige Link produktiv ist.";"";"";"shell.placeholder.link_title";"shell";"fr-CH";"3";"v1:d69b55804c14335744a0a12a0aa976d1ec91e2438349a6a77f6bb61bec9ba1ac";"7e20238683e4fcf1f0efa131318f4f7a82dee3f7b635dbbebfbf1895aec341ef"
"Globale Navigation";"Navigation, Sprache & Installation";"Barrierefreiheit";"Barrierefreie Beschriftung";"Facebook-Platzhalter in der Fusszeile";"Facebook (Platzhalter)";"Facebook (espace réservé)";"";"";"Marketing";"Prüfung erforderlich";"Ziel-Link vor Go-live ergänzen.";"";"";"shell.social.facebook_aria";"shell";"fr-CH";"3";"v1:d69b55804c14335744a0a12a0aa976d1ec91e2438349a6a77f6bb61bec9ba1ac";"e4f70040c13b44b2547f8c98ea126953babecd129e19d7cff803cbfa58944880"
"Globale Navigation";"Navigation, Sprache & Installation";"Barrierefreiheit";"Barrierefreie Beschriftung";"Instagram-Platzhalter in der Fusszeile";"Instagram (Platzhalter)";"Instagram (espace réservé)";"";"";"Marketing";"Prüfung erforderlich";"Ziel-Link vor Go-live ergänzen.";"";"";"shell.social.instagram_aria";"shell";"fr-CH";"3";"v1:d69b55804c14335744a0a12a0aa976d1ec91e2438349a6a77f6bb61bec9ba1ac";"978d2d066a4b29cb637cfd7f495de03de01db2656e6ebb894e950980776d4a13"
"Globale Navigation";"Navigation, Sprache & Installation";"Barrierefreiheit";"Barrierefreie Beschriftung";"LinkedIn-Platzhalter in der Fusszeile";"LinkedIn (Platzhalter)";"LinkedIn (espace réservé)";"";"";"Marketing";"Prüfung erforderlich";"Ziel-Link vor Go-live ergänzen.";"";"";"shell.social.linkedin_aria";"shell";"fr-CH";"3";"v1:d69b55804c14335744a0a12a0aa976d1ec91e2438349a6a77f6bb61bec9ba1ac";"2c387cbd931c630ae83637634974624d119f660e7c1de951ca6f565c5f39e82b"
"Globale Navigation";"Navigation, Sprache & Installation";"Barrierefreiheit";"Barrierefreie Beschriftung";"YouTube-Platzhalter in der Fusszeile";"YouTube (Platzhalter)";"YouTube (espace réservé)";"";"";"Marketing";"Prüfung erforderlich";"Ziel-Link vor Go-live ergänzen.";"";"";"shell.social.youtube_aria";"shell";"fr-CH";"3";"v1:d69b55804c14335744a0a12a0aa976d1ec91e2438349a6a77f6bb61bec9ba1ac";"e90426bd401afb77c8a967feebdd4554299989485c12f30461b3c2d33e6ca68a"
"Globale Navigation";"Navigation, Sprache & Installation";"Kopf- und Fusszeile";"Beschriftung";"Link zu myHelsana";"myHelsana";"myHelsana";"";"";"Marketing";"Prüfung erforderlich";"Markenname nicht übersetzen.";"";"";"shell.utility.myhelsana";"shell";"fr-CH";"3";"v1:d69b55804c14335744a0a12a0aa976d1ec91e2438349a6a77f6bb61bec9ba1ac";"5dc6c527d047d8edf655c777e9ee08516f20ac4b119224728aadaae7698c1943"
"Globale Navigation";"Navigation, Sprache & Installation";"Kopf- und Fusszeile";"Beschriftung";"Link zum Bereich für Privatpersonen";"Für Private";"Pour les particuliers";"";"";"Marketing";"Prüfung erforderlich";"";"";"";"shell.utility.private";"shell";"fr-CH";"3";"v1:d69b55804c14335744a0a12a0aa976d1ec91e2438349a6a77f6bb61bec9ba1ac";"2e6b1ec9b259d7a6a320cd9accb5869f82624170b079f02f1575f9f01f34fbb7"
"Globale Navigation";"Navigation, Sprache & Installation";"Kopf- und Fusszeile";"Beschriftung";"Link zum Bereich für Unternehmen";"Für Unternehmen";"Pour les entreprises";"";"";"Marketing";"Prüfung erforderlich";"";"";"";"shell.utility.business";"shell";"fr-CH";"3";"v1:d69b55804c14335744a0a12a0aa976d1ec91e2438349a6a77f6bb61bec9ba1ac";"2c99c73de57818c534bd496667f280356612b2ff54542e98e9a0e65f8238c32c"
"Globale Navigation";"Navigation, Sprache & Installation";"Kopfzeile";"Beschriftung";"Helsana-Gruppenmenü";"Helsana-Gruppe";"Groupe Helsana";"";"";"Marketing";"Prüfung erforderlich";"";"";"";"shell.utility.group";"shell";"fr-CH";"3";"v1:d69b55804c14335744a0a12a0aa976d1ec91e2438349a6a77f6bb61bec9ba1ac";"fb2b14a1e6cdaec631d2e84f5aaf03667a4311f5d44117a2f88328362cbc4559"
"Globale Navigation";"Navigation, Sprache & Installation";"Kopfzeile";"Beschriftung";"Link zum Helsana-Blog";"Blog";"Blog";"";"";"Marketing";"Prüfung erforderlich";"";"";"";"shell.utility.blog";"shell";"fr-CH";"3";"v1:d69b55804c14335744a0a12a0aa976d1ec91e2438349a6a77f6bb61bec9ba1ac";"f2aa27b4c64807015e3219c6adadcb4253187059ac15ff643c1746d45ccfcff2"
"Globale Navigation";"Navigation, Sprache & Installation";"Barrierefreiheit";"Barrierefreie Beschriftung";"Kopfzeile, barrierefreie Bezeichnung der Helsana-Verweise";"Helsana Verweise";"Liens Helsana";"";"";"Marketing";"Prüfung erforderlich";"";"";"";"shell.utility.nav_aria";"shell";"fr-CH";"3";"v1:d69b55804c14335744a0a12a0aa976d1ec91e2438349a6a77f6bb61bec9ba1ac";"c27ac87c81d6fab784e7ad90b5ec4eb314278dc286cdf1470529c84913582f11"
"Quellen & Transparenz";"Fachquellen & Quellenverzeichnis";"Quellenlinks";"Beschriftung";"Quellenseite, Trennzeichen zwischen mehreren Fachquellen";"·";"·";"";"";"Marketing, Medizin";"Prüfung erforderlich";"Typografisches Trennzeichen; in allen Sprachen unverändert.";"";"";"sources.separator";"sources";"fr-CH";"3";"v1:d69b55804c14335744a0a12a0aa976d1ec91e2438349a6a77f6bb61bec9ba1ac";"23c893f9a4bd495b4fe2ca9f6a4c376628df7b64645360e7327d731f20d9f6c2"
"Quellen & Transparenz";"Fachquellen & Quellenverzeichnis";"Fachliche Freigabe";"Medizinischer Hinweis";"Allgemeine Quellenseite · Prüfhinweis";"Vor produktivem Einsatz sollten die fachlichen Inhalte und Orientierungswerte durch medizinische Fachpersonen von Helsana final geprüft und freigegeben werden.";"Avant l’utilisation en production, les contenus spécialisés et les valeurs d’orientation devraient être contrôlés et validés définitivement par des professionnels de la santé de Helsana.";"";"";"Marketing, Medizin";"Prüfung erforderlich";"";"";"";"sources.review_disclaimer";"sources";"fr-CH";"3";"v1:d69b55804c14335744a0a12a0aa976d1ec91e2438349a6a77f6bb61bec9ba1ac";"59cb13269a8db192c34e1d4b38fdc5ca8c11d7c6e0297ab19476de877e4c0971"
"Quellen & Transparenz";"Fachquellen & Quellenverzeichnis";"Navigation";"Detailtext";"Allgemeine Quellenseite · Zurück-Navigation";"← Zurück zum Check";"← Retour au bilan";"";"";"Marketing, Medizin";"Prüfung erforderlich";"";"";"";"sources.back_to_check";"sources";"fr-CH";"3";"v1:d69b55804c14335744a0a12a0aa976d1ec91e2438349a6a77f6bb61bec9ba1ac";"3793ad8ea0803df2bba7769390019ff7e4f9a0e80af33f10dfacd6d934b5be3a"
"Quellen & Transparenz";"Fachquellen & Quellenverzeichnis";"Blutdruck und Herz-Kreislauf-Prävention";"Überschrift";"Blutdruck · Überschrift";"Blutdruck & Herz-Kreislauf-Prävention";"Tension artérielle et prévention cardiovasculaire";"";"";"Marketing, Medizin";"Prüfung erforderlich";"";"";"";"sources.blood_pressure.title";"sources";"fr-CH";"3";"v1:d69b55804c14335744a0a12a0aa976d1ec91e2438349a6a77f6bb61bec9ba1ac";"566d8775e603fff2fd64e3e70edc561e299e7746657adffac557ce456da9726b"
"Quellen & Transparenz";"Fachquellen & Quellenverzeichnis";"Blutdruck und Herz-Kreislauf-Prävention";"Quellenbezeichnung";"Blutdruck · Quellenangabe";"WHO – Hypertension";"OMS – Hypertension";"";"";"Marketing, Medizin";"Prüfung erforderlich";"";"";"";"sources.blood_pressure.reference";"sources";"fr-CH";"3";"v1:d69b55804c14335744a0a12a0aa976d1ec91e2438349a6a77f6bb61bec9ba1ac";"d150c095dceddd9e1251a9a97c8e0b27e4b6e36cea7db8708bbada606f1c6ce2"
"Quellen & Transparenz";"Fachquellen & Quellenverzeichnis";"Blutdruck und Herz-Kreislauf-Prävention";"Detailtext";"Blutdruck · Fachlicher Punkt";"Bluthochdruck ab 140/90 mmHg (an zwei Tagen gemessen).";"Hypertension à partir de 140/90 mmHg (mesurée sur deux jours).";"";"";"Marketing, Medizin";"Prüfung erforderlich";"";"";"";"sources.blood_pressure.point.1";"sources";"fr-CH";"3";"v1:d69b55804c14335744a0a12a0aa976d1ec91e2438349a6a77f6bb61bec9ba1ac";"6a0d5b79a3eb522fb1402db9486895721e52f37f975c98bcd86426ccaf9917cb"
"Quellen & Transparenz";"Fachquellen & Quellenverzeichnis";"Blutdruck und Herz-Kreislauf-Prävention";"Detailtext";"Blutdruck · Fachlicher Punkt";"Sehr hohe Werte (~180/120 mmHg) → zeitnahe ärztliche Abklärung.";"Valeurs très élevées (env. 180/120 mmHg) → contrôle médical rapide.";"";"";"Marketing, Medizin";"Prüfung erforderlich";"";"";"";"sources.blood_pressure.point.2";"sources";"fr-CH";"3";"v1:d69b55804c14335744a0a12a0aa976d1ec91e2438349a6a77f6bb61bec9ba1ac";"288daea04433a3ffa8579afb2d1b8de0208fd5bb0b33bb34606483431e0052b0"
"Quellen & Transparenz";"Fachquellen & Quellenverzeichnis";"Blutdruck und Herz-Kreislauf-Prävention";"Detailtext";"Blutdruck · Fachlicher Punkt";"Zielwert oft unter 130/80 mmHg bei erhöhtem Risiko, sonst unter 140/90.";"Valeur cible souvent inférieure à 130/80 mmHg en cas de risque accru, sinon inférieure à 140/90.";"";"";"Marketing, Medizin";"Prüfung erforderlich";"";"";"";"sources.blood_pressure.point.3";"sources";"fr-CH";"3";"v1:d69b55804c14335744a0a12a0aa976d1ec91e2438349a6a77f6bb61bec9ba1ac";"aa86d924958591fe8008a334b1b04b1080554f07346baaba3d687421a58c8ed1"
"Quellen & Transparenz";"Fachquellen & Quellenverzeichnis";"Blutdruck und Herz-Kreislauf-Prävention";"Detailtext";"Blutdruck · Fachlicher Punkt";"Lebensstil senkt Blutdruck; Alkohol max. 1 (Frauen) bzw. 2 (Männer) Glas/Tag.";"Le mode de vie peut abaisser la tension artérielle ; alcool : au maximum 1 verre/jour pour les femmes et 2 pour les hommes.";"";"";"Marketing, Medizin";"Prüfung erforderlich";"";"";"";"sources.blood_pressure.point.4";"sources";"fr-CH";"3";"v1:d69b55804c14335744a0a12a0aa976d1ec91e2438349a6a77f6bb61bec9ba1ac";"48cb39839c5c017f7c1663d9bae5c9bbfe8045d338b5075a7984acbffade6b34"
"Quellen & Transparenz";"Fachquellen & Quellenverzeichnis";"Bereichsnummern";"Überschrift";"Quellenkarte · Inhalt";"1";"1";"";"";"Marketing, Medizin";"Prüfung erforderlich";"";"";"";"sources.card.1.number";"sources";"fr-CH";"3";"v1:d69b55804c14335744a0a12a0aa976d1ec91e2438349a6a77f6bb61bec9ba1ac";"a77ee4b08a5c8300c000ee48efe1bc3895ca9898df390d6fb8acbbb0ee2b8a5b"
"Quellen & Transparenz";"Fachquellen & Quellenverzeichnis";"Bereichsnummern";"Überschrift";"Quellenkarte · Inhalt";"10";"10";"";"";"Marketing, Medizin";"Prüfung erforderlich";"";"";"";"sources.card.10.number";"sources";"fr-CH";"3";"v1:d69b55804c14335744a0a12a0aa976d1ec91e2438349a6a77f6bb61bec9ba1ac";"a0fd4a6aabb70202d469d7bd0cd9196db69ecbca9644ab2c88184084c0c2f452"
"Quellen & Transparenz";"Fachquellen & Quellenverzeichnis";"Bereichsnummern";"Überschrift";"Quellenkarte · Inhalt";"2";"2";"";"";"Marketing, Medizin";"Prüfung erforderlich";"";"";"";"sources.card.2.number";"sources";"fr-CH";"3";"v1:d69b55804c14335744a0a12a0aa976d1ec91e2438349a6a77f6bb61bec9ba1ac";"4a49d756029fc0ed78c6f89809b98c726788cf9df3441472a7d6ec83508ba2fc"
"Quellen & Transparenz";"Fachquellen & Quellenverzeichnis";"Bereichsnummern";"Überschrift";"Quellenkarte · Inhalt";"3";"3";"";"";"Marketing, Medizin";"Prüfung erforderlich";"";"";"";"sources.card.3.number";"sources";"fr-CH";"3";"v1:d69b55804c14335744a0a12a0aa976d1ec91e2438349a6a77f6bb61bec9ba1ac";"c89d8613a2d123479280d918265d9c80a853776321029e4a1c9365aa5cf658af"
"Quellen & Transparenz";"Fachquellen & Quellenverzeichnis";"Bereichsnummern";"Überschrift";"Quellenkarte · Inhalt";"4";"4";"";"";"Marketing, Medizin";"Prüfung erforderlich";"";"";"";"sources.card.4.number";"sources";"fr-CH";"3";"v1:d69b55804c14335744a0a12a0aa976d1ec91e2438349a6a77f6bb61bec9ba1ac";"80077427a6bc257a985630caad22415cc56dcc6813311359364e61e00d94c063"
"Quellen & Transparenz";"Fachquellen & Quellenverzeichnis";"Bereichsnummern";"Überschrift";"Quellenkarte · Inhalt";"5";"5";"";"";"Marketing, Medizin";"Prüfung erforderlich";"";"";"";"sources.card.5.number";"sources";"fr-CH";"3";"v1:d69b55804c14335744a0a12a0aa976d1ec91e2438349a6a77f6bb61bec9ba1ac";"aa8e7c4e95d49554df6dc82bba42f8d74b855978899a58730fbff1eb24b71a0d"
"Quellen & Transparenz";"Fachquellen & Quellenverzeichnis";"Bereichsnummern";"Überschrift";"Quellenkarte · Inhalt";"6";"6";"";"";"Marketing, Medizin";"Prüfung erforderlich";"";"";"";"sources.card.6.number";"sources";"fr-CH";"3";"v1:d69b55804c14335744a0a12a0aa976d1ec91e2438349a6a77f6bb61bec9ba1ac";"ffbd5d9ebeffab65c43cb24f41a87805d8a73844950a1eb55ea3c2328c2771e4"
"Quellen & Transparenz";"Fachquellen & Quellenverzeichnis";"Bereichsnummern";"Überschrift";"Quellenkarte · Inhalt";"7";"7";"";"";"Marketing, Medizin";"Prüfung erforderlich";"";"";"";"sources.card.7.number";"sources";"fr-CH";"3";"v1:d69b55804c14335744a0a12a0aa976d1ec91e2438349a6a77f6bb61bec9ba1ac";"6734d36b13a9c3e070034e14d39884995b6d5db26320f82f6cab19b03ee7969b"
"Quellen & Transparenz";"Fachquellen & Quellenverzeichnis";"Bereichsnummern";"Überschrift";"Quellenkarte · Inhalt";"8";"8";"";"";"Marketing, Medizin";"Prüfung erforderlich";"";"";"";"sources.card.8.number";"sources";"fr-CH";"3";"v1:d69b55804c14335744a0a12a0aa976d1ec91e2438349a6a77f6bb61bec9ba1ac";"45c66516977a2a1942a7270d66cc7a097e3dab4d559ec8d665ff7d429a5f855a"
"Quellen & Transparenz";"Fachquellen & Quellenverzeichnis";"Bereichsnummern";"Überschrift";"Quellenkarte · Inhalt";"9";"9";"";"";"Marketing, Medizin";"Prüfung erforderlich";"";"";"";"sources.card.9.number";"sources";"fr-CH";"3";"v1:d69b55804c14335744a0a12a0aa976d1ec91e2438349a6a77f6bb61bec9ba1ac";"5dfeef71ab1bcf7494e40fceff699647406b03cdfe2dc71d944310fc2f820295"
"Quellen & Transparenz";"Fachquellen & Quellenverzeichnis";"Einstieg";"Überschrift";"Einstieg · Überschrift";"Wissenschaftliche Quellen & Grundlagen";"Sources scientifiques et bases";"";"";"Marketing, Medizin";"Prüfung erforderlich";"";"";"";"sources.hero.title";"sources";"fr-CH";"3";"v1:d69b55804c14335744a0a12a0aa976d1ec91e2438349a6a77f6bb61bec9ba1ac";"2c72d44b147bcf17d677bb4d69dd531509fb9a41dd9315ea5f3fe467da45c2d6"
"Quellen & Transparenz";"Fachquellen & Quellenverzeichnis";"Einstieg";"Detailtext";"Einstieg · Inhalt";"Transparenz & Evidenz";"Transparence et données probantes";"";"";"Marketing, Medizin";"Prüfung erforderlich";"";"";"";"sources.hero.eyebrow";"sources";"fr-CH";"3";"v1:d69b55804c14335744a0a12a0aa976d1ec91e2438349a6a77f6bb61bec9ba1ac";"fee11ead8fe30e8f25dc8cc0235992a542e7d256ddcffd60fdee6281aec6f542"
"Quellen & Transparenz";"Fachquellen & Quellenverzeichnis";"Einstieg";"Detailtext";"Einstieg · Inhalt";"Die Empfehlungen des Gesundheitschecks orientieren sich an anerkannten Public-Health-Institutionen und medizinischen Fachgesellschaften. Hier finden Sie die fachlichen Grundlagen je Themenbereich.";"Les recommandations du bilan de santé s’appuient sur des institutions de santé publique reconnues et des sociétés médicales. Vous trouverez ici les bases spécialisées pour chaque thème.";"";"";"Marketing, Medizin";"Prüfung erforderlich";"";"";"";"sources.hero.lead";"sources";"fr-CH";"3";"v1:d69b55804c14335744a0a12a0aa976d1ec91e2438349a6a77f6bb61bec9ba1ac";"390dded42a5c559eb1693aa334db07c5e39c155ce0fcb254b4c286592e1b9b20"
"Quellen & Transparenz";"Fachquellen & Quellenverzeichnis";"Einstieg";"Detailtext";"Einstieg · Stand der Recherche";"Stand der Recherche: Juli 2026";"État de la recherche : juillet 2026";"";"";"Marketing, Medizin";"Prüfung erforderlich";"";"";"";"sources.hero.research_date";"sources";"fr-CH";"3";"v1:d69b55804c14335744a0a12a0aa976d1ec91e2438349a6a77f6bb61bec9ba1ac";"2fc374fb656c4a2ea447f2126af9631e57c2a1d2af5db117ae881515938e026d"
"Quellen & Transparenz";"Fachquellen & Quellenverzeichnis";"Quellenlinks";"Quellenbezeichnung";"Externer Quellenlink · Linkbeschriftung";"cdc.gov";"cdc.gov";"";"";"Marketing, Medizin";"Prüfung erforderlich";"";"";"";"sources.link.cdc";"sources";"fr-CH";"3";"v1:d69b55804c14335744a0a12a0aa976d1ec91e2438349a6a77f6bb61bec9ba1ac";"3329d7e6524f85b22e8564c46110b1798cc47577413225889561333eb9e0acc8"
"Quellen & Transparenz";"Fachquellen & Quellenverzeichnis";"Quellenlinks";"Quellenbezeichnung";"Externer Quellenlink · Linkbeschriftung";"espen.org";"espen.org";"";"";"Marketing, Medizin";"Prüfung erforderlich";"";"";"";"sources.link.espen";"sources";"fr-CH";"3";"v1:d69b55804c14335744a0a12a0aa976d1ec91e2438349a6a77f6bb61bec9ba1ac";"f2494cc3e55b416b133256bc3e531915f548d131cbd1ed49ac2deea691f3b064"
"Quellen & Transparenz";"Fachquellen & Quellenverzeichnis";"Quellenlinks";"Quellenbezeichnung";"Externer Quellenlink · Linkbeschriftung";"jissn.biomedcentral.com";"jissn.biomedcentral.com";"";"";"Marketing, Medizin";"Prüfung erforderlich";"";"";"";"sources.link.jissn";"sources";"fr-CH";"3";"v1:d69b55804c14335744a0a12a0aa976d1ec91e2438349a6a77f6bb61bec9ba1ac";"dd7213746ac535c80f65b323cbc1c7117153918c50f661949893c1ecfc15eff6"
"Quellen & Transparenz";"Fachquellen & Quellenverzeichnis";"Quellenlinks";"Quellenbezeichnung";"Externer Quellenlink · Linkbeschriftung";"pubmed.ncbi.nlm.nih.gov";"pubmed.ncbi.nlm.nih.gov";"";"";"Marketing, Medizin";"Prüfung erforderlich";"";"";"";"sources.link.pubmed";"sources";"fr-CH";"3";"v1:d69b55804c14335744a0a12a0aa976d1ec91e2438349a6a77f6bb61bec9ba1ac";"361b75fe7fad2f097459174312b49d191e36b28f163affbb41d5f8a0bd49f18f"
"Quellen & Transparenz";"Fachquellen & Quellenverzeichnis";"Quellenlinks";"Quellenbezeichnung";"Externer Quellenlink · Linkbeschriftung";"who.int";"who.int";"";"";"Marketing, Medizin";"Prüfung erforderlich";"";"";"";"sources.link.who";"sources";"fr-CH";"3";"v1:d69b55804c14335744a0a12a0aa976d1ec91e2438349a6a77f6bb61bec9ba1ac";"745988777d0f6ff84e8aa3b353559ae9b3f4c833bf5a51eae2ff32367c2760f7"
"Quellen & Transparenz";"Fachquellen & Quellenverzeichnis";"Blutfette";"Überschrift";"Blutfette · Überschrift";"Blutfette, ApoB, LDL, Non-HDL & Lp(a)";"Lipides sanguins, ApoB, LDL, non-HDL et Lp(a)";"";"";"Marketing, Medizin";"Prüfung erforderlich";"";"";"";"sources.lipids.title";"sources";"fr-CH";"3";"v1:d69b55804c14335744a0a12a0aa976d1ec91e2438349a6a77f6bb61bec9ba1ac";"b33ae67e75abaaad0efb41b993eae1bc583c7caae757e6a0651dfa9879eb896b"
"Quellen & Transparenz";"Fachquellen & Quellenverzeichnis";"Blutfette";"Quellenbezeichnung";"Blutfette · Linkbeschriftung";"Diese Werte müssen Sie kennen";"Les valeurs que vous devez connaître";"";"";"Marketing, Medizin";"Prüfung erforderlich";"";"";"";"sources.lipids.link_label";"sources";"fr-CH";"3";"v1:d69b55804c14335744a0a12a0aa976d1ec91e2438349a6a77f6bb61bec9ba1ac";"40b184c78b5ca7753040171f2cb1e30ea1e7f236df5d229b05a5b5313ae69a8b"
"Quellen & Transparenz";"Fachquellen & Quellenverzeichnis";"Blutfette";"Quellenbezeichnung";"Blutfette · Quellenangabe";"Konsens medizinischer Fachgesellschaften (u. a. ESC/EAS-Leitlinien zur Dyslipidämie) · Schweizerische Herzstiftung –";"Consensus de sociétés médicales (notamment les recommandations ESC/EAS sur les dyslipidémies) · Fondation Suisse de Cardiologie –";"";"";"Marketing, Medizin";"Prüfung erforderlich";"";"";"";"sources.lipids.reference";"sources";"fr-CH";"3";"v1:d69b55804c14335744a0a12a0aa976d1ec91e2438349a6a77f6bb61bec9ba1ac";"c6bcde6e142e34bc73910905c90dee9b460c415df708a14a28295002cc8828d1"
"Quellen & Transparenz";"Fachquellen & Quellenverzeichnis";"Blutfette";"Detailtext";"Blutfette · Fachlicher Punkt";"ApoB ≈ Anzahl gefässschädigender Partikel; bildet Risiko oft genauer ab als LDL allein.";"ApoB ≈ nombre de particules qui endommagent les vaisseaux ; reflète souvent le risque avec plus de précision que le LDL seul.";"";"";"Marketing, Medizin";"Prüfung erforderlich";"";"";"";"sources.lipids.point.1";"sources";"fr-CH";"3";"v1:d69b55804c14335744a0a12a0aa976d1ec91e2438349a6a77f6bb61bec9ba1ac";"4d1013378592d5d4be224f8fb2696163b9b0d2d0867c330bf5e64ea9178abadc"
"Quellen & Transparenz";"Fachquellen & Quellenverzeichnis";"Blutfette";"Detailtext";"Blutfette · Fachlicher Punkt";"LDL-Cholesterin: zentraler Faktor der Atherosklerose; Non-HDL als einfacher Kombinationswert.";"Cholestérol LDL : facteur central de l’athérosclérose ; le non-HDL constitue une valeur combinée simple.";"";"";"Marketing, Medizin";"Prüfung erforderlich";"";"";"";"sources.lipids.point.2";"sources";"fr-CH";"3";"v1:d69b55804c14335744a0a12a0aa976d1ec91e2438349a6a77f6bb61bec9ba1ac";"891b83b412a221ce5ee24af8ee8997727020d8a9f87817dc67d4a0b379a6a33a"
"Quellen & Transparenz";"Fachquellen & Quellenverzeichnis";"Blutfette";"Detailtext";"Blutfette · Fachlicher Punkt";"ApoB wünschenswert ca. unter 90–100 mg/dL (grobe Einordnung).";"ApoB souhaitable : environ moins de 90–100 mg/dL (évaluation approximative).";"";"";"Marketing, Medizin";"Prüfung erforderlich";"";"";"";"sources.lipids.point.3";"sources";"fr-CH";"3";"v1:d69b55804c14335744a0a12a0aa976d1ec91e2438349a6a77f6bb61bec9ba1ac";"92204d1136ebd79d03fd0b4e3f6cee3da1394f9b830aba400ea2b4aded51a6e4"
"Quellen & Transparenz";"Fachquellen & Quellenverzeichnis";"Blutfette";"Detailtext";"Blutfette · Fachlicher Punkt";"Lp(a) genetisch bestimmt, einmalige Messung; erhöht über 50 mg/dL bzw. über 125 nmol/L.";"Lp(a) déterminée génétiquement, mesure unique ; élevée au-dessus de 50 mg/dL ou de 125 nmol/L.";"";"";"Marketing, Medizin";"Prüfung erforderlich";"";"";"";"sources.lipids.point.4";"sources";"fr-CH";"3";"v1:d69b55804c14335744a0a12a0aa976d1ec91e2438349a6a77f6bb61bec9ba1ac";"348053897761102d714346513ce61c5b069f0302a553fba2242fc16ba09ff6f5"
"Quellen & Transparenz";"Fachquellen & Quellenverzeichnis";"Mentale Gesundheit";"Überschrift";"Mentale Gesundheit · Überschrift";"Mentale Gesundheit, Stress & soziale Ressourcen";"Santé mentale, stress et ressources sociales";"";"";"Marketing, Medizin";"Prüfung erforderlich";"";"";"";"sources.mental.title";"sources";"fr-CH";"3";"v1:d69b55804c14335744a0a12a0aa976d1ec91e2438349a6a77f6bb61bec9ba1ac";"4fce32646dcfc701d229e60742736efb0fa1f23f3864bb10f93c9b6a55c55e4d"
"Quellen & Transparenz";"Fachquellen & Quellenverzeichnis";"Mentale Gesundheit";"Quellenbezeichnung";"Mentale Gesundheit · Quellenangabe";"WHO zu mentaler Gesundheit · Evidenz zu sozialer Verbundenheit";"OMS sur la santé mentale · données probantes sur les liens sociaux";"";"";"Marketing, Medizin";"Prüfung erforderlich";"";"";"";"sources.mental.reference";"sources";"fr-CH";"3";"v1:d69b55804c14335744a0a12a0aa976d1ec91e2438349a6a77f6bb61bec9ba1ac";"37ae9da0e7640bd878b1467805b84ce22f1e16f8da7005fc117f348eadecec0f"
"Quellen & Transparenz";"Fachquellen & Quellenverzeichnis";"Mentale Gesundheit";"Detailtext";"Mentale Gesundheit · Fachlicher Punkt";"Chronischer Stress wirkt auf Schlaf, Blutdruck, Stoffwechsel, Stimmung.";"Le stress chronique agit sur le sommeil, la tension artérielle, le métabolisme et l’humeur.";"";"";"Marketing, Medizin";"Prüfung erforderlich";"";"";"";"sources.mental.point.1";"sources";"fr-CH";"3";"v1:d69b55804c14335744a0a12a0aa976d1ec91e2438349a6a77f6bb61bec9ba1ac";"c03522f288a80da4a5966d8607cfff40e27959a2bc9501183bbf15cbd5117f26"
"Quellen & Transparenz";"Fachquellen & Quellenverzeichnis";"Mentale Gesundheit";"Detailtext";"Mentale Gesundheit · Fachlicher Punkt";"Soziale Verbundenheit schützt; Einsamkeit ist ein Risikofaktor.";"Les liens sociaux ont un effet protecteur ; la solitude est un facteur de risque.";"";"";"Marketing, Medizin";"Prüfung erforderlich";"";"";"";"sources.mental.point.2";"sources";"fr-CH";"3";"v1:d69b55804c14335744a0a12a0aa976d1ec91e2438349a6a77f6bb61bec9ba1ac";"b56c6db371ef860bd1c93732abe87d07a5b7588fc922bf9e83d60f8583126e5b"
"Quellen & Transparenz";"Fachquellen & Quellenverzeichnis";"Mentale Gesundheit";"Detailtext";"Mentale Gesundheit · Fachlicher Punkt";"Akute Krise: CH Tel. 143 (Dargebotene Hand), Notruf 144.";"Crise aiguë : en Suisse, tél. 143 (La Main Tendue), numéro d’urgence 144.";"";"";"Marketing, Medizin";"Prüfung erforderlich";"";"";"";"sources.mental.point.3";"sources";"fr-CH";"3";"v1:d69b55804c14335744a0a12a0aa976d1ec91e2438349a6a77f6bb61bec9ba1ac";"ec611d7fa683f47478e5b1da9c66bbb97d817629c159db57677454d90f6616c0"
"Quellen & Transparenz";"Fachquellen & Quellenverzeichnis";"Seitenmetadaten";"Überschrift";"Seitendaten · Überschrift";"Wissenschaftliche Quellen & Grundlagen – Gesundheitscheck";"Sources scientifiques et bases – bilan de santé";"";"";"Marketing, Medizin";"Prüfung erforderlich";"";"";"";"sources.meta.title";"sources";"fr-CH";"3";"v1:d69b55804c14335744a0a12a0aa976d1ec91e2438349a6a77f6bb61bec9ba1ac";"04778719bf34e0634a46236a8ba9f035f34561068f13c784f083f807ce7c8e00"
"Quellen & Transparenz";"Fachquellen & Quellenverzeichnis";"Seitenmetadaten";"Detailtext";"Seitendaten · Inhalt";"Wissenschaftliche Quellen und fachliche Grundlagen des Gesundheitschecks: Empfehlungen von WHO, CDC und medizinischen Fachgesellschaften.";"Sources scientifiques et bases spécialisées du bilan de santé : recommandations de l’OMS, des CDC et des sociétés médicales.";"";"";"Marketing, Medizin";"Prüfung erforderlich";"";"";"";"sources.meta.description";"sources";"fr-CH";"3";"v1:d69b55804c14335744a0a12a0aa976d1ec91e2438349a6a77f6bb61bec9ba1ac";"f681c1dc14434cc31e6f530c685a035391cb0e95a7e6c9c451c8cd3ef812012a"
"Quellen & Transparenz";"Fachquellen & Quellenverzeichnis";"Metabolische Gesundheit";"Überschrift";"Stoffwechsel · Überschrift";"Metabolische Gesundheit, Blutzucker & HbA1c";"Santé métabolique, glycémie et HbA1c";"";"";"Marketing, Medizin";"Prüfung erforderlich";"";"";"";"sources.metabolic.title";"sources";"fr-CH";"3";"v1:d69b55804c14335744a0a12a0aa976d1ec91e2438349a6a77f6bb61bec9ba1ac";"f466e4fb1a3b2414be59ccd30f61b7dedfc9757bb24e6e6c2644a3fb1a0614fc"
"Quellen & Transparenz";"Fachquellen & Quellenverzeichnis";"Metabolische Gesundheit";"Quellenbezeichnung";"Stoffwechsel · Quellenangabe";"WHO/ADA-Kriterien zu (Prä-)Diabetes";"Critères de l’OMS et de l’ADA concernant le (pré)diabète";"";"";"Marketing, Medizin";"Prüfung erforderlich";"";"";"";"sources.metabolic.reference";"sources";"fr-CH";"3";"v1:d69b55804c14335744a0a12a0aa976d1ec91e2438349a6a77f6bb61bec9ba1ac";"71a5ad48a43ad5566976a5978867d7ef0695034f430439880451bc5bc25fa8f8"
"Quellen & Transparenz";"Fachquellen & Quellenverzeichnis";"Metabolische Gesundheit";"Detailtext";"Stoffwechsel · Fachlicher Punkt";"HbA1c: normal unter 5,7 %; Prädiabetes 5,7–6,4 %; Diabetes ab 6,5 %.";"HbA1c : normale en dessous de 5,7 % ; prédiabète de 5,7 à 6,4 % ; diabète à partir de 6,5 %.";"";"";"Marketing, Medizin";"Prüfung erforderlich";"";"";"";"sources.metabolic.point.1";"sources";"fr-CH";"3";"v1:d69b55804c14335744a0a12a0aa976d1ec91e2438349a6a77f6bb61bec9ba1ac";"52fb193b1147f407b9f01160c84620531211a603a5aa96b2df491d13dc018bd7"
"Quellen & Transparenz";"Fachquellen & Quellenverzeichnis";"Metabolische Gesundheit";"Detailtext";"Stoffwechsel · Fachlicher Punkt";"Nüchternblutzucker: normal unter 5,6; Prädiabetes 5,6–6,9; Diabetes ab 7,0 mmol/L.";"Glycémie à jeun : normale en dessous de 5,6 ; prédiabète de 5,6 à 6,9 ; diabète à partir de 7,0 mmol/L.";"";"";"Marketing, Medizin";"Prüfung erforderlich";"";"";"";"sources.metabolic.point.2";"sources";"fr-CH";"3";"v1:d69b55804c14335744a0a12a0aa976d1ec91e2438349a6a77f6bb61bec9ba1ac";"d3530a98cc0528c417172cbf3dd399242d6100fa973c7588590d11e945c731c6"
"Quellen & Transparenz";"Fachquellen & Quellenverzeichnis";"Metabolische Gesundheit";"Detailtext";"Stoffwechsel · Fachlicher Punkt";"Triglyceride: normal unter 1,7 mmol/L (unter 150 mg/dL).";"Triglycérides : normaux en dessous de 1,7 mmol/L (moins de 150 mg/dL).";"";"";"Marketing, Medizin";"Prüfung erforderlich";"";"";"";"sources.metabolic.point.3";"sources";"fr-CH";"3";"v1:d69b55804c14335744a0a12a0aa976d1ec91e2438349a6a77f6bb61bec9ba1ac";"9d27361c56b801ac127d2a544b801e4b4e3f07dc6a75f9362a4c1d8c1ab7a997"
"Quellen & Transparenz";"Fachquellen & Quellenverzeichnis";"Metabolische Gesundheit";"Detailtext";"Stoffwechsel · Fachlicher Punkt";"Prädiabetes oft reversibel durch Bewegung, Gewichtsmanagement, Ernährung.";"Le prédiabète est souvent réversible grâce à l’activité physique, à la gestion du poids et à l’alimentation.";"";"";"Marketing, Medizin";"Prüfung erforderlich";"";"";"";"sources.metabolic.point.4";"sources";"fr-CH";"3";"v1:d69b55804c14335744a0a12a0aa976d1ec91e2438349a6a77f6bb61bec9ba1ac";"179eee88c55d5649484e3f10bb6ac374ec91f855c8bb64126233db40103cbbc2"
"Quellen & Transparenz";"Fachquellen & Quellenverzeichnis";"Medizinischer Hinweis";"Medizinischer Hinweis";"Hinweis · Inhalt";"Hinweis:";"Remarque :";"";"";"Marketing, Medizin";"Prüfung erforderlich";"";"";"";"sources.notice.label";"sources";"fr-CH";"3";"v1:d69b55804c14335744a0a12a0aa976d1ec91e2438349a6a77f6bb61bec9ba1ac";"cf5b3a281b366fcfe8c22542f8ac8ce2dc9632dc3891943750b01800beef5eb1"
"Quellen & Transparenz";"Fachquellen & Quellenverzeichnis";"Medizinischer Hinweis";"Medizinischer Hinweis";"Hinweis · Inhalt";"Die Inhalte sind präventiv formuliert und stellen keine Diagnose, Therapie oder medizinische Beratung dar. Orientierungswerte sind grobe Richtwerte, keine Diagnosegrenzen.";"Les contenus sont formulés dans une optique de prévention et ne constituent ni un diagnostic, ni un traitement, ni un conseil médical. Les valeurs d’orientation sont des repères approximatifs, et non des seuils diagnostiques.";"";"";"Marketing, Medizin";"Prüfung erforderlich";"";"";"";"sources.notice.text";"sources";"fr-CH";"3";"v1:d69b55804c14335744a0a12a0aa976d1ec91e2438349a6a77f6bb61bec9ba1ac";"915ff8e8fd45f0ea7dfafd7c1148971fd0c0c3d4039ad3e20f45ec111aad1d57"
"Quellen & Transparenz";"Fachquellen & Quellenverzeichnis";"Ernährung";"Überschrift";"Ernährung · Überschrift";"Ernährung";"Alimentation";"";"";"Marketing, Medizin";"Prüfung erforderlich";"";"";"";"sources.nutrition.title";"sources";"fr-CH";"3";"v1:d69b55804c14335744a0a12a0aa976d1ec91e2438349a6a77f6bb61bec9ba1ac";"48aee7aceacf3519649163990f54629ee750b8c4b6e993485affba8a6c398b2b"
"Quellen & Transparenz";"Fachquellen & Quellenverzeichnis";"Ernährung";"Detailtext";"Ernährung · Fachlicher Punkt";"≥ 400 g Gemüse & Früchte/Tag (rund fünf Portionen).";"≥ 400 g de légumes et de fruits/jour (environ cinq portions).";"";"";"Marketing, Medizin";"Prüfung erforderlich";"";"";"";"sources.nutrition.point.1";"sources";"fr-CH";"3";"v1:d69b55804c14335744a0a12a0aa976d1ec91e2438349a6a77f6bb61bec9ba1ac";"40da5c51bed0ebb4cc287dd0166cb34760ba2e686275b7de47bf7fec1f0edbdb"
"Quellen & Transparenz";"Fachquellen & Quellenverzeichnis";"Ernährung";"Detailtext";"Ernährung · Fachlicher Punkt";"≥ 25 g Ballaststoffe/Tag (Hülsenfrüchte, Vollkorn).";"≥ 25 g de fibres alimentaires/jour (légumineuses, céréales complètes).";"";"";"Marketing, Medizin";"Prüfung erforderlich";"";"";"";"sources.nutrition.point.2";"sources";"fr-CH";"3";"v1:d69b55804c14335744a0a12a0aa976d1ec91e2438349a6a77f6bb61bec9ba1ac";"ad943341fad77c097019bccf4326c4994700abdfc67412e352553acc94e31405"
"Quellen & Transparenz";"Fachquellen & Quellenverzeichnis";"Ernährung";"Detailtext";"Ernährung · Fachlicher Punkt";"Freie Zucker unter 10 % der Energie (~50 g), idealerweise unter 5 %.";"Sucres libres : moins de 10 % de l’apport énergétique (env. 50 g), idéalement moins de 5 %.";"";"";"Marketing, Medizin";"Prüfung erforderlich";"";"";"";"sources.nutrition.point.3";"sources";"fr-CH";"3";"v1:d69b55804c14335744a0a12a0aa976d1ec91e2438349a6a77f6bb61bec9ba1ac";"ef0d6cf7997ed4cfe03d8d0d4958c554165f3b8464d36e7fbd26fe82737156bb"
"Quellen & Transparenz";"Fachquellen & Quellenverzeichnis";"Ernährung";"Detailtext";"Ernährung · Fachlicher Punkt";"Salz unter 5 g/Tag; gesättigte Fette unter 10 % der Energie.";"Sel : moins de 5 g/jour ; graisses saturées : moins de 10 % de l’apport énergétique.";"";"";"Marketing, Medizin";"Prüfung erforderlich";"";"";"";"sources.nutrition.point.4";"sources";"fr-CH";"3";"v1:d69b55804c14335744a0a12a0aa976d1ec91e2438349a6a77f6bb61bec9ba1ac";"24d5e3a2bb866ce375811bae0245516caaedc89035d5007887a521d169e3e1ca"
"Quellen & Transparenz";"Fachquellen & Quellenverzeichnis";"Ernährung";"Detailtext";"Ernährung · Fachlicher Punkt";"Bei regelmässigem Krafttraining sind für gesunde Erwachsene 1,4–1,6 g Protein/kg/Tag eine praktische Orientierung; zusätzliche Vorteile flachen im Mittel ab rund 1,6 g/kg/Tag deutlich ab.";"En cas de musculation régulière, 1,4–1,6 g de protéines/kg/jour constitue un repère pratique pour les adultes en bonne santé ; les bénéfices supplémentaires moyens diminuent nettement à partir d’environ 1,6 g/kg/jour.";"";"";"Marketing, Medizin";"Prüfung erforderlich";"";"";"";"sources.nutrition.point.5";"sources";"fr-CH";"3";"v1:d69b55804c14335744a0a12a0aa976d1ec91e2438349a6a77f6bb61bec9ba1ac";"68d928ac5be108c1fce444c345eba95b42c24c70667368aef57ce6ad1e123cb5"
"Quellen & Transparenz";"Fachquellen & Quellenverzeichnis";"Ernährung";"Detailtext";"Ernährung · Fachlicher Punkt";"Bis etwa 2,0 g/kg/Tag sind nur ein möglicher individueller Spielraum bei sehr hoher Trainingsbelastung oder gezieltem Energiedefizit – kein allgemeines Ziel und nicht allein durch das Alter begründet.";"Une quantité allant jusqu’à environ 2,0 g/kg/jour représente uniquement une marge individuelle possible en cas de charge d’entraînement très élevée ou de déficit énergétique ciblé ; ce n’est pas un objectif général et l’âge seul ne le justifie pas.";"";"";"Marketing, Medizin";"Prüfung erforderlich";"";"";"";"sources.nutrition.point.6";"sources";"fr-CH";"3";"v1:d69b55804c14335744a0a12a0aa976d1ec91e2438349a6a77f6bb61bec9ba1ac";"be055408340225cbe1074ebeb0c2bb9d29d0bd8a924664aa266d869ee36b7b4d"
"Quellen & Transparenz";"Fachquellen & Quellenverzeichnis";"Ernährung";"Detailtext";"Ernährung · Fachlicher Punkt";"Die Proteinfrage misst die Regelmässigkeit von Proteinquellen, nicht die tatsächliche Tagesmenge.";"La question sur les protéines mesure la régularité de la consommation de sources de protéines, et non la quantité quotidienne réelle.";"";"";"Marketing, Medizin";"Prüfung erforderlich";"";"";"";"sources.nutrition.point.7";"sources";"fr-CH";"3";"v1:d69b55804c14335744a0a12a0aa976d1ec91e2438349a6a77f6bb61bec9ba1ac";"22e216b407ff9cdcc01cab05f9f4e5aa5b745c63759bed2bb2324d5d94fbc557"
"Quellen & Transparenz";"Fachquellen & Quellenverzeichnis";"Ernährung";"Detailtext";"Ernährung · Fachlicher Punkt";"Mehr pflanzliche und weniger stark verarbeitete Lebensmittel.";"Davantage d’aliments végétaux et moins d’aliments fortement transformés.";"";"";"Marketing, Medizin";"Prüfung erforderlich";"";"";"";"sources.nutrition.point.8";"sources";"fr-CH";"3";"v1:d69b55804c14335744a0a12a0aa976d1ec91e2438349a6a77f6bb61bec9ba1ac";"36775db4c98aa67c3c86fdbb9400cf4e3697f2ee8039d6c24ec691be20c91291"
"Quellen & Transparenz";"Fachquellen & Quellenverzeichnis";"Ernährung";"Quellenbezeichnung";"Ernährung · Inhalt";"Protein im Alter – ESPEN Practical Guideline";"Protéines avec l’avancée en âge – guide pratique de l’ESPEN";"";"";"Marketing, Medizin";"Prüfung erforderlich";"";"";"";"sources.nutrition.reference.espen";"sources";"fr-CH";"3";"v1:d69b55804c14335744a0a12a0aa976d1ec91e2438349a6a77f6bb61bec9ba1ac";"c8c2a58f48a3752ff0ec0d0ce75395a8c56a4f55b0aff9ce20ebb47422033d10"
"Quellen & Transparenz";"Fachquellen & Quellenverzeichnis";"Ernährung";"Quellenbezeichnung";"Ernährung · Inhalt";"Protein & Training – ISSN Position Stand";"Protéines et entraînement – prise de position de l’ISSN";"";"";"Marketing, Medizin";"Prüfung erforderlich";"";"";"";"sources.nutrition.reference.issn";"sources";"fr-CH";"3";"v1:d69b55804c14335744a0a12a0aa976d1ec91e2438349a6a77f6bb61bec9ba1ac";"a0dac25fcb72c0cd42e0dce13766f7b65ad55d878eccd7c567594830bd3e767b"
"Quellen & Transparenz";"Fachquellen & Quellenverzeichnis";"Ernährung";"Quellenbezeichnung";"Ernährung · Inhalt";"Protein & Krafttraining – Morton et al., Meta-Analyse";"Protéines et musculation – Morton et al., méta-analyse";"";"";"Marketing, Medizin";"Prüfung erforderlich";"";"";"";"sources.nutrition.reference.morton";"sources";"fr-CH";"3";"v1:d69b55804c14335744a0a12a0aa976d1ec91e2438349a6a77f6bb61bec9ba1ac";"f6f3fb49204907d1b17e7693f37510b0b336ee81ae06b0866123401df8df4b6f"
"Quellen & Transparenz";"Fachquellen & Quellenverzeichnis";"Ernährung";"Quellenbezeichnung";"Ernährung · Inhalt";"WHO – Healthy diet";"OMS – Alimentation saine";"";"";"Marketing, Medizin";"Prüfung erforderlich";"";"";"";"sources.nutrition.reference.who";"sources";"fr-CH";"3";"v1:d69b55804c14335744a0a12a0aa976d1ec91e2438349a6a77f6bb61bec9ba1ac";"e286099cfef53a804584c812a0ff81cf33b30bfdcba418b67cf91a29089d4cf9"
"Quellen & Transparenz";"Fachquellen & Quellenverzeichnis";"Bewegung und körperliche Leistungsfähigkeit";"Überschrift";"Körperliche Aktivität · Überschrift";"Bewegung & körperliche Leistungsfähigkeit";"Activité physique et capacités physiques";"";"";"Marketing, Medizin";"Prüfung erforderlich";"";"";"";"sources.physical.title";"sources";"fr-CH";"3";"v1:d69b55804c14335744a0a12a0aa976d1ec91e2438349a6a77f6bb61bec9ba1ac";"53d592327273736682aae9f8ef884a3d133197c5ffb07d58767b146e88b62278"
"Quellen & Transparenz";"Fachquellen & Quellenverzeichnis";"Bewegung und körperliche Leistungsfähigkeit";"Quellenbezeichnung";"Körperliche Aktivität · Quellenangabe";"WHO – Physical activity · WHO Guidelines on physical activity and sedentary behaviour (2020)";"OMS – Activité physique · Lignes directrices de l’OMS sur l’activité physique et la sédentarité (2020)";"";"";"Marketing, Medizin";"Prüfung erforderlich";"";"";"";"sources.physical.reference";"sources";"fr-CH";"3";"v1:d69b55804c14335744a0a12a0aa976d1ec91e2438349a6a77f6bb61bec9ba1ac";"1d47056c1acf0fbd8d877ac5cba4d9097fa0cc5870b6bab5ccfa7f70bd74b366"
"Quellen & Transparenz";"Fachquellen & Quellenverzeichnis";"Bewegung und körperliche Leistungsfähigkeit";"Detailtext";"Körperliche Aktivität · Fachlicher Punkt";"150–300 Min./Woche moderate oder 75–150 Min./Woche intensive Ausdaueraktivität.";"150–300 min/semaine d’activité d’endurance modérée ou 75–150 min/semaine d’activité d’endurance intense.";"";"";"Marketing, Medizin";"Prüfung erforderlich";"";"";"";"sources.physical.point.1";"sources";"fr-CH";"3";"v1:d69b55804c14335744a0a12a0aa976d1ec91e2438349a6a77f6bb61bec9ba1ac";"21375ead4752b0161284910e1d752a41a5a5e5e32dadcc9f3066469d66e788df"
"Quellen & Transparenz";"Fachquellen & Quellenverzeichnis";"Bewegung und körperliche Leistungsfähigkeit";"Detailtext";"Körperliche Aktivität · Fachlicher Punkt";"Muskelkräftigung an ≥ 2 Tagen/Woche.";"Renforcement musculaire au moins 2 jours/semaine.";"";"";"Marketing, Medizin";"Prüfung erforderlich";"";"";"";"sources.physical.point.2";"sources";"fr-CH";"3";"v1:d69b55804c14335744a0a12a0aa976d1ec91e2438349a6a77f6bb61bec9ba1ac";"0d49d204b0b5e0623cb44ddb299ef5be338aabe948c6eda3da220f3f5b0c6d2e"
"Quellen & Transparenz";"Fachquellen & Quellenverzeichnis";"Bewegung und körperliche Leistungsfähigkeit";"Detailtext";"Körperliche Aktivität · Fachlicher Punkt";"Sitzzeit reduzieren – jede Bewegung zählt.";"Réduire le temps passé assis : chaque mouvement compte.";"";"";"Marketing, Medizin";"Prüfung erforderlich";"";"";"";"sources.physical.point.3";"sources";"fr-CH";"3";"v1:d69b55804c14335744a0a12a0aa976d1ec91e2438349a6a77f6bb61bec9ba1ac";"048a9423e8d95f63a8ec103bb02455aedada1cc2a3962bd54358aefd90f00e48"
"Quellen & Transparenz";"Fachquellen & Quellenverzeichnis";"Bewegung und körperliche Leistungsfähigkeit";"Detailtext";"Körperliche Aktivität · Fachlicher Punkt";"Senkt Risiko für Herz-Kreislauf-Erkrankungen, Typ-2-Diabetes, einige Krebsarten, Stürze; verbessert mentale Gesundheit, Schlaf, Körperzusammensetzung.";"Réduit le risque de maladies cardiovasculaires, de diabète de type 2, de certains cancers et de chutes ; améliore la santé mentale, le sommeil et la composition corporelle.";"";"";"Marketing, Medizin";"Prüfung erforderlich";"";"";"";"sources.physical.point.4";"sources";"fr-CH";"3";"v1:d69b55804c14335744a0a12a0aa976d1ec91e2438349a6a77f6bb61bec9ba1ac";"4f2a3d18014c4c8b8e2fc5ac275920f01c8725bf4ed65e77a3662a85affaa38d"
"Quellen & Transparenz";"Fachquellen & Quellenverzeichnis";"Scoring";"Überschrift";"Scoring · Überschrift";"Umsetzung im Scoring";"Mise en œuvre dans le calcul des scores";"";"";"Marketing, Medizin";"Prüfung erforderlich";"";"";"";"sources.scoring.title";"sources";"fr-CH";"3";"v1:d69b55804c14335744a0a12a0aa976d1ec91e2438349a6a77f6bb61bec9ba1ac";"0e19b3c3b83a2816b7e3209e58cdd6268de04bcbad9f258b5345608b1e9129d5"
"Quellen & Transparenz";"Fachquellen & Quellenverzeichnis";"Scoring";"Detailtext";"Scoring · Fachlicher Punkt";"Jede Dimension erhält einen Score 0–100 (gewichteter Mittelwert der beantworteten Items).";"Chaque dimension reçoit un score de 0 à 100 (moyenne pondérée des éléments auxquels vous avez répondu).";"";"";"Marketing, Medizin";"Prüfung erforderlich";"";"";"";"sources.scoring.point.1";"sources";"fr-CH";"3";"v1:d69b55804c14335744a0a12a0aa976d1ec91e2438349a6a77f6bb61bec9ba1ac";"23cc57a56e9a7277523c2ddb13a83c5ab32d9932f12ff6c824cd0057931f4725"
"Quellen & Transparenz";"Fachquellen & Quellenverzeichnis";"Scoring";"Detailtext";"Scoring · Fachlicher Punkt";"Optionale Fitness-Kurztests ergänzen den jeweils passenden Fitness-Teilbereich. Die medizinisch freigegebene Zuordnung bleibt: Liegestütz und Wandsitz bilden gemeinsam die Testhälfte der Muskulatur; der Einbeinstand die Testhälfte von Balance/Beweglichkeit. Beim Liegestütz gilt für Frauen und Männer dieselbe Standard-Ausführung von den Zehen. Männerwerte bis 69 stammen aus einer direkten Referenz. Bei Frauen basiert 18–24 auf einer kleinen direkten Studie und 25–65 auf einer praktischen Orientierung; die höheren Altersbänder bis 94 sind modelliert. Nicht direkt validierte Werte sowie die Wandsitz-Einordnung sind Trainingsorientierungen, keine klinischen Normen oder Diagnosegrenzen.";"Les tests de condition physique facultatifs complètent la sous-dimension correspondante. L’attribution validée sur le plan médical reste inchangée : les pompes et la chaise contre un mur constituent ensemble la moitié « tests » de la forme musculaire ; l’équilibre sur une jambe constitue la moitié « test » de l’équilibre et de la mobilité. Les femmes et les hommes effectuent les mêmes pompes standard sur la pointe des pieds. Les valeurs masculines jusqu’à 69 ans proviennent d’une référence directe. Chez les femmes, les 18–24 ans reposent sur une petite étude directe et les 25–65 ans sur une orientation pratique ; les tranches d’âge supérieures jusqu’à 94 ans sont modélisées. Les valeurs non directement validées, ainsi que l’évaluation de la chaise contre un mur, sont des orientations pour l’entraînement et non des normes cliniques ou des seuils diagnostiques.";"";"";"Marketing, Medizin";"Prüfung erforderlich";"";"";"";"sources.scoring.point.2";"sources";"fr-CH";"3";"v1:d69b55804c14335744a0a12a0aa976d1ec91e2438349a6a77f6bb61bec9ba1ac";"ed8a6ada82c36c444b55ad2679c05334d7acb081d9292cc8dc1385e62e37b674"
"Quellen & Transparenz";"Fachquellen & Quellenverzeichnis";"Scoring";"Detailtext";"Scoring · Fachlicher Punkt";"Statusstufen: 80–100 Stark, 60–79 Solide Basis, 40–59 Ausbaufähig, 0–39 Erhöhte Aufmerksamkeit.";"Niveaux : 80–100 Fort, 60–79 Base solide, 40–59 À améliorer, 0–39 Attention accrue.";"";"";"Marketing, Medizin";"Prüfung erforderlich";"";"";"";"sources.scoring.point.3";"sources";"fr-CH";"3";"v1:d69b55804c14335744a0a12a0aa976d1ec91e2438349a6a77f6bb61bec9ba1ac";"c0af6e1432f3ef5d24577fffd9ee5d5c336589bf3556956ec515f7aa4c07391a"
"Quellen & Transparenz";"Fachquellen & Quellenverzeichnis";"Scoring";"Detailtext";"Scoring · Fachlicher Punkt";"Risikosignale werden in Lebensstilpotenzial vs. medizinische Abklärungsrelevanz unterschieden.";"Les signaux de risque sont répartis entre potentiel d’amélioration du mode de vie et nécessité d’un contrôle médical.";"";"";"Marketing, Medizin";"Prüfung erforderlich";"";"";"";"sources.scoring.point.4";"sources";"fr-CH";"3";"v1:d69b55804c14335744a0a12a0aa976d1ec91e2438349a6a77f6bb61bec9ba1ac";"09f913aa395fd86b797aeb3fa6d88ad9fbd6d8466b36713ac22548f01468a1e4"
"Quellen & Transparenz";"Fachquellen & Quellenverzeichnis";"Scoring";"Detailtext";"Scoring · Fachlicher Punkt";"Stärken, Handlungsfelder und die Top-3-Schritte werden aus denselben antwortbasierten Hebeln abgeleitet (inkl. dimensionsübergreifender Risikomuster, z. B. kardiovaskulär); kritische Signale sind immer vorrangig.";"Les points forts, les domaines d’action et les trois étapes prioritaires reposent sur les mêmes leviers tirés des réponses, y compris les profils de risque qui concernent plusieurs dimensions, par exemple cardiovasculaires ; les signaux critiques sont toujours prioritaires.";"";"";"Marketing, Medizin";"Prüfung erforderlich";"";"";"";"sources.scoring.point.5";"sources";"fr-CH";"3";"v1:d69b55804c14335744a0a12a0aa976d1ec91e2438349a6a77f6bb61bec9ba1ac";"d49040b5b3f9115f2b9d668474faa27e0fe927676adbb77dc217d69a58d37b72"
"Quellen & Transparenz";"Fachquellen & Quellenverzeichnis";"Schlaf und Regeneration";"Überschrift";"Schlaf · Überschrift";"Schlaf & Regeneration";"Sommeil et récupération";"";"";"Marketing, Medizin";"Prüfung erforderlich";"";"";"";"sources.sleep.title";"sources";"fr-CH";"3";"v1:d69b55804c14335744a0a12a0aa976d1ec91e2438349a6a77f6bb61bec9ba1ac";"9f9599ea139bfc9ddcc3f5cf6c6dd3c4bb46ffd203afa700e145cd8d699c7c2d"
"Quellen & Transparenz";"Fachquellen & Quellenverzeichnis";"Schlaf und Regeneration";"Quellenbezeichnung";"Schlaf · Quellenangabe";"CDC – About Sleep";"CDC – À propos du sommeil";"";"";"Marketing, Medizin";"Prüfung erforderlich";"";"";"";"sources.sleep.reference";"sources";"fr-CH";"3";"v1:d69b55804c14335744a0a12a0aa976d1ec91e2438349a6a77f6bb61bec9ba1ac";"bd3e040741c49a677983e9bfefdc998c181e6ffc4d8d0356e59c1c89974025cb"
"Quellen & Transparenz";"Fachquellen & Quellenverzeichnis";"Schlaf und Regeneration";"Detailtext";"Schlaf · Fachlicher Punkt";"Erwachsene: ≥ 7 Stunden (Orientierung 7–9 Stunden).";"Adultes : ≥ 7 heures (repère : 7–9 heures).";"";"";"Marketing, Medizin";"Prüfung erforderlich";"";"";"";"sources.sleep.point.1";"sources";"fr-CH";"3";"v1:d69b55804c14335744a0a12a0aa976d1ec91e2438349a6a77f6bb61bec9ba1ac";"eb617d8df2fa4af2241335316ae8387e887fe2bd268e7c1501def5b01c652b8f"
"Quellen & Transparenz";"Fachquellen & Quellenverzeichnis";"Schlaf und Regeneration";"Detailtext";"Schlaf · Fachlicher Punkt";"Schlafhygiene: feste Zeiten, kühl/dunkel/ruhig, Bildschirme ~30 Min. vorher aus.";"Hygiène du sommeil : horaires fixes, environnement frais, sombre et calme, écrans éteints env. 30 min avant le coucher.";"";"";"Marketing, Medizin";"Prüfung erforderlich";"";"";"";"sources.sleep.point.2";"sources";"fr-CH";"3";"v1:d69b55804c14335744a0a12a0aa976d1ec91e2438349a6a77f6bb61bec9ba1ac";"f6ed87179c5cd290b3e51dfb7b7dfe5adac2c0b79a1640e45641993cfbdca7a3"
"Quellen & Transparenz";"Fachquellen & Quellenverzeichnis";"Schlaf und Regeneration";"Detailtext";"Schlaf · Fachlicher Punkt";"Anhaltende Probleme, Schnarchen oder Atemaussetzer ärztlich abklären.";"Faites examiner médicalement les problèmes persistants, les ronflements ou les pauses respiratoires.";"";"";"Marketing, Medizin";"Prüfung erforderlich";"";"";"";"sources.sleep.point.3";"sources";"fr-CH";"3";"v1:d69b55804c14335744a0a12a0aa976d1ec91e2438349a6a77f6bb61bec9ba1ac";"1b3a715fa9fefe43b1fc525d1731da4a0d78aa9244ce5af0a551e9e554150ccf"
"Quellen & Transparenz";"Fachquellen & Quellenverzeichnis";"Rauchen und Nikotin";"Überschrift";"Rauchen · Überschrift";"Rauchen / Nikotin";"Tabac / nicotine";"";"";"Marketing, Medizin";"Prüfung erforderlich";"";"";"";"sources.smoking.title";"sources";"fr-CH";"3";"v1:d69b55804c14335744a0a12a0aa976d1ec91e2438349a6a77f6bb61bec9ba1ac";"fbebc7db74d9e9e41e9e2c63dbfe79b0185ceba722900a9df2a723a1eeed3a8a"
"Quellen & Transparenz";"Fachquellen & Quellenverzeichnis";"Rauchen und Nikotin";"Quellenbezeichnung";"Rauchen · Quellenangabe";"WHO – Herz-Kreislauf-Erkrankungen & Hypertension";"OMS – Maladies cardiovasculaires et hypertension";"";"";"Marketing, Medizin";"Prüfung erforderlich";"";"";"";"sources.smoking.reference";"sources";"fr-CH";"3";"v1:d69b55804c14335744a0a12a0aa976d1ec91e2438349a6a77f6bb61bec9ba1ac";"a27f659e4dde901bc0e59f7fdd9a050ee3820b4fa5b3c523243cac35afc2c66f"
"Quellen & Transparenz";"Fachquellen & Quellenverzeichnis";"Rauchen und Nikotin";"Detailtext";"Rauchen · Fachlicher Punkt";"Tabak/Nikotin ist ein zentraler, gut beeinflussbarer Risikofaktor.";"Le tabac et la nicotine constituent un facteur de risque central sur lequel il est possible d’agir efficacement.";"";"";"Marketing, Medizin";"Prüfung erforderlich";"";"";"";"sources.smoking.point.1";"sources";"fr-CH";"3";"v1:d69b55804c14335744a0a12a0aa976d1ec91e2438349a6a77f6bb61bec9ba1ac";"979dfaaa5f28e72a2127024292e8ce9e57bade5dd330120a41c896f3940d9d34"
"Quellen & Transparenz";"Fachquellen & Quellenverzeichnis";"Rauchen und Nikotin";"Detailtext";"Rauchen · Fachlicher Punkt";"Rauchstopp senkt das kardiovaskuläre Risiko bereits nach kurzer Zeit.";"L’arrêt du tabac réduit le risque cardiovasculaire après peu de temps déjà.";"";"";"Marketing, Medizin";"Prüfung erforderlich";"";"";"";"sources.smoking.point.2";"sources";"fr-CH";"3";"v1:d69b55804c14335744a0a12a0aa976d1ec91e2438349a6a77f6bb61bec9ba1ac";"c2ca03a9ab9383b7495b78b9e7cb2515ec0914c6a489317ca001340405e56dd0"
"Quellen & Transparenz";"Fachquellen & Quellenverzeichnis";"Krafttraining und gesundes Altern";"Überschrift";"Muskelkraft · Überschrift";"Krafttraining, Muskelmasse & gesundes Altern";"Musculation, masse musculaire et vieillissement en bonne santé";"";"";"Marketing, Medizin";"Prüfung erforderlich";"";"";"";"sources.strength.title";"sources";"fr-CH";"3";"v1:d69b55804c14335744a0a12a0aa976d1ec91e2438349a6a77f6bb61bec9ba1ac";"3e5d4b3a30552681b13274db51c6102ad62ab556005b66bddee232722e2e20b3"
"Quellen & Transparenz";"Fachquellen & Quellenverzeichnis";"Krafttraining und gesundes Altern";"Quellenbezeichnung";"Muskelkraft · Linkbeschriftung";"EWGSOP2";"EWGSOP2";"";"";"Marketing, Medizin";"Prüfung erforderlich";"";"";"";"sources.strength.link_ewgsop";"sources";"fr-CH";"3";"v1:d69b55804c14335744a0a12a0aa976d1ec91e2438349a6a77f6bb61bec9ba1ac";"a3987dc8114c2b47eadf45b0ef5f19720e531c393f036397fc63f68f8f4f2d0a"
"Quellen & Transparenz";"Fachquellen & Quellenverzeichnis";"Krafttraining und gesundes Altern";"Quellenbezeichnung";"Muskelkraft · Linkbeschriftung";"Liegestütz-Kohorte";"Cohorte sur les pompes";"";"";"Marketing, Medizin";"Prüfung erforderlich";"Beobachtungsstudie bei männlichen Feuerwehrleuten; keine Quelle der Referenzbänder.";"";"";"sources.strength.link_pushup";"sources";"fr-CH";"3";"v1:d69b55804c14335744a0a12a0aa976d1ec91e2438349a6a77f6bb61bec9ba1ac";"da77b3ab444e8a1770c9f64f428793f5f58fe5c02dbaafdbd0067d7551169dac"
"Quellen & Transparenz";"Fachquellen & Quellenverzeichnis";"Krafttraining und gesundes Altern";"Quellenbezeichnung";"Muskelkraft · Linkbeschriftung";"Wandsitz-Sicherheit";"Sécurité de la chaise contre un mur";"";"";"Marketing, Medizin";"Prüfung erforderlich";"";"";"";"sources.strength.link_wall_sit";"sources";"fr-CH";"3";"v1:d69b55804c14335744a0a12a0aa976d1ec91e2438349a6a77f6bb61bec9ba1ac";"57201e2127606469757285d0da6535d71efd49c12be5a63be479d407d67fb810"
"Quellen & Transparenz";"Fachquellen & Quellenverzeichnis";"Krafttraining und gesundes Altern";"Quellenbezeichnung";"Muskelkraft · Quellenangabe";"WHO-Bewegungsleitlinie · EWGSOP2 zu Muskelkraft und Sarkopenie · Studien zu funktionellen Kurztests";"Lignes directrices de l’OMS sur l’activité physique · EWGSOP2 sur la force musculaire et la sarcopénie · études sur les tests fonctionnels courts";"";"";"Marketing, Medizin";"Prüfung erforderlich";"";"";"";"sources.strength.reference";"sources";"fr-CH";"3";"v1:d69b55804c14335744a0a12a0aa976d1ec91e2438349a6a77f6bb61bec9ba1ac";"47108f4c4076ed4b177c7a78b78f9defdd0f7495270ddb37d0d494f7b518aba5"
"Quellen & Transparenz";"Fachquellen & Quellenverzeichnis";"Krafttraining und gesundes Altern";"Quellenbezeichnung";"Quellenseite, Alterungsgradient für modellierte Bänder bis 94";"Rikli/Jones: Altersgradient bis 94";"Rikli/Jones: gradient d’âge jusqu’à 94 ans";"";"";"Marketing, Medizin";"Prüfung erforderlich";"Arm-Curl-Altersentwicklung dient nur zur Modellierung, nicht als direkte Liegestütz-Norm.";"";"";"sources.strength.link_pushup_rikli";"sources";"fr-CH";"3";"v1:d69b55804c14335744a0a12a0aa976d1ec91e2438349a6a77f6bb61bec9ba1ac";"eb7fc6ef977b06775a8e2567e8298296200081114286b8035bc0ba9c8d70e24f"
"Quellen & Transparenz";"Fachquellen & Quellenverzeichnis";"Krafttraining und gesundes Altern";"Quellenbezeichnung";"Quellenseite, direkte Referenzgrundlage der Männerbänder bis 69";"Payne/CSEP: Männer bis 69";"Payne/CSEP: hommes jusqu’à 69 ans";"";"";"Marketing, Medizin";"Prüfung erforderlich";"Direkte Referenzgrundlage für die Männerbänder 20 bis 69.";"";"";"sources.strength.link_pushup_payne";"sources";"fr-CH";"3";"v1:d69b55804c14335744a0a12a0aa976d1ec91e2438349a6a77f6bb61bec9ba1ac";"c2ee14e5c192d71763ec046a21932a046459ac6cb7704bd5cb08fe0904a1afcf"
"Quellen & Transparenz";"Fachquellen & Quellenverzeichnis";"Krafttraining und gesundes Altern";"Quellenbezeichnung";"Quellenseite, praktische Standard-Liegestütz-Orientierung für Frauen 25 bis 65";"Topend: praktische Frauentabelle";"Topend: tableau pratique pour femmes";"";"";"Marketing, Medizin";"Prüfung erforderlich";"Originalquelle unbekannt; keine validierte populationsbezogene Norm.";"";"";"sources.strength.link_pushup_topend";"sources";"fr-CH";"3";"v1:d69b55804c14335744a0a12a0aa976d1ec91e2438349a6a77f6bb61bec9ba1ac";"9daf7a84c60eb3cdb270a58fa4ae0135c516311efe8b6c00f2aa5d74e0321ec2"
"Quellen & Transparenz";"Fachquellen & Quellenverzeichnis";"Krafttraining und gesundes Altern";"Quellenbezeichnung";"Quellenseite, Primärquelle der Standard-Liegestütz-Skala für Frauen 18 bis 24";"Adams: Frauen 18–24";"Adams: femmes 18–24";"";"";"Marketing, Medizin";"Prüfung erforderlich";"Kleine direkte Stichprobe; Skala noch nicht extern validiert.";"";"";"sources.strength.link_pushup_adams";"sources";"fr-CH";"3";"v1:d69b55804c14335744a0a12a0aa976d1ec91e2438349a6a77f6bb61bec9ba1ac";"96ec010deb5bb8f045118cc15f7c1a542f10125ae7db147667f082ee360ba276"
"Quellen & Transparenz";"Fachquellen & Quellenverzeichnis";"Krafttraining und gesundes Altern";"Detailtext";"Muskelkraft · Fachlicher Punkt";"Muskelkraft und körperliche Funktion sind wichtige Bausteine für Belastbarkeit und Selbstständigkeit.";"La force musculaire et les capacités physiques sont des éléments importants de la résistance à l’effort et de l’autonomie.";"";"";"Marketing, Medizin";"Prüfung erforderlich";"";"";"";"sources.strength.point.1";"sources";"fr-CH";"3";"v1:d69b55804c14335744a0a12a0aa976d1ec91e2438349a6a77f6bb61bec9ba1ac";"d0adb6544eb74ded69a18d1e5541b8aa467fd5f698c7aef72f99cf09c5ef868c"
"Quellen & Transparenz";"Fachquellen & Quellenverzeichnis";"Krafttraining und gesundes Altern";"Detailtext";"Muskelkraft · Fachlicher Punkt";"Einstieg auch mit Körpergewichtsübungen möglich.";"Il est possible de commencer avec des exercices au poids du corps.";"";"";"Marketing, Medizin";"Prüfung erforderlich";"";"";"";"sources.strength.point.2";"sources";"fr-CH";"3";"v1:d69b55804c14335744a0a12a0aa976d1ec91e2438349a6a77f6bb61bec9ba1ac";"98bd55292aa1402c03fc7c73d79a44ed78bb079fad9e886b17fed490ec540b01"
"Quellen & Transparenz";"Fachquellen & Quellenverzeichnis";"Krafttraining und gesundes Altern";"Detailtext";"Muskelkraft · Fachlicher Punkt";"Einbeinstand, Liegestütze und Wandsitz zeigen nur Teilbereiche der Leistungsfähigkeit; sie sind keine persönlichen Krankheitsrisiko-Tests.";"L’équilibre sur une jambe, les pompes et la chaise contre un mur ne reflètent que certains aspects des capacités physiques ; ces exercices ne sont pas des tests du risque individuel de maladie.";"";"";"Marketing, Medizin";"Prüfung erforderlich";"";"";"";"sources.strength.point.3";"sources";"fr-CH";"3";"v1:d69b55804c14335744a0a12a0aa976d1ec91e2438349a6a77f6bb61bec9ba1ac";"83bc6f052f1e6d17b379a2724b526a4592dbdbdd16b7de1303ca59c749ec4855"
"Quellen & Transparenz";"Fachquellen & Quellenverzeichnis";"Krafttraining und gesundes Altern";"Detailtext";"Muskelkraft · Fachlicher Punkt";"Für den beidbeinigen Wandsitz wird ab 18 Jahren eine harmonisierte Trainingsorientierung verwendet; sie ist keine klinische Norm oder Diagnosegrenze. Ein maximaler Test kann den Blutdruck akut stark erhöhen.";"À partir de 18 ans, une orientation harmonisée pour l’entraînement est utilisée pour la chaise bilatérale contre un mur ; il ne s’agit ni d’une norme clinique ni d’un seuil diagnostique. Un test maximal peut fortement augmenter la tension artérielle de manière aiguë.";"";"";"Marketing, Medizin";"Prüfung erforderlich";"";"";"";"sources.strength.point.4";"sources";"fr-CH";"3";"v1:d69b55804c14335744a0a12a0aa976d1ec91e2438349a6a77f6bb61bec9ba1ac";"13b353fb7d217a4fce70051eeace1ebdf5adc4fdb10b20ac4d2b1b559b7e9024"
"Quellen & Transparenz";"Fachquellen & Quellenverzeichnis";"Bauchfett und Taillenumfang";"Überschrift";"Taillenumfang · Überschrift";"Bauchfett & Taille-Grösse-Verhältnis";"Graisse abdominale et rapport tour de taille/taille";"";"";"Marketing, Medizin";"Prüfung erforderlich";"";"";"";"sources.waist.title";"sources";"fr-CH";"3";"v1:d69b55804c14335744a0a12a0aa976d1ec91e2438349a6a77f6bb61bec9ba1ac";"70e450e6c38c25a74b20200f1f0c0488be2374c8e155e942a1f07b50a86cf88e"
"Quellen & Transparenz";"Fachquellen & Quellenverzeichnis";"Bauchfett und Taillenumfang";"Quellenbezeichnung";"Taillenumfang · Linkbeschriftung";"NICE NG246";"NICE NG246";"";"";"Marketing, Medizin";"Prüfung erforderlich";"";"";"";"sources.waist.link_nice";"sources";"fr-CH";"3";"v1:d69b55804c14335744a0a12a0aa976d1ec91e2438349a6a77f6bb61bec9ba1ac";"0079058f891d26b4433db2b97331eacede1274fa3ad3b7c758c72ae0192a8c0c"
"Quellen & Transparenz";"Fachquellen & Quellenverzeichnis";"Bauchfett und Taillenumfang";"Quellenbezeichnung";"Taillenumfang · Linkbeschriftung";"WHO-Expert Consultation";"Consultation d’experts de l’OMS";"";"";"Marketing, Medizin";"Prüfung erforderlich";"";"";"";"sources.waist.link_who";"sources";"fr-CH";"3";"v1:d69b55804c14335744a0a12a0aa976d1ec91e2438349a6a77f6bb61bec9ba1ac";"3ec0325f28608c95a45d5826364541bdc665b0a746e3d2693f1144cf847bcb8f"
"Quellen & Transparenz";"Fachquellen & Quellenverzeichnis";"Bauchfett und Taillenumfang";"Quellenbezeichnung";"Taillenumfang · Quellenangabe";"NICE-Einordnung des Taille-Grösse-Verhältnisses ·";"Classification NICE du rapport tour de taille/taille ·";"";"";"Marketing, Medizin";"Prüfung erforderlich";"";"";"";"sources.waist.reference";"sources";"fr-CH";"3";"v1:d69b55804c14335744a0a12a0aa976d1ec91e2438349a6a77f6bb61bec9ba1ac";"1f2d8bbb0fe7bc3bc9a76d49a2e72a12f3b81a34708f5e81586a4c4db7ea16c7"
"Quellen & Transparenz";"Fachquellen & Quellenverzeichnis";"Bauchfett und Taillenumfang";"Detailtext";"Taillenumfang · Fachlicher Punkt";"Berechnung: Taillenumfang geteilt durch Körpergrösse; beide Werte müssen in derselben Einheit vorliegen.";"Calcul : tour de taille divisé par la taille ; les deux valeurs doivent être exprimées dans la même unité.";"";"";"Marketing, Medizin";"Prüfung erforderlich";"";"";"";"sources.waist.point.1";"sources";"fr-CH";"3";"v1:d69b55804c14335744a0a12a0aa976d1ec91e2438349a6a77f6bb61bec9ba1ac";"59f76894c4612aea5213f99a8fb7f8c1d274cc71eeddb86f65cd4e815fbd927e"
"Quellen & Transparenz";"Fachquellen & Quellenverzeichnis";"Bauchfett und Taillenumfang";"Detailtext";"Taillenumfang · Fachlicher Punkt";"0,40 bis unter 0,50: günstiger Bereich. Werte unter 0,40 werden nicht als «noch besser» belohnt; mögliches Untergewicht wird separat eingeordnet.";"De 0,40 à moins de 0,50 : plage favorable. Les valeurs inférieures à 0,40 ne sont pas valorisées comme « encore meilleures » ; une éventuelle insuffisance pondérale est évaluée séparément.";"";"";"Marketing, Medizin";"Prüfung erforderlich";"";"";"";"sources.waist.point.2";"sources";"fr-CH";"3";"v1:d69b55804c14335744a0a12a0aa976d1ec91e2438349a6a77f6bb61bec9ba1ac";"4421d8caca241ad45b1642ee6469fee8b7dc453511cf316023689f738a18cd17"
"Quellen & Transparenz";"Fachquellen & Quellenverzeichnis";"Bauchfett und Taillenumfang";"Detailtext";"Taillenumfang · Fachlicher Punkt";"0,50 bis unter 0,60: erhöhte zentrale Fettverteilung. Ab 0,60: deutlich erhöhte zentrale Fettverteilung.";"De 0,50 à moins de 0,60 : adiposité centrale accrue. À partir de 0,60 : adiposité centrale élevée.";"";"";"Marketing, Medizin";"Prüfung erforderlich";"";"";"";"sources.waist.point.3";"sources";"fr-CH";"3";"v1:d69b55804c14335744a0a12a0aa976d1ec91e2438349a6a77f6bb61bec9ba1ac";"71061249cdbd1ef9e99b5d8c177681031465e2577f888bd6a339ab552f3bbb98"
"Quellen & Transparenz";"Fachquellen & Quellenverzeichnis";"Bauchfett und Taillenumfang";"Detailtext";"Taillenumfang · Fachlicher Punkt";"Im Score ersetzt WHtR die bisherigen geschlechtsspezifischen Zentimetergrenzen. Bei Erwachsenen ab BMI 35 bleibt der BMI trotz Taillenangabe die Bewertungsgrundlage; ohne Taillenangabe gilt der BMI ebenfalls als Fallback. WHtR ist ein Screeningmarker, keine Diagnose.";"Dans le score, le rapport tour de taille/taille remplace les anciens seuils en centimètres selon le sexe. Chez les adultes dont l’IMC est égal ou supérieur à 35, l’IMC reste la base d’évaluation même si le tour de taille est disponible; sans tour de taille, l’IMC sert également de valeur de repli. Ce rapport est un marqueur de dépistage, pas un diagnostic.";"";"";"Marketing, Medizin";"Prüfung erforderlich";"";"";"";"sources.waist.point.4";"sources";"fr-CH";"3";"v1:d69b55804c14335744a0a12a0aa976d1ec91e2438349a6a77f6bb61bec9ba1ac";"074cf38948a85cd55788dfae073977ab6db1c141378c149157dd4477315873cb"
"Übergreifende Ergebnisdarstellung";"Navigation, Ergebnis & Bedienung";"Aktionsplan";"Überschrift";"Aufklappbarer 4-Wochen-Plan einer Aktionskarte";"Mein 4-Wochen-Plan";"Mon programme de 4 semaines";"";"";"Marketing";"Prüfung erforderlich";"";"";"";"ui.action_card.plan_title";"ui";"fr-CH";"3";"v1:d69b55804c14335744a0a12a0aa976d1ec91e2438349a6a77f6bb61bec9ba1ac";"1c0f2a76c30301ca797cd47eed327d796976f9f42a61c44a935c59e8895a38a2"
"Übergreifende Ergebnisdarstellung";"Navigation, Ergebnis & Bedienung";"Aktionsplan";"Dynamischer Text";"Fortschritt innerhalb eines 4-Wochen-Plans";"{{done}}/{{total}}";"{{done}}/{{total}}";"";"";"Marketing";"Prüfung erforderlich";"";"{{done}} | {{total}}";"";"ui.action_card.progress";"ui";"fr-CH";"3";"v1:d69b55804c14335744a0a12a0aa976d1ec91e2438349a6a77f6bb61bec9ba1ac";"0d6f5fce8f9cd7f36b2ff4f85b01b0b4a10798e53fe9bf492a09acd2b01fb97c"
"Übergreifende Ergebnisdarstellung";"Navigation, Ergebnis & Bedienung";"Aktionsplan";"Beschriftung";"Aktionskarte, Kurzlabel der Begründung";"Warum:";"Pourquoi :";"";"";"Marketing";"Prüfung erforderlich";"";"";"";"ui.action_card.label.why";"ui";"fr-CH";"3";"v1:d69b55804c14335744a0a12a0aa976d1ec91e2438349a6a77f6bb61bec9ba1ac";"63e85f420406b23348bf55f99e975376507b32c5fbe858df095f3e6d5adf82b4"
"Übergreifende Ergebnisdarstellung";"Navigation, Ergebnis & Bedienung";"Aktionsplan";"Beschriftung";"Aktionskarte, Kurzlabel des Nutzens";"Das bringt es:";"Ce que cela vous apporte :";"";"";"Marketing";"Prüfung erforderlich";"";"";"";"ui.action_card.label.benefit";"ui";"fr-CH";"3";"v1:d69b55804c14335744a0a12a0aa976d1ec91e2438349a6a77f6bb61bec9ba1ac";"ee9b5d9163d35fd6ba6f568b2d7a3441fb961630c4c0957439afabdb20e44cfa"
"Übergreifende Ergebnisdarstellung";"Navigation, Ergebnis & Bedienung";"Aktionsplan";"Beschriftung";"Aktionskarte, Kurzlabel des Startschritts";"Ihr Startschritt:";"Votre première étape :";"";"";"Marketing";"Prüfung erforderlich";"";"";"";"ui.action_card.label.step";"ui";"fr-CH";"3";"v1:d69b55804c14335744a0a12a0aa976d1ec91e2438349a6a77f6bb61bec9ba1ac";"ad64f33e249347779aa930238e03a37b4507a72461be678cd86aeabc5a7db6c9"
"Übergreifende Ergebnisdarstellung";"Navigation, Ergebnis & Bedienung";"Ergebnisbereiche";"Beschriftung";"Aktionsplan-Sektion, Rubrik";"Ihr Aktionsplan";"Votre plan d’action";"";"";"Marketing";"Prüfung erforderlich";"";"";"";"ui.action_plan.eyebrow";"ui";"fr-CH";"3";"v1:d69b55804c14335744a0a12a0aa976d1ec91e2438349a6a77f6bb61bec9ba1ac";"04f58a72df2d5a95d154ce85b76613c76952f58367d9b347b9a46cf3575cfbed"
"Übergreifende Ergebnisdarstellung";"Navigation, Ergebnis & Bedienung";"Aktionsplan";"Dynamischer Text";"Gesamtfortschritt über alle abgehakten Planschritte";"{{done}} von {{total}} Schritten erledigt – dranbleiben lohnt sich!";"{{done}} étapes sur {{total}} terminées : cela vaut la peine de persévérer !";"";"";"Marketing";"Prüfung erforderlich";"";"{{done}} | {{total}}";"";"ui.action_plan.total_progress";"ui";"fr-CH";"3";"v1:d69b55804c14335744a0a12a0aa976d1ec91e2438349a6a77f6bb61bec9ba1ac";"c6c7433c3461930bdec5da403ead1c900d2edc5ac3a5c86449af2ee48f4e4e91"
"Übergreifende Ergebnisdarstellung";"Navigation, Ergebnis & Bedienung";"Aktionsplan";"Begründung / Einordnung";"Hinweiskarte bei einem sichtbaren Klärungshinweis ohne standardisierten 4-Wochen-Plan";"Nutzen Sie den Hinweis oben für eine medizinische oder ernährungsfachliche Einordnung. Konkrete Schritte richten sich nach Verlauf, Beschwerden und möglichen Ursachen.";"Utilisez l’indication ci-dessus comme base de discussion avec une professionnelle ou un professionnel de santé ou de la nutrition. Les mesures concrètes dépendent de l’évolution, des symptômes et des causes possibles.";"";"";"Marketing, Medizin";"Prüfung erforderlich";"Sichere Weiterleitung ohne Diagnose oder pauschale Therapie; durch Marketing und Medizin freigeben.";"";"";"ui.action_plan.clarification.body";"ui";"fr-CH";"3";"v1:d69b55804c14335744a0a12a0aa976d1ec91e2438349a6a77f6bb61bec9ba1ac";"18abb69d470d3838e8bc5b0fcfa954f54570d031b9c2f9a20e8bd1d44a7507ab"
"Übergreifende Ergebnisdarstellung";"Navigation, Ergebnis & Bedienung";"Aktionsplan";"Überschrift";"Neutrale Karte ohne eindeutig priorisierten Aktionsschritt, Titel";"Kein eindeutiger Top-Schritt";"Aucune étape prioritaire claire";"";"";"Marketing";"Prüfung erforderlich";"Neutraler Leerzustand ohne unzulässigen Rückschluss auf eine starke Ausgangslage; durch Marketing freigeben.";"";"";"ui.action_plan.empty.title";"ui";"fr-CH";"3";"v1:d69b55804c14335744a0a12a0aa976d1ec91e2438349a6a77f6bb61bec9ba1ac";"d838014b4fb153b461999de412285e7d47dd7bb2d175fb0c9ebdaf8f732d609a"
"Übergreifende Ergebnisdarstellung";"Navigation, Ergebnis & Bedienung";"Aktionsplan";"Begründung / Einordnung";"Neutrale Karte ohne eindeutig priorisierten Aktionsschritt, Text";"Ihre Angaben ergeben derzeit keinen einzelnen klar priorisierten Schritt. Behalten Sie Bewährtes bei; wenn Sie etwas verändern möchten, helfen die Dimensionsdetails und der Digital Coach bei der Auswahl.";"Vos indications ne font actuellement ressortir aucune étape prioritaire unique. Conservez ce qui fonctionne ; si vous souhaitez changer quelque chose, les détails des dimensions et le Digital Coach vous aideront à choisir.";"";"";"Marketing";"Prüfung erforderlich";"Neutraler Leerzustand ohne unzulässigen Rückschluss auf eine starke Ausgangslage; durch Marketing freigeben.";"";"";"ui.action_plan.empty.body";"ui";"fr-CH";"3";"v1:d69b55804c14335744a0a12a0aa976d1ec91e2438349a6a77f6bb61bec9ba1ac";"3e3c601864894291b99012e23377c7198524699f3bc6a74658430bb2db1971a7"
"Übergreifende Ergebnisdarstellung";"Navigation, Ergebnis & Bedienung";"Aktionsplan";"Überschrift";"Sektionsüberschrift bei drei priorisierten Schritten";"Ihre nächsten drei Schritte";"Vos trois prochaines étapes";"";"";"Marketing";"Prüfung erforderlich";"";"";"";"ui.action_plan.heading.three";"ui";"fr-CH";"3";"v1:d69b55804c14335744a0a12a0aa976d1ec91e2438349a6a77f6bb61bec9ba1ac";"10b2aa07bf9a9e5e2e5b60b1e07bf1a3ca9929a4cabd0457a3e7ca8bfb03476e"
"Übergreifende Ergebnisdarstellung";"Navigation, Ergebnis & Bedienung";"Aktionsplan";"Überschrift";"Sektionsüberschrift bei einem sichtbaren medizinischen oder ernährungsfachlichen Klärungshinweis ohne standardisierten Plan";"Fachliche Einordnung als nächster Schritt";"Une évaluation professionnelle comme prochaine étape";"";"";"Marketing, Medizin";"Prüfung erforderlich";"Eigener Zustand für Summary-only-Hinweise ohne widersprüchlichen Aktionsplan-Leertext; durch Marketing und Medizin freigeben.";"";"";"ui.action_plan.heading.clarification";"ui";"fr-CH";"3";"v1:d69b55804c14335744a0a12a0aa976d1ec91e2438349a6a77f6bb61bec9ba1ac";"8038adfecef0d9b0daae779089320f43500ff8526728cc605b6b66d65d8a5ccc"
"Übergreifende Ergebnisdarstellung";"Navigation, Ergebnis & Bedienung";"Aktionsplan";"Überschrift";"Sektionsüberschrift bei genau einem priorisierten Schritt";"Ihr nächster Schritt";"Votre prochaine étape";"";"";"Marketing";"Prüfung erforderlich";"";"";"";"ui.action_plan.heading.one";"ui";"fr-CH";"3";"v1:d69b55804c14335744a0a12a0aa976d1ec91e2438349a6a77f6bb61bec9ba1ac";"4e70a91b7ac577e6b2bea45efaf6c245a18e28ac6266a2662982869772a7326f"
"Übergreifende Ergebnisdarstellung";"Navigation, Ergebnis & Bedienung";"Aktionsplan";"Überschrift";"Sektionsüberschrift bei genau zwei priorisierten Schritten";"Ihre nächsten zwei Schritte";"Vos deux prochaines étapes";"";"";"Marketing";"Prüfung erforderlich";"";"";"";"ui.action_plan.heading.two";"ui";"fr-CH";"3";"v1:d69b55804c14335744a0a12a0aa976d1ec91e2438349a6a77f6bb61bec9ba1ac";"ff3d4b39b997f2b806486080093d5fab88381e6fb2bad06fe23202b8f61863a6"
"Übergreifende Ergebnisdarstellung";"Navigation, Ergebnis & Bedienung";"Aktionsplan";"Überschrift";"Sektionsüberschrift ohne vordringliches Handlungsfeld";"Ihr persönlicher Startpunkt";"Votre point de départ personnel";"";"";"Marketing";"Prüfung erforderlich";"Neutraler Leerzustand ohne unzulässigen Rückschluss auf eine starke Ausgangslage; durch Marketing freigeben.";"";"";"ui.action_plan.heading.empty";"ui";"fr-CH";"3";"v1:d69b55804c14335744a0a12a0aa976d1ec91e2438349a6a77f6bb61bec9ba1ac";"63ead16b76cfd7730a7fbbd14194e70c9871f662bd53b4f39b61008fd2c70cdb"
"Übergreifende Ergebnisdarstellung";"Navigation, Ergebnis & Bedienung";"Aktionsplan";"Begründung / Einordnung";"Beschreibung bei einem sichtbaren Klärungshinweis ohne standardisierten 4-Wochen-Plan";"Dieses Handlungsfeld ist wichtig, lässt sich aus den vorhandenen Angaben aber nicht sicher in einen standardisierten 4-Wochen-Plan übersetzen.";"Cet aspect est important, mais les informations disponibles ne permettent pas de le traduire de manière sûre en un programme standardisé de quatre semaines.";"";"";"Marketing, Medizin";"Prüfung erforderlich";"Verhindert eine pauschale Anleitung aus Einzelwerten; durch Marketing und Medizin freigeben.";"";"";"ui.action_plan.intro.clarification";"ui";"fr-CH";"3";"v1:d69b55804c14335744a0a12a0aa976d1ec91e2438349a6a77f6bb61bec9ba1ac";"56519e92bb7903ea528d38c9e5ad97e89488741e9c660f87f1256885ccd4003b"
"Übergreifende Ergebnisdarstellung";"Navigation, Ergebnis & Bedienung";"Aktionsplan";"Begründung / Einordnung";"Beschreibung bei genau einem priorisierten Schritt";"Klein anfangen, dranbleiben: Dieser Hebel hat für Sie gerade besonders viel Wirkung. Öffnen Sie pro Schritt Ihren 4-Wochen-Plan und haken Sie ab, was Sie geschafft haben.";"Commencez petit et persévérez : ce levier a actuellement un effet particulièrement important pour vous. Ouvrez votre programme de 4 semaines pour chaque étape et cochez ce que vous avez accompli.";"";"";"Marketing";"Prüfung erforderlich";"";"";"";"ui.action_plan.intro.one";"ui";"fr-CH";"3";"v1:d69b55804c14335744a0a12a0aa976d1ec91e2438349a6a77f6bb61bec9ba1ac";"c4233635eb5285538536ecd394ea3c6cc222d09119d8d2d9f099cb9583e244bf"
"Übergreifende Ergebnisdarstellung";"Navigation, Ergebnis & Bedienung";"Aktionsplan";"Begründung / Einordnung";"Beschreibung bei zwei oder drei priorisierten Schritten";"Klein anfangen, dranbleiben: Diese Hebel haben für Sie gerade besonders viel Wirkung. Öffnen Sie pro Schritt Ihren 4-Wochen-Plan und haken Sie ab, was Sie geschafft haben.";"Commencez petit et persévérez : ces leviers ont actuellement un effet particulièrement important pour vous. Ouvrez votre programme de 4 semaines pour chaque étape et cochez ce que vous avez accompli.";"";"";"Marketing";"Prüfung erforderlich";"";"";"";"ui.action_plan.intro.multiple";"ui";"fr-CH";"3";"v1:d69b55804c14335744a0a12a0aa976d1ec91e2438349a6a77f6bb61bec9ba1ac";"5d90fba39a2daddbff881d4854ffd6da3493b4ae05443dfa2b9ee149fb49cc34"
"Übergreifende Ergebnisdarstellung";"Navigation, Ergebnis & Bedienung";"Aktionsplan";"Begründung / Einordnung";"Neutrale Beschreibung ohne eindeutig priorisierten Aktionsschritt";"Aktuell hebt sich kein einzelnes Handlungsfeld klar ab. Die fünf Dimensionen unten zeigen, wo Sie Bewährtes erhalten oder einen passenden kleinen Schritt wählen können.";"Aucun domaine d’action ne se démarque clairement pour le moment. Les cinq dimensions ci-dessous indiquent où vous pouvez préserver ce qui fonctionne ou choisir une petite action adaptée.";"";"";"Marketing";"Prüfung erforderlich";"Neutraler Leerzustand ohne unzulässigen Rückschluss auf eine starke Ausgangslage; durch Marketing freigeben.";"";"";"ui.action_plan.intro.empty";"ui";"fr-CH";"3";"v1:d69b55804c14335744a0a12a0aa976d1ec91e2438349a6a77f6bb61bec9ba1ac";"06f4419f2cb78bfa428c1a027b3557bced0ddd01dd9740e7344f17108133e789"
"Übergreifende Ergebnisdarstellung";"Navigation, Ergebnis & Bedienung";"Ergebnisbereiche";"Beschriftung";"Dimensionsdetails-Sektion, Rubrik";"Im Detail";"En détail";"";"";"Marketing";"Prüfung erforderlich";"";"";"";"ui.details.eyebrow";"ui";"fr-CH";"3";"v1:d69b55804c14335744a0a12a0aa976d1ec91e2438349a6a77f6bb61bec9ba1ac";"8ae75545ebd88a4bb6cc1be614b8cce742d917bea8f29fc161b8f7e16e61e13f"
"Übergreifende Ergebnisdarstellung";"Navigation, Ergebnis & Bedienung";"Ergebnisbereiche";"Überschrift";"Dimensionsdetails-Sektion, Überschrift";"Ihre fünf Dimensionen";"Vos cinq dimensions";"";"";"Marketing";"Prüfung erforderlich";"";"";"";"ui.details.title";"ui";"fr-CH";"3";"v1:d69b55804c14335744a0a12a0aa976d1ec91e2438349a6a77f6bb61bec9ba1ac";"7749c47f97ddb3caf2949dd70667eccd82eebda034ae9d8794b10f8c2fd58759"
"Übergreifende Ergebnisdarstellung";"Navigation, Ergebnis & Bedienung";"Ergebnisbereiche";"Begründung / Einordnung";"Dimensionsdetails-Sektion, Bedienhinweis";"Tippen Sie auf einen Bereich, um die Einordnung, persönliche Empfehlungen und weitere konkrete Schritte oder medizinische Klärungshinweise zu sehen.";"Sélectionnez un domaine pour consulter l’évaluation, les recommandations personnelles ainsi que d’autres étapes concrètes ou indications nécessitant un contrôle médical.";"";"";"Marketing";"Prüfung erforderlich";"Bedienhinweis an die einheitlich strukturierten Dimensionshinweise angepasst; durch Marketing freigeben.";"";"";"ui.details.description";"ui";"fr-CH";"3";"v1:d69b55804c14335744a0a12a0aa976d1ec91e2438349a6a77f6bb61bec9ba1ac";"bbc9b4ac4abcf843ad5f8d8b9834e439ea6660eff1685d7a51538d72e9f7248b"
"Übergreifende Ergebnisdarstellung";"Navigation, Ergebnis & Bedienung";"Einordnung & Metriken";"Begründung / Einordnung";"Dimensionsdetail mit zusätzlichem Risiko- oder Abklärungssignal, unabhängig vom Scorestatus";"Zu diesem Bereich liegt zusätzlich ein Hinweis vor, der bei der Einordnung Vorrang hat.";"Une indication supplémentaire concerne ce domaine et doit être prise en compte en priorité dans l’évaluation.";"";"";"Marketing, Medizin";"Prüfung erforderlich";"Verhindert eine Erfolgseinordnung bei hohem Score und gleichzeitig offenem Signal; durch Marketing und Medizin freigeben.";"";"";"ui.dimension.classification.open_signal";"ui";"fr-CH";"3";"v1:d69b55804c14335744a0a12a0aa976d1ec91e2438349a6a77f6bb61bec9ba1ac";"3354ac5c08e58c8751b1ecade99e1ffe749db2d484465383d32900df1314e0ce"
"Übergreifende Ergebnisdarstellung";"Navigation, Ergebnis & Bedienung";"Einordnung & Metriken";"Begründung / Einordnung";"Dimensionsdetail, Einordnung für Status aufmerksam";"Dieser Bereich verdient gerade etwas mehr Aufmerksamkeit.";"Ce domaine mérite actuellement un peu plus d’attention.";"";"";"Marketing, Medizin";"Prüfung erforderlich";"";"";"";"ui.dimension.classification.aufmerksam";"ui";"fr-CH";"3";"v1:d69b55804c14335744a0a12a0aa976d1ec91e2438349a6a77f6bb61bec9ba1ac";"f05f8fc49e3aff14917971828ce32b9aadd25138e2ebc97b33ce314623b634ca"
"Übergreifende Ergebnisdarstellung";"Navigation, Ergebnis & Bedienung";"Einordnung & Metriken";"Begründung / Einordnung";"Dimensionsdetail, Einordnung für Status ausbau";"Ausbaufähig – in diesem Bereich gibt es Entwicklungspotenzial.";"À améliorer : ce domaine présente un potentiel de progression.";"";"";"Marketing, Medizin";"Prüfung erforderlich";"Einordnung verspricht keine spezifische Empfehlung, wenn die Regel-Engine keinen eindeutigen Hebel ableitet; durch Marketing und Medizin freigeben.";"";"";"ui.dimension.classification.ausbau";"ui";"fr-CH";"3";"v1:d69b55804c14335744a0a12a0aa976d1ec91e2438349a6a77f6bb61bec9ba1ac";"01d5f6d51fea30ea2344da608fb5cbe03a797d8084b00a7240693c78e76f1311"
"Übergreifende Ergebnisdarstellung";"Navigation, Ergebnis & Bedienung";"Einordnung & Metriken";"Begründung / Einordnung";"Dimensionsdetail, Einordnung für Status solide";"Hier sind Sie insgesamt solide aufgestellt.";"Dans l’ensemble, vous disposez ici d’une base solide.";"";"";"Marketing, Medizin";"Prüfung erforderlich";"Redaktionell von der dimensionsspezifischen Nutzenbotschaft entkoppeln und durch Marketing und Medizin freigeben.";"";"";"ui.dimension.classification.solide";"ui";"fr-CH";"3";"v1:d69b55804c14335744a0a12a0aa976d1ec91e2438349a6a77f6bb61bec9ba1ac";"25d57b6147b1b79552f1c77ef77f2b39fea9030092dbd0fca057164756721325"
"Übergreifende Ergebnisdarstellung";"Navigation, Ergebnis & Bedienung";"Einordnung & Metriken";"Begründung / Einordnung";"Dimensionsdetail, Einordnung für Status stark";"Hier zeigt sich eine klare Stärke – schön, das zu sehen.";"Une force claire se dégage ici : c’est réjouissant.";"";"";"Marketing, Medizin";"Prüfung erforderlich";"Redaktionell von der dimensionsspezifischen Nutzenbotschaft entkoppeln und durch Marketing und Medizin freigeben.";"";"";"ui.dimension.classification.stark";"ui";"fr-CH";"3";"v1:d69b55804c14335744a0a12a0aa976d1ec91e2438349a6a77f6bb61bec9ba1ac";"2a3316959a3fa9ae6d928cc29abfb1dafbf27fe250d33ffe0fcb1dad15cee1df"
"Übergreifende Ergebnisdarstellung";"Navigation, Ergebnis & Bedienung";"Dimensionsdetails";"Begründung / Einordnung";"Dimensionsdetail ohne spezifische Empfehlung und ohne soliden Score";"Aus den aktuellen Antworten ergibt sich hier kein einzelner priorisierter Schritt. Nutzen Sie den Orientierungswert als Ausgangspunkt und beobachten Sie, was sich im Alltag verändert.";"Vos réponses actuelles ne font ressortir aucune étape prioritaire unique ici. Utilisez la valeur d’orientation comme point de départ et observez les changements au quotidien.";"";"";"Marketing";"Prüfung erforderlich";"Neutraler Fallback ohne räumlich falschen Verweis; durch Marketing freigeben.";"";"";"ui.dimension.empty.neutral";"ui";"fr-CH";"3";"v1:d69b55804c14335744a0a12a0aa976d1ec91e2438349a6a77f6bb61bec9ba1ac";"ba40c36d10d8037d8cda377544fa61067d3c4496cabd6b33859b29cdbf77fc1f"
"Übergreifende Ergebnisdarstellung";"Navigation, Ergebnis & Bedienung";"Dimensionsdetails";"Begründung / Einordnung";"Dimensionsdetail ohne spezifische Empfehlung, aber mit offenem Risiko- oder Abklärungssignal";"Der Orientierungswert bildet nur die bewerteten Antworten ab. Beziehen Sie den zugehörigen Hinweis in der Ergebnisübersicht zusätzlich ein.";"La valeur d’orientation reflète uniquement les réponses évaluées. Tenez également compte de l’indication correspondante dans la vue d’ensemble des résultats.";"";"";"Marketing, Medizin";"Prüfung erforderlich";"Eigener Fallback für offene Signale statt einer positiven oder pauschal neutralen Aussage; durch Marketing und Medizin freigeben.";"";"";"ui.dimension.empty.open_signal";"ui";"fr-CH";"3";"v1:d69b55804c14335744a0a12a0aa976d1ec91e2438349a6a77f6bb61bec9ba1ac";"cd5e8fed3d74fdfc86c383dde2fd7670f99bb5d5745bfa6ba26802bd05b2c558"
"Übergreifende Ergebnisdarstellung";"Navigation, Ergebnis & Bedienung";"Promo & Feedback";"Beschriftung";"Feedback-Sektion, Rubrik";"Ihr Feedback ist uns wichtig";"Votre avis compte pour nous";"";"";"Marketing";"Prüfung erforderlich";"";"";"";"ui.feedback.eyebrow";"ui";"fr-CH";"3";"v1:d69b55804c14335744a0a12a0aa976d1ec91e2438349a6a77f6bb61bec9ba1ac";"48a9c784d51705dd7f9352ef3e8f5f62d92ed0d54ff5c3455da1519d9b058832"
"Übergreifende Ergebnisdarstellung";"Navigation, Ergebnis & Bedienung";"Promo & Feedback";"Überschrift";"Feedback-Sektion, Überschrift";"Wie war Ihr Gesundheitscheck?";"Comment avez-vous trouvé votre bilan de santé ?";"";"";"Marketing";"Prüfung erforderlich";"";"";"";"ui.feedback.title";"ui";"fr-CH";"3";"v1:d69b55804c14335744a0a12a0aa976d1ec91e2438349a6a77f6bb61bec9ba1ac";"d6a4145e82142e90e2155b65072b2a345a390de015316765329718bdde09959c"
"Übergreifende Ergebnisdarstellung";"Navigation, Ergebnis & Bedienung";"Promo & Feedback";"Begründung / Einordnung";"Feedback-Sektion, Beschreibung";"Ihre Rückmeldung hilft uns, den Check laufend zu verbessern – das Ausfüllen dauert nur zwei Minuten.";"Votre feed-back nous aide à améliorer continuellement le bilan. Le formulaire ne prend que deux minutes.";"";"";"Marketing";"Prüfung erforderlich";"";"";"";"ui.feedback.description";"ui";"fr-CH";"3";"v1:d69b55804c14335744a0a12a0aa976d1ec91e2438349a6a77f6bb61bec9ba1ac";"f798aa435aea7ea50f71fbc6a9610ee73002c60cd83f20d86885ef93c3abc457"
"Übergreifende Ergebnisdarstellung";"Navigation, Ergebnis & Bedienung";"Ergebnis-Einstieg";"Beschriftung";"Verweis auf die Detailauswertung, wenn kein Aktionsschritt priorisiert wurde";"die Detailauswertung";"l’évaluation détaillée";"";"";"Marketing";"Prüfung erforderlich";"Verhindert einen falschen Verweis auf drei nicht vorhandene Aktionsschritte; durch Marketing freigeben.";"";"";"ui.hero.action_plan_reference.empty";"ui";"fr-CH";"3";"v1:d69b55804c14335744a0a12a0aa976d1ec91e2438349a6a77f6bb61bec9ba1ac";"c56c2c24227bfed455cde44d35f687cd7e0558d3f3dbfffea6ba18488b452eff"
"Übergreifende Ergebnisdarstellung";"Navigation, Ergebnis & Bedienung";"Ergebnis-Einstieg";"Beschriftung";"Verbform beim Verweis auf genau einen priorisierten Schritt";"setzt";"reprend";"";"";"Marketing";"Prüfung erforderlich";"";"";"";"ui.hero.action_plan_verb.singular";"ui";"fr-CH";"3";"v1:d69b55804c14335744a0a12a0aa976d1ec91e2438349a6a77f6bb61bec9ba1ac";"70c8bf5599ece96fbaf4c3b11f3dad445947b8beebae6162f267a9725743f767"
"Übergreifende Ergebnisdarstellung";"Navigation, Ergebnis & Bedienung";"Ergebnis-Einstieg";"Beschriftung";"Verbform beim Verweis auf mehrere priorisierte Schritte";"setzen";"reprennent";"";"";"Marketing";"Prüfung erforderlich";"";"";"";"ui.hero.action_plan_verb.plural";"ui";"fr-CH";"3";"v1:d69b55804c14335744a0a12a0aa976d1ec91e2438349a6a77f6bb61bec9ba1ac";"1b5104029890f4f8d3893746de25377672eb6830b9c811f773ca3b8c584ef7ca"
"Übergreifende Ergebnisdarstellung";"Navigation, Ergebnis & Bedienung";"Ergebnis-Einstieg";"Beschriftung";"Hero-Zusammenfassung, Fallback für eine unbekannte Dimension im Nominativ";"diese Dimension";"Cette dimension";"";"";"Marketing";"Prüfung erforderlich";"";"";"";"ui.hero.dimension.fallback.nominative";"ui";"fr-CH";"3";"v1:d69b55804c14335744a0a12a0aa976d1ec91e2438349a6a77f6bb61bec9ba1ac";"993af7db2a750a3c279233b3f86af700e840f88c120b25af911073d3cf358ae5"
"Übergreifende Ergebnisdarstellung";"Navigation, Ergebnis & Bedienung";"Ergebnis-Einstieg";"Beschriftung";"Hero-Zusammenfassung, Fallback für eine unbekannte Dimension mit Präposition";"in dieser Dimension";"au niveau de cette dimension";"";"";"Marketing";"Prüfung erforderlich";"";"";"";"ui.hero.dimension.fallback.prepositional";"ui";"fr-CH";"3";"v1:d69b55804c14335744a0a12a0aa976d1ec91e2438349a6a77f6bb61bec9ba1ac";"085c4673d72432f86df36c406e80be043c47b6cc1dfb91aff790f0d1c19a4da6"
"Übergreifende Ergebnisdarstellung";"Navigation, Ergebnis & Bedienung";"Ergebnis-Einstieg";"Dynamischer Text";"Ausgeglichenes Profil, Status ausbaufähig";"«Ausbaufähig» heisst bei Ihnen: ein ausgeglichenes Profil mit Luft nach oben in allen fünf Dimensionen. Wählen Sie den Einstieg, der Sie am meisten motiviert – zum Beispiel <b>{{weakestPrepositional}}</b> ({{weakestScore}} von 100){{topicSuffix}}.";"Pour vous, « À améliorer » signifie que votre profil est équilibré, avec une marge de progression dans les cinq dimensions. Choisissez le point de départ qui vous motive le plus, par exemple <b>{{weakestPrepositional}}</b> ({{weakestScore}} sur 100){{topicSuffix}}.";"";"";"Marketing, Medizin";"Prüfung erforderlich";"";"{{topicSuffix}} | {{weakestPrepositional}} | {{weakestScore}}";"";"ui.hero.lead.balanced.ausbau";"ui";"fr-CH";"3";"v1:d69b55804c14335744a0a12a0aa976d1ec91e2438349a6a77f6bb61bec9ba1ac";"756fd85ff8c2e261abbef0b9ad06badbd741d2a4edc05cb9bddc28d1d0276a2d"
"Übergreifende Ergebnisdarstellung";"Navigation, Ergebnis & Bedienung";"Ergebnis-Einstieg";"Dynamischer Text";"Ausgeglichenes Profil, Status erhöhte Aufmerksamkeit";"Ihr Ergebnis verdient jetzt Aufmerksamkeit – über alle Dimensionen hinweg. Verstehen Sie es als Startpunkt, nicht als Urteil. Wählen Sie den Einstieg, der Sie am meisten motiviert – zum Beispiel <b>{{weakestPrepositional}}</b> ({{weakestScore}} von 100){{topicSuffix}}.";"Votre résultat mérite maintenant de l’attention dans toutes les dimensions. Considérez-le comme un point de départ, et non comme un jugement. Choisissez le point de départ qui vous motive le plus, par exemple <b>{{weakestPrepositional}}</b> ({{weakestScore}} sur 100){{topicSuffix}}.";"";"";"Marketing, Medizin";"Prüfung erforderlich";"";"{{topicSuffix}} | {{weakestPrepositional}} | {{weakestScore}}";"";"ui.hero.lead.balanced.aufmerksam";"ui";"fr-CH";"3";"v1:d69b55804c14335744a0a12a0aa976d1ec91e2438349a6a77f6bb61bec9ba1ac";"4e6b60d2463320bc32fbb56594e6b9b1cc35ca7a377c9414a0fe7c5be93ba537"
"Übergreifende Ergebnisdarstellung";"Navigation, Ergebnis & Bedienung";"Ergebnis-Einstieg";"Dynamischer Text";"Ausgeglichenes Profil, Status solide";"«Solide Basis» heisst bei Ihnen: ein bemerkenswert ausgeglichenes Profil, in dem kein Bereich abfällt. Wählen Sie den Einstieg, der Sie am meisten motiviert – zum Beispiel <b>{{weakestPrepositional}}</b> ({{weakestScore}} von 100){{topicSuffix}}.";"Pour vous, « Base solide » signifie que votre profil est remarquablement équilibré et qu’aucun domaine ne se démarque négativement. Choisissez le point de départ qui vous motive le plus, par exemple <b>{{weakestPrepositional}}</b> ({{weakestScore}} sur 100){{topicSuffix}}.";"";"";"Marketing, Medizin";"Prüfung erforderlich";"";"{{topicSuffix}} | {{weakestPrepositional}} | {{weakestScore}}";"";"ui.hero.lead.balanced.solide";"ui";"fr-CH";"3";"v1:d69b55804c14335744a0a12a0aa976d1ec91e2438349a6a77f6bb61bec9ba1ac";"dc071c10b87e849e29fab7275b00f01b7f930bbe3cb634d4559c5252dce386b0"
"Übergreifende Ergebnisdarstellung";"Navigation, Ergebnis & Bedienung";"Ergebnis-Einstieg";"Dynamischer Text";"Ausgeglichenes Profil, Status stark; globale Header/Footer aus index.html sind ausgeschlossen, weil sie nicht resultatspezifisch sind";"Stark unterwegs: Ihre Antworten zeichnen über alle fünf Dimensionen ein sehr gutes, auffallend ausgeglichenes Bild. Halten Sie Ihren Kurs – wenn Sie feilen möchten, dann <b>{{weakestPrepositional}}</b> ({{weakestScore}} von 100){{topicSuffix}}.";"Vous êtes en très bonne voie : vos réponses dessinent un tableau excellent et remarquablement équilibré dans les cinq dimensions. Gardez le cap. Si vous souhaitez encore affiner les choses, concentrez-vous <b>{{weakestPrepositional}}</b> ({{weakestScore}} sur 100){{topicSuffix}}.";"";"";"Marketing, Medizin";"Prüfung erforderlich";"";"{{topicSuffix}} | {{weakestPrepositional}} | {{weakestScore}}";"";"ui.hero.lead.balanced.stark";"ui";"fr-CH";"3";"v1:d69b55804c14335744a0a12a0aa976d1ec91e2438349a6a77f6bb61bec9ba1ac";"9a0f7115daabd233e64f46157f98b9083ba044326f959df2df9e9b31444ba3aa"
"Übergreifende Ergebnisdarstellung";"Navigation, Ergebnis & Bedienung";"Ergebnis-Einstieg";"Dynamischer Text";"Profil mit deutlichem Unterschied zwischen Dimensionen, Status solide";"«Solide Basis» heisst bei Ihnen: Vieles ist bereits gut aufgestellt – allen voran <b>{{strongestNominative}}</b> ({{strongestScore}}). Den grössten Unterschied machen jetzt die nächsten Schritte <b>{{weakestPrepositional}}</b> ({{weakestScore}} von 100){{topicSuffix}}.";"Pour vous, « Base solide » signifie que de nombreux aspects sont déjà bien en place, en particulier <b>{{strongestNominative}}</b> ({{strongestScore}}). Les prochaines étapes <b>{{weakestPrepositional}}</b> ({{weakestScore}} sur 100){{topicSuffix}} feront maintenant la plus grande différence.";"";"";"Marketing, Medizin";"Prüfung erforderlich";"";"{{strongestNominative}} | {{strongestScore}} | {{topicSuffix}} | {{weakestPrepositional}} | {{weakestScore}}";"";"ui.hero.lead.spread.solide";"ui";"fr-CH";"3";"v1:d69b55804c14335744a0a12a0aa976d1ec91e2438349a6a77f6bb61bec9ba1ac";"44563495e733843d5a165a454328b6a016a03c17575a7561e31634edb287b40d"
"Übergreifende Ergebnisdarstellung";"Navigation, Ergebnis & Bedienung";"Ergebnis-Einstieg";"Dynamischer Text";"Profil mit deutlichem Unterschied zwischen Dimensionen, Status stark";"Stark unterwegs: Ihre Antworten zeichnen ein sehr gutes Gesamtbild – allen voran <b>{{strongestNominative}}</b> ({{strongestScore}}). Ihre grösste Reserve liegt <b>{{weakestPrepositional}}</b> ({{weakestScore}} von 100){{topicSuffix}}.";"Vous êtes en très bonne voie : vos réponses dessinent un excellent tableau général, avec en tête <b>{{strongestNominative}}</b> ({{strongestScore}}). Votre plus grande réserve se situe <b>{{weakestPrepositional}}</b> ({{weakestScore}} sur 100){{topicSuffix}}.";"";"";"Marketing, Medizin";"Prüfung erforderlich";"";"{{strongestNominative}} | {{strongestScore}} | {{topicSuffix}} | {{weakestPrepositional}} | {{weakestScore}}";"";"ui.hero.lead.spread.stark";"ui";"fr-CH";"3";"v1:d69b55804c14335744a0a12a0aa976d1ec91e2438349a6a77f6bb61bec9ba1ac";"85304df6930b3815b80ab2af69c340b37e2491709ec8d471241ae5d4bb56aaac"
"Übergreifende Ergebnisdarstellung";"Navigation, Ergebnis & Bedienung";"Ergebnis-Einstieg";"Dynamischer Text";"Profil mit erhöhter Aufmerksamkeit ohne ausreichend starke Ankerdimension";"Ihr Ergebnis verdient jetzt etwas Aufmerksamkeit – verstehen Sie es als Startpunkt, nicht als Urteil. Beginnen Sie <b>{{weakestPrepositional}}</b> ({{weakestScore}} von 100){{topicSuffix}}; {{actionPlanReference}} unten {{actionPlanVerb}} genau dort an.";"Votre résultat mérite maintenant un peu d’attention. Considérez-le comme un point de départ, et non comme un jugement. Commencez <b>{{weakestPrepositional}}</b> ({{weakestScore}} sur 100){{topicSuffix}} ; {{actionPlanReference}} ci-dessous {{actionPlanVerb}} précisément sur ce point.";"";"";"Marketing, Medizin";"Prüfung erforderlich";"";"{{actionPlanReference}} | {{actionPlanVerb}} | {{topicSuffix}} | {{weakestPrepositional}} | {{weakestScore}}";"";"ui.hero.lead.spread.aufmerksam.no_wind";"ui";"fr-CH";"3";"v1:d69b55804c14335744a0a12a0aa976d1ec91e2438349a6a77f6bb61bec9ba1ac";"fa4c957f2ff7d3f623ce91e6ceb490e6327380b10184406d862e308063906490"
"Übergreifende Ergebnisdarstellung";"Navigation, Ergebnis & Bedienung";"Ergebnis-Einstieg";"Dynamischer Text";"Profil mit erhöhter Aufmerksamkeit und grammatisch pluraler Ankerdimension";"Ihr Ergebnis verdient jetzt etwas Aufmerksamkeit – verstehen Sie es als Startpunkt, nicht als Urteil. Beginnen Sie <b>{{weakestPrepositional}}</b> ({{weakestScore}} von 100){{topicSuffix}}; {{actionPlanReference}} unten {{actionPlanVerb}} genau dort an. <b>{{strongestNominative}}</b> ({{strongestScore}}) geben Ihnen dabei Rückenwind.";"Votre résultat mérite maintenant un peu d’attention. Considérez-le comme un point de départ, et non comme un jugement. Commencez <b>{{weakestPrepositional}}</b> ({{weakestScore}} sur 100){{topicSuffix}} ; {{actionPlanReference}} ci-dessous {{actionPlanVerb}} précisément sur ce point. <b>{{strongestNominative}}</b> ({{strongestScore}}) vous donnent un élan positif.";"";"";"Marketing, Medizin";"Prüfung erforderlich";"";"{{actionPlanReference}} | {{actionPlanVerb}} | {{strongestNominative}} | {{strongestScore}} | {{topicSuffix}} | {{weakestPrepositional}} | {{weakestScore}}";"";"ui.hero.lead.spread.aufmerksam.with_wind.plural";"ui";"fr-CH";"3";"v1:d69b55804c14335744a0a12a0aa976d1ec91e2438349a6a77f6bb61bec9ba1ac";"6ebcd86a37533711cc05835bcf032d8cc82dc74dc47fcede4ee875218d9879e4"
"Übergreifende Ergebnisdarstellung";"Navigation, Ergebnis & Bedienung";"Ergebnis-Einstieg";"Dynamischer Text";"Profil mit erhöhter Aufmerksamkeit und grammatisch singulärer Ankerdimension";"Ihr Ergebnis verdient jetzt etwas Aufmerksamkeit – verstehen Sie es als Startpunkt, nicht als Urteil. Beginnen Sie <b>{{weakestPrepositional}}</b> ({{weakestScore}} von 100){{topicSuffix}}; {{actionPlanReference}} unten {{actionPlanVerb}} genau dort an. <b>{{strongestNominative}}</b> ({{strongestScore}}) gibt Ihnen dabei Rückenwind.";"Votre résultat mérite maintenant un peu d’attention. Considérez-le comme un point de départ, et non comme un jugement. Commencez <b>{{weakestPrepositional}}</b> ({{weakestScore}} sur 100){{topicSuffix}} ; {{actionPlanReference}} ci-dessous {{actionPlanVerb}} précisément sur ce point. <b>{{strongestNominative}}</b> ({{strongestScore}}) vous donne un élan positif.";"";"";"Marketing, Medizin";"Prüfung erforderlich";"";"{{actionPlanReference}} | {{actionPlanVerb}} | {{strongestNominative}} | {{strongestScore}} | {{topicSuffix}} | {{weakestPrepositional}} | {{weakestScore}}";"";"ui.hero.lead.spread.aufmerksam.with_wind.singular";"ui";"fr-CH";"3";"v1:d69b55804c14335744a0a12a0aa976d1ec91e2438349a6a77f6bb61bec9ba1ac";"397f9e6c3e1f21a10a2ec0de326da57d2f5c1a517d78a33ca6a3e2c68957b4cc"
"Übergreifende Ergebnisdarstellung";"Navigation, Ergebnis & Bedienung";"Ergebnis-Einstieg";"Dynamischer Text";"Profil ausbaufähig; stärkste Dimension unter solide und grammatisch plural";"«Ausbaufähig» heisst bei Ihnen: Das Fundament ist da, und es gibt klare Hebel. Am meisten bewirken Sie aktuell <b>{{weakestPrepositional}}</b> ({{weakestScore}} von 100){{topicSuffix}}. Am stabilsten zeigen sich <b>{{strongestNominative}}</b> ({{strongestScore}}) – darauf lässt sich aufbauen.";"Pour vous, « À améliorer » signifie que les bases sont présentes et que des leviers clairs se dessinent. C’est actuellement <b>{{weakestPrepositional}}</b> ({{weakestScore}} sur 100){{topicSuffix}} que vous pouvez obtenir le plus d’effet. <b>{{strongestNominative}}</b> ({{strongestScore}}) sont les domaines les plus stables : vous pouvez vous appuyer dessus.";"";"";"Marketing, Medizin";"Prüfung erforderlich";"";"{{strongestNominative}} | {{strongestScore}} | {{topicSuffix}} | {{weakestPrepositional}} | {{weakestScore}}";"";"ui.hero.lead.spread.ausbau.anchor_stable.plural";"ui";"fr-CH";"3";"v1:d69b55804c14335744a0a12a0aa976d1ec91e2438349a6a77f6bb61bec9ba1ac";"529c4184ee3e6c324b6192e553767ad71d583e08d6793a38e3aed6aef293be19"
"Übergreifende Ergebnisdarstellung";"Navigation, Ergebnis & Bedienung";"Ergebnis-Einstieg";"Dynamischer Text";"Profil ausbaufähig; stärkste Dimension unter solide und grammatisch singular";"«Ausbaufähig» heisst bei Ihnen: Das Fundament ist da, und es gibt klare Hebel. Am meisten bewirken Sie aktuell <b>{{weakestPrepositional}}</b> ({{weakestScore}} von 100){{topicSuffix}}. Am stabilsten zeigt sich <b>{{strongestNominative}}</b> ({{strongestScore}}) – darauf lässt sich aufbauen.";"Pour vous, « À améliorer » signifie que les bases sont présentes et que des leviers clairs se dessinent. C’est actuellement <b>{{weakestPrepositional}}</b> ({{weakestScore}} sur 100){{topicSuffix}} que vous pouvez obtenir le plus d’effet. <b>{{strongestNominative}}</b> ({{strongestScore}}) est le domaine le plus stable : vous pouvez vous appuyer dessus.";"";"";"Marketing, Medizin";"Prüfung erforderlich";"";"{{strongestNominative}} | {{strongestScore}} | {{topicSuffix}} | {{weakestPrepositional}} | {{weakestScore}}";"";"ui.hero.lead.spread.ausbau.anchor_stable.singular";"ui";"fr-CH";"3";"v1:d69b55804c14335744a0a12a0aa976d1ec91e2438349a6a77f6bb61bec9ba1ac";"f93548d41ab33f1c5248650955a72837a0bfd3ac0d052ab2ef28c2bca775c182"
"Übergreifende Ergebnisdarstellung";"Navigation, Ergebnis & Bedienung";"Ergebnis-Einstieg";"Dynamischer Text";"Profil ausbaufähig; stärkste Dimension mindestens solide und grammatisch plural";"«Ausbaufähig» heisst bei Ihnen: Das Fundament ist da, und es gibt klare Hebel. Am meisten bewirken Sie aktuell <b>{{weakestPrepositional}}</b> ({{weakestScore}} von 100){{topicSuffix}}. Gut zu sehen: <b>{{strongestNominative}}</b> ({{strongestScore}}) stützen Sie dabei bereits.";"Pour vous, « À améliorer » signifie que les bases sont présentes et que des leviers clairs se dessinent. C’est actuellement <b>{{weakestPrepositional}}</b> ({{weakestScore}} sur 100){{topicSuffix}} que vous pouvez obtenir le plus d’effet. Point positif : <b>{{strongestNominative}}</b> ({{strongestScore}}) vous soutiennent déjà.";"";"";"Marketing, Medizin";"Prüfung erforderlich";"";"{{strongestNominative}} | {{strongestScore}} | {{topicSuffix}} | {{weakestPrepositional}} | {{weakestScore}}";"";"ui.hero.lead.spread.ausbau.anchor_strong.plural";"ui";"fr-CH";"3";"v1:d69b55804c14335744a0a12a0aa976d1ec91e2438349a6a77f6bb61bec9ba1ac";"3ff363cc0c7b277bad63581cfb6ef81d52439e0c6e72fd36a5e0617ee3d603af"
"Übergreifende Ergebnisdarstellung";"Navigation, Ergebnis & Bedienung";"Ergebnis-Einstieg";"Dynamischer Text";"Profil ausbaufähig; stärkste Dimension mindestens solide und grammatisch singular";"«Ausbaufähig» heisst bei Ihnen: Das Fundament ist da, und es gibt klare Hebel. Am meisten bewirken Sie aktuell <b>{{weakestPrepositional}}</b> ({{weakestScore}} von 100){{topicSuffix}}. Gut zu sehen: <b>{{strongestNominative}}</b> ({{strongestScore}}) stützt Sie dabei bereits.";"Pour vous, « À améliorer » signifie que les bases sont présentes et que des leviers clairs se dessinent. C’est actuellement <b>{{weakestPrepositional}}</b> ({{weakestScore}} sur 100){{topicSuffix}} que vous pouvez obtenir le plus d’effet. Point positif : <b>{{strongestNominative}}</b> ({{strongestScore}}) vous soutient déjà.";"";"";"Marketing, Medizin";"Prüfung erforderlich";"";"{{strongestNominative}} | {{strongestScore}} | {{topicSuffix}} | {{weakestPrepositional}} | {{weakestScore}}";"";"ui.hero.lead.spread.ausbau.anchor_strong.singular";"ui";"fr-CH";"3";"v1:d69b55804c14335744a0a12a0aa976d1ec91e2438349a6a77f6bb61bec9ba1ac";"c992920746ef3b67c9d4af647e0b399dbb13384b95091663aad4428471496a12"
"Übergreifende Ergebnisdarstellung";"Navigation, Ergebnis & Bedienung";"Ergebnis-Einstieg";"Dynamischer Text";"Hero-Zusammenfassung mit genau einem konkreten Defizitthema";" – Stichwort: {{topicOne}}";" – thème : {{topicOne}}";"";"";"Marketing";"Prüfung erforderlich";"";"{{topicOne}}";"";"ui.hero.topic_suffix.one";"ui";"fr-CH";"3";"v1:d69b55804c14335744a0a12a0aa976d1ec91e2438349a6a77f6bb61bec9ba1ac";"264d936a27314ee5bbc3f1e13d14fce34fc1a6289e34423c3b15bf2369d66124"
"Übergreifende Ergebnisdarstellung";"Navigation, Ergebnis & Bedienung";"Ergebnis-Einstieg";"Dynamischer Text";"Hero-Zusammenfassung mit zwei konkreten Defizitthemen";" – Stichworte: {{topicOne}} und {{topicTwo}}";" – thèmes : {{topicOne}} et {{topicTwo}}";"";"";"Marketing";"Prüfung erforderlich";"";"{{topicOne}} | {{topicTwo}}";"";"ui.hero.topic_suffix.two";"ui";"fr-CH";"3";"v1:d69b55804c14335744a0a12a0aa976d1ec91e2438349a6a77f6bb61bec9ba1ac";"ddb61a0c8a9981ad7980bc4471dd16990bcee3e32690aa61f19f6ae449f78617"
"Übergreifende Ergebnisdarstellung";"Navigation, Ergebnis & Bedienung";"Angebote & Kundenkontext";"Beschriftung";"Ergebnisseite, Präfix vor einem noch nicht verlinkten Helsana-Angebot";"Platzhalter: {{placeholder}}";"Espace réservé : {{placeholder}}";"";"";"Marketing";"Prüfung erforderlich";"";"{{placeholder}}";"";"ui.offer.placeholder_prefix";"ui";"fr-CH";"3";"v1:d69b55804c14335744a0a12a0aa976d1ec91e2438349a6a77f6bb61bec9ba1ac";"db502f98ec4935aa97bb33a2bf51ae3afcca9d718530156eeaa63ec5730d9d65"
"Übergreifende Ergebnisdarstellung";"Navigation, Ergebnis & Bedienung";"Ergebnisbereiche";"Überschrift";"Handlungsfelder-Karte, Überschrift";"Grösste Handlungsfelder";"Principaux domaines d’action";"";"";"Marketing";"Prüfung erforderlich";"";"";"";"ui.overview.fields_title";"ui";"fr-CH";"3";"v1:d69b55804c14335744a0a12a0aa976d1ec91e2438349a6a77f6bb61bec9ba1ac";"f711dac20e012d96edafb0835890af8a63fb9061ee7fd762247d9b360b65efda"
"Übergreifende Ergebnisdarstellung";"Navigation, Ergebnis & Bedienung";"Ergebnisbereiche";"Beschriftung";"Stärken-und-Handlungsfelder-Sektion, Rubrik";"Auf einen Blick";"En un coup d’œil";"";"";"Marketing";"Prüfung erforderlich";"";"";"";"ui.overview.eyebrow";"ui";"fr-CH";"3";"v1:d69b55804c14335744a0a12a0aa976d1ec91e2438349a6a77f6bb61bec9ba1ac";"110b23b9657d2a9a6de1a3d53e011747d633befea0703ec48aa97e948cb0f12a"
"Übergreifende Ergebnisdarstellung";"Navigation, Ergebnis & Bedienung";"Ergebnisbereiche";"Überschrift";"Stärken-und-Handlungsfelder-Sektion, Überschrift";"Ihre Stärken & Handlungsfelder";"Vos points forts et domaines d’action";"";"";"Marketing";"Prüfung erforderlich";"";"";"";"ui.overview.title";"ui";"fr-CH";"3";"v1:d69b55804c14335744a0a12a0aa976d1ec91e2438349a6a77f6bb61bec9ba1ac";"699f12c36dd09cccfc93302175db0ac7cd0fd367b6c531a212cce967059b6062"
"Übergreifende Ergebnisdarstellung";"Navigation, Ergebnis & Bedienung";"Ergebnisbereiche";"Überschrift";"Stärkenkarte, Überschrift";"Ihre Stärken";"Vos points forts";"";"";"Marketing";"Prüfung erforderlich";"";"";"";"ui.overview.strengths_title";"ui";"fr-CH";"3";"v1:d69b55804c14335744a0a12a0aa976d1ec91e2438349a6a77f6bb61bec9ba1ac";"623f244f843f38bec521df400072cf442c74b0a95c323bf7f7531c99eb888201"
"Übergreifende Ergebnisdarstellung";"Navigation, Ergebnis & Bedienung";"Ergebnisbereiche";"Positive Rückmeldung";"Handlungsfelder-Karte ohne dringendes Feld";"Aktuell kein dringendes Handlungsfeld – halten Sie Ihren Kurs.";"Aucun domaine d’action urgent pour le moment : gardez le cap.";"";"";"Marketing";"Prüfung erforderlich";"";"";"";"ui.overview.fields_empty";"ui";"fr-CH";"3";"v1:d69b55804c14335744a0a12a0aa976d1ec91e2438349a6a77f6bb61bec9ba1ac";"5eda6a97d9ef9f304cf5df293255354069d7ed52bea123dc418cc8c9d17c6002"
"Übergreifende Ergebnisdarstellung";"Navigation, Ergebnis & Bedienung";"Ergebnisbereiche";"Positive Rückmeldung";"Stärkenkarte ohne konkrete Stärke";"Jeder Bereich bietet gerade Potenzial – ein guter Startpunkt.";"Chaque domaine présente actuellement un potentiel : un bon point de départ.";"";"";"Marketing";"Prüfung erforderlich";"";"";"";"ui.overview.strengths_empty";"ui";"fr-CH";"3";"v1:d69b55804c14335744a0a12a0aa976d1ec91e2438349a6a77f6bb61bec9ba1ac";"6a4c0dd4f9874a61657feb2e1f8e28051b6b33d6b6f3229b7a02e16d7a7024f2"
"Übergreifende Ergebnisdarstellung";"Navigation, Ergebnis & Bedienung";"Gemeinsame Oberflächentexte";"Beschriftung";"Gemeinsames Periodenlabel aller 4-Wochen-Pläne";"Diese Woche";"Cette semaine";"";"";"Marketing";"Prüfung erforderlich";"";"";"";"ui.plan.period.this_week";"recommendations";"fr-CH";"3";"v1:d69b55804c14335744a0a12a0aa976d1ec91e2438349a6a77f6bb61bec9ba1ac";"5398af127ab3340119fe631b8d25add97ed437c8528bd820f083bc4b53170fbb"
"Übergreifende Ergebnisdarstellung";"Navigation, Ergebnis & Bedienung";"Gemeinsame Oberflächentexte";"Beschriftung";"Gemeinsames Periodenlabel aller 4-Wochen-Pläne";"Woche 4";"Semaine 4";"";"";"Marketing";"Prüfung erforderlich";"";"";"";"ui.plan.period.week_4";"recommendations";"fr-CH";"3";"v1:d69b55804c14335744a0a12a0aa976d1ec91e2438349a6a77f6bb61bec9ba1ac";"011943f4d9a7ef2a52815001d680e1bfb54159dbd567119b479dcb7a354469da"
"Übergreifende Ergebnisdarstellung";"Navigation, Ergebnis & Bedienung";"Gemeinsame Oberflächentexte";"Beschriftung";"Gemeinsames Periodenlabel aller 4-Wochen-Pläne";"Woche 2–3";"Semaines 2–3";"";"";"Marketing";"Prüfung erforderlich";"";"";"";"ui.plan.period.weeks_2_3";"recommendations";"fr-CH";"3";"v1:d69b55804c14335744a0a12a0aa976d1ec91e2438349a6a77f6bb61bec9ba1ac";"601b64ad83540d9d6f39a55ff5271535bbf4c8aaa6c9e3b5d1db9dda4b90caf7"
"Übergreifende Ergebnisdarstellung";"Navigation, Ergebnis & Bedienung";"Promo & Feedback";"Überschrift";"Helsana-Plus-Promokarte, Überschrift";"Punkte sammeln";"Collecter des points";"";"";"Marketing";"Prüfung erforderlich";"";"";"";"ui.promo.title";"ui";"fr-CH";"3";"v1:d69b55804c14335744a0a12a0aa976d1ec91e2438349a6a77f6bb61bec9ba1ac";"59cbe73b06d51a77db21f339fb734e0508960f4f9d7a434a1eeaa1192bcac84b"
"Übergreifende Ergebnisdarstellung";"Navigation, Ergebnis & Bedienung";"Promo & Feedback";"Begründung / Einordnung";"Helsana-Plus-Promokarte, Beschreibung";"Sammeln Sie mit Ihrem gesundheitsbewussten Lebensstil Pluspunkte und profitieren Sie von attraktiven Rabatten und Barauszahlungen.";"Adoptez un mode de vie soucieux de votre santé pour collecter des points Plus et bénéficier de rabais attrayants et de versements en espèces.";"";"";"Marketing";"Prüfung erforderlich";"";"";"";"ui.promo.description";"ui";"fr-CH";"3";"v1:d69b55804c14335744a0a12a0aa976d1ec91e2438349a6a77f6bb61bec9ba1ac";"5ef5cf2c16e56f1683919ef9dc3a66afcb7ef74048cf04a4baf710b7e07ad75a"
"Übergreifende Ergebnisdarstellung";"Navigation, Ergebnis & Bedienung";"Fragebogen";"Beschriftung";"Fragebogen, Ersatztitel für eine Hilfe ohne eigenen Titel";"Was bedeutet das?";"Qu’est-ce que cela signifie ?";"";"";"Marketing";"Prüfung erforderlich";"";"";"";"ui.quiz.help_fallback";"ui";"fr-CH";"3";"v1:d69b55804c14335744a0a12a0aa976d1ec91e2438349a6a77f6bb61bec9ba1ac";"bca81883d60f135c4bdc1487a2036df8fac02399e885289d41ae6583632f3771"
"Übergreifende Ergebnisdarstellung";"Navigation, Ergebnis & Bedienung";"Fragebogen";"Dynamischer Text";"Fragebogen, Screenreader-Label eines Fortschrittsschritts";"Bereich {{current}} von {{total}}: {{dimensionShort}}{{stateLabel}}";"Domaine {{current}} sur {{total}} : {{dimensionShort}}{{stateLabel}}";"";"";"Marketing";"Prüfung erforderlich";"";"{{current}} | {{dimensionShort}} | {{stateLabel}} | {{total}}";"";"ui.quiz.step_aria";"ui";"fr-CH";"3";"v1:d69b55804c14335744a0a12a0aa976d1ec91e2438349a6a77f6bb61bec9ba1ac";"cf691a420d583ea08534a6f09c20a6294be1789aec63dda2a7fa4b2bd4d997ce"
"Übergreifende Ergebnisdarstellung";"Navigation, Ergebnis & Bedienung";"Fragebogen";"Hint";"Fragebogen, Hinweis bei optionalem Zahlenfeld";"Optional – Sie können das Feld auch leer lassen.";"Facultatif : vous pouvez aussi laisser ce champ vide.";"";"";"Marketing";"Prüfung erforderlich";"";"";"";"ui.quiz.optional_hint";"ui";"fr-CH";"3";"v1:d69b55804c14335744a0a12a0aa976d1ec91e2438349a6a77f6bb61bec9ba1ac";"58a2ed5f5bfce49b9a1beb2a012e6d5382e84f1e7561dcb3fd5931fdf6db22a5"
"Übergreifende Ergebnisdarstellung";"Navigation, Ergebnis & Bedienung";"Fragebogen";"Validation";"Fragebogen, Pflichtfeldvalidierung beim Bereichswechsel";"Bitte beantworten Sie alle nicht optionalen Fragen in diesem Bereich, um fortzufahren.";"Veuillez répondre à toutes les questions non facultatives de ce domaine pour continuer.";"";"";"Marketing";"Prüfung erforderlich";"";"";"";"ui.quiz.incomplete_hint";"ui";"fr-CH";"3";"v1:d69b55804c14335744a0a12a0aa976d1ec91e2438349a6a77f6bb61bec9ba1ac";"09b10cc30fd4b7f8063e677efa7774011f00d8f268914ef6bbf9481bc13f3cd4"
"Übergreifende Ergebnisdarstellung";"Navigation, Ergebnis & Bedienung";"Fragebogen";"Aria label";"Fragebogen, Screenreader-Label der Bereichsnavigation";"Fortschritt";"Progression";"";"";"Marketing";"Prüfung erforderlich";"";"";"";"ui.quiz.progress_aria";"ui";"fr-CH";"3";"v1:d69b55804c14335744a0a12a0aa976d1ec91e2438349a6a77f6bb61bec9ba1ac";"188f2b9d244975a93e74aca2a8b8fcb11d13b34505db2f7a65c058b14b38d03a"
"Übergreifende Ergebnisdarstellung";"Navigation, Ergebnis & Bedienung";"Fragebogen";"Dynamischer Text";"Fragebogen, sichtbare Bereichsnummer";"Bereich {{current}} von {{total}}";"Domaine {{current}} sur {{total}}";"";"";"Marketing";"Prüfung erforderlich";"";"{{current}} | {{total}}";"";"ui.quiz.dimension_count";"ui";"fr-CH";"3";"v1:d69b55804c14335744a0a12a0aa976d1ec91e2438349a6a77f6bb61bec9ba1ac";"b499c8203e6d1b8fe465cad8ac1d09e1a574abfce05b6cceab29e891db719e94"
"Übergreifende Ergebnisdarstellung";"Navigation, Ergebnis & Bedienung";"Fragebogen";"Button";"Fragebogen, Ergebnisse anzeigen";"Auswertung anzeigen";"Afficher l’évaluation";"";"";"Marketing";"Prüfung erforderlich";"";"";"";"ui.quiz.button.results";"ui";"fr-CH";"3";"v1:d69b55804c14335744a0a12a0aa976d1ec91e2438349a6a77f6bb61bec9ba1ac";"31e7e341ecde22f0446fd35b34e3033944ef38bbdcb90d062d689195b9c96839"
"Übergreifende Ergebnisdarstellung";"Navigation, Ergebnis & Bedienung";"Fragebogen";"Button";"Fragebogen, zum nächsten Bereich";"Weiter";"Continuer";"";"";"Marketing";"Prüfung erforderlich";"";"";"";"ui.quiz.button.continue";"ui";"fr-CH";"3";"v1:d69b55804c14335744a0a12a0aa976d1ec91e2438349a6a77f6bb61bec9ba1ac";"4274b781ca0df97af55d2153be1a225977c0404dad281e14da3c37bf658fb29b"
"Übergreifende Ergebnisdarstellung";"Navigation, Ergebnis & Bedienung";"Fragebogen";"Button";"Fragebogen, zum vorherigen Bereich";"Zurück";"Retour";"";"";"Marketing";"Prüfung erforderlich";"";"";"";"ui.quiz.button.back";"ui";"fr-CH";"3";"v1:d69b55804c14335744a0a12a0aa976d1ec91e2438349a6a77f6bb61bec9ba1ac";"c405e7d7595db7ea6b766cbfa916a18bacac85bb70dd03e2cf0d8c126a9519be"
"Übergreifende Ergebnisdarstellung";"Navigation, Ergebnis & Bedienung";"Fragebogen";"Dynamischer Text";"Fragebogen, ungültiger Zahlenwert mit Höchstwert";"Bitte geben Sie einen gültigen Wert bis {{max}}{{unit}} ein.";"Veuillez saisir une valeur valide jusqu’à {{max}}{{unit}}.";"";"";"Marketing";"Prüfung erforderlich";"";"{{max}} | {{unit}}";"";"ui.quiz.number_error.maximum";"ui";"fr-CH";"3";"v1:d69b55804c14335744a0a12a0aa976d1ec91e2438349a6a77f6bb61bec9ba1ac";"6d9bc0434319a81e0c98e5745d229e61b01ea46078efd043730934096d57694b"
"Übergreifende Ergebnisdarstellung";"Navigation, Ergebnis & Bedienung";"Fragebogen";"Dynamischer Text";"Fragebogen, ungültiger Zahlenwert mit Mindest- und Höchstwert";"Bitte geben Sie einen gültigen Wert zwischen {{min}} und {{max}}{{unit}} ein.";"Veuillez saisir une valeur valide comprise entre {{min}} et {{max}}{{unit}}.";"";"";"Marketing";"Prüfung erforderlich";"";"{{max}} | {{min}} | {{unit}}";"";"ui.quiz.number_error.between";"ui";"fr-CH";"3";"v1:d69b55804c14335744a0a12a0aa976d1ec91e2438349a6a77f6bb61bec9ba1ac";"3408fe5c33ea84b5ce013f8a970261040938f14d7833cc4216d74dff6f7e8edf"
"Übergreifende Ergebnisdarstellung";"Navigation, Ergebnis & Bedienung";"Fragebogen";"Dynamischer Text";"Fragebogen, ungültiger Zahlenwert mit Mindestwert";"Bitte geben Sie einen gültigen Wert ab {{min}}{{unit}} ein.";"Veuillez saisir une valeur valide à partir de {{min}}{{unit}}.";"";"";"Marketing";"Prüfung erforderlich";"";"{{min}} | {{unit}}";"";"ui.quiz.number_error.minimum";"ui";"fr-CH";"3";"v1:d69b55804c14335744a0a12a0aa976d1ec91e2438349a6a77f6bb61bec9ba1ac";"e1827fd4a3ba11987455d724a662eb5e0b4aaaa36c3116276a77b6c1eec60bf9"
"Übergreifende Ergebnisdarstellung";"Navigation, Ergebnis & Bedienung";"Fragebogen";"Aria label";"Fragebogen, Screenreader-Zusatz für aktuellen Bereich";" (aktuell)";" (actuel)";"";"";"Marketing";"Prüfung erforderlich";"";"";"";"ui.quiz.step_state.current";"ui";"fr-CH";"3";"v1:d69b55804c14335744a0a12a0aa976d1ec91e2438349a6a77f6bb61bec9ba1ac";"697aee205c9d8eaab4863908175cb9bd753db3394576098f85996c5900dbfff4"
"Übergreifende Ergebnisdarstellung";"Navigation, Ergebnis & Bedienung";"Fragebogen";"Aria label";"Fragebogen, Screenreader-Zusatz für erledigten Bereich";" (erledigt)";" (terminé)";"";"";"Marketing";"Prüfung erforderlich";"";"";"";"ui.quiz.step_state.done";"ui";"fr-CH";"3";"v1:d69b55804c14335744a0a12a0aa976d1ec91e2438349a6a77f6bb61bec9ba1ac";"628214c7b52e594064561a9cc5246b3e0133402793d7ca62365c138acedb9b4e"
"Übergreifende Ergebnisdarstellung";"Navigation, Ergebnis & Bedienung";"Gesundheitsprofil";"Barrierefreie Beschriftung";"Barrierefreie Beschreibung des Radardiagramms auf der Ergebnisseite";"Radardiagramm Ihres Gesundheitsprofils über die bewerteten Dimensionen";"Diagramme radar de votre profil de santé dans les dimensions évaluées";"";"";"Marketing";"Prüfung erforderlich";"";"";"";"ui.radar.aria_label";"ui";"fr-CH";"3";"v1:d69b55804c14335744a0a12a0aa976d1ec91e2438349a6a77f6bb61bec9ba1ac";"f4a5e1d5b4df05b2fe4fdb423422d7d21a10f4cef2b2a60f2b9c850178243e70"
"Übergreifende Ergebnisdarstellung";"Navigation, Ergebnis & Bedienung";"Gesundheitsprofil";"Dynamischer Text";"Barrierefreie Beschriftung einer anklickbaren Dimensionsachse im Radardiagramm";"Zur Detailansicht {{dimensionShort}}";"Accéder à la vue détaillée {{dimensionShort}}";"";"";"Marketing";"Prüfung erforderlich";"";"{{dimensionShort}}";"";"ui.radar.dimension_detail_aria";"ui";"fr-CH";"3";"v1:d69b55804c14335744a0a12a0aa976d1ec91e2438349a6a77f6bb61bec9ba1ac";"43b78d7a32f8d9dd5926a4b1a21748bcdbd7cdc88602f2be85e3333624c32d58"
"Übergreifende Ergebnisdarstellung";"Navigation, Ergebnis & Bedienung";"Dimensionsdetails";"Dynamischer Text";"Badge an einer Empfehlung, die identisch im priorisierten Aktionsplan erscheint";"Schritt {{planStep}} in Ihrem Aktionsplan";"Étape {{planStep}} de votre plan d’action";"";"";"Marketing";"Prüfung erforderlich";"Neue Orientierung zwischen Aktionsplan und Dimensionsdetails durch Marketing freigeben.";"{{planStep}}";"";"ui.recommendation.action_plan_badge";"ui";"fr-CH";"3";"v1:d69b55804c14335744a0a12a0aa976d1ec91e2438349a6a77f6bb61bec9ba1ac";"195663df526a6ca86c74c06ee38b09c4dec72d28b81fb4f945dbac47f5d9e57b"
"Übergreifende Ergebnisdarstellung";"Navigation, Ergebnis & Bedienung";"Empfehlungsdarstellung";"Beschriftung";"Detailkarte einer Empfehlung, Label vor dem dimensionsübergreifenden Körperprofil-Bezug";"Zusätzlicher Bezug zu Ihrem Körperprofil:";"Lien supplémentaire avec votre profil corporel :";"";"";"Marketing, Medizin";"Prüfung erforderlich";"Erscheint nur bei bereits ausgelösten passenden Empfehlungen; erzeugt aus BMI oder WHtR kein neues Dimensionsdefizit.";"";"";"ui.recommendation.label.body_context";"ui";"fr-CH";"3";"v1:d69b55804c14335744a0a12a0aa976d1ec91e2438349a6a77f6bb61bec9ba1ac";"0c1acd746ed1daf13987a7cde9634f5e503d6bbadf16d166acf79fb73412d4bd"
"Übergreifende Ergebnisdarstellung";"Navigation, Ergebnis & Bedienung";"Empfehlungsdarstellung";"Beschriftung";"Detailkarte einer Empfehlung, Label vor dem nächsten Schritt";"Konkreter nächster Schritt:";"Prochaine étape concrète :";"";"";"Marketing";"Prüfung erforderlich";"";"";"";"ui.recommendation.label.step";"ui";"fr-CH";"3";"v1:d69b55804c14335744a0a12a0aa976d1ec91e2438349a6a77f6bb61bec9ba1ac";"794b67cf60663ba2740954c052459f787ffad35fe101d27530f8f59d4248371a"
"Übergreifende Ergebnisdarstellung";"Navigation, Ergebnis & Bedienung";"Empfehlungsdarstellung";"Beschriftung";"Detailkarte einer Empfehlung, Label vor dem Nutzen";"Erwarteter Nutzen:";"Bénéfice attendu :";"";"";"Marketing";"Prüfung erforderlich";"";"";"";"ui.recommendation.label.benefit";"ui";"fr-CH";"3";"v1:d69b55804c14335744a0a12a0aa976d1ec91e2438349a6a77f6bb61bec9ba1ac";"a5f38985f1c5e02d7e2506cb82c4f913f6784043a2ffca4e803bde9479c3e624"
"Übergreifende Ergebnisdarstellung";"Navigation, Ergebnis & Bedienung";"Empfehlungsdarstellung";"Beschriftung";"Detailkarte einer Empfehlung, Label vor der Begründung";"Warum das für Sie relevant ist:";"Pourquoi cela vous concerne :";"";"";"Marketing";"Prüfung erforderlich";"";"";"";"ui.recommendation.label.why";"ui";"fr-CH";"3";"v1:d69b55804c14335744a0a12a0aa976d1ec91e2438349a6a77f6bb61bec9ba1ac";"b4593ca2fb1ecb1b41d38559350e6b80fb8220f254e42e64d60ab4c43376ce0f"
"Übergreifende Ergebnisdarstellung";"Navigation, Ergebnis & Bedienung";"Ergebnisbereiche";"Beschriftung";"Ergebnis-Hero, Rubrik";"Ergebnis";"Résultat";"";"";"Marketing";"Prüfung erforderlich";"";"";"";"ui.result.eyebrow";"ui";"fr-CH";"3";"v1:d69b55804c14335744a0a12a0aa976d1ec91e2438349a6a77f6bb61bec9ba1ac";"a7844ad7c701286a802e4a09e7d396e65f1daef3e56210cee9cb66d5fb2cef2d"
"Übergreifende Ergebnisdarstellung";"Navigation, Ergebnis & Bedienung";"Ergebnisbereiche";"Überschrift";"Ergebnis-Hero, Überschrift";"Ihre Standortbestimmung";"Votre état des lieux";"";"";"Marketing";"Prüfung erforderlich";"";"";"";"ui.result.title";"ui";"fr-CH";"3";"v1:d69b55804c14335744a0a12a0aa976d1ec91e2438349a6a77f6bb61bec9ba1ac";"07d7c308f8e520de6ec9c74b951475c6ab65fac3c7c7c28b4d2a944ff1bd83b5"
"Übergreifende Ergebnisdarstellung";"Navigation, Ergebnis & Bedienung";"Ergebnisbereiche";"Beschriftung";"Score-Ring, Nenner";"von 100";"sur 100";"";"";"Marketing";"Prüfung erforderlich";"";"";"";"ui.result.score_max";"ui";"fr-CH";"3";"v1:d69b55804c14335744a0a12a0aa976d1ec91e2438349a6a77f6bb61bec9ba1ac";"6fa41c3a295ed3dc7144ee06c621cd234e74311ed83927348feeee28aeee7119"
"Übergreifende Ergebnisdarstellung";"Navigation, Ergebnis & Bedienung";"Ergebnis-Einstieg";"Dynamischer Text";"Barrierefreie Beschreibung des Gesamtscores";"Gesamtscore {{overallScore}} von 100";"Score global {{overallScore}} sur 100";"";"";"Marketing";"Prüfung erforderlich";"";"{{overallScore}}";"";"ui.result.score_aria";"ui";"fr-CH";"3";"v1:d69b55804c14335744a0a12a0aa976d1ec91e2438349a6a77f6bb61bec9ba1ac";"1ff64db098efe335fc5bbd55b3ba01631e8f064c748bf62b41333b3fb6fd738d"
"Übergreifende Ergebnisdarstellung";"Navigation, Ergebnis & Bedienung";"Ergebnisbereiche";"Dynamischer Text";"Radar-Legende, Statusband mit Mindestwert";"{{statusLabel}} ({{minimumScore}}+)";"{{statusLabel}} ({{minimumScore}}+)";"";"";"Marketing";"Prüfung erforderlich";"";"{{minimumScore}} | {{statusLabel}}";"";"ui.result.legend_item";"ui";"fr-CH";"3";"v1:d69b55804c14335744a0a12a0aa976d1ec91e2438349a6a77f6bb61bec9ba1ac";"21f99c6d2fa612527bacc89ef54655f1b3865d529ee829edf2a6f31065e34bc2"
"Übergreifende Ergebnisdarstellung";"Navigation, Ergebnis & Bedienung";"Ergebnisaktionen";"Begründung / Einordnung";"Bestätigungsdialog vor dem Löschen der bisherigen Antworten";"Möchten Sie den Check wirklich neu beginnen? Ihre bisherigen Antworten werden gelöscht.";"Voulez-vous vraiment recommencer le bilan ? Vos réponses actuelles seront supprimées.";"";"";"Marketing";"Prüfung erforderlich";"";"";"";"ui.result_action.restart_confirm";"ui";"fr-CH";"3";"v1:d69b55804c14335744a0a12a0aa976d1ec91e2438349a6a77f6bb61bec9ba1ac";"24e0cb86f104f703dc2bcd8db4e9d16652fc5c7edf350228680264d59fafa14e"
"Übergreifende Ergebnisdarstellung";"Navigation, Ergebnis & Bedienung";"Ergebnisaktionen";"Nächster Schritt";"Button für einen neuen Check";"Neuer Check";"Nouveau bilan";"";"";"Marketing";"Prüfung erforderlich";"";"";"";"ui.result_action.restart";"ui";"fr-CH";"3";"v1:d69b55804c14335744a0a12a0aa976d1ec91e2438349a6a77f6bb61bec9ba1ac";"6460ad3f335573ffd3ff0f9ccabcc19ad735b049cd51024a34863a0c431964d3"
"Übergreifende Ergebnisdarstellung";"Navigation, Ergebnis & Bedienung";"Ergebnisaktionen";"Nächster Schritt";"Button zum Anpassen der Antworten";"Antworten anpassen";"Modifier les réponses";"";"";"Marketing";"Prüfung erforderlich";"";"";"";"ui.result_action.edit";"ui";"fr-CH";"3";"v1:d69b55804c14335744a0a12a0aa976d1ec91e2438349a6a77f6bb61bec9ba1ac";"72781da7e022bd66cfd5da44e3ae412d88e1c2f37ab5fa362541161975317159"
"Übergreifende Ergebnisdarstellung";"Navigation, Ergebnis & Bedienung";"Ergebnisaktionen";"Nächster Schritt";"Button zum Speichern des Ergebnis-Links";"Ergebnisse als Link speichern";"Enregistrer les résultats sous forme de lien";"";"";"Marketing";"Prüfung erforderlich";"";"";"";"ui.result_action.save_link";"ui";"fr-CH";"3";"v1:d69b55804c14335744a0a12a0aa976d1ec91e2438349a6a77f6bb61bec9ba1ac";"f6fe12617fe33086c810152e552b38a76df11a07989025fd3df284ba56ab8e05"
"Übergreifende Ergebnisdarstellung";"Navigation, Ergebnis & Bedienung";"Ergebnisaktionen";"Überschrift";"Dialog beim Klick auf die Marke während eines laufenden Checks, Titel";"Zurück zur Startseite";"Retour à la page d’accueil";"";"";"Marketing";"Prüfung erforderlich";"";"";"";"ui.result_action.home_modal.title";"ui";"fr-CH";"3";"v1:d69b55804c14335744a0a12a0aa976d1ec91e2438349a6a77f6bb61bec9ba1ac";"d4abc0c8993394d56c35374daf0b8b3fe8c2624c28ed85512ddbf837221c89b2"
"Übergreifende Ergebnisdarstellung";"Navigation, Ergebnis & Bedienung";"Ergebnisaktionen";"Begründung / Einordnung";"Dialog beim Klick auf die Marke während eines laufenden Checks, Text";"Möchten Sie Ihre bisherigen Eingaben behalten oder den Check von vorne beginnen?";"Souhaitez-vous conserver vos saisies actuelles ou recommencer le bilan depuis le début ?";"";"";"Marketing";"Prüfung erforderlich";"";"";"";"ui.result_action.home_modal.message";"ui";"fr-CH";"3";"v1:d69b55804c14335744a0a12a0aa976d1ec91e2438349a6a77f6bb61bec9ba1ac";"2c082af759bd94ca33784dc26bf1cf428f2afedf04be5f519afbcf17c9454650"
"Übergreifende Ergebnisdarstellung";"Navigation, Ergebnis & Bedienung";"Ergebnisaktionen";"Nächster Schritt";"Dialog beim Klick auf die Marke, Eingaben behalten";"Eingaben behalten";"Conserver les saisies";"";"";"Marketing";"Prüfung erforderlich";"";"";"";"ui.result_action.home_modal.keep";"ui";"fr-CH";"3";"v1:d69b55804c14335744a0a12a0aa976d1ec91e2438349a6a77f6bb61bec9ba1ac";"1108a004f5432241f17e40ebf40fc97fc25de7ad980f0bba13c8f2e0b66edc67"
"Übergreifende Ergebnisdarstellung";"Navigation, Ergebnis & Bedienung";"Ergebnisaktionen";"Nächster Schritt";"Dialoge zum Verlassen oder Neustarten eines laufenden Checks, neu beginnen";"Neu beginnen";"Recommencer";"";"";"Marketing";"Prüfung erforderlich";"";"";"";"ui.result_action.home_modal.restart";"ui";"fr-CH";"3";"v1:d69b55804c14335744a0a12a0aa976d1ec91e2438349a6a77f6bb61bec9ba1ac";"8d9fac9d38edb3828e2212cb58307ed2f2fd9ca13af31d246a2477e5ada81e01"
"Übergreifende Ergebnisdarstellung";"Navigation, Ergebnis & Bedienung";"Ergebnisaktionen";"Überschrift";"Dialog nach «Neu beginnen» auf der Startseite, Titel";"Check neu beginnen?";"Recommencer le bilan ?";"";"";"Marketing";"Prüfung erforderlich";"";"";"";"ui.result_action.restart_modal.title";"ui";"fr-CH";"3";"v1:d69b55804c14335744a0a12a0aa976d1ec91e2438349a6a77f6bb61bec9ba1ac";"6a90a0235a3e1bddf357c208f6e5abda9c555cc7e9064a96cf643d7a6606f282"
"Übergreifende Ergebnisdarstellung";"Navigation, Ergebnis & Bedienung";"Ergebnisaktionen";"Nächster Schritt";"Dialog nach «Neu beginnen» auf der Startseite, Fortschritt behalten";"Check fortsetzen";"Poursuivre le bilan";"";"";"Marketing";"Prüfung erforderlich";"";"";"";"ui.result_action.restart_modal.continue";"ui";"fr-CH";"3";"v1:d69b55804c14335744a0a12a0aa976d1ec91e2438349a6a77f6bb61bec9ba1ac";"940c616f7e98b99bb6a6cb02adcf1dbc6f606eb46388338c5b5a728f33f3d86b"
"Übergreifende Ergebnisdarstellung";"Navigation, Ergebnis & Bedienung";"Ergebnislink-Dialog";"Beschriftung";"Barrierefreie Beschriftung des Ergebnis-Link-Feldes";"Ergebnis-Link";"Lien vers les résultats";"";"";"Marketing";"Prüfung erforderlich";"";"";"";"ui.share_modal.input_aria";"ui";"fr-CH";"3";"v1:d69b55804c14335744a0a12a0aa976d1ec91e2438349a6a77f6bb61bec9ba1ac";"8b154856dccb990479b2754116e3bcb28df28b04eafa8deaf87e060851bc5310"
"Übergreifende Ergebnisdarstellung";"Navigation, Ergebnis & Bedienung";"Ergebnislink-Dialog";"Überschrift";"Ergebnis-Link-Dialog, Überschrift";"Ihr persönlicher Ergebnis-Link";"Votre lien personnel vers les résultats";"";"";"Marketing";"Prüfung erforderlich";"";"";"";"ui.share_modal.title";"ui";"fr-CH";"3";"v1:d69b55804c14335744a0a12a0aa976d1ec91e2438349a6a77f6bb61bec9ba1ac";"d05f361b6e402aa32705704fda098fee1f84114cb6ec1f5033430cd0b44d037b"
"Übergreifende Ergebnisdarstellung";"Navigation, Ergebnis & Bedienung";"Ergebnislink-Dialog";"Begründung / Einordnung";"Ergebnis-Link-Dialog, Beschreibung";"Speichern oder teilen Sie diesen Link. Sie können Ihr Ergebnis später wieder öffnen, Ihre Antworten anpassen oder einen neuen Check starten.";"Enregistrez ou partagez ce lien. Vous pourrez rouvrir vos résultats plus tard, modifier vos réponses ou commencer un nouveau bilan.";"";"";"Marketing";"Prüfung erforderlich";"";"";"";"ui.share_modal.description";"ui";"fr-CH";"3";"v1:d69b55804c14335744a0a12a0aa976d1ec91e2438349a6a77f6bb61bec9ba1ac";"fb2ad8f4a767fca6009c8b546543a4ceae6270e53b3356d9d8381d905c0f638e"
"Übergreifende Ergebnisdarstellung";"Navigation, Ergebnis & Bedienung";"Ergebnislink-Dialog";"Nächster Schritt";"Ergebnis-Link-Dialog, Kopierbutton";"Kopieren";"Copier";"";"";"Marketing";"Prüfung erforderlich";"";"";"";"ui.share_modal.copy";"ui";"fr-CH";"3";"v1:d69b55804c14335744a0a12a0aa976d1ec91e2438349a6a77f6bb61bec9ba1ac";"974a40b68830bf6b0420753146e961a346066b2a9f975e8495d783bd4338b2a6"
"Übergreifende Ergebnisdarstellung";"Navigation, Ergebnis & Bedienung";"Ergebnislink-Dialog";"Nächster Schritt";"Ergebnis-Link-Dialog, Schliessen-Button";"Schliessen";"Fermer";"";"";"Marketing";"Prüfung erforderlich";"";"";"";"ui.share_modal.close";"ui";"fr-CH";"3";"v1:d69b55804c14335744a0a12a0aa976d1ec91e2438349a6a77f6bb61bec9ba1ac";"ca5fa5390cb04cf6885eeb0cabe5bde04e95b25c2d24f7a5cbabb76d27090df2"
"Übergreifende Ergebnisdarstellung";"Navigation, Ergebnis & Bedienung";"Ergebnislink-Dialog";"Rechtlicher Hinweis";"Ergebnis-Link-Dialog, Hinweis bei lokaler Doppelklick-Nutzung";"Hinweis zur lokalen Nutzung: Der Link enthält den lokalen Dateipfad. Er funktioniert nur auf diesem Gerät und solange die Anwendung am selben Speicherort bleibt.";"Remarque concernant l’utilisation locale : le lien contient le chemin du fichier local. Il fonctionne uniquement sur cet appareil et tant que l’application reste enregistrée au même endroit.";"";"";"Marketing, Recht";"Prüfung erforderlich";"Technischer Hinweis für den bewusst aktivierten Standalone-Fallback; vor produktiver Nutzung durch Marketing und Datenschutz/Legal freigeben.";"";"";"ui.share_modal.local_file_warning";"ui";"fr-CH";"3";"v1:d69b55804c14335744a0a12a0aa976d1ec91e2438349a6a77f6bb61bec9ba1ac";"f72934c849c940ad9f57d68ece61db897edfc5610abcaa59a2b79b8caf4189fb"
"Übergreifende Ergebnisdarstellung";"Navigation, Ergebnis & Bedienung";"Ergebnislink-Dialog";"Begründung / Einordnung";"Ergebnis-Link-Dialog, Fallback bei fehlgeschlagenem Kopieren";"Bitte den markierten Link manuell kopieren (Strg/Cmd + C).";"Veuillez copier manuellement le lien sélectionné (Ctrl/Cmd + C).";"";"";"Marketing";"Prüfung erforderlich";"";"";"";"ui.share_modal.status.manual";"ui";"fr-CH";"3";"v1:d69b55804c14335744a0a12a0aa976d1ec91e2438349a6a77f6bb61bec9ba1ac";"cc2d49cefe0411bd16d62bd8144fa86c67fd0b2e41d8630ca362609a368bd85c"
"Übergreifende Ergebnisdarstellung";"Navigation, Ergebnis & Bedienung";"Ergebnislink-Dialog";"Positive Rückmeldung";"Ergebnis-Link-Dialog, Status nach erfolgreichem Kopieren";"Link in die Zwischenablage kopiert.";"Lien copié dans le presse-papiers.";"";"";"Marketing";"Prüfung erforderlich";"";"";"";"ui.share_modal.status.copied";"ui";"fr-CH";"3";"v1:d69b55804c14335744a0a12a0aa976d1ec91e2438349a6a77f6bb61bec9ba1ac";"de3a30d2ed2f71bdb49b6eca1736e4fd5e55fa39190663e598a3ad6ea0c7d363"
"Übergreifende Ergebnisdarstellung";"Navigation, Ergebnis & Bedienung";"Ergebnislink-Dialog";"Begründung / Einordnung";"Ergebnis-Link-Dialog, Status vor dem Kopieren";"Tippen Sie auf „Kopieren“, um den Link zu sichern.";"Sélectionnez « Copier » pour enregistrer le lien.";"";"";"Marketing";"Prüfung erforderlich";"";"";"";"ui.share_modal.status.prompt";"ui";"fr-CH";"3";"v1:d69b55804c14335744a0a12a0aa976d1ec91e2438349a6a77f6bb61bec9ba1ac";"fa215945fe95fb65be895d1c3f112d2d2b5487fd973e940c49898029caa62bbc"
"Übergreifende Ergebnisdarstellung";"Navigation, Ergebnis & Bedienung";"Startseite";"Beschriftung";"Startseite, Einleitung";"Ihr persönlicher Gesundheitscheck";"Votre bilan de santé personnel";"";"";"Marketing";"Prüfung erforderlich";"";"";"";"ui.start.eyebrow";"ui";"fr-CH";"3";"v1:d69b55804c14335744a0a12a0aa976d1ec91e2438349a6a77f6bb61bec9ba1ac";"898f7be83d3435bd63e103198d2d0ab96020eb70343f776b291f4b55fcb60024"
"Übergreifende Ergebnisdarstellung";"Navigation, Ergebnis & Bedienung";"Startseite";"Überschrift";"Startseite, Haupttitel";"Verstehen Sie Ihren Gesundheitszustand – und erkennen Sie, wo sich Handeln am meisten lohnt.";"Comprenez votre état de santé et découvrez où agir est le plus utile.";"";"";"Marketing";"Prüfung erforderlich";"";"";"";"ui.start.title";"ui";"fr-CH";"3";"v1:d69b55804c14335744a0a12a0aa976d1ec91e2438349a6a77f6bb61bec9ba1ac";"f525493ef15044d7d388cb4fb8a1ccecbc6f498400d177068699749b97cc5e9f"
"Übergreifende Ergebnisdarstellung";"Navigation, Ergebnis & Bedienung";"Startseite";"Begründung / Einordnung";"Startseite, Einleitungstext";"In wenigen Minuten erhalten Sie eine motivierende Standortbestimmung über fünf Gesundheitsdimensionen, persönliche Empfehlungen und Ihre wirkungsvollsten nächsten Schritte.";"En quelques minutes, vous obtenez un état des lieux motivant portant sur cinq dimensions de santé, des recommandations personnelles et vos prochaines étapes les plus efficaces.";"";"";"Marketing";"Prüfung erforderlich";"";"";"";"ui.start.lead";"ui";"fr-CH";"3";"v1:d69b55804c14335744a0a12a0aa976d1ec91e2438349a6a77f6bb61bec9ba1ac";"60c0daead44ad91ac32ee33476eaf5476e31755ec37319fdf16abe12a74b7fbf"
"Übergreifende Ergebnisdarstellung";"Navigation, Ergebnis & Bedienung";"Startseite";"Link label";"Startseite, Link zur Quellenseite";"Wissenschaftliche Grundlagen anzeigen";"Afficher les bases scientifiques";"";"";"Marketing";"Prüfung erforderlich";"";"";"";"ui.start.sources_link";"ui";"fr-CH";"3";"v1:d69b55804c14335744a0a12a0aa976d1ec91e2438349a6a77f6bb61bec9ba1ac";"36b653eb72f55f49e3bbac643e3e867d540a2f97e93256003fa657af3af610b7"
"Übergreifende Ergebnisdarstellung";"Navigation, Ergebnis & Bedienung";"Startseite";"Button";"Startseite, Check mit vorhandenem Fortschritt fortsetzen";"Check fortsetzen";"Poursuivre le bilan";"";"";"Marketing";"Prüfung erforderlich";"";"";"";"ui.start.button.continue";"ui";"fr-CH";"3";"v1:d69b55804c14335744a0a12a0aa976d1ec91e2438349a6a77f6bb61bec9ba1ac";"3bdc7595eb28285ad6c99d4269ba8e1e16d55fc1aec7e559af8fdbed229ef8af"
"Übergreifende Ergebnisdarstellung";"Navigation, Ergebnis & Bedienung";"Startseite";"Button";"Startseite, neuen Check starten";"Check starten";"Commencer le bilan";"";"";"Marketing";"Prüfung erforderlich";"";"";"";"ui.start.button.begin";"ui";"fr-CH";"3";"v1:d69b55804c14335744a0a12a0aa976d1ec91e2438349a6a77f6bb61bec9ba1ac";"56bcc9ed0db2f40e23e5f418e1596152cc9bf438233fc3d8cd4b715f42ecfefd"
"Übergreifende Ergebnisdarstellung";"Navigation, Ergebnis & Bedienung";"Startseite";"Button";"Startseite, vorhandenen Check neu beginnen";"Neu beginnen";"Recommencer";"";"";"Marketing";"Prüfung erforderlich";"";"";"";"ui.start.button.restart";"ui";"fr-CH";"3";"v1:d69b55804c14335744a0a12a0aa976d1ec91e2438349a6a77f6bb61bec9ba1ac";"72d9fa42079717a9c8b9d7c9ea2ce3d283933b57d2aa355836f168d1a506d97c"
"Übergreifende Ergebnisdarstellung";"Navigation, Ergebnis & Bedienung";"Startseite";"Beschriftung";"Startseite, medizinischer Hinweis, Label";"Wichtig:";"Important :";"";"";"Marketing";"Prüfung erforderlich";"";"";"";"ui.start.disclaimer.title";"ui";"fr-CH";"3";"v1:d69b55804c14335744a0a12a0aa976d1ec91e2438349a6a77f6bb61bec9ba1ac";"db5fa48df6586eff9631f58f6beac776fd3b6ec3852501b846bb185aa8de86c1"
"Übergreifende Ergebnisdarstellung";"Navigation, Ergebnis & Bedienung";"Startseite";"Disclaimer";"Startseite, medizinischer Hinweis";"Dieser Check ist keine medizinische Diagnose und ersetzt keine ärztliche Beratung. Er hilft Ihnen, Stärken und Handlungsfelder zu erkennen. Bei auffälligen Werten empfehlen wir, eine medizinische Fachperson einzubeziehen.";"Ce bilan ne constitue pas un diagnostic médical et ne remplace pas un conseil médical. Il vous aide à identifier vos points forts et vos domaines d’action. En cas de valeurs inhabituelles, nous vous recommandons de consulter un professionnel de la santé.";"";"";"Marketing, Medizin, Recht";"Prüfung erforderlich";"";"";"";"ui.start.disclaimer.body";"ui";"fr-CH";"3";"v1:d69b55804c14335744a0a12a0aa976d1ec91e2438349a6a77f6bb61bec9ba1ac";"e6af42fdfad1a9d59176bc77b385e4ffe6053e4e23674644f5403ef35e34aa7d"
"Übergreifende Ergebnisdarstellung";"Navigation, Ergebnis & Bedienung";"Startseite";"Beschriftung";"Startseite, Vorteil evidenzbasiert";"Evidenzbasiert";"Fondé sur les données probantes";"";"";"Marketing";"Prüfung erforderlich";"";"";"";"ui.start.point.evidence.title";"ui";"fr-CH";"3";"v1:d69b55804c14335744a0a12a0aa976d1ec91e2438349a6a77f6bb61bec9ba1ac";"e023d520f8500b4c33ee480e694e7ff63348c407472406412abb75905a73f2af"
"Übergreifende Ergebnisdarstellung";"Navigation, Ergebnis & Bedienung";"Startseite";"Beschriftung";"Startseite, Vorteil evidenzbasiert, Erläuterung";"Orientiert an anerkannten Empfehlungen";"S’appuie sur des recommandations reconnues";"";"";"Marketing";"Prüfung erforderlich";"";"";"";"ui.start.point.evidence.detail";"ui";"fr-CH";"3";"v1:d69b55804c14335744a0a12a0aa976d1ec91e2438349a6a77f6bb61bec9ba1ac";"9488a1f252aa1a571e8792e75b0433da455b7648816c1c25e6fccfb8c26de786"
"Übergreifende Ergebnisdarstellung";"Navigation, Ergebnis & Bedienung";"Startseite";"Beschriftung";"Startseite, Vorteil persönlich";"Persönlich";"Personnel";"";"";"Marketing";"Prüfung erforderlich";"";"";"";"ui.start.point.personal.title";"ui";"fr-CH";"3";"v1:d69b55804c14335744a0a12a0aa976d1ec91e2438349a6a77f6bb61bec9ba1ac";"e48e79c8588e1373d4d1604c83e9eff857fb9ad0821fb44f08a119ec375e9394"
"Übergreifende Ergebnisdarstellung";"Navigation, Ergebnis & Bedienung";"Startseite";"Beschriftung";"Startseite, Vorteil persönlich, Erläuterung";"Auswertung auf Basis Ihrer Antworten";"Évaluation fondée sur vos réponses";"";"";"Marketing";"Prüfung erforderlich";"";"";"";"ui.start.point.personal.detail";"ui";"fr-CH";"3";"v1:d69b55804c14335744a0a12a0aa976d1ec91e2438349a6a77f6bb61bec9ba1ac";"20533a1fb716a4fb2447c28f415d36432fa933c4d2277a546da4c2effa769469"
"Übergreifende Ergebnisdarstellung";"Navigation, Ergebnis & Bedienung";"Startseite";"Beschriftung";"Startseite, Vorteil Datenschutz";"Privat";"Confidentiel";"";"";"Marketing";"Prüfung erforderlich";"";"";"";"ui.start.point.private.title";"ui";"fr-CH";"3";"v1:d69b55804c14335744a0a12a0aa976d1ec91e2438349a6a77f6bb61bec9ba1ac";"ea4c4fcd4ddf73e1766f3e8f25b3317f975ddf50ef354c297d81176e7b91249d"
"Übergreifende Ergebnisdarstellung";"Navigation, Ergebnis & Bedienung";"Startseite";"Beschriftung";"Startseite, Vorteil Datenschutz, Erläuterung";"Antworten bleiben auf Ihrem Gerät";"Les réponses restent sur votre appareil";"";"";"Marketing";"Prüfung erforderlich";"";"";"";"ui.start.point.private.detail";"ui";"fr-CH";"3";"v1:d69b55804c14335744a0a12a0aa976d1ec91e2438349a6a77f6bb61bec9ba1ac";"c176d3209c0fabcb3543f68e9d74fa3cfb698a3710e1082d5ae2a4795df7ebca"
"Übergreifende Ergebnisdarstellung";"Weitere Empfehlungen";"Stärken";"Detailtext";"Fallback, wenn keine konkrete Stärke ausgewählt werden kann";"Auch wenn gerade vieles Aufmerksamkeit braucht: Hier haben Sie die solideste Grundlage, auf der sich aufbauen lässt.";"Même si de nombreux éléments demandent actuellement de l’attention, vous disposez ici de la base la plus solide sur laquelle vous appuyer.";"";"";"Marketing, Medizin";"Prüfung erforderlich";"";"";"";"recommendation.strength.fallback.detail";"recommendations";"fr-CH";"3";"v1:d69b55804c14335744a0a12a0aa976d1ec91e2438349a6a77f6bb61bec9ba1ac";"b764ca4ced0ae4799680760e1183a5177130b48773386da03e98b09341788669"
"Übergreifende Ergebnisdarstellung";"Weitere Empfehlungen";"Stärken";"Dynamischer Text";"Fallback, wenn keine konkrete Stärke ausgewählt werden kann";"{{dimensionTitle}} ist Ihr stabilster Bereich";"{{dimensionTitle}} est votre domaine le plus stable";"";"";"Marketing";"Prüfung erforderlich";"";"{{dimensionTitle}}";"";"recommendation.strength.fallback.label";"recommendations";"fr-CH";"3";"v1:d69b55804c14335744a0a12a0aa976d1ec91e2438349a6a77f6bb61bec9ba1ac";"c5ecacedb0c5e7d789f59101e83415710c694ae50159240e53f06d78d47e2a54"
"Übergreifende Ergebnisdarstellung";"Weitere Empfehlungen";"Empfehlungsdarstellung";"Detailtext";"Zusatzsatz in der ersten ohnehin ausgelösten passenden Ernährungs-Empfehlung bei auffälligem Körperprofil";"Der hier bereits erkennbare Ernährungshebel kann zusätzlich Stoffwechselwerte und eine günstige Körperzusammensetzung unterstützen. Der Körperwert allein sagt jedoch nicht, dass Sie sich generell falsch ernähren.";"Le levier nutritionnel déjà identifié ici peut également soutenir les paramètres métaboliques et une composition corporelle favorable. La mesure corporelle seule ne signifie toutefois pas que votre alimentation est globalement inadéquate.";"";"";"Marketing, Medizin";"Prüfung erforderlich";"Nicht stigmatisierend; nur bei einem unabhängig aus Antworten abgeleiteten Ernährungshebel.";"";"";"recommendation.body_context.ernaehrung";"recommendations";"fr-CH";"3";"v1:d69b55804c14335744a0a12a0aa976d1ec91e2438349a6a77f6bb61bec9ba1ac";"2fb1ac0bbab6b420488c85359c6ee1485d6c5f36e9241dba071c49ce92eaf19c"
"Übergreifende Ergebnisdarstellung";"Weitere Empfehlungen";"Empfehlungsdarstellung";"Detailtext";"Zusatzsatz in der ersten ohnehin ausgelösten passenden Fitness-Empfehlung bei auffälligem Körperprofil";"Die hier bereits erkennbare Bewegungs- oder Kraftkomponente ist zusätzlich für Stoffwechsel und Körperzusammensetzung relevant. Gesundheitliche Vorteile entstehen auch dann, wenn sich Gewicht oder Taillenumfang nur langsam verändern.";"La composante de mouvement ou de force déjà identifiée ici est également pertinente pour le métabolisme et la composition corporelle. Des bénéfices pour la santé peuvent apparaître même si le poids ou le tour de taille n’évoluent que lentement.";"";"";"Marketing, Medizin";"Prüfung erforderlich";"WHtR/BMI erzeugen keine Fitnessempfehlung; der Satz ergänzt nur ein unabhängig erkanntes Fitness-Handlungsfeld.";"";"";"recommendation.body_context.fitness";"recommendations";"fr-CH";"3";"v1:d69b55804c14335744a0a12a0aa976d1ec91e2438349a6a77f6bb61bec9ba1ac";"4fecb1f3eb40cfa7889867bde67668f5d5ca03c68e98ffcb7e64ba5d8be2f056"
"Übergreifende Ergebnisdarstellung";"Weitere Empfehlungen";"Empfehlungsdarstellung";"Detailtext";"Zusatzsatz in der ersten ohnehin ausgelösten passenden Mental-Empfehlung bei auffälligem Körperprofil";"Der hier bereits erkennbare Umgang mit Belastung oder Selbstfürsorge kann nachhaltige Gesundheitsveränderungen erleichtern. Er ist keine direkte Behandlung des Körperwerts, und der Wert erlaubt keine Aussage über Ihre psychische Gesundheit.";"La gestion du stress ou les soins personnels déjà identifiés ici peuvent faciliter des changements de santé durables. Ils ne constituent pas un traitement direct de la mesure corporelle, et cette mesure ne permet aucune conclusion sur votre santé psychique.";"";"";"Marketing, Medizin";"Prüfung erforderlich";"Keine Kausalität, Schuldzuweisung oder Mental-Score-Änderung aus Körpermassen.";"";"";"recommendation.body_context.mental";"recommendations";"fr-CH";"3";"v1:d69b55804c14335744a0a12a0aa976d1ec91e2438349a6a77f6bb61bec9ba1ac";"60de209831518afa4d9b7ac895094d766f78957fa45fe006c7a882acbf56e9df"
"Übergreifende Ergebnisdarstellung";"Weitere Empfehlungen";"Empfehlungsdarstellung";"Detailtext";"Zusatzsatz in der ersten ohnehin ausgelösten Schlaf-Empfehlung bei auffälligem Körperprofil";"Das hier bereits erkennbare Schlafthema kann auch für Erholung, Appetit- und Gewichtsregulation relevant sein. Ein auffälliger Körperwert beweist aber weder eine Schlafstörung noch eine bestimmte Ursache.";"Le thème du sommeil déjà identifié ici peut également être pertinent pour la récupération ainsi que la régulation de l’appétit et du poids. Une mesure corporelle défavorable ne prouve toutefois ni un trouble du sommeil ni une cause particulière.";"";"";"Marketing, Medizin";"Prüfung erforderlich";"Keine Schlafapnoe- oder Kausalitätsbehauptung; nur bei unabhängig erkanntem Schlaf-Handlungsfeld.";"";"";"recommendation.body_context.schlaf";"recommendations";"fr-CH";"3";"v1:d69b55804c14335744a0a12a0aa976d1ec91e2438349a6a77f6bb61bec9ba1ac";"00b56ca67e96dd5bd4f37b9f936503a49a9669e363fb46390dc15b6c383e212b"
