"Gesundheitsbereich";"Thema";"Seitenelement";"Textfunktion";"Kontext / Variante";"Aktueller Text";"Neuer Text";"Review-Kommentar";"Freigabe durch";"Freigabestatus";"Prüfhinweis";"Platzhalter";"Geschützte Begriffe";"ID (technisch)";"Domain (technisch)";"Austauschformat (technisch)";"Quellversion (technisch)";"Zeilen-Hash (technisch)"
"Fragebogen";"Fragebogen";"Fragebogen";"Antwortoption";"Allgemeine Antwortoption für unterstützte Fragen";"Weiss ich nicht";"";"";"Marketing";"Nicht geprüft";"";"";"";"questionnaire.common.dont_know";"questionnaire";"2";"v1:53424b46c1243ee3e6505ed975f56a612b38e990c9f2c7b91045479aac9cf712";"dcae0b31a34b21d0f6e6837cb60cca381983de4c4ed5ad708d805e03fb2e5ab3"
"Fragebogen";"Fragebogen";"Fragebogen";"Sicherheitshinweis";"Optionale Fitness-Kurztests, Sicherheitshinweis";"Bei körperlichen Einschränkungen oder Verletzungsrisiken sollte dieser Test nicht durchgeführt werden.";"";"";"Marketing, Medizin";"Nicht geprüft";"";"";"";"questionnaire.common.fitness_test_safety_note";"questionnaire";"2";"v1:53424b46c1243ee3e6505ed975f56a612b38e990c9f2c7b91045479aac9cf712";"f15e9e3af614705bbc9d51ea72c1df629fe20b227eed8b7eccc9ba7e2674e0ae"
"Fragebogen";"Fragebogen";"Fragebogen";"Antwortoption";"Mentale Gesundheit, gemeinsame Zustimmungsskala";"Stimme völlig zu";"";"";"Marketing";"Nicht geprüft";"";"";"";"questionnaire.common.agreement.fully";"questionnaire";"2";"v1:53424b46c1243ee3e6505ed975f56a612b38e990c9f2c7b91045479aac9cf712";"0d9ca97b90424fe0d7310dd0c7c4c824a4ef912ce517763923e795651a522dc7"
"Fragebogen";"Fragebogen";"Fragebogen";"Antwortoption";"Mentale Gesundheit, gemeinsame Zustimmungsskala";"Stimme eher zu";"";"";"Marketing";"Nicht geprüft";"";"";"";"questionnaire.common.agreement.mostly";"questionnaire";"2";"v1:53424b46c1243ee3e6505ed975f56a612b38e990c9f2c7b91045479aac9cf712";"56abed2aac6b97157633dcda7ad461ed9cb181832d25743a5e6dbbfb5de192c1"
"Fragebogen";"Fragebogen";"Fragebogen";"Antwortoption";"Mentale Gesundheit, gemeinsame Zustimmungsskala";"Stimme eher nicht zu";"";"";"Marketing";"Nicht geprüft";"";"";"";"questionnaire.common.agreement.mostly_not";"questionnaire";"2";"v1:53424b46c1243ee3e6505ed975f56a612b38e990c9f2c7b91045479aac9cf712";"8c6fa5848decb9ca5824162ef977faf33293999446d98068494cbdd1522a7f27"
"Fragebogen";"Fragebogen";"Fragebogen";"Antwortoption";"Mentale Gesundheit, gemeinsame Zustimmungsskala";"Weder noch";"";"";"Marketing";"Nicht geprüft";"";"";"";"questionnaire.common.agreement.neutral";"questionnaire";"2";"v1:53424b46c1243ee3e6505ed975f56a612b38e990c9f2c7b91045479aac9cf712";"332f0f7a6a2ff86a28140c91b535c85d56dfbaed129da56289e11cd621e71798"
"Fragebogen";"Fragebogen";"Fragebogen";"Antwortoption";"Mentale Gesundheit, gemeinsame Zustimmungsskala";"Stimme gar nicht zu";"";"";"Marketing";"Nicht geprüft";"";"";"";"questionnaire.common.agreement.not_at_all";"questionnaire";"2";"v1:53424b46c1243ee3e6505ed975f56a612b38e990c9f2c7b91045479aac9cf712";"179f9235519f9830137a09f61d18f298b6023290e1539215c7c14f443574b30f"
"Fragebogen";"Fragebogen";"Fragebogen";"Frage";"Frage «Alkohol» · Fragetext";"Wie häufig haben Sie im letzten Monat alkoholische Getränke konsumiert?";"";"";"Marketing, Medizin";"Nicht geprüft";"";"";"";"questionnaire.question.alkohol.text";"questionnaire";"2";"v1:53424b46c1243ee3e6505ed975f56a612b38e990c9f2c7b91045479aac9cf712";"28e37b153884e664dc5f05a7156edb4f5b1e86f5bd6edbe03b94ee260cbc1bc3"
"Fragebogen";"Fragebogen";"Fragebogen";"Hilfetext";"Frage «Alkohol» · Hilfetext";"Die Vorstellung, dass ein Glas Wein pro Tag gesund sei, ist ein Mythos, der auf fehlerhaften Studien beruht. Bereits in geringen Mengen erhöht Alkohol das Risiko für Krebs und Herz-Kreislauf-Erkrankungen. Auch das Suchtpotential von Alkohol, selbst bei geringen Mengen und regelmässigem Konsum, wird stark unterschätzt.";"";"";"Marketing, Medizin";"Nicht geprüft";"";"";"";"questionnaire.question.alkohol.help";"questionnaire";"2";"v1:53424b46c1243ee3e6505ed975f56a612b38e990c9f2c7b91045479aac9cf712";"0beb6844783e39ddba20ef9688ff033dec01ea0d008439cb17341bd806062223"
"Fragebogen";"Fragebogen";"Fragebogen";"Titel des Hilfetexts";"Frage «Alkohol» · Titel des Hilfetexts";"Haben Sie gewusst?";"";"";"Marketing";"Nicht geprüft";"";"";"";"questionnaire.question.alkohol.help_title";"questionnaire";"2";"v1:53424b46c1243ee3e6505ed975f56a612b38e990c9f2c7b91045479aac9cf712";"3616638c43bc7681ea56338a202c151a45110ccb5a2f356d82c640c45e1ef6d5"
"Fragebogen";"Fragebogen";"Fragebogen";"Antwortoption";"Frage «Alkohol» · Antwortoption";"Keine Angaben";"";"";"Marketing";"Nicht geprüft";"";"";"";"questionnaire.question.alkohol.option.keine_angabe";"questionnaire";"2";"v1:53424b46c1243ee3e6505ed975f56a612b38e990c9f2c7b91045479aac9cf712";"fc6ca39249a73bd1362d75a7222de361f00f2aa313145c7c038dd3b21fe4239e"
"Fragebogen";"Fragebogen";"Fragebogen";"Antwortoption";"Frage «Alkohol» · Antwortoption";"2–4 x pro Monat";"";"";"Marketing";"Nicht geprüft";"";"";"";"questionnaire.question.alkohol.option.m1_4";"questionnaire";"2";"v1:53424b46c1243ee3e6505ed975f56a612b38e990c9f2c7b91045479aac9cf712";"da56306eb177788e4b51035484de524cefc5a045286d0d1eefa091c7f681bbf5"
"Fragebogen";"Fragebogen";"Fragebogen";"Antwortoption";"Frage «Alkohol» · Antwortoption";"Nie oder selten";"";"";"Marketing";"Nicht geprüft";"";"";"";"questionnaire.question.alkohol.option.nie_selten";"questionnaire";"2";"v1:53424b46c1243ee3e6505ed975f56a612b38e990c9f2c7b91045479aac9cf712";"543ff2ef9b48876ed2534740c549972fe38e31557defc27c05b5518b87c3a237"
"Fragebogen";"Fragebogen";"Fragebogen";"Antwortoption";"Frage «Alkohol» · Antwortoption";"2–3 x pro Woche";"";"";"Marketing";"Nicht geprüft";"";"";"";"questionnaire.question.alkohol.option.w2_3";"questionnaire";"2";"v1:53424b46c1243ee3e6505ed975f56a612b38e990c9f2c7b91045479aac9cf712";"d449876a7967cbd28f030e6d1dfc4937fb98db934f515ba6bff0a2309098bd4a"
"Fragebogen";"Fragebogen";"Fragebogen";"Antwortoption";"Frage «Alkohol» · Antwortoption";"4 x oder öfter pro Woche";"";"";"Marketing";"Nicht geprüft";"";"";"";"questionnaire.question.alkohol.option.w4plus";"questionnaire";"2";"v1:53424b46c1243ee3e6505ed975f56a612b38e990c9f2c7b91045479aac9cf712";"f5aa739f4f18c534c7964b8d6443bce27a460af3b62495ec4c1464a048980592"
"Fragebogen";"Fragebogen";"Fragebogen";"Eingabehinweis";"Frage «Alter» · Eingabehinweis";"z. B. 45";"";"";"Marketing";"Nicht geprüft";"";"";"";"questionnaire.question.alter.placeholder";"questionnaire";"2";"v1:53424b46c1243ee3e6505ed975f56a612b38e990c9f2c7b91045479aac9cf712";"52e0af15e85c4af597b7f6ce44f6427995c47b71fd10ac9750bc1a30b229f6bd"
"Fragebogen";"Fragebogen";"Fragebogen";"Einheit";"Frage «Alter» · Einheit";"Jahre";"";"";"Marketing";"Nicht geprüft";"";"";"";"questionnaire.question.alter.unit";"questionnaire";"2";"v1:53424b46c1243ee3e6505ed975f56a612b38e990c9f2c7b91045479aac9cf712";"1c5bcd8d26295abea66dc4bc71b2d1ae2a8b4e7231e1db9c68ebda5c45985016"
"Fragebogen";"Fragebogen";"Fragebogen";"Frage";"Frage «Alter» · Fragetext";"Bitte geben Sie Ihr Alter in Jahren an.";"";"";"Marketing, Medizin";"Nicht geprüft";"";"";"";"questionnaire.question.alter.text";"questionnaire";"2";"v1:53424b46c1243ee3e6505ed975f56a612b38e990c9f2c7b91045479aac9cf712";"73aa105906d10182e9e392b4accebb314eb2ea359304efec6bd06e2a0d22eb69"
"Fragebogen";"Fragebogen";"Fragebogen";"Frage";"Frage «Ausdauer intensiv» · Fragetext";"Wie viele Stunden intensive Ausdaueraktivität machen Sie pro Woche?";"";"";"Marketing, Medizin";"Nicht geprüft";"";"";"";"questionnaire.question.ausdauer_intensiv.text";"questionnaire";"2";"v1:53424b46c1243ee3e6505ed975f56a612b38e990c9f2c7b91045479aac9cf712";"41416edfbd85bb84ce8079523efab51cf5c36a99f049f37afe3c5f5f1ba57efd"
"Fragebogen";"Fragebogen";"Fragebogen";"Hilfetext";"Frage «Ausdauer intensiv» · Hilfetext";"Sie geraten ins Schwitzen und können nur noch wenige Worte oder gar nicht mehr sprechen (z. B. Joggen, schnelles Radfahren, intensives Schwimmen).

<b>WHO-Empfehlung:</b> Mindestens 75 Minuten intensive Aktivität pro Woche, wobei jede Aktivitätsdauer zählt.";"";"";"Marketing, Medizin";"Nicht geprüft";"";"";"";"questionnaire.question.ausdauer_intensiv.help";"questionnaire";"2";"v1:53424b46c1243ee3e6505ed975f56a612b38e990c9f2c7b91045479aac9cf712";"e5ad251e05377f175e7dac87b03e2d87748d70d4fc6c50adcc8af7dc88b78b15"
"Fragebogen";"Fragebogen";"Fragebogen";"Titel des Hilfetexts";"Frage «Ausdauer intensiv» · Titel des Hilfetexts";"Was bedeutet intensive Ausdaueraktivität?";"";"";"Marketing";"Nicht geprüft";"";"";"";"questionnaire.question.ausdauer_intensiv.help_title";"questionnaire";"2";"v1:53424b46c1243ee3e6505ed975f56a612b38e990c9f2c7b91045479aac9cf712";"a18e4a09ed48b6ca76678ce058c5006a691b9db73b6ed2706bc35ef008056448"
"Fragebogen";"Fragebogen";"Fragebogen";"Antwortoption";"Frage «Ausdauer intensiv» · Antwortoption";"Keine";"";"";"Marketing";"Nicht geprüft";"";"";"";"questionnaire.question.ausdauer_intensiv.option.keine";"questionnaire";"2";"v1:53424b46c1243ee3e6505ed975f56a612b38e990c9f2c7b91045479aac9cf712";"3a6bf8cd5bf11497eda9fe5a5306cc9f4833a8d877ec1de75cf2055ec69179bc"
"Fragebogen";"Fragebogen";"Fragebogen";"Antwortoption";"Frage «Ausdauer intensiv» · Antwortoption";"30 min – 1 h 15 min";"";"";"Marketing";"Nicht geprüft";"";"";"";"questionnaire.question.ausdauer_intensiv.option.m30_75";"questionnaire";"2";"v1:53424b46c1243ee3e6505ed975f56a612b38e990c9f2c7b91045479aac9cf712";"e463cc056aa1b1fee8f26f1800d423eee289ebd0e32d4d8893aa9a134ab5217c"
"Fragebogen";"Fragebogen";"Fragebogen";"Antwortoption";"Frage «Ausdauer intensiv» · Antwortoption";"1 h 15 min – 2 h 30 min";"";"";"Marketing";"Nicht geprüft";"";"";"";"questionnaire.question.ausdauer_intensiv.option.m75_150";"questionnaire";"2";"v1:53424b46c1243ee3e6505ed975f56a612b38e990c9f2c7b91045479aac9cf712";"7865b595c505a86cdf8c962265ef0055911da86b70f5d9c15b5220aa6a9a105b"
"Fragebogen";"Fragebogen";"Fragebogen";"Antwortoption";"Frage «Ausdauer intensiv» · Antwortoption";"Weniger als 30 min";"";"";"Marketing";"Nicht geprüft";"";"";"";"questionnaire.question.ausdauer_intensiv.option.u30";"questionnaire";"2";"v1:53424b46c1243ee3e6505ed975f56a612b38e990c9f2c7b91045479aac9cf712";"f78ebba6b51beacd0773d78ec8ae22d67ba194121db3b7f8e9a9bd209973b156"
"Fragebogen";"Fragebogen";"Fragebogen";"Antwortoption";"Frage «Ausdauer intensiv» · Antwortoption";"2 h 30 min oder mehr";"";"";"Marketing";"Nicht geprüft";"";"";"";"questionnaire.question.ausdauer_intensiv.option.ue150";"questionnaire";"2";"v1:53424b46c1243ee3e6505ed975f56a612b38e990c9f2c7b91045479aac9cf712";"a7941c561781481bac3214cec03bb9128a742e38699840a88f47371cb2feddc5"
"Fragebogen";"Fragebogen";"Fragebogen";"Frage";"Frage «Ausdauer moderat» · Fragetext";"Wie viele Stunden moderate Ausdaueraktivität machen Sie pro Woche?";"";"";"Marketing, Medizin";"Nicht geprüft";"";"";"";"questionnaire.question.ausdauer_moderat.text";"questionnaire";"2";"v1:53424b46c1243ee3e6505ed975f56a612b38e990c9f2c7b91045479aac9cf712";"7f37cd3d647a2a5b8422a0d1b002a054bb3b6eae7b9f8abe248a217350c8ab82"
"Fragebogen";"Fragebogen";"Fragebogen";"Hilfetext";"Frage «Ausdauer moderat» · Hilfetext";"Sie atmen schneller als normal, können sich aber noch unterhalten (z. B. zügiges Gehen, langsames Radfahren, Schwimmen in mässigem Tempo).

<b>WHO-Empfehlung:</b> Mindestens 150 Minuten moderate Aktivität pro Woche, wobei jede Aktivitätsdauer zählt.";"";"";"Marketing, Medizin";"Nicht geprüft";"";"";"";"questionnaire.question.ausdauer_moderat.help";"questionnaire";"2";"v1:53424b46c1243ee3e6505ed975f56a612b38e990c9f2c7b91045479aac9cf712";"14056d7be8ba51d13d6b83cd938131d8766e8122a7024defcab41874d420fbff"
"Fragebogen";"Fragebogen";"Fragebogen";"Titel des Hilfetexts";"Frage «Ausdauer moderat» · Titel des Hilfetexts";"Was bedeutet moderate Ausdaueraktivität?";"";"";"Marketing";"Nicht geprüft";"";"";"";"questionnaire.question.ausdauer_moderat.help_title";"questionnaire";"2";"v1:53424b46c1243ee3e6505ed975f56a612b38e990c9f2c7b91045479aac9cf712";"a5ce26f2d5fb4671a30119ec4d98120478098d8009f22872aac5956c94f23b98"
"Fragebogen";"Fragebogen";"Fragebogen";"Antwortoption";"Frage «Ausdauer moderat» · Antwortoption";"2 h 30 min – 5 h";"";"";"Marketing";"Nicht geprüft";"";"";"";"questionnaire.question.ausdauer_moderat.option.m150_300";"questionnaire";"2";"v1:53424b46c1243ee3e6505ed975f56a612b38e990c9f2c7b91045479aac9cf712";"c71104f0468c9c0a78f0b1e87f0ed94136d3755e1dfdabdfb1e3d21aa0ad30d8"
"Fragebogen";"Fragebogen";"Fragebogen";"Antwortoption";"Frage «Ausdauer moderat» · Antwortoption";"30 min – 1 h 15 min";"";"";"Marketing";"Nicht geprüft";"";"";"";"questionnaire.question.ausdauer_moderat.option.m30_75";"questionnaire";"2";"v1:53424b46c1243ee3e6505ed975f56a612b38e990c9f2c7b91045479aac9cf712";"df92f7024abe62c740c812549a33991af3017711b8b2f3395a83443be46e9763"
"Fragebogen";"Fragebogen";"Fragebogen";"Antwortoption";"Frage «Ausdauer moderat» · Antwortoption";"1 h 15 min – 2 h 30 min";"";"";"Marketing";"Nicht geprüft";"";"";"";"questionnaire.question.ausdauer_moderat.option.m75_150";"questionnaire";"2";"v1:53424b46c1243ee3e6505ed975f56a612b38e990c9f2c7b91045479aac9cf712";"648a84448dab6a910455c241318fb8d577857a52293cad6ade8e3318993d9e14"
"Fragebogen";"Fragebogen";"Fragebogen";"Antwortoption";"Frage «Ausdauer moderat» · Antwortoption";"Weniger als 30 min";"";"";"Marketing";"Nicht geprüft";"";"";"";"questionnaire.question.ausdauer_moderat.option.u30";"questionnaire";"2";"v1:53424b46c1243ee3e6505ed975f56a612b38e990c9f2c7b91045479aac9cf712";"225a7d9d8e4b56fd1ce620c25cda897ea71c1633f981b63549c0604df2d5db7d"
"Fragebogen";"Fragebogen";"Fragebogen";"Antwortoption";"Frage «Ausdauer moderat» · Antwortoption";"5 h oder mehr";"";"";"Marketing";"Nicht geprüft";"";"";"";"questionnaire.question.ausdauer_moderat.option.ue300";"questionnaire";"2";"v1:53424b46c1243ee3e6505ed975f56a612b38e990c9f2c7b91045479aac9cf712";"609de2d132a62788901fd0e6699fe214cb2586eeae41050499b018ad0b38c7fe"
"Fragebogen";"Fragebogen";"Fragebogen";"Eingabehinweis";"Frage «Bauchumfang» · Eingabehinweis";"z. B. 92";"";"";"Marketing";"Nicht geprüft";"";"";"";"questionnaire.question.bauchumfang.placeholder";"questionnaire";"2";"v1:53424b46c1243ee3e6505ed975f56a612b38e990c9f2c7b91045479aac9cf712";"eb4c87850ef2493c7e44f20d309d7a33c7b261981acbb9760b4b5ab0302b24cb"
"Fragebogen";"Fragebogen";"Fragebogen";"Einheit";"Frage «Bauchumfang» · Einheit";"cm";"";"";"Marketing";"Nicht geprüft";"";"";"";"questionnaire.question.bauchumfang.unit";"questionnaire";"2";"v1:53424b46c1243ee3e6505ed975f56a612b38e990c9f2c7b91045479aac9cf712";"73adfef6c129c856fad958de4a9b6712de4edc52bf40132b4bce5961051e57f4"
"Fragebogen";"Fragebogen";"Fragebogen";"Frage";"Frage «Bauchumfang» · Fragetext";"Kennen Sie Ihren Taillenumfang?";"";"";"Marketing, Medizin";"Nicht geprüft";"";"";"";"questionnaire.question.bauchumfang.text";"questionnaire";"2";"v1:53424b46c1243ee3e6505ed975f56a612b38e990c9f2c7b91045479aac9cf712";"e066396a79c70bccf788018410a2e87da319e4b7d2c7c155d5586f93cb68b3e6"
"Fragebogen";"Fragebogen";"Fragebogen";"Hilfetext";"Frage «Bauchumfang» · Hilfetext";"Messen Sie nach normalem Ausatmen ungefähr auf halber Strecke zwischen der untersten tastbaren Rippe und der Oberkante des Beckenkamms. Bauchfett ist stoffwechselaktiv – das Verhältnis von Taille zu Körpergrösse ergänzt den BMI als praktischer Marker der zentralen Fettverteilung. Wenn Sie den Wert nicht kennen oder schwanger sind, lassen Sie das Feld einfach leer.";"";"";"Marketing, Medizin";"Nicht geprüft";"";"";"";"questionnaire.question.bauchumfang.help";"questionnaire";"2";"v1:53424b46c1243ee3e6505ed975f56a612b38e990c9f2c7b91045479aac9cf712";"3074f96bed1588efb3c98c64ab34d4e2de5ee21173f6b27fccb7d40088e4ae26"
"Fragebogen";"Fragebogen";"Fragebogen";"Frage";"Frage «Belastbarkeit» · Fragetext";"Ich bewahre auch in schwierigen Situationen den Überblick und Ruhe.";"";"";"Marketing, Medizin";"Nicht geprüft";"";"";"";"questionnaire.question.belastbarkeit.text";"questionnaire";"2";"v1:53424b46c1243ee3e6505ed975f56a612b38e990c9f2c7b91045479aac9cf712";"da40804e7f8bc98796687f307821acf83bfc904a4ba0885ba0d3aa143bb89c1a"
"Fragebogen";"Fragebogen";"Fragebogen";"Frage";"Frage «Beweglichkeit» · Fragetext";"Wie schwer fällt es Ihnen, ohne Hilfe vom Boden aufzustehen?";"";"";"Marketing, Medizin";"Nicht geprüft";"";"";"";"questionnaire.question.beweglichkeit.text";"questionnaire";"2";"v1:53424b46c1243ee3e6505ed975f56a612b38e990c9f2c7b91045479aac9cf712";"191b2293a5bdd4e2e9d87b59229707b3fda759c8961e71b6d1f5bee0389e5d49"
"Fragebogen";"Fragebogen";"Fragebogen";"Antwortoption";"Frage «Beweglichkeit» · Antwortoption";"Überhaupt nicht schwer";"";"";"Marketing";"Nicht geprüft";"";"";"";"questionnaire.question.beweglichkeit.option.gar_nicht";"questionnaire";"2";"v1:53424b46c1243ee3e6505ed975f56a612b38e990c9f2c7b91045479aac9cf712";"dd4f6db6b20eeea7cd41bf4792f5bfaf1a57a4fabb8f9ceb023c110c0aa69dc1"
"Fragebogen";"Fragebogen";"Fragebogen";"Antwortoption";"Frage «Beweglichkeit» · Antwortoption";"Mässig schwer";"";"";"Marketing";"Nicht geprüft";"";"";"";"questionnaire.question.beweglichkeit.option.maessig";"questionnaire";"2";"v1:53424b46c1243ee3e6505ed975f56a612b38e990c9f2c7b91045479aac9cf712";"8bcd7eeaa968200d8deb7f03cf66333dbac95ac3b276171efd5bc883df718b47"
"Fragebogen";"Fragebogen";"Fragebogen";"Antwortoption";"Frage «Beweglichkeit» · Antwortoption";"Unmöglich";"";"";"Marketing";"Nicht geprüft";"";"";"";"questionnaire.question.beweglichkeit.option.nicht";"questionnaire";"2";"v1:53424b46c1243ee3e6505ed975f56a612b38e990c9f2c7b91045479aac9cf712";"30f41c498c0abb0d8369393c0aeec0db753861f41b31a4f2e65ddbf2a59fed96"
"Fragebogen";"Fragebogen";"Fragebogen";"Antwortoption";"Frage «Beweglichkeit» · Antwortoption";"Wenig schwer";"";"";"Marketing";"Nicht geprüft";"";"";"";"questionnaire.question.beweglichkeit.option.wenig";"questionnaire";"2";"v1:53424b46c1243ee3e6505ed975f56a612b38e990c9f2c7b91045479aac9cf712";"17520f51382415cde828cb784127d4fdea83e8807a925de668040a9dd3e6310d"
"Fragebogen";"Fragebogen";"Fragebogen";"Antwortoption";"Frage «Beweglichkeit» · Antwortoption";"Sehr schwer";"";"";"Marketing";"Nicht geprüft";"";"";"";"questionnaire.question.beweglichkeit.option.ziemlich";"questionnaire";"2";"v1:53424b46c1243ee3e6505ed975f56a612b38e990c9f2c7b91045479aac9cf712";"4232a8a62186926111611e07815fdcaf3bc56cfeb7e6ce1ee85da74817f30a1f"
"Fragebogen";"Fragebogen";"Fragebogen";"Frage";"Frage «Bluthochdruck» · Fragetext";"Wurde bei Ihnen ärztlich Bluthochdruck festgestellt oder nehmen Sie Blutdruckmedikamente?";"";"";"Marketing, Medizin";"Nicht geprüft";"";"";"";"questionnaire.question.bluthochdruck.text";"questionnaire";"2";"v1:53424b46c1243ee3e6505ed975f56a612b38e990c9f2c7b91045479aac9cf712";"e90e05232abe613db8aea1b4c5f1e924e66aac6261a05bf408a12a0722a70ad2"
"Fragebogen";"Fragebogen";"Fragebogen";"Hilfetext";"Frage «Bluthochdruck» · Hilfetext";"Bluthochdruck (ab ca. 140/90 mmHg) verläuft oft unbemerkt, lässt sich aber gut behandeln. Wenn Sie unsicher sind, lohnt sich eine Messung.";"";"";"Marketing, Medizin";"Nicht geprüft";"";"";"";"questionnaire.question.bluthochdruck.help";"questionnaire";"2";"v1:53424b46c1243ee3e6505ed975f56a612b38e990c9f2c7b91045479aac9cf712";"28ae32b8e7e7ae1b2c550d3678b668a241d384cee0ab8860337353b5ca02ad76"
"Fragebogen";"Fragebogen";"Fragebogen";"Antwortoption";"Frage «Bluthochdruck» · Antwortoption";"Ja";"";"";"Marketing";"Nicht geprüft";"";"";"";"questionnaire.question.bluthochdruck.option.ja";"questionnaire";"2";"v1:53424b46c1243ee3e6505ed975f56a612b38e990c9f2c7b91045479aac9cf712";"10c10a0cee8a46cb314d82fac7616abf3851f7e5f6dd7914bf8980a3be205358"
"Fragebogen";"Fragebogen";"Fragebogen";"Antwortoption";"Frage «Bluthochdruck» · Antwortoption";"Nein";"";"";"Marketing";"Nicht geprüft";"";"";"";"questionnaire.question.bluthochdruck.option.nein";"questionnaire";"2";"v1:53424b46c1243ee3e6505ed975f56a612b38e990c9f2c7b91045479aac9cf712";"28f0438f063cf43068d2cc1cf4404aeda014428fdccd850ca529d5dfd55220b0"
"Fragebogen";"Fragebogen";"Fragebogen";"Antwortoption";"Frage «Bluthochdruck» · Antwortoption";"Weiss ich nicht";"";"";"Marketing";"Nicht geprüft";"";"";"";"questionnaire.question.bluthochdruck.option.weiss_nicht";"questionnaire";"2";"v1:53424b46c1243ee3e6505ed975f56a612b38e990c9f2c7b91045479aac9cf712";"70e427c41ba073fc9031ce8abca7484bf99ccc2aa70b5b3a5396b0a801c97932"
"Fragebogen";"Fragebogen";"Fragebogen";"Frage";"Frage «Coping» · Fragetext";"Ich finde auch in belastenden Situationen Wege, die mir helfen, klarzukommen.";"";"";"Marketing, Medizin";"Nicht geprüft";"";"";"";"questionnaire.question.coping.text";"questionnaire";"2";"v1:53424b46c1243ee3e6505ed975f56a612b38e990c9f2c7b91045479aac9cf712";"6043057cdab68444d633c33b02f1635be8b6879f126ab036a6de8b55a41f23fc"
"Fragebogen";"Fragebogen";"Fragebogen";"Eingabehinweis";"Frage «Einbeinstand» · Eingabehinweis";"z. B. 30";"";"";"Marketing";"Nicht geprüft";"";"";"";"questionnaire.question.einbeinstand.placeholder";"questionnaire";"2";"v1:53424b46c1243ee3e6505ed975f56a612b38e990c9f2c7b91045479aac9cf712";"b939814cbe1a1eee86cf401913ff5df327947edaf307f06fa9f629eecfde0f49"
"Fragebogen";"Fragebogen";"Fragebogen";"Einheit";"Frage «Einbeinstand» · Einheit";"Sekunden";"";"";"Marketing";"Nicht geprüft";"";"";"";"questionnaire.question.einbeinstand.unit";"questionnaire";"2";"v1:53424b46c1243ee3e6505ed975f56a612b38e990c9f2c7b91045479aac9cf712";"299c8965409c544708642920f3debf229341b344791918977037f1950adc698c"
"Fragebogen";"Fragebogen";"Fragebogen";"Frage";"Frage «Einbeinstand» · Fragetext";"Wie lange können Sie auf einem Bein stehen, ohne sich festzuhalten? (optional)";"";"";"Marketing, Medizin";"Nicht geprüft";"";"";"";"questionnaire.question.einbeinstand.text";"questionnaire";"2";"v1:53424b46c1243ee3e6505ed975f56a612b38e990c9f2c7b91045479aac9cf712";"be2133041b960dc8b82c79e373f3173584ac463b9dfeb4dff03191c6d069471b"
"Fragebogen";"Fragebogen";"Fragebogen";"Hilfetext";"Frage «Einbeinstand» · Hilfetext";"1 – Stellen Sie sich aufrecht hin, Füsse hüftbreit.
2 – Fixieren Sie Ihre Augen auf einen Punkt.
3 – Heben Sie ein Bein so an, dass der Fuss den Boden nicht berührt.
4 – Halten Sie das Gleichgewicht so lange wie möglich.

Stoppen Sie die Zeit, sobald der angehobene Fuss den Boden berührt.

Wiederholen Sie den Test mit jedem Bein und notieren Sie Ihren besten Wert. Ein grosser Unterschied zwischen den Beinen kann auf einen trainierbaren Unterschied hinweisen.

<b>Was der Einbeinstand-Test verrät:</b>
Der Test gibt unter den beschriebenen Bedingungen mit offenen Augen einen orientierenden Hinweis auf Ihr statisches Gleichgewicht und Ihre Koordination. Regelmässiges Üben kann die Balance verbessern und zu sicheren Alltagsbewegungen beitragen. Der Test ersetzt keine medizinische Untersuchung.";"";"";"Marketing, Medizin";"Nicht geprüft";"";"";"";"questionnaire.question.einbeinstand.help";"questionnaire";"2";"v1:53424b46c1243ee3e6505ed975f56a612b38e990c9f2c7b91045479aac9cf712";"a321cdcb2a2d383da4bf0b9ebfde32a91ec3adb80b68a0ed26570c3d4f0a37c8"
"Fragebogen";"Fragebogen";"Fragebogen";"Titel des Hilfetexts";"Frage «Einbeinstand» · Titel des Hilfetexts";"So führen Sie den Einbeinstand-Test korrekt aus";"";"";"Marketing";"Nicht geprüft";"";"";"";"questionnaire.question.einbeinstand.help_title";"questionnaire";"2";"v1:53424b46c1243ee3e6505ed975f56a612b38e990c9f2c7b91045479aac9cf712";"2d79e0563b6ed888bdad32e36f9f3d38c8fff16b46aa4f7159f823887ebb11dc"
"Fragebogen";"Fragebogen";"Fragebogen";"Frage";"Frage «Einkaufstaschen» · Fragetext";"Wie schwer fällt es Ihnen, zwei volle Einkaufstaschen zu tragen?";"";"";"Marketing, Medizin";"Nicht geprüft";"";"";"";"questionnaire.question.einkaufstaschen.text";"questionnaire";"2";"v1:53424b46c1243ee3e6505ed975f56a612b38e990c9f2c7b91045479aac9cf712";"6819030618c4eeb5cfa671c9803219d6c248ffedcaa908914b2c482bccc59b13"
"Fragebogen";"Fragebogen";"Fragebogen";"Antwortoption";"Frage «Einkaufstaschen» · Antwortoption";"Überhaupt nicht schwer";"";"";"Marketing";"Nicht geprüft";"";"";"";"questionnaire.question.einkaufstaschen.option.gar_nicht";"questionnaire";"2";"v1:53424b46c1243ee3e6505ed975f56a612b38e990c9f2c7b91045479aac9cf712";"4fb26bc3ca567c7b7f84eaaef154271efbb09bfe24e38ed992ced494b26ee16c"
"Fragebogen";"Fragebogen";"Fragebogen";"Antwortoption";"Frage «Einkaufstaschen» · Antwortoption";"Mässig schwer";"";"";"Marketing";"Nicht geprüft";"";"";"";"questionnaire.question.einkaufstaschen.option.maessig";"questionnaire";"2";"v1:53424b46c1243ee3e6505ed975f56a612b38e990c9f2c7b91045479aac9cf712";"474be46fdecc366b119aebe75831922d8ea1bf965f8be77d17c93010da39e50a"
"Fragebogen";"Fragebogen";"Fragebogen";"Antwortoption";"Frage «Einkaufstaschen» · Antwortoption";"Unmöglich";"";"";"Marketing";"Nicht geprüft";"";"";"";"questionnaire.question.einkaufstaschen.option.nicht";"questionnaire";"2";"v1:53424b46c1243ee3e6505ed975f56a612b38e990c9f2c7b91045479aac9cf712";"ed5ada7203ab842f28fe84cb9ea6f12d92dcabddebb1377245b1137fe4c55020"
"Fragebogen";"Fragebogen";"Fragebogen";"Antwortoption";"Frage «Einkaufstaschen» · Antwortoption";"Wenig schwer";"";"";"Marketing";"Nicht geprüft";"";"";"";"questionnaire.question.einkaufstaschen.option.wenig";"questionnaire";"2";"v1:53424b46c1243ee3e6505ed975f56a612b38e990c9f2c7b91045479aac9cf712";"5891f8da71c8256b9f826f724f84f1315000d5b7da203e43a0bd21268db1ebfb"
"Fragebogen";"Fragebogen";"Fragebogen";"Antwortoption";"Frage «Einkaufstaschen» · Antwortoption";"Sehr schwer";"";"";"Marketing";"Nicht geprüft";"";"";"";"questionnaire.question.einkaufstaschen.option.ziemlich";"questionnaire";"2";"v1:53424b46c1243ee3e6505ed975f56a612b38e990c9f2c7b91045479aac9cf712";"bd01a74c3f6ac36903f3f5c4b78c397ffe02544a3b4d729b28eec8d8dc7342b4"
"Fragebogen";"Fragebogen";"Fragebogen";"Frage";"Frage «Familie hk» · Fragetext";"Sind bei Ihren Eltern, Geschwistern oder eigenen Kindern Herz-Kreislauf-Erkrankungen, Typ-2-Diabetes, Krebs oder bekannte erblich bedingte Erkrankungen aufgetreten?";"";"";"Marketing, Medizin";"Nicht geprüft";"";"";"";"questionnaire.question.familie_hk.text";"questionnaire";"2";"v1:53424b46c1243ee3e6505ed975f56a612b38e990c9f2c7b91045479aac9cf712";"f7cda19b1c43269ba350988e00df3ab528b43daf610b3ea103426c3906e8c991"
"Fragebogen";"Fragebogen";"Fragebogen";"Hilfetext";"Frage «Familie hk» · Hilfetext";"Für die Vorsorge sind drei Angaben besonders hilfreich: welche Erkrankung aufgetreten ist, bei wem und ungefähr in welchem Alter. Bei Krebs ist zusätzlich die Krebsart wichtig. Sie müssen diese Angaben hier nicht erfassen – es kann aber sinnvoll sein, sie für ein Vorsorgegespräch zusammenzutragen. Eine familiäre Belastung bedeutet nicht, dass Sie selbst erkranken werden.";"";"";"Marketing, Medizin";"Nicht geprüft";"";"";"";"questionnaire.question.familie_hk.help";"questionnaire";"2";"v1:53424b46c1243ee3e6505ed975f56a612b38e990c9f2c7b91045479aac9cf712";"43d512465bc76b4b10d806806e28ef0978bbc4df1ea7c38e4188381b4311076f"
"Fragebogen";"Fragebogen";"Fragebogen";"Antwortoption";"Frage «Familie hk» · Antwortoption";"Ja";"";"";"Marketing";"Nicht geprüft";"";"";"";"questionnaire.question.familie_hk.option.ja";"questionnaire";"2";"v1:53424b46c1243ee3e6505ed975f56a612b38e990c9f2c7b91045479aac9cf712";"85c2ab70426e2bdafa4aafb6417e794e0d921d016caaa6d6046095e74a24278f"
"Fragebogen";"Fragebogen";"Fragebogen";"Antwortoption";"Frage «Familie hk» · Antwortoption";"Nein, soweit bekannt";"";"";"Marketing";"Nicht geprüft";"";"";"";"questionnaire.question.familie_hk.option.nein";"questionnaire";"2";"v1:53424b46c1243ee3e6505ed975f56a612b38e990c9f2c7b91045479aac9cf712";"ca7c0ecab325a5c2f8e542ed6f33310ed61c6f158ec948a9f1b05322b055e5a1"
"Fragebogen";"Fragebogen";"Fragebogen";"Antwortoption";"Frage «Familie hk» · Antwortoption";"Nur teilweise bekannt";"";"";"Marketing";"Nicht geprüft";"";"";"";"questionnaire.question.familie_hk.option.teilweise";"questionnaire";"2";"v1:53424b46c1243ee3e6505ed975f56a612b38e990c9f2c7b91045479aac9cf712";"ba7e045ee658fd46395be8a15a1ecf75b1aece29ba0f09ff3317ced40d5e6ea7"
"Fragebogen";"Fragebogen";"Fragebogen";"Antwortoption";"Frage «Familie hk» · Antwortoption";"Weiss ich nicht";"";"";"Marketing";"Nicht geprüft";"";"";"";"questionnaire.question.familie_hk.option.weiss_nicht";"questionnaire";"2";"v1:53424b46c1243ee3e6505ed975f56a612b38e990c9f2c7b91045479aac9cf712";"e06d20d4cc30d4999e8551d947f64dccfe40d916d430811a85cb34e94eb9967e"
"Fragebogen";"Fragebogen";"Fragebogen";"Frage";"Frage «Familienwissen» · Fragetext";"Wissen Sie, welche Vorsorgeuntersuchungen für Sie persönlich aktuell sinnvoll sind?";"";"";"Marketing, Medizin";"Nicht geprüft";"";"";"";"questionnaire.question.familienwissen.text";"questionnaire";"2";"v1:53424b46c1243ee3e6505ed975f56a612b38e990c9f2c7b91045479aac9cf712";"a85e1338512527cef891979f4271ae1ed89ef2568dbbbe25931b2caaa5ef99d5"
"Fragebogen";"Fragebogen";"Fragebogen";"Hilfetext";"Frage «Familienwissen» · Hilfetext";"Welche Untersuchungen sinnvoll sind, hängt unter anderem von Ihrem Alter, Ihren persönlichen Werten und Ihrer Familiengeschichte ab. Verlässliche Informationen und ein Gespräch mit einer medizinischen Fachperson helfen, Nutzen, Zeitpunkt und Abstände passend festzulegen.";"";"";"Marketing, Medizin";"Nicht geprüft";"";"";"";"questionnaire.question.familienwissen.help";"questionnaire";"2";"v1:53424b46c1243ee3e6505ed975f56a612b38e990c9f2c7b91045479aac9cf712";"b7e1039c072e66c2b05da288f7565d2b9b7b2158538b7455af2ab48e0d91b6d0"
"Fragebogen";"Fragebogen";"Fragebogen";"Titel des Hilfetexts";"Frage «Familienwissen» · Titel des Hilfetexts";"Haben Sie gewusst?";"";"";"Marketing";"Nicht geprüft";"";"";"";"questionnaire.question.familienwissen.help_title";"questionnaire";"2";"v1:53424b46c1243ee3e6505ed975f56a612b38e990c9f2c7b91045479aac9cf712";"c2c1a53d269c892af6c3dfe5e3d1f936b19803fb728c6da0d1ce2bf18d68a93f"
"Fragebogen";"Fragebogen";"Fragebogen";"Antwortoption";"Frage «Familienwissen» · Antwortoption";"Ja";"";"";"Marketing";"Nicht geprüft";"";"";"";"questionnaire.question.familienwissen.option.ja";"questionnaire";"2";"v1:53424b46c1243ee3e6505ed975f56a612b38e990c9f2c7b91045479aac9cf712";"c02fc3ccd052afbd78ca4ae1a5804460819fa6a06424cc3fb2665f65c39206fc"
"Fragebogen";"Fragebogen";"Fragebogen";"Antwortoption";"Frage «Familienwissen» · Antwortoption";"Nein";"";"";"Marketing";"Nicht geprüft";"";"";"";"questionnaire.question.familienwissen.option.nein";"questionnaire";"2";"v1:53424b46c1243ee3e6505ed975f56a612b38e990c9f2c7b91045479aac9cf712";"80933de26c5d24ec799fa957a6f54abdde12de0d9671ad9d63884d4b2108d457"
"Fragebogen";"Fragebogen";"Fragebogen";"Antwortoption";"Frage «Familienwissen» · Antwortoption";"Teilweise";"";"";"Marketing";"Nicht geprüft";"";"";"";"questionnaire.question.familienwissen.option.teilweise";"questionnaire";"2";"v1:53424b46c1243ee3e6505ed975f56a612b38e990c9f2c7b91045479aac9cf712";"71a85cdf0a63f0513292deff32942ca650607032bc038907d90e6745cc27dda1"
"Fragebogen";"Fragebogen";"Fragebogen";"Frage";"Frage «Geschlecht» · Fragetext";"Bitte wählen Sie Ihr biologisches Geschlecht aus.";"";"";"Marketing, Medizin";"Nicht geprüft";"";"";"";"questionnaire.question.geschlecht.text";"questionnaire";"2";"v1:53424b46c1243ee3e6505ed975f56a612b38e990c9f2c7b91045479aac9cf712";"4e22db12bca925bce6ea708bcb153b100dfe9d608fc480b2a661091ea2683025"
"Fragebogen";"Fragebogen";"Fragebogen";"Antwortoption";"Frage «Geschlecht» · Antwortoption";"Intersex";"";"";"Marketing";"Nicht geprüft";"";"";"";"questionnaire.question.geschlecht.option.intersex";"questionnaire";"2";"v1:53424b46c1243ee3e6505ed975f56a612b38e990c9f2c7b91045479aac9cf712";"68bfbfe3431d907b7d126fd9af4c899c1d61ad5bfb5cd3cbf55efdadd8955243"
"Fragebogen";"Fragebogen";"Fragebogen";"Antwortoption";"Frage «Geschlecht» · Antwortoption";"Männlich";"";"";"Marketing";"Nicht geprüft";"";"";"";"questionnaire.question.geschlecht.option.maennlich";"questionnaire";"2";"v1:53424b46c1243ee3e6505ed975f56a612b38e990c9f2c7b91045479aac9cf712";"7904485f9ea64aef82c7fd0c0e3a90ed3bdd26a9bb9fc2eca7bf1e6ca7e36e6c"
"Fragebogen";"Fragebogen";"Fragebogen";"Antwortoption";"Frage «Geschlecht» · Antwortoption";"Weiblich";"";"";"Marketing";"Nicht geprüft";"";"";"";"questionnaire.question.geschlecht.option.weiblich";"questionnaire";"2";"v1:53424b46c1243ee3e6505ed975f56a612b38e990c9f2c7b91045479aac9cf712";"8d9077fa5ccfc711e8760a4285bdcb9e1e7215fa2e0645e605fd9cdd12844634"
"Fragebogen";"Fragebogen";"Fragebogen";"Eingabehinweis";"Frage «Gewicht» · Eingabehinweis";"z. B. 78";"";"";"Marketing";"Nicht geprüft";"";"";"";"questionnaire.question.gewicht.placeholder";"questionnaire";"2";"v1:53424b46c1243ee3e6505ed975f56a612b38e990c9f2c7b91045479aac9cf712";"8d837780aa966145428c761d5f923b5be65d9fdd306b5b561212f17b6fe43ea9"
"Fragebogen";"Fragebogen";"Fragebogen";"Einheit";"Frage «Gewicht» · Einheit";"kg";"";"";"Marketing";"Nicht geprüft";"";"";"";"questionnaire.question.gewicht.unit";"questionnaire";"2";"v1:53424b46c1243ee3e6505ed975f56a612b38e990c9f2c7b91045479aac9cf712";"4535ad0ab3bc9f5098952d1b03785b70eeadb611264563e2d957394293d29a51"
"Fragebogen";"Fragebogen";"Fragebogen";"Frage";"Frage «Gewicht» · Fragetext";"Bitte geben Sie Ihr Gewicht in Kilogramm an.";"";"";"Marketing, Medizin";"Nicht geprüft";"";"";"";"questionnaire.question.gewicht.text";"questionnaire";"2";"v1:53424b46c1243ee3e6505ed975f56a612b38e990c9f2c7b91045479aac9cf712";"4485b6d79c58b5c516c8a5f604d48cf7101c9c75437b650e295a7b399e9eeb66"
"Fragebogen";"Fragebogen";"Fragebogen";"Eingabehinweis";"Frage «Groesse» · Eingabehinweis";"z. B. 175";"";"";"Marketing";"Nicht geprüft";"";"";"";"questionnaire.question.groesse.placeholder";"questionnaire";"2";"v1:53424b46c1243ee3e6505ed975f56a612b38e990c9f2c7b91045479aac9cf712";"b40c40e2bec3e26abcf60c42c88202c732b018b46c68c21b8ea7c5b0ef15c077"
"Fragebogen";"Fragebogen";"Fragebogen";"Einheit";"Frage «Groesse» · Einheit";"cm";"";"";"Marketing";"Nicht geprüft";"";"";"";"questionnaire.question.groesse.unit";"questionnaire";"2";"v1:53424b46c1243ee3e6505ed975f56a612b38e990c9f2c7b91045479aac9cf712";"72a313eb5ef234123cf73eacbc0bb3a9073c126b0d7c05b8d49ad341854ae773"
"Fragebogen";"Fragebogen";"Fragebogen";"Frage";"Frage «Groesse» · Fragetext";"Bitte geben Sie Ihre Grösse in Zentimetern an.";"";"";"Marketing, Medizin";"Nicht geprüft";"";"";"";"questionnaire.question.groesse.text";"questionnaire";"2";"v1:53424b46c1243ee3e6505ed975f56a612b38e990c9f2c7b91045479aac9cf712";"b416210ab644857d7283c18e4f36d40942bdb17dd41907759adf3c41c2caaf91"
"Fragebogen";"Fragebogen";"Fragebogen";"Frage";"Frage «Krafttraining» · Fragetext";"An wie vielen Tagen pro Woche machen Sie Krafttraining?";"";"";"Marketing, Medizin";"Nicht geprüft";"";"";"";"questionnaire.question.krafttraining.text";"questionnaire";"2";"v1:53424b46c1243ee3e6505ed975f56a612b38e990c9f2c7b91045479aac9cf712";"7b61400e15ad4dafee6e49330b02c4c9231f6a382e0567869d7c6c1249e987ee"
"Fragebogen";"Fragebogen";"Fragebogen";"Hilfetext";"Frage «Krafttraining» · Hilfetext";"Muskelkräftigende Übungen mit Gewichten, Geräten oder dem eigenen Körpergewicht (z. B. Liegestütze, Kniebeugen oder Hanteltraining).

<b>WHO-Empfehlung:</b> Mindestens zweimal pro Woche für alle wichtigen Muskelgruppen.";"";"";"Marketing, Medizin";"Nicht geprüft";"";"";"";"questionnaire.question.krafttraining.help";"questionnaire";"2";"v1:53424b46c1243ee3e6505ed975f56a612b38e990c9f2c7b91045479aac9cf712";"a3cda2550ea51cc2d46cde439e054ce4f3e60016e090c1addbd02ea016191cbb"
"Fragebogen";"Fragebogen";"Fragebogen";"Titel des Hilfetexts";"Frage «Krafttraining» · Titel des Hilfetexts";"Was ist Krafttraining?";"";"";"Marketing";"Nicht geprüft";"";"";"";"questionnaire.question.krafttraining.help_title";"questionnaire";"2";"v1:53424b46c1243ee3e6505ed975f56a612b38e990c9f2c7b91045479aac9cf712";"858c717653129fa0139b2db0600312b8db817055ec1bdce3be716d76302b0dde"
"Fragebogen";"Fragebogen";"Fragebogen";"Antwortoption";"Frage «Krafttraining» · Antwortoption";"0 Tage";"";"";"Marketing";"Nicht geprüft";"";"";"";"questionnaire.question.krafttraining.option.tage0";"questionnaire";"2";"v1:53424b46c1243ee3e6505ed975f56a612b38e990c9f2c7b91045479aac9cf712";"18742ec83f272dbb22d9ba947a7a17c5415c0a9b0c6402bdafe4b631e7171799"
"Fragebogen";"Fragebogen";"Fragebogen";"Antwortoption";"Frage «Krafttraining» · Antwortoption";"1 Tag";"";"";"Marketing";"Nicht geprüft";"";"";"";"questionnaire.question.krafttraining.option.tage1";"questionnaire";"2";"v1:53424b46c1243ee3e6505ed975f56a612b38e990c9f2c7b91045479aac9cf712";"fb453fad3fdb013899f4995054cddd2427f09e0ffa6236f46ab42d6ab6f0c294"
"Fragebogen";"Fragebogen";"Fragebogen";"Antwortoption";"Frage «Krafttraining» · Antwortoption";"2 Tage";"";"";"Marketing";"Nicht geprüft";"";"";"";"questionnaire.question.krafttraining.option.tage2";"questionnaire";"2";"v1:53424b46c1243ee3e6505ed975f56a612b38e990c9f2c7b91045479aac9cf712";"cda3eba081fab3c51b8b4b49aef0c1df4deb3e568e7764755712042024caf6d9"
"Fragebogen";"Fragebogen";"Fragebogen";"Antwortoption";"Frage «Krafttraining» · Antwortoption";"3 Tage oder mehr";"";"";"Marketing";"Nicht geprüft";"";"";"";"questionnaire.question.krafttraining.option.tage3plus";"questionnaire";"2";"v1:53424b46c1243ee3e6505ed975f56a612b38e990c9f2c7b91045479aac9cf712";"6d9e974bf5c25f65b2192a189c508f2533b6374f303ce676bb7cbfc3a49cc824"
"Fragebogen";"Fragebogen";"Fragebogen";"Eingabehinweis";"Frage «Liegestuetze» · Eingabehinweis";"z. B. 15";"";"";"Marketing";"Nicht geprüft";"";"";"";"questionnaire.question.liegestuetze.placeholder";"questionnaire";"2";"v1:53424b46c1243ee3e6505ed975f56a612b38e990c9f2c7b91045479aac9cf712";"83bf0bbd3953e8eac171211637d8620c5373ae11ac42f0e4e0e01186ade1dce5"
"Fragebogen";"Fragebogen";"Fragebogen";"Einheit";"Frage «Liegestuetze» · Einheit";"Wiederholungen";"";"";"Marketing";"Nicht geprüft";"";"";"";"questionnaire.question.liegestuetze.unit";"questionnaire";"2";"v1:53424b46c1243ee3e6505ed975f56a612b38e990c9f2c7b91045479aac9cf712";"178e81b7bfbac1b2ac72a6146434dc37c8a324e104c22e994c2db018fd6289b0"
"Fragebogen";"Fragebogen";"Fragebogen";"Frage";"Frage «Liegestuetze» · Fragetext";"Wie viele Liegestütze können Sie ohne Unterbrechung korrekt ausführen? (optional)";"";"";"Marketing, Medizin";"Nicht geprüft";"";"";"";"questionnaire.question.liegestuetze.text";"questionnaire";"2";"v1:53424b46c1243ee3e6505ed975f56a612b38e990c9f2c7b91045479aac9cf712";"57a2c546ac1f31bb914e65f4ab6a422fa33ab71f25f8435d95da2be31d774563"
"Fragebogen";"Fragebogen";"Fragebogen";"Hilfetext";"Frage «Liegestuetze» · Hilfetext";"<b>Für alle Geschlechter gilt dieselbe Standard-Ausführung:</b>
1 – Auf den Bauch legen, Hände etwa schulterbreit platzieren und auf den Zehen abstützen.
2 – Arme strecken; der Körper bildet vom Kopf bis zu den Fersen eine gerade Linie.
3 – Den Körper kontrolliert absenken, bis die Brust fast den Boden berührt und die Ellbogen mindestens etwa 90° gebeugt sind.
4 – Wieder vollständig in die Ausgangsposition hochdrücken.

Ohne Pause mit sauberer Form wiederholen. Beenden Sie den Test, sobald Sie die korrekte Ausführung nach einem Korrekturversuch nicht mehr halten können.

<b>Was der Liegestütz-Test verrät:</b>
Liegestütze messen die Kraftausdauer von Brust, Schultern, Armen und Rumpf. Starke Oberkörpermuskeln sind wichtig für Alltagstätigkeiten wie Tragen oder Aufstehen und helfen, Sturzverletzungen zu vermeiden.";"";"";"Marketing, Medizin";"Nicht geprüft";"";"";"";"questionnaire.question.liegestuetze.help";"questionnaire";"2";"v1:53424b46c1243ee3e6505ed975f56a612b38e990c9f2c7b91045479aac9cf712";"7bfb6d03c4c5d15f507397e04748cd7b3efcd9518fac773ca27d272d599a6b09"
"Fragebogen";"Fragebogen";"Fragebogen";"Titel des Hilfetexts";"Frage «Liegestuetze» · Titel des Hilfetexts";"So führen Sie den Liegestütz-Test korrekt aus";"";"";"Marketing";"Nicht geprüft";"";"";"";"questionnaire.question.liegestuetze.help_title";"questionnaire";"2";"v1:53424b46c1243ee3e6505ed975f56a612b38e990c9f2c7b91045479aac9cf712";"31e362c2be111abd775d5d4019dc263d4e7403239c088fb058c49538ef50e14a"
"Fragebogen";"Fragebogen";"Fragebogen";"Frage";"Frage «Omega3» · Fragetext";"Wie oft pro Woche essen Sie fettreichen Fisch (z. B. Lachs, Makrele, Hering) oder nehmen Omega-3 als Nahrungsergänzung ein?";"";"";"Marketing, Medizin";"Nicht geprüft";"";"";"";"questionnaire.question.omega3.text";"questionnaire";"2";"v1:53424b46c1243ee3e6505ed975f56a612b38e990c9f2c7b91045479aac9cf712";"a38750015cb86fe2a660bfb8c979a90a8ff3dae11237ce0f1a13606f9d7990d4"
"Fragebogen";"Fragebogen";"Fragebogen";"Hilfetext";"Frage «Omega3» · Hilfetext";"Omega-3-Fettsäuren aus maritimen Quellen unterstützen Ihr Gehirn, Ihr Herz und wirken stark entzündungshemmend im ganzen Körper. Da der Körper sie nicht ausreichend selbst bildet, ist ihre regelmässige Zufuhr über Lebensmittel entscheidend. Algenöl ist eine sehr gute vegane Alternative zu Fisch. Ihr Körper kann diese sofort nutzen, im Gegensatz zu Omega-3-Vorstufen aus anderen Pflanzenölen.";"";"";"Marketing, Medizin";"Nicht geprüft";"";"";"";"questionnaire.question.omega3.help";"questionnaire";"2";"v1:53424b46c1243ee3e6505ed975f56a612b38e990c9f2c7b91045479aac9cf712";"fb82658fadcf249a432e8a1f4b75caf0760f216692b624583b881bfa08453083"
"Fragebogen";"Fragebogen";"Fragebogen";"Titel des Hilfetexts";"Frage «Omega3» · Titel des Hilfetexts";"Warum ist Omega-3 wichtig?";"";"";"Marketing";"Nicht geprüft";"";"";"";"questionnaire.question.omega3.help_title";"questionnaire";"2";"v1:53424b46c1243ee3e6505ed975f56a612b38e990c9f2c7b91045479aac9cf712";"0cc1ce1e1b96d83cfea2bbf583d3a86edf818fd4b4d8fd04a9ffcb8c92baebe8"
"Fragebogen";"Fragebogen";"Fragebogen";"Antwortoption";"Frage «Omega3» · Antwortoption";"Nie";"";"";"Marketing";"Nicht geprüft";"";"";"";"questionnaire.question.omega3.option.nie";"questionnaire";"2";"v1:53424b46c1243ee3e6505ed975f56a612b38e990c9f2c7b91045479aac9cf712";"ef56ddbe70cb5258e917b7c8f6a3893ec07d54374fb0e95faefaa911348be3dc"
"Fragebogen";"Fragebogen";"Fragebogen";"Antwortoption";"Frage «Omega3» · Antwortoption";"Seltener als 1x pro Woche";"";"";"Marketing";"Nicht geprüft";"";"";"";"questionnaire.question.omega3.option.u1woche";"questionnaire";"2";"v1:53424b46c1243ee3e6505ed975f56a612b38e990c9f2c7b91045479aac9cf712";"895019cb4b5c7e59c58af3739a12477d0cfa18635ec90b0512f1c8ee7a63ea22"
"Fragebogen";"Fragebogen";"Fragebogen";"Antwortoption";"Frage «Omega3» · Antwortoption";"Mehr als 2x pro Woche";"";"";"Marketing";"Nicht geprüft";"";"";"";"questionnaire.question.omega3.option.ue2";"questionnaire";"2";"v1:53424b46c1243ee3e6505ed975f56a612b38e990c9f2c7b91045479aac9cf712";"ab2b82d8cf48625a736142e13fb8e2203c4858b027d91c932f3f6cd2cb22355d"
"Fragebogen";"Fragebogen";"Fragebogen";"Antwortoption";"Frage «Omega3» · Antwortoption";"1x pro Woche";"";"";"Marketing";"Nicht geprüft";"";"";"";"questionnaire.question.omega3.option.w1";"questionnaire";"2";"v1:53424b46c1243ee3e6505ed975f56a612b38e990c9f2c7b91045479aac9cf712";"d3cc69668fb2f470fd745b4b49e3fa66c02539f8c5d69dbaf6f2f1e787b3f405"
"Fragebogen";"Fragebogen";"Fragebogen";"Antwortoption";"Frage «Omega3» · Antwortoption";"2x pro Woche";"";"";"Marketing";"Nicht geprüft";"";"";"";"questionnaire.question.omega3.option.w2";"questionnaire";"2";"v1:53424b46c1243ee3e6505ed975f56a612b38e990c9f2c7b91045479aac9cf712";"28fbeda81ad247877ed72dea5592ec3f9edb1fb804d84b375594aa5664c6a2e6"
"Fragebogen";"Fragebogen";"Fragebogen";"Frage";"Frage «Pflanzenvielfalt» · Fragetext";"Wie viele verschiedene pflanzliche Lebensmittel haben Sie in der letzten Woche gegessen?";"";"";"Marketing, Medizin";"Nicht geprüft";"";"";"";"questionnaire.question.pflanzenvielfalt.text";"questionnaire";"2";"v1:53424b46c1243ee3e6505ed975f56a612b38e990c9f2c7b91045479aac9cf712";"8788be29c7ccfaca64f943e10a8df52e1c9da7f96eb9f62c410a84d791f260d3"
"Fragebogen";"Fragebogen";"Fragebogen";"Hilfetext";"Frage «Pflanzenvielfalt» · Hilfetext";"<b>Gemüse &amp; Salate:</b> Spinat, Brokkoli, Karotten, Tomaten, Gurken, Paprika, Zwiebeln, Knoblauch
<b>Früchte:</b> Äpfel, Bananen, Beeren, Orangen, Trauben, Avocado
<b>Getreide &amp; Pseudogetreide:</b> Hafer, Quinoa, Hirse, Buchweizen, Gerste, Vollkornreis
<b>Samen:</b> Chiasamen, Leinsamen, Kürbiskerne, Sonnenblumenkerne, Sesam
<b>Hülsenfrüchte &amp; Nüsse:</b> Linsen, Kichererbsen, Bohnen, Mandeln, Walnüsse
<b>Gewürze &amp; Kräuter:</b> Basilikum, Oregano, Kurkuma, Ingwer, Zimt, Pfeffer
<b>Pilze:</b> Champignons, Shiitake, Austernpilze

<b>Warum ist pflanzliche Vielfalt wichtig?</b>
Eine bunte Auswahl an Pflanzen liefert Nährstoffe, Antioxidantien und Ballaststoffe. Jede Pflanze enthält eigene bioaktive Stoffe, die verschiedene Funktionen im Körper unterstützen. Vielfalt stärkt besonders das Darmmikrobiom und fördert so eine gesunde Darmflora.";"";"";"Marketing, Medizin";"Nicht geprüft";"";"";"";"questionnaire.question.pflanzenvielfalt.help";"questionnaire";"2";"v1:53424b46c1243ee3e6505ed975f56a612b38e990c9f2c7b91045479aac9cf712";"e3f74aa3bba959c8ee28c234b42f04249c95b43607c4ebd856c261cf26cab1ea"
"Fragebogen";"Fragebogen";"Fragebogen";"Titel des Hilfetexts";"Frage «Pflanzenvielfalt» · Titel des Hilfetexts";"Was zählt beispielsweise als pflanzliches Lebensmittel?";"";"";"Marketing";"Nicht geprüft";"";"";"";"questionnaire.question.pflanzenvielfalt.help_title";"questionnaire";"2";"v1:53424b46c1243ee3e6505ed975f56a612b38e990c9f2c7b91045479aac9cf712";"8b0d4005beabb957e6eeac24c47e65c47f53eb2ec7efd56f2b5ef81fc351aac1"
"Fragebogen";"Fragebogen";"Fragebogen";"Antwortoption";"Frage «Pflanzenvielfalt» · Antwortoption";"Weniger als 10";"";"";"Marketing";"Nicht geprüft";"";"";"";"questionnaire.question.pflanzenvielfalt.option.u10";"questionnaire";"2";"v1:53424b46c1243ee3e6505ed975f56a612b38e990c9f2c7b91045479aac9cf712";"1ad460a9f0b4c8f4d04a3a62b29461123f2c9502dc7b60605dfb49d20b7c091c"
"Fragebogen";"Fragebogen";"Fragebogen";"Antwortoption";"Frage «Pflanzenvielfalt» · Antwortoption";"35 oder mehr";"";"";"Marketing";"Nicht geprüft";"";"";"";"questionnaire.question.pflanzenvielfalt.option.ue35";"questionnaire";"2";"v1:53424b46c1243ee3e6505ed975f56a612b38e990c9f2c7b91045479aac9cf712";"cf82a9c3479ce362ac5e94a331e007cb99192303f223caaec80d417f73863a06"
"Fragebogen";"Fragebogen";"Fragebogen";"Antwortoption";"Frage «Pflanzenvielfalt» · Antwortoption";"10–17";"";"";"Marketing";"Nicht geprüft";"";"";"";"questionnaire.question.pflanzenvielfalt.option.v10_17";"questionnaire";"2";"v1:53424b46c1243ee3e6505ed975f56a612b38e990c9f2c7b91045479aac9cf712";"b9e715465d2d1e324fa7f735ba3c03db15b6cff0878b2e37dbd537a339323bb3"
"Fragebogen";"Fragebogen";"Fragebogen";"Antwortoption";"Frage «Pflanzenvielfalt» · Antwortoption";"18–25";"";"";"Marketing";"Nicht geprüft";"";"";"";"questionnaire.question.pflanzenvielfalt.option.v18_25";"questionnaire";"2";"v1:53424b46c1243ee3e6505ed975f56a612b38e990c9f2c7b91045479aac9cf712";"47a9934004fa1da27026d5bfd21b8e698be73617bb6e4eb7a7a57a7cf5fd9ab0"
"Fragebogen";"Fragebogen";"Fragebogen";"Antwortoption";"Frage «Pflanzenvielfalt» · Antwortoption";"26–34";"";"";"Marketing";"Nicht geprüft";"";"";"";"questionnaire.question.pflanzenvielfalt.option.v26_34";"questionnaire";"2";"v1:53424b46c1243ee3e6505ed975f56a612b38e990c9f2c7b91045479aac9cf712";"68dcdb91673d4b905c4d2d567dc355d431ecf63229135067e0b0ef3091ea33a9"
"Fragebogen";"Fragebogen";"Fragebogen";"Frage";"Frage «Positive emotionen» · Fragetext";"Ich erlebe in meinem Alltag regelmässig Momente der Freude oder Dankbarkeit.";"";"";"Marketing, Medizin";"Nicht geprüft";"";"";"";"questionnaire.question.positive_emotionen.text";"questionnaire";"2";"v1:53424b46c1243ee3e6505ed975f56a612b38e990c9f2c7b91045479aac9cf712";"9b3fe8469f2edcfa4d4352abd0c92a259ce6bba0a14ab0f2429f28b80065fa27"
"Fragebogen";"Fragebogen";"Fragebogen";"Frage";"Frage «Protein» · Fragetext";"Wie häufig gelingt es Ihnen, über den Tag verteilt zu mindestens drei Mahlzeiten oder Snacks eine klare Proteinquelle einzuplanen (z. B. Hülsenfrüchte, Tofu, Eier, Milchprodukte, Fisch oder Fleisch)?";"";"";"Marketing, Medizin";"Nicht geprüft";"";"";"";"questionnaire.question.protein.text";"questionnaire";"2";"v1:53424b46c1243ee3e6505ed975f56a612b38e990c9f2c7b91045479aac9cf712";"7849b416c05bff46e59bbb348885e815fce6c0a8c2a160477419dcef253481a1"
"Fragebogen";"Fragebogen";"Fragebogen";"Hilfetext";"Frage «Protein» · Hilfetext";"Diese Frage erfasst, wie regelmässig Sie Proteinquellen einbauen. Sie berechnet <b>nicht</b>, wie viele Gramm Protein Sie tatsächlich pro Tag und Kilogramm Körpergewicht aufnehmen.

<b>Geeignete Proteinquellen sind zum Beispiel:</b>
• Hülsenfrüchte wie Linsen, Bohnen oder Kichererbsen
• Tofu, Tempeh, Eier, Quark, Joghurt oder Hüttenkäse
• Fisch oder Fleisch
<b>Orientierung bei regelmässigem Krafttraining:</b>
Für gesunde Erwachsene sind etwa 1,4–1,6 g Protein pro kg Körpergewicht und Tag eine praktische Orientierung. In einer grossen Meta-Analyse flachten die durchschnittlichen zusätzlichen Vorteile für den Aufbau fettfreier Masse ab rund 1,6 g/kg/Tag deutlich ab. Das ist keine harte biologische Grenze.

Bis etwa 2,0 g/kg/Tag können bei sehr hoher Trainingsbelastung oder einem gezielten Energiedefizit als individueller Spielraum sinnvoll sein. Für die meisten Menschen ist diese Menge nicht nötig; das Alter allein begründet kein Ziel von 2,0 g/kg/Tag. Krafttraining setzt den Trainingsreiz, Protein liefert die Bausteine. Proteinpulver ist nicht automatisch erforderlich.

Für Personen unter 18 Jahren sowie bei einer Nierenerkrankung oder medizinisch verordneter Ernährung sollte die passende Menge fachlich geklärt werden.";"";"";"Marketing, Medizin";"Nicht geprüft";"";"";"";"questionnaire.question.protein.help";"questionnaire";"2";"v1:53424b46c1243ee3e6505ed975f56a612b38e990c9f2c7b91045479aac9cf712";"2738196c663b8959569ac3bf0d8ade22c44a6f2262a49186bf974c5ccc0cfc7c"
"Fragebogen";"Fragebogen";"Fragebogen";"Titel des Hilfetexts";"Frage «Protein» · Titel des Hilfetexts";"Was misst diese Frage – und welche Menge ist sinnvoll?";"";"";"Marketing";"Nicht geprüft";"";"";"";"questionnaire.question.protein.help_title";"questionnaire";"2";"v1:53424b46c1243ee3e6505ed975f56a612b38e990c9f2c7b91045479aac9cf712";"46a033ec6165d716b1fc566b9921c448b2c5d4918c1a5038fd9bcacf805e7f9e"
"Fragebogen";"Fragebogen";"Fragebogen";"Antwortoption";"Frage «Protein» · Antwortoption";"Fast immer";"";"";"Marketing";"Nicht geprüft";"";"";"";"questionnaire.question.protein.option.fast_immer";"questionnaire";"2";"v1:53424b46c1243ee3e6505ed975f56a612b38e990c9f2c7b91045479aac9cf712";"7ebde05193186736734160d425ad5ef2b928d9f0b4cc59664663ef644202b7bc"
"Fragebogen";"Fragebogen";"Fragebogen";"Antwortoption";"Frage «Protein» · Antwortoption";"Etwa die Hälfte der Zeit";"";"";"Marketing";"Nicht geprüft";"";"";"";"questionnaire.question.protein.option.haelfte";"questionnaire";"2";"v1:53424b46c1243ee3e6505ed975f56a612b38e990c9f2c7b91045479aac9cf712";"43f69529d8ed14f0688ea1d75e49fc50fcc0d47cd5d7775a51ba4ff6a04dd897"
"Fragebogen";"Fragebogen";"Fragebogen";"Antwortoption";"Frage «Protein» · Antwortoption";"Manchmal";"";"";"Marketing";"Nicht geprüft";"";"";"";"questionnaire.question.protein.option.manchmal";"questionnaire";"2";"v1:53424b46c1243ee3e6505ed975f56a612b38e990c9f2c7b91045479aac9cf712";"cd4a0afef9b92a614d3df065e9c2df8b1fa5d1b825a8ff7dbe3d40f3efd25696"
"Fragebogen";"Fragebogen";"Fragebogen";"Antwortoption";"Frage «Protein» · Antwortoption";"Meistens";"";"";"Marketing";"Nicht geprüft";"";"";"";"questionnaire.question.protein.option.meistens";"questionnaire";"2";"v1:53424b46c1243ee3e6505ed975f56a612b38e990c9f2c7b91045479aac9cf712";"9c16ecadf5e45a72afe7161d6432c659f897b3f88a04bc47d58c51ac6f31f56f"
"Fragebogen";"Fragebogen";"Fragebogen";"Antwortoption";"Frage «Protein» · Antwortoption";"Selten";"";"";"Marketing";"Nicht geprüft";"";"";"";"questionnaire.question.protein.option.selten";"questionnaire";"2";"v1:53424b46c1243ee3e6505ed975f56a612b38e990c9f2c7b91045479aac9cf712";"0c4d163b7b37bdb211f90740065320a233d6df14f73ba082b5541a104b44c5cb"
"Fragebogen";"Fragebogen";"Fragebogen";"Frage";"Frage «Rauchen» · Fragetext";"Rauchen Sie oder haben Sie in der Vergangenheit geraucht? (z. B. Zigaretten, Vapes, Shisha)";"";"";"Marketing, Medizin";"Nicht geprüft";"";"";"";"questionnaire.question.rauchen.text";"questionnaire";"2";"v1:53424b46c1243ee3e6505ed975f56a612b38e990c9f2c7b91045479aac9cf712";"2b2e017973338beac8d6f66480f40e9f0daa5795abea8f1d2b4b4a878f5694bb"
"Fragebogen";"Fragebogen";"Fragebogen";"Hilfetext";"Frage «Rauchen» · Hilfetext";"Ein Rauchstopp lohnt sich immer und in jedem Alter. Bereits nach einem Tag werden Atemwegsreizungen reduziert, in wenigen Monaten verbessert sich Ihr Kreislauf und Ihre Lungenfunktion. Nach etwa einem Jahr ist das Risiko für eine koronare Herzkrankheit ungefähr halb so hoch wie bei weiterem Rauchen. Ausserdem erholt sich Ihr Geruchssinn, das Essen schmeckt besser und Sie fühlen sich leistungsfähiger.";"";"";"Marketing, Medizin";"Nicht geprüft";"";"";"";"questionnaire.question.rauchen.help";"questionnaire";"2";"v1:53424b46c1243ee3e6505ed975f56a612b38e990c9f2c7b91045479aac9cf712";"03d992aa3780688b45d25caa917b4bd486f77ca69dcfb2163b0766781f1a7108"
"Fragebogen";"Fragebogen";"Fragebogen";"Titel des Hilfetexts";"Frage «Rauchen» · Titel des Hilfetexts";"Haben Sie gewusst?";"";"";"Marketing";"Nicht geprüft";"";"";"";"questionnaire.question.rauchen.help_title";"questionnaire";"2";"v1:53424b46c1243ee3e6505ed975f56a612b38e990c9f2c7b91045479aac9cf712";"e25b53c8c528c8ec44c4b5dbd0725e5f58d32e9ab744a9cd1ba54f8cae0d0cdf"
"Fragebogen";"Fragebogen";"Fragebogen";"Antwortoption";"Frage «Rauchen» · Antwortoption";"Nicht mehr";"";"";"Marketing";"Nicht geprüft";"";"";"";"questionnaire.question.rauchen.option.frueher";"questionnaire";"2";"v1:53424b46c1243ee3e6505ed975f56a612b38e990c9f2c7b91045479aac9cf712";"6671bff7ca996e24ca18701ac3e8ce9eaa4113a34ba8e7176aae247e927a3119"
"Fragebogen";"Fragebogen";"Fragebogen";"Antwortoption";"Frage «Rauchen» · Antwortoption";"Ja, manchmal";"";"";"Marketing";"Nicht geprüft";"";"";"";"questionnaire.question.rauchen.option.ja_gelegentlich";"questionnaire";"2";"v1:53424b46c1243ee3e6505ed975f56a612b38e990c9f2c7b91045479aac9cf712";"904ce6945bf0f3aa46dd423aeafd09f4dd2d9dbcf9d3954ceb94d49cbfbe390d"
"Fragebogen";"Fragebogen";"Fragebogen";"Antwortoption";"Frage «Rauchen» · Antwortoption";"Ja, regelmässig";"";"";"Marketing";"Nicht geprüft";"";"";"";"questionnaire.question.rauchen.option.ja_regelmaessig";"questionnaire";"2";"v1:53424b46c1243ee3e6505ed975f56a612b38e990c9f2c7b91045479aac9cf712";"0911db5ca43d6ecea865b5cfc85b8fe7a395f39c772e68cb7b87b344861504ae"
"Fragebogen";"Fragebogen";"Fragebogen";"Antwortoption";"Frage «Rauchen» · Antwortoption";"Keine Angaben";"";"";"Marketing";"Nicht geprüft";"";"";"";"questionnaire.question.rauchen.option.keine_angabe";"questionnaire";"2";"v1:53424b46c1243ee3e6505ed975f56a612b38e990c9f2c7b91045479aac9cf712";"d41f6694a06944a4d6226cdd253f1f75dcc4b8d2bb367b2af5e5ce8cc6b5012f"
"Fragebogen";"Fragebogen";"Fragebogen";"Antwortoption";"Frage «Rauchen» · Antwortoption";"Nein, nie";"";"";"Marketing";"Nicht geprüft";"";"";"";"questionnaire.question.rauchen.option.nie";"questionnaire";"2";"v1:53424b46c1243ee3e6505ed975f56a612b38e990c9f2c7b91045479aac9cf712";"935ea1b38d8b9a25e714486ab038d523a97d86199681d8dc6b4b201ca3eefe47"
"Fragebogen";"Fragebogen";"Fragebogen";"Frage";"Frage «Saettigung» · Fragetext";"Wie häufig fühlen Sie sich nach Ihren Hauptmahlzeiten für etwa vier Stunden satt, ohne Bedürfnis nach einem Snack?";"";"";"Marketing, Medizin";"Nicht geprüft";"";"";"";"questionnaire.question.saettigung.text";"questionnaire";"2";"v1:53424b46c1243ee3e6505ed975f56a612b38e990c9f2c7b91045479aac9cf712";"307f40e84db4b755de12eebb8ae90956b1204f60f4fa466dc870374e28508f0e"
"Fragebogen";"Fragebogen";"Fragebogen";"Antwortoption";"Frage «Saettigung» · Antwortoption";"Fast immer";"";"";"Marketing";"Nicht geprüft";"";"";"";"questionnaire.question.saettigung.option.fast_immer";"questionnaire";"2";"v1:53424b46c1243ee3e6505ed975f56a612b38e990c9f2c7b91045479aac9cf712";"8219ce9d42db2a669b36da137cae8e443fcc061fdda17aa70e6e1a7d33bbd1c8"
"Fragebogen";"Fragebogen";"Fragebogen";"Antwortoption";"Frage «Saettigung» · Antwortoption";"Manchmal";"";"";"Marketing";"Nicht geprüft";"";"";"";"questionnaire.question.saettigung.option.manchmal";"questionnaire";"2";"v1:53424b46c1243ee3e6505ed975f56a612b38e990c9f2c7b91045479aac9cf712";"42cf2ac7e8fcae5d5414cf77f39fe29d76bf28e61bb88c3901039afd5127c9d2"
"Fragebogen";"Fragebogen";"Fragebogen";"Antwortoption";"Frage «Saettigung» · Antwortoption";"Nie";"";"";"Marketing";"Nicht geprüft";"";"";"";"questionnaire.question.saettigung.option.nie";"questionnaire";"2";"v1:53424b46c1243ee3e6505ed975f56a612b38e990c9f2c7b91045479aac9cf712";"f867a1b7e0ea84f5c815b03baca4d7f7767ddc665da7c883a98c545d2928352a"
"Fragebogen";"Fragebogen";"Fragebogen";"Antwortoption";"Frage «Saettigung» · Antwortoption";"Oft";"";"";"Marketing";"Nicht geprüft";"";"";"";"questionnaire.question.saettigung.option.oft";"questionnaire";"2";"v1:53424b46c1243ee3e6505ed975f56a612b38e990c9f2c7b91045479aac9cf712";"d48e5f588dfe9cf14387152c675def1145dc2068e90dc6b7a0f112a5849c09f9"
"Fragebogen";"Fragebogen";"Fragebogen";"Antwortoption";"Frage «Saettigung» · Antwortoption";"Selten";"";"";"Marketing";"Nicht geprüft";"";"";"";"questionnaire.question.saettigung.option.selten";"questionnaire";"2";"v1:53424b46c1243ee3e6505ed975f56a612b38e990c9f2c7b91045479aac9cf712";"ce2eba27b526ae084d29c70165a90d1af1289e43fdd1b15202ebc5614a3e1956"
"Fragebogen";"Fragebogen";"Fragebogen";"Frage";"Frage «Schlaf auswirkung» · Fragetext";"Wie stark hat Ihr Schlaf im letzten Monat Ihren Alltag beeinträchtigt? (z. B. reduzierte Leistungsfähigkeit, Konzentration, Stimmung, Energie, soziale Aktivitäten)";"";"";"Marketing, Medizin";"Nicht geprüft";"";"";"";"questionnaire.question.schlaf_auswirkung.text";"questionnaire";"2";"v1:53424b46c1243ee3e6505ed975f56a612b38e990c9f2c7b91045479aac9cf712";"b46f5d859078ad55d3b4880dea4a43577ff0f0a24782fc6e6bacd7f8619fbbaf"
"Fragebogen";"Fragebogen";"Fragebogen";"Antwortoption";"Frage «Schlaf auswirkung» · Antwortoption";"Deutlich";"";"";"Marketing";"Nicht geprüft";"";"";"";"questionnaire.question.schlaf_auswirkung.option.deutlich";"questionnaire";"2";"v1:53424b46c1243ee3e6505ed975f56a612b38e990c9f2c7b91045479aac9cf712";"d16168f4d9e466d796e7c4858d4d005a6b0942e5e8f89c958b4b7cc20ab4ade8"
"Fragebogen";"Fragebogen";"Fragebogen";"Antwortoption";"Frage «Schlaf auswirkung» · Antwortoption";"Gar nicht";"";"";"Marketing";"Nicht geprüft";"";"";"";"questionnaire.question.schlaf_auswirkung.option.gar_nicht";"questionnaire";"2";"v1:53424b46c1243ee3e6505ed975f56a612b38e990c9f2c7b91045479aac9cf712";"59aacaa73db4de156f03a2b256b4dbc91a6eb935c6a4d70cfe693c8464c06f9c"
"Fragebogen";"Fragebogen";"Fragebogen";"Antwortoption";"Frage «Schlaf auswirkung» · Antwortoption";"Minimal";"";"";"Marketing";"Nicht geprüft";"";"";"";"questionnaire.question.schlaf_auswirkung.option.kaum";"questionnaire";"2";"v1:53424b46c1243ee3e6505ed975f56a612b38e990c9f2c7b91045479aac9cf712";"c68c7ab01e655ce8d615dab283c56c010e617d15300778773e10e7b401fcc049"
"Fragebogen";"Fragebogen";"Fragebogen";"Antwortoption";"Frage «Schlaf auswirkung» · Antwortoption";"Massiv";"";"";"Marketing";"Nicht geprüft";"";"";"";"questionnaire.question.schlaf_auswirkung.option.massiv";"questionnaire";"2";"v1:53424b46c1243ee3e6505ed975f56a612b38e990c9f2c7b91045479aac9cf712";"65e7e9c70849642ef5734cc6c457922614fb81c7274d54cff912688b0d5b2b07"
"Fragebogen";"Fragebogen";"Fragebogen";"Antwortoption";"Frage «Schlaf auswirkung» · Antwortoption";"Spürbar";"";"";"Marketing";"Nicht geprüft";"";"";"";"questionnaire.question.schlaf_auswirkung.option.spuerbar";"questionnaire";"2";"v1:53424b46c1243ee3e6505ed975f56a612b38e990c9f2c7b91045479aac9cf712";"033bfb8a926acef3ab3d446ae60084e0b04eabc02176759ab0d14a4f60391d02"
"Fragebogen";"Fragebogen";"Fragebogen";"Frage";"Frage «Schlafdauer» · Fragetext";"Wie viele Stunden haben Sie im letzten Monat durchschnittlich pro Nacht geschlafen (ohne Wachphasen)?";"";"";"Marketing, Medizin";"Nicht geprüft";"";"";"";"questionnaire.question.schlafdauer.text";"questionnaire";"2";"v1:53424b46c1243ee3e6505ed975f56a612b38e990c9f2c7b91045479aac9cf712";"b81aa58c040b915d1638d45ad58ac05b35579cc93b7981470541d47415a296b1"
"Fragebogen";"Fragebogen";"Fragebogen";"Antwortoption";"Frage «Schlafdauer» · Antwortoption";"5–6 h";"";"";"Marketing";"Nicht geprüft";"";"";"";"questionnaire.question.schlafdauer.option.s5_6";"questionnaire";"2";"v1:53424b46c1243ee3e6505ed975f56a612b38e990c9f2c7b91045479aac9cf712";"86fb177262c4bb77f83cab5a7d4064a791e4dc10365286549b4b1edf14e3002b"
"Fragebogen";"Fragebogen";"Fragebogen";"Antwortoption";"Frage «Schlafdauer» · Antwortoption";"6–7 h";"";"";"Marketing";"Nicht geprüft";"";"";"";"questionnaire.question.schlafdauer.option.s6_7";"questionnaire";"2";"v1:53424b46c1243ee3e6505ed975f56a612b38e990c9f2c7b91045479aac9cf712";"08d48d9e4282ca2a60b69ea975b7f80537d863ff0c4ef077dc8015bc1d38cbd6"
"Fragebogen";"Fragebogen";"Fragebogen";"Antwortoption";"Frage «Schlafdauer» · Antwortoption";"7–9 h";"";"";"Marketing";"Nicht geprüft";"";"";"";"questionnaire.question.schlafdauer.option.s7_9";"questionnaire";"2";"v1:53424b46c1243ee3e6505ed975f56a612b38e990c9f2c7b91045479aac9cf712";"facb7ebbb54f99ff13311477e7a7aab27328ef8dc8e9c00b65320a6070093f40"
"Fragebogen";"Fragebogen";"Fragebogen";"Antwortoption";"Frage «Schlafdauer» · Antwortoption";"Weniger als 5 h";"";"";"Marketing";"Nicht geprüft";"";"";"";"questionnaire.question.schlafdauer.option.u5";"questionnaire";"2";"v1:53424b46c1243ee3e6505ed975f56a612b38e990c9f2c7b91045479aac9cf712";"7af1fe173a6f25de07efe5b13133257f1fabaea8c8b40f32cbf9876cf94aa6cf"
"Fragebogen";"Fragebogen";"Fragebogen";"Antwortoption";"Frage «Schlafdauer» · Antwortoption";"Mehr als 9 h";"";"";"Marketing";"Nicht geprüft";"";"";"";"questionnaire.question.schlafdauer.option.ue9";"questionnaire";"2";"v1:53424b46c1243ee3e6505ed975f56a612b38e990c9f2c7b91045479aac9cf712";"c3e8ad5cfc6cadea90cfdc1f5d5dc7f234c355e2762a2054676c6276c06aafc5"
"Fragebogen";"Fragebogen";"Fragebogen";"Frage";"Frage «Schlafqualitaet» · Fragetext";"Wie gut oder schlecht haben Sie im letzten Monat insgesamt geschlafen?";"";"";"Marketing, Medizin";"Nicht geprüft";"";"";"";"questionnaire.question.schlafqualitaet.text";"questionnaire";"2";"v1:53424b46c1243ee3e6505ed975f56a612b38e990c9f2c7b91045479aac9cf712";"2de1550fad635db7ae09a99f8f846e4093efe0c99479753b3809422ec3ac02d9"
"Fragebogen";"Fragebogen";"Fragebogen";"Antwortoption";"Frage «Schlafqualitaet» · Antwortoption";"Durchschnittlich";"";"";"Marketing";"Nicht geprüft";"";"";"";"questionnaire.question.schlafqualitaet.option.durchschnittlich";"questionnaire";"2";"v1:53424b46c1243ee3e6505ed975f56a612b38e990c9f2c7b91045479aac9cf712";"65b64035482e25683bf83e090629c9d8f9ac717130675d08d61e8b988ae07df1"
"Fragebogen";"Fragebogen";"Fragebogen";"Antwortoption";"Frage «Schlafqualitaet» · Antwortoption";"Gut";"";"";"Marketing";"Nicht geprüft";"";"";"";"questionnaire.question.schlafqualitaet.option.gut";"questionnaire";"2";"v1:53424b46c1243ee3e6505ed975f56a612b38e990c9f2c7b91045479aac9cf712";"ccd20176cab2b9d7fa1213f518d4cdb46b13e6d1fb54b2561734dde18c72e11c"
"Fragebogen";"Fragebogen";"Fragebogen";"Antwortoption";"Frage «Schlafqualitaet» · Antwortoption";"Schlecht";"";"";"Marketing";"Nicht geprüft";"";"";"";"questionnaire.question.schlafqualitaet.option.schlecht";"questionnaire";"2";"v1:53424b46c1243ee3e6505ed975f56a612b38e990c9f2c7b91045479aac9cf712";"44e931929119f07bbd26abd2a524c281441c4041131475efbe26c4cf95e351af"
"Fragebogen";"Fragebogen";"Fragebogen";"Antwortoption";"Frage «Schlafqualitaet» · Antwortoption";"Sehr gut";"";"";"Marketing";"Nicht geprüft";"";"";"";"questionnaire.question.schlafqualitaet.option.sehr_gut";"questionnaire";"2";"v1:53424b46c1243ee3e6505ed975f56a612b38e990c9f2c7b91045479aac9cf712";"075acd419d4ad5ba44e6fa82a1fd450c66b84578a9c73d0445a68d8b940fcf57"
"Fragebogen";"Fragebogen";"Fragebogen";"Antwortoption";"Frage «Schlafqualitaet» · Antwortoption";"Sehr schlecht";"";"";"Marketing";"Nicht geprüft";"";"";"";"questionnaire.question.schlafqualitaet.option.sehr_schlecht";"questionnaire";"2";"v1:53424b46c1243ee3e6505ed975f56a612b38e990c9f2c7b91045479aac9cf712";"bb6c8d7858034e46743a92b9beaef46218d76b1ce96f6cdabb06b0bae5d4e806"
"Fragebogen";"Fragebogen";"Fragebogen";"Frage";"Frage «Schlafrhythmus» · Fragetext";"Stehen Sie jeden Tag, auch am Wochenende, ungefähr zur gleichen Zeit auf und gehen zur gleichen Zeit ins Bett? (z. B. Sie gehen jeden Tag um 22 Uhr ins Bett und stehen um 6 Uhr auf)";"";"";"Marketing, Medizin";"Nicht geprüft";"";"";"";"questionnaire.question.schlafrhythmus.text";"questionnaire";"2";"v1:53424b46c1243ee3e6505ed975f56a612b38e990c9f2c7b91045479aac9cf712";"99ed28482995e462bbe2c6e1a8a7a33d999d74819ec887c98550e21e2c5d6d94"
"Fragebogen";"Fragebogen";"Fragebogen";"Antwortoption";"Frage «Schlafrhythmus» · Antwortoption";"Etwas unregelmässig (±1 h Abweichung)";"";"";"Marketing";"Nicht geprüft";"";"";"";"questionnaire.question.schlafrhythmus.option.etwas_unregelmaessig";"questionnaire";"2";"v1:53424b46c1243ee3e6505ed975f56a612b38e990c9f2c7b91045479aac9cf712";"32f77568d6fe9e51b3c2e2135e178a5e484ac60a9c464762a6e04448e4876436"
"Fragebogen";"Fragebogen";"Fragebogen";"Antwortoption";"Frage «Schlafrhythmus» · Antwortoption";"Regelmässig (±45 min Abweichung)";"";"";"Marketing";"Nicht geprüft";"";"";"";"questionnaire.question.schlafrhythmus.option.regelmaessig";"questionnaire";"2";"v1:53424b46c1243ee3e6505ed975f56a612b38e990c9f2c7b91045479aac9cf712";"877fe64cb67d0cd6c4b912ce5e3fc7616d5f7ed3d88cb25b64f0e72b874e4ec6"
"Fragebogen";"Fragebogen";"Fragebogen";"Antwortoption";"Frage «Schlafrhythmus» · Antwortoption";"Sehr regelmässig (±30 min Abweichung)";"";"";"Marketing";"Nicht geprüft";"";"";"";"questionnaire.question.schlafrhythmus.option.sehr_regelmaessig";"questionnaire";"2";"v1:53424b46c1243ee3e6505ed975f56a612b38e990c9f2c7b91045479aac9cf712";"4c5d1786b55cf59cca542ecefc662a61f62097be0c859900367dc3de0d15aaf0"
"Fragebogen";"Fragebogen";"Fragebogen";"Antwortoption";"Frage «Schlafrhythmus» · Antwortoption";"Sehr unregelmässig (mehr als 2 h Abweichung)";"";"";"Marketing";"Nicht geprüft";"";"";"";"questionnaire.question.schlafrhythmus.option.sehr_unregelmaessig";"questionnaire";"2";"v1:53424b46c1243ee3e6505ed975f56a612b38e990c9f2c7b91045479aac9cf712";"551a5e7368858d9319d3d83b60cef9deff86f5e2c702d85dcea1f00b57291529"
"Fragebogen";"Fragebogen";"Fragebogen";"Antwortoption";"Frage «Schlafrhythmus» · Antwortoption";"Unregelmässig (±1,5 h Abweichung)";"";"";"Marketing";"Nicht geprüft";"";"";"";"questionnaire.question.schlafrhythmus.option.unregelmaessig";"questionnaire";"2";"v1:53424b46c1243ee3e6505ed975f56a612b38e990c9f2c7b91045479aac9cf712";"b58179c373effeb5fd161d86b0c31bb7484beafb08d0cae3d4e176dd0f0bd576"
"Fragebogen";"Fragebogen";"Fragebogen";"Frage";"Frage «Selbstfuersorge» · Fragetext";"Ich finde auch in hektischen Zeiten Momente der Ruhe und Erholung.";"";"";"Marketing, Medizin";"Nicht geprüft";"";"";"";"questionnaire.question.selbstfuersorge.text";"questionnaire";"2";"v1:53424b46c1243ee3e6505ed975f56a612b38e990c9f2c7b91045479aac9cf712";"4ccb004ce854ef7ec5db7134ecb7797c3c93f310e2541253b7104b0e911a2417"
"Fragebogen";"Fragebogen";"Fragebogen";"Frage";"Frage «Selbstwirksamkeit» · Fragetext";"Ich fühle mich meinem Alltag gewachsen.";"";"";"Marketing, Medizin";"Nicht geprüft";"";"";"";"questionnaire.question.selbstwirksamkeit.text";"questionnaire";"2";"v1:53424b46c1243ee3e6505ed975f56a612b38e990c9f2c7b91045479aac9cf712";"bd16b9fd177f66c472c608f5fe7172adaa559d2d369416404a5bd3d1e710fdb7"
"Fragebogen";"Fragebogen";"Fragebogen";"Frage";"Frage «Sinnhaftigkeit» · Fragetext";"Ich erlebe mein Leben als sinnvoll und erfüllend.";"";"";"Marketing, Medizin";"Nicht geprüft";"";"";"";"questionnaire.question.sinnhaftigkeit.text";"questionnaire";"2";"v1:53424b46c1243ee3e6505ed975f56a612b38e990c9f2c7b91045479aac9cf712";"ed2ce739eca95ed27e86e525bca9ebb615730149714a2c8d228433efa47b10a3"
"Fragebogen";"Fragebogen";"Fragebogen";"Frage";"Frage «Sitzzeit» · Fragetext";"Wie viele Stunden verbringen Sie an einem typischen Tag im Sitzen oder Liegen? (z. B. Arbeit/Ausbildung, Essen, Verkehr, Medien/Freizeit, Entspannung, aber ohne Schlaf/Nickerchen)";"";"";"Marketing, Medizin";"Nicht geprüft";"";"";"";"questionnaire.question.sitzzeit.text";"questionnaire";"2";"v1:53424b46c1243ee3e6505ed975f56a612b38e990c9f2c7b91045479aac9cf712";"f66a8a2d9ec8e93ac97ab65102c6eee988e6411a5540cf4fd7b431f1554a9074"
"Fragebogen";"Fragebogen";"Fragebogen";"Hilfetext";"Frage «Sitzzeit» · Hilfetext";"Langes Sitzen oder Liegen (ohne Schlaf) erhöht das Risiko für Herz-Kreislauf-Erkrankungen und Diabetes. Bereits eine kurze stündliche Pause (aufstehen, strecken, ein paar Schritte gehen oder die Treppe nehmen) senkt dieses Risiko deutlich.";"";"";"Marketing, Medizin";"Nicht geprüft";"";"";"";"questionnaire.question.sitzzeit.help";"questionnaire";"2";"v1:53424b46c1243ee3e6505ed975f56a612b38e990c9f2c7b91045479aac9cf712";"96faeff921c763bd1793421f97bd80754971fdb6e53f9807813cda1a12470eca"
"Fragebogen";"Fragebogen";"Fragebogen";"Titel des Hilfetexts";"Frage «Sitzzeit» · Titel des Hilfetexts";"Haben Sie gewusst?";"";"";"Marketing";"Nicht geprüft";"";"";"";"questionnaire.question.sitzzeit.help_title";"questionnaire";"2";"v1:53424b46c1243ee3e6505ed975f56a612b38e990c9f2c7b91045479aac9cf712";"060c1821222c1fc69e4595cc0f0b415d66d723ecf294bee18347e546d1286a27"
"Fragebogen";"Fragebogen";"Fragebogen";"Antwortoption";"Frage «Sitzzeit» · Antwortoption";"4–6 Stunden";"";"";"Marketing";"Nicht geprüft";"";"";"";"questionnaire.question.sitzzeit.option.s4_6";"questionnaire";"2";"v1:53424b46c1243ee3e6505ed975f56a612b38e990c9f2c7b91045479aac9cf712";"161746ee2cbf252717d259119faa9282ff65899cdd50729b9e8573e43e2026dc"
"Fragebogen";"Fragebogen";"Fragebogen";"Antwortoption";"Frage «Sitzzeit» · Antwortoption";"7–8 Stunden";"";"";"Marketing";"Nicht geprüft";"";"";"";"questionnaire.question.sitzzeit.option.s7_8";"questionnaire";"2";"v1:53424b46c1243ee3e6505ed975f56a612b38e990c9f2c7b91045479aac9cf712";"c4fb09cbebbed330d246c032088b05e01ecdad1f7b79c28c8a68e7d40c5bf742"
"Fragebogen";"Fragebogen";"Fragebogen";"Antwortoption";"Frage «Sitzzeit» · Antwortoption";"9–10 Stunden";"";"";"Marketing";"Nicht geprüft";"";"";"";"questionnaire.question.sitzzeit.option.s9_10";"questionnaire";"2";"v1:53424b46c1243ee3e6505ed975f56a612b38e990c9f2c7b91045479aac9cf712";"ef49eee956073b4e4bee7d4f2687c090358f1373c6262f6d4cdea529d371608d"
"Fragebogen";"Fragebogen";"Fragebogen";"Antwortoption";"Frage «Sitzzeit» · Antwortoption";"Weniger als 4 Stunden";"";"";"Marketing";"Nicht geprüft";"";"";"";"questionnaire.question.sitzzeit.option.u4";"questionnaire";"2";"v1:53424b46c1243ee3e6505ed975f56a612b38e990c9f2c7b91045479aac9cf712";"08a90fcd5f83fb83d098f3a394b723dd9e317494425a69cd3aee2fe14076c9ef"
"Fragebogen";"Fragebogen";"Fragebogen";"Antwortoption";"Frage «Sitzzeit» · Antwortoption";"Mehr als 10 Stunden";"";"";"Marketing";"Nicht geprüft";"";"";"";"questionnaire.question.sitzzeit.option.ue10";"questionnaire";"2";"v1:53424b46c1243ee3e6505ed975f56a612b38e990c9f2c7b91045479aac9cf712";"3b7e40e40e032a3f84671410c417930e553c21ba44e9088b7f361fa71d9a4512"
"Fragebogen";"Fragebogen";"Fragebogen";"Frage";"Frage «Socialmedia» · Fragetext";"Verbringen Sie mehr Zeit mit Social Media als Ihnen lieb ist?";"";"";"Marketing, Medizin";"Nicht geprüft";"";"";"";"questionnaire.question.socialmedia.text";"questionnaire";"2";"v1:53424b46c1243ee3e6505ed975f56a612b38e990c9f2c7b91045479aac9cf712";"9e85a155ab1d57eb033de6751da02c038cde91c5e6dfc907b0e381ad2e536ca9"
"Fragebogen";"Fragebogen";"Fragebogen";"Hilfetext";"Frage «Socialmedia» · Hilfetext";"Social Media kann ein Suchtpotenzial darstellen und sowohl die psychische als auch die allgemeine Gesundheit beeinträchtigen. Dazu zählen Schlafstörungen, Depressionen, Angstzustände und soziale Konflikte.";"";"";"Marketing, Medizin";"Nicht geprüft";"";"";"";"questionnaire.question.socialmedia.help";"questionnaire";"2";"v1:53424b46c1243ee3e6505ed975f56a612b38e990c9f2c7b91045479aac9cf712";"ccb98b8219a0a318dc7c3dd500acd08764a1e08e81d33f81cae4e1748e167efc"
"Fragebogen";"Fragebogen";"Fragebogen";"Titel des Hilfetexts";"Frage «Socialmedia» · Titel des Hilfetexts";"Haben Sie gewusst?";"";"";"Marketing";"Nicht geprüft";"";"";"";"questionnaire.question.socialmedia.help_title";"questionnaire";"2";"v1:53424b46c1243ee3e6505ed975f56a612b38e990c9f2c7b91045479aac9cf712";"c71e6c18e5cd98b0b8eb3e4e86f9f055206f62a8e7641059676f8759c3543b16"
"Fragebogen";"Fragebogen";"Fragebogen";"Antwortoption";"Frage «Socialmedia» · Antwortoption";"Manchmal";"";"";"Marketing";"Nicht geprüft";"";"";"";"questionnaire.question.socialmedia.option.manchmal";"questionnaire";"2";"v1:53424b46c1243ee3e6505ed975f56a612b38e990c9f2c7b91045479aac9cf712";"c309dcb498cd225e6213bb8b4e22732b9cab5653bb66c1d50a356553428ea9f1"
"Fragebogen";"Fragebogen";"Fragebogen";"Antwortoption";"Frage «Socialmedia» · Antwortoption";"Nein";"";"";"Marketing";"Nicht geprüft";"";"";"";"questionnaire.question.socialmedia.option.nein";"questionnaire";"2";"v1:53424b46c1243ee3e6505ed975f56a612b38e990c9f2c7b91045479aac9cf712";"e987ec5bff5bee2e0dc61f607245f14c10831af26bc28f05a6fd3b94103077c7"
"Fragebogen";"Fragebogen";"Fragebogen";"Antwortoption";"Frage «Socialmedia» · Antwortoption";"Oft";"";"";"Marketing";"Nicht geprüft";"";"";"";"questionnaire.question.socialmedia.option.oft";"questionnaire";"2";"v1:53424b46c1243ee3e6505ed975f56a612b38e990c9f2c7b91045479aac9cf712";"725bfe3352d257aae8508eaaeced8090b4f02628bf770ba37bb1442fa32efe40"
"Fragebogen";"Fragebogen";"Fragebogen";"Antwortoption";"Frage «Socialmedia» · Antwortoption";"Sehr oft";"";"";"Marketing";"Nicht geprüft";"";"";"";"questionnaire.question.socialmedia.option.sehr_oft";"questionnaire";"2";"v1:53424b46c1243ee3e6505ed975f56a612b38e990c9f2c7b91045479aac9cf712";"2440af3ace3585e388e76f2811689c0c05138e74ec36e2a8e91d962479cf177c"
"Fragebogen";"Fragebogen";"Fragebogen";"Antwortoption";"Frage «Socialmedia» · Antwortoption";"Selten";"";"";"Marketing";"Nicht geprüft";"";"";"";"questionnaire.question.socialmedia.option.selten";"questionnaire";"2";"v1:53424b46c1243ee3e6505ed975f56a612b38e990c9f2c7b91045479aac9cf712";"7771ab61694d3cc58fbb17067e11c435f2a368a431defabb17f76307b25eaee3"
"Fragebogen";"Fragebogen";"Fragebogen";"Frage";"Frage «Stabilitaet» · Fragetext";"Wie sicher fühlen Sie sich bei alltäglichen Bewegungen? (z. B. beim Aufstehen vom Boden, beim Gehen auf Waldwegen, beim Heruntersteigen von einem Hocker)";"";"";"Marketing, Medizin";"Nicht geprüft";"";"";"";"questionnaire.question.stabilitaet.text";"questionnaire";"2";"v1:53424b46c1243ee3e6505ed975f56a612b38e990c9f2c7b91045479aac9cf712";"07507b9b1b971f96b0b9bea6ff695d26f7c797fcb5dcc490a617153f9e14efaf"
"Fragebogen";"Fragebogen";"Fragebogen";"Hilfetext";"Frage «Stabilitaet» · Hilfetext";"Wer einmal gestürzt ist, hat ein hohes Risiko für weitere Stürze. Daher zählen Stürze zu den häufigsten Gesundheitsrisiken im Alter. Schon ein Sturz kann die Selbstständigkeit und Lebensqualität aufgrund von Verletzungen stark beeinträchtigen. Die gute Nachricht: Mit gezieltem Training von Gleichgewicht, Kraft und Beweglichkeit sinkt das Risiko erheblich.";"";"";"Marketing, Medizin";"Nicht geprüft";"";"";"";"questionnaire.question.stabilitaet.help";"questionnaire";"2";"v1:53424b46c1243ee3e6505ed975f56a612b38e990c9f2c7b91045479aac9cf712";"2dfce592f6157bbb7ebacb27733d81a015ca22a2a17111fc41813d49670116b9"
"Fragebogen";"Fragebogen";"Fragebogen";"Titel des Hilfetexts";"Frage «Stabilitaet» · Titel des Hilfetexts";"Haben Sie gewusst?";"";"";"Marketing";"Nicht geprüft";"";"";"";"questionnaire.question.stabilitaet.help_title";"questionnaire";"2";"v1:53424b46c1243ee3e6505ed975f56a612b38e990c9f2c7b91045479aac9cf712";"1ad7aa943724e6b2e61daa8839a7ea9e5d1db915bfaf41fa277eaf3bd729bab3"
"Fragebogen";"Fragebogen";"Fragebogen";"Antwortoption";"Frage «Stabilitaet» · Antwortoption";"Sehr sicher";"";"";"Marketing";"Nicht geprüft";"";"";"";"questionnaire.question.stabilitaet.option.sehr_sicher";"questionnaire";"2";"v1:53424b46c1243ee3e6505ed975f56a612b38e990c9f2c7b91045479aac9cf712";"4ed0781ff0b0ec1409c829aea6f3b44e8b0d0575db48553097359e4f0aab5300"
"Fragebogen";"Fragebogen";"Fragebogen";"Antwortoption";"Frage «Stabilitaet» · Antwortoption";"Sehr unsicher";"";"";"Marketing";"Nicht geprüft";"";"";"";"questionnaire.question.stabilitaet.option.sehr_unsicher";"questionnaire";"2";"v1:53424b46c1243ee3e6505ed975f56a612b38e990c9f2c7b91045479aac9cf712";"db6108c7435be67918d24cfbcb3c5ea02345f6414b0d7b38fad68482441bf029"
"Fragebogen";"Fragebogen";"Fragebogen";"Antwortoption";"Frage «Stabilitaet» · Antwortoption";"Sicher";"";"";"Marketing";"Nicht geprüft";"";"";"";"questionnaire.question.stabilitaet.option.sicher";"questionnaire";"2";"v1:53424b46c1243ee3e6505ed975f56a612b38e990c9f2c7b91045479aac9cf712";"86b79387eb2877668dd3defaa9d31b3e2baaeeb37bd7d1c06cce12a6c3cfcde6"
"Fragebogen";"Fragebogen";"Fragebogen";"Antwortoption";"Frage «Stabilitaet» · Antwortoption";"Unsicher";"";"";"Marketing";"Nicht geprüft";"";"";"";"questionnaire.question.stabilitaet.option.unsicher";"questionnaire";"2";"v1:53424b46c1243ee3e6505ed975f56a612b38e990c9f2c7b91045479aac9cf712";"7ebac30cd5794006a1e6553da7c3b232d5faa0258bc481637742258ca2eafa9f"
"Fragebogen";"Fragebogen";"Fragebogen";"Antwortoption";"Frage «Stabilitaet» · Antwortoption";"Weder noch";"";"";"Marketing";"Nicht geprüft";"";"";"";"questionnaire.question.stabilitaet.option.weder";"questionnaire";"2";"v1:53424b46c1243ee3e6505ed975f56a612b38e990c9f2c7b91045479aac9cf712";"bd2dd258ca0074fc5312dad7154eba3a62b21a49d07212ff9f4ff587cb228cbe"
"Fragebogen";"Fragebogen";"Fragebogen";"Frage";"Frage «Treppen» · Fragetext";"Kommen Sie ausser Atem, wenn Sie zwei Stockwerke Treppen steigen?";"";"";"Marketing, Medizin";"Nicht geprüft";"";"";"";"questionnaire.question.treppen.text";"questionnaire";"2";"v1:53424b46c1243ee3e6505ed975f56a612b38e990c9f2c7b91045479aac9cf712";"2e42c44a18ad94d98f211bdade9654caa82c65b1080b8b4db9c42c69ea1032b0"
"Fragebogen";"Fragebogen";"Fragebogen";"Antwortoption";"Frage «Treppen» · Antwortoption";"Deutlich";"";"";"Marketing";"Nicht geprüft";"";"";"";"questionnaire.question.treppen.option.deutlich";"questionnaire";"2";"v1:53424b46c1243ee3e6505ed975f56a612b38e990c9f2c7b91045479aac9cf712";"e89c7ca1114c10f845e1d47f2c1b10f31dbe3e00fa6aac5d665f428990740611"
"Fragebogen";"Fragebogen";"Fragebogen";"Antwortoption";"Frage «Treppen» · Antwortoption";"Etwas";"";"";"Marketing";"Nicht geprüft";"";"";"";"questionnaire.question.treppen.option.etwas";"questionnaire";"2";"v1:53424b46c1243ee3e6505ed975f56a612b38e990c9f2c7b91045479aac9cf712";"23fdc53b1a2eb287e950ef614b78f82358af95ef05f1f3544fa40052a6efe5b4"
"Fragebogen";"Fragebogen";"Fragebogen";"Antwortoption";"Frage «Treppen» · Antwortoption";"Überhaupt nicht";"";"";"Marketing";"Nicht geprüft";"";"";"";"questionnaire.question.treppen.option.gar_nicht";"questionnaire";"2";"v1:53424b46c1243ee3e6505ed975f56a612b38e990c9f2c7b91045479aac9cf712";"6013e11833f3a34744d4c69861a2a9168275ee45e251f161b68b15a867b564de"
"Fragebogen";"Fragebogen";"Fragebogen";"Antwortoption";"Frage «Treppen» · Antwortoption";"Kaum";"";"";"Marketing";"Nicht geprüft";"";"";"";"questionnaire.question.treppen.option.kaum";"questionnaire";"2";"v1:53424b46c1243ee3e6505ed975f56a612b38e990c9f2c7b91045479aac9cf712";"3ade0e987bad1aa770d71745bfa78d2aecaeb35361deb247c406c09f1f1cd3ed"
"Fragebogen";"Fragebogen";"Fragebogen";"Antwortoption";"Frage «Treppen» · Antwortoption";"Sehr stark";"";"";"Marketing";"Nicht geprüft";"";"";"";"questionnaire.question.treppen.option.sehr_stark";"questionnaire";"2";"v1:53424b46c1243ee3e6505ed975f56a612b38e990c9f2c7b91045479aac9cf712";"1b6e5e0fa92668cae820ac856d5cc478a750e61532601a8e85363d9e56a73b3f"
"Fragebogen";"Fragebogen";"Fragebogen";"Frage";"Frage «Verarbeitet» · Fragetext";"Wie häufig greifen Sie in einer typischen Woche zu stark verarbeiteten Lebensmitteln?";"";"";"Marketing, Medizin";"Nicht geprüft";"";"";"";"questionnaire.question.verarbeitet.text";"questionnaire";"2";"v1:53424b46c1243ee3e6505ed975f56a612b38e990c9f2c7b91045479aac9cf712";"8df191c83f1fdc25361e232ad33a7e0c5e857d9ca9b1fb6298db0084c87f4bb6"
"Fragebogen";"Fragebogen";"Fragebogen";"Hilfetext";"Frage «Verarbeitet» · Hilfetext";"• Fertiggerichte, Tiefkühlpizza
• Süssigkeiten, Cookies, Chips
• Softdrinks, Energy-Drinks
• Wurst und verarbeitetes Fleisch
• Weissbrot, süsse Backwaren
<b>Praktische Regel:</b>
Mehr als fünf Zutaten oder schwer aussprechbare Namen = meist stark verarbeitet.

<b>Warum sind verarbeitete Lebensmittel problematisch?</b>
Viele stark verarbeitete Produkte enthalten viel Zucker, Salz, ungünstige Fette und Zusatzstoffe, während Ballaststoffe und wichtige Nährstoffe fehlen. Nicht jedes verarbeitete Lebensmittel ist gleich problematisch. Entscheidend ist, den Anteil stark verarbeiteter Produkte zu reduzieren und schrittweise mehr frische, nährstoffreiche Lebensmittel in den Alltag einzubauen.";"";"";"Marketing, Medizin";"Nicht geprüft";"";"";"";"questionnaire.question.verarbeitet.help";"questionnaire";"2";"v1:53424b46c1243ee3e6505ed975f56a612b38e990c9f2c7b91045479aac9cf712";"84db2130ac1fa3d9c710f3eb395aff950a900a0e7fa19ac38fbab3e086d20c89"
"Fragebogen";"Fragebogen";"Fragebogen";"Titel des Hilfetexts";"Frage «Verarbeitet» · Titel des Hilfetexts";"Was gilt als stark verarbeitet?";"";"";"Marketing";"Nicht geprüft";"";"";"";"questionnaire.question.verarbeitet.help_title";"questionnaire";"2";"v1:53424b46c1243ee3e6505ed975f56a612b38e990c9f2c7b91045479aac9cf712";"db032f721aaefcc6118022f4c9343c63100eda71ef9410ceeafe658d05893015"
"Fragebogen";"Fragebogen";"Fragebogen";"Antwortoption";"Frage «Verarbeitet» · Antwortoption";"Fast täglich";"";"";"Marketing";"Nicht geprüft";"";"";"";"questionnaire.question.verarbeitet.option.fast_taeglich";"questionnaire";"2";"v1:53424b46c1243ee3e6505ed975f56a612b38e990c9f2c7b91045479aac9cf712";"53bb052cb22dbd745efbb36ae707cffbe0afcd3f6da53efe77f92f52c5ef9da5"
"Fragebogen";"Fragebogen";"Fragebogen";"Antwortoption";"Frage «Verarbeitet» · Antwortoption";"Mehrmals täglich";"";"";"Marketing";"Nicht geprüft";"";"";"";"questionnaire.question.verarbeitet.option.mehrmals_taeglich";"questionnaire";"2";"v1:53424b46c1243ee3e6505ed975f56a612b38e990c9f2c7b91045479aac9cf712";"00b9961749c611b2b47fc454109ed0f85556ef1763a58e1948ca39d07a53fc8b"
"Fragebogen";"Fragebogen";"Fragebogen";"Antwortoption";"Frage «Verarbeitet» · Antwortoption";"Nie";"";"";"Marketing";"Nicht geprüft";"";"";"";"questionnaire.question.verarbeitet.option.nie";"questionnaire";"2";"v1:53424b46c1243ee3e6505ed975f56a612b38e990c9f2c7b91045479aac9cf712";"6c7c21881d88c14e8e70a3e8cc11917086b08372ce1cdcda401ffb37f3376acd"
"Fragebogen";"Fragebogen";"Fragebogen";"Antwortoption";"Frage «Verarbeitet» · Antwortoption";"Seltener als 1x pro Woche";"";"";"Marketing";"Nicht geprüft";"";"";"";"questionnaire.question.verarbeitet.option.u1woche";"questionnaire";"2";"v1:53424b46c1243ee3e6505ed975f56a612b38e990c9f2c7b91045479aac9cf712";"d336a9ce7f9bdd87299d6488088f81b2cd2fb46d251b5cdc9f9d24800bc8f959"
"Fragebogen";"Fragebogen";"Fragebogen";"Antwortoption";"Frage «Verarbeitet» · Antwortoption";"1–2x pro Woche";"";"";"Marketing";"Nicht geprüft";"";"";"";"questionnaire.question.verarbeitet.option.w1_2";"questionnaire";"2";"v1:53424b46c1243ee3e6505ed975f56a612b38e990c9f2c7b91045479aac9cf712";"dcb2d0b9008de9290f1511514135ffe7cd649d4e441afb4f0198e521195ab029"
"Fragebogen";"Fragebogen";"Fragebogen";"Frage";"Frage «Verbundenheit» · Fragetext";"Ich fühle mich von den Menschen in meinem Umfeld akzeptiert und eingebunden.";"";"";"Marketing, Medizin";"Nicht geprüft";"";"";"";"questionnaire.question.verbundenheit.text";"questionnaire";"2";"v1:53424b46c1243ee3e6505ed975f56a612b38e990c9f2c7b91045479aac9cf712";"c638b90e25e97234aced33df8cf14059fac05eb325b9c734e28d359849ed3874"
"Fragebogen";"Fragebogen";"Fragebogen";"Frage";"Frage «Vorsorge» · Fragetext";"Hat eine medizinische Fachperson mit Ihnen bereits geklärt, welche Vorsorgeuntersuchungen aufgrund Ihrer persönlichen Gesundheitsrisiken aktuell sinnvoll sind?";"";"";"Marketing, Medizin";"Nicht geprüft";"";"";"";"questionnaire.question.vorsorge.text";"questionnaire";"2";"v1:53424b46c1243ee3e6505ed975f56a612b38e990c9f2c7b91045479aac9cf712";"2030d639994eeafe5208e581f44d9b13de2413e1b84e2ac507e08b3f1fee7163"
"Fragebogen";"Fragebogen";"Fragebogen";"Hilfetext";"Frage «Vorsorge» · Hilfetext";"Bei einer persönlichen Risikoeinschätzung werden je nach Alter, persönlichen Werten und Familiengeschichte zum Beispiel Blutdruck, Blutzucker und Blutfette sowie passende Vorsorge- und Früherkennungsuntersuchungen besprochen. Eine medizinische Fachperson kann auch sagen, wann eine erneute Beurteilung sinnvoll ist.";"";"";"Marketing, Medizin";"Nicht geprüft";"";"";"";"questionnaire.question.vorsorge.help";"questionnaire";"2";"v1:53424b46c1243ee3e6505ed975f56a612b38e990c9f2c7b91045479aac9cf712";"8133bcff7651c3dce97af37404e8b028ea1dd0b721dc91fc1bdce4287ce2dea4"
"Fragebogen";"Fragebogen";"Fragebogen";"Titel des Hilfetexts";"Frage «Vorsorge» · Titel des Hilfetexts";"Haben Sie gewusst?";"";"";"Marketing";"Nicht geprüft";"";"";"";"questionnaire.question.vorsorge.help_title";"questionnaire";"2";"v1:53424b46c1243ee3e6505ed975f56a612b38e990c9f2c7b91045479aac9cf712";"90d6a42527bb293666446bac7c81ee1fd942ca385a6112aaec3513776d231939"
"Fragebogen";"Fragebogen";"Fragebogen";"Antwortoption";"Frage «Vorsorge» · Antwortoption";"Ja, aktuell";"";"";"Marketing";"Nicht geprüft";"";"";"";"questionnaire.question.vorsorge.option.aktuell";"questionnaire";"2";"v1:53424b46c1243ee3e6505ed975f56a612b38e990c9f2c7b91045479aac9cf712";"550e9a455160d28574596ee70f8535ebaf9a01a006bbb4abac01759c3f64e675"
"Fragebogen";"Fragebogen";"Fragebogen";"Antwortoption";"Frage «Vorsorge» · Antwortoption";"Nein oder nicht mehr aktuell";"";"";"Marketing";"Nicht geprüft";"";"";"";"questionnaire.question.vorsorge.option.nein";"questionnaire";"2";"v1:53424b46c1243ee3e6505ed975f56a612b38e990c9f2c7b91045479aac9cf712";"136c80b2eea9086aee57c3d2b32408ace096b8bff579b07e0206fc5d43194ae1"
"Fragebogen";"Fragebogen";"Fragebogen";"Antwortoption";"Frage «Vorsorge» · Antwortoption";"Weiss ich nicht";"";"";"Marketing";"Nicht geprüft";"";"";"";"questionnaire.question.vorsorge.option.weiss_nicht";"questionnaire";"2";"v1:53424b46c1243ee3e6505ed975f56a612b38e990c9f2c7b91045479aac9cf712";"6b7993fc41dda50640cdfe2d6966067d45a960caa2e0ee6d96d9b6b9ebd631f0"
"Fragebogen";"Fragebogen";"Fragebogen";"Eingabehinweis";"Frage «Wandsitz» · Eingabehinweis";"z. B. 45";"";"";"Marketing";"Nicht geprüft";"";"";"";"questionnaire.question.wandsitz.placeholder";"questionnaire";"2";"v1:53424b46c1243ee3e6505ed975f56a612b38e990c9f2c7b91045479aac9cf712";"6dc2e46cbbb2f26d0daae6f5a36abfefb1062a0a9c1a9f2816eb332008fd5da3"
"Fragebogen";"Fragebogen";"Fragebogen";"Einheit";"Frage «Wandsitz» · Einheit";"Sekunden";"";"";"Marketing";"Nicht geprüft";"";"";"";"questionnaire.question.wandsitz.unit";"questionnaire";"2";"v1:53424b46c1243ee3e6505ed975f56a612b38e990c9f2c7b91045479aac9cf712";"48ac832f32dd5b2cb69be614d3027bd7f06556d6a6add292c40a98d516b6155b"
"Fragebogen";"Fragebogen";"Fragebogen";"Frage";"Frage «Wandsitz» · Fragetext";"Wie lange können Sie maximal in einer sitzenden Haltung (90°-Winkel) mit dem Rücken an der Wand bleiben? (optional)";"";"";"Marketing, Medizin";"Nicht geprüft";"";"";"";"questionnaire.question.wandsitz.text";"questionnaire";"2";"v1:53424b46c1243ee3e6505ed975f56a612b38e990c9f2c7b91045479aac9cf712";"40b085be0d1c2dff1707e539201f887857fc4badd70a65349fed8d369157ff6a"
"Fragebogen";"Fragebogen";"Fragebogen";"Hilfetext";"Frage «Wandsitz» · Hilfetext";"1 – Rücken und Becken vollständig an eine gerade Wand legen.
2 – Füsse parallel und ungefähr hüftbreit aufstellen.
3 – Nach unten rutschen, bis Hüfte und Knie ungefähr einen 90°-Winkel bilden.
4 – Beide Beine gleichmässig belasten. Hände und Arme dürfen weder Beine noch Wand abstützen.
5 – Normal weiteratmen und die Position so lange wie möglich halten.

Machen Sie zuerst einen kurzen Übungsversuch und danach einen gewerteten Versuch. Die Zeit beginnt in der korrekten Position. Beenden Sie den Test, sobald Becken oder Rücken den Wandkontakt verlieren, Sie deutlich hochrutschen oder sich mit den Händen abstützen. Brechen Sie bei Schmerzen, Schwindel oder Atemnot ab.

<b>Was der Wandsitz-Test verrät:</b>
Er misst die lokale Kraftausdauer von Beinen und Gesäss. Diese Muskeln sind wichtig für Stabilität, Beweglichkeit und Sicherheit. Wer sie trainiert, bleibt länger aktiv, mobil und selbstständig.";"";"";"Marketing, Medizin";"Nicht geprüft";"";"";"";"questionnaire.question.wandsitz.help";"questionnaire";"2";"v1:53424b46c1243ee3e6505ed975f56a612b38e990c9f2c7b91045479aac9cf712";"c47f26cd5b3f4d01996cf15c7721d040547b8e222879f1cd4847f4c88c6dd314"
"Fragebogen";"Fragebogen";"Fragebogen";"Titel des Hilfetexts";"Frage «Wandsitz» · Titel des Hilfetexts";"So führen Sie den Wandsitz-Test korrekt aus";"";"";"Marketing";"Nicht geprüft";"";"";"";"questionnaire.question.wandsitz.help_title";"questionnaire";"2";"v1:53424b46c1243ee3e6505ed975f56a612b38e990c9f2c7b91045479aac9cf712";"2c7811ad9f0c7204df1c70307da7de2831f2ac9fcd86ebba8320099514162286"
"Fragebogen";"Fragebogen";"Fragebogen";"Frage";"Frage «Zuckergetraenke» · Fragetext";"Wie häufig trinken Sie zuckerhaltige Getränke oder reine Fruchtsäfte?";"";"";"Marketing, Medizin";"Nicht geprüft";"";"";"";"questionnaire.question.zuckergetraenke.text";"questionnaire";"2";"v1:53424b46c1243ee3e6505ed975f56a612b38e990c9f2c7b91045479aac9cf712";"d1cd74ad46aac4f0c066adc039150cc00baaca406deb810974d0668570d955a2"
"Fragebogen";"Fragebogen";"Fragebogen";"Antwortoption";"Frage «Zuckergetraenke» · Antwortoption";"Nie";"";"";"Marketing";"Nicht geprüft";"";"";"";"questionnaire.question.zuckergetraenke.option.nie";"questionnaire";"2";"v1:53424b46c1243ee3e6505ed975f56a612b38e990c9f2c7b91045479aac9cf712";"0918631d06db9941a0869187c00bb515b6370aa76c7ac3b4d1a6ad754dc3af00"
"Fragebogen";"Fragebogen";"Fragebogen";"Antwortoption";"Frage «Zuckergetraenke» · Antwortoption";"Täglich oder mehrmals täglich";"";"";"Marketing";"Nicht geprüft";"";"";"";"questionnaire.question.zuckergetraenke.option.taeglich";"questionnaire";"2";"v1:53424b46c1243ee3e6505ed975f56a612b38e990c9f2c7b91045479aac9cf712";"e5dc8aefe6e061af80149e768aeda101dff28ec8b1f463cffd7b08b515dc1891"
"Fragebogen";"Fragebogen";"Fragebogen";"Antwortoption";"Frage «Zuckergetraenke» · Antwortoption";"Seltener als 1x pro Woche";"";"";"Marketing";"Nicht geprüft";"";"";"";"questionnaire.question.zuckergetraenke.option.u1woche";"questionnaire";"2";"v1:53424b46c1243ee3e6505ed975f56a612b38e990c9f2c7b91045479aac9cf712";"547f5ea1a515f970472cbd64b71526a0cb0fdd2a7b7c9ad7d3f0c2c0f9fa0ea3"
"Fragebogen";"Fragebogen";"Fragebogen";"Antwortoption";"Frage «Zuckergetraenke» · Antwortoption";"1–3x pro Woche";"";"";"Marketing";"Nicht geprüft";"";"";"";"questionnaire.question.zuckergetraenke.option.w1_3";"questionnaire";"2";"v1:53424b46c1243ee3e6505ed975f56a612b38e990c9f2c7b91045479aac9cf712";"5681ed6adadb0b061a118e79cf36844a6ce0aeb240da121c9bf33785bbf19231"
"Fragebogen";"Fragebogen";"Fragebogen";"Antwortoption";"Frage «Zuckergetraenke» · Antwortoption";"4–6x pro Woche";"";"";"Marketing";"Nicht geprüft";"";"";"";"questionnaire.question.zuckergetraenke.option.w4_6";"questionnaire";"2";"v1:53424b46c1243ee3e6505ed975f56a612b38e990c9f2c7b91045479aac9cf712";"04af60c9f7e8ae8a9a5abededd47a44571bdae2714a9b67edb4484a7386cb69a"
"Fragebogen";"Fragebogen";"Fragebogen";"Frage";"Frage «Zukunft» · Fragetext";"Ich schaue zuversichtlich in meine Zukunft.";"";"";"Marketing, Medizin";"Nicht geprüft";"";"";"";"questionnaire.question.zukunft.text";"questionnaire";"2";"v1:53424b46c1243ee3e6505ed975f56a612b38e990c9f2c7b91045479aac9cf712";"b250ee3b9e844301fd6482ab328d093c01245c4b86b5f0e3faaf27b7b036af47"
"Einflussfaktoren";"Alkohol";"Dimensionsdetails";"Überschrift";"Dimensionsdetail · Titel";"Alkohol reduzieren";"";"";"Marketing, Medizin";"Nicht geprüft";"";"";"";"recommendation.signal.alkohol.title";"recommendations";"2";"v1:53424b46c1243ee3e6505ed975f56a612b38e990c9f2c7b91045479aac9cf712";"2304d8a88d972476e1b0a7b34ad3b99a1a30ee4e79173077e75f30bc5f27011c"
"Einflussfaktoren";"Alkohol";"Dimensionsdetails";"Persönliche Einordnung";"Dimensionsdetail · Einordnung";"Für das Krebsrisiko gibt es keinen risikofreien Alkoholkonsum: Schon geringe Mengen erhöhen das Risiko bestimmter Krebsarten. Insgesamt gilt, je weniger Alkohol, desto geringer die gesundheitliche Belastung; auch Menge und hoher Konsum bei einzelnen Gelegenheiten sind relevant.";"";"";"Marketing, Medizin";"Prüfung erforderlich";"Pauschales Studienurteil und aus Konsumtagen abgeleitetes Herz-Kreislauf-Risiko entfernt; durch Marketing und Medizin freigeben.";"";"";"recommendation.signal.alkohol.insight";"recommendations";"2";"v1:53424b46c1243ee3e6505ed975f56a612b38e990c9f2c7b91045479aac9cf712";"ff3097e5baac39d3b48baca33809322601c6500b9e4660588ef855af395ca014"
"Einflussfaktoren";"Alkohol";"Dimensionsdetails";"Nächster Schritt";"Dimensionsdetail · konkreter nächster Schritt";"Legen Sie diese Woche drei feste alkoholfreie Tage fest – nicht «weniger trinken», sondern konkrete Tage im Kalender.";"";"";"Marketing, Medizin";"Nicht geprüft";"";"";"";"recommendation.signal.alkohol.action";"recommendations";"2";"v1:53424b46c1243ee3e6505ed975f56a612b38e990c9f2c7b91045479aac9cf712";"39b1137b5a06d6160bcf5d52f2317f941fb5abb5cab945d7da4fdb5d9b2a4292"
"Einflussfaktoren";"Alkohol";"Risikosignale";"Risikosignal";"Ergebnisseite, Lebensstil-Signal Alkoholkonsum";"Ihr Alkoholkonsum liegt im höheren Bereich.";"";"";"Marketing, Medizin";"Nicht geprüft";"";"";"";"recommendation.risk_signal.alkohol.label";"recommendations";"2";"v1:53424b46c1243ee3e6505ed975f56a612b38e990c9f2c7b91045479aac9cf712";"7fbcc33ddc16956d32aaa298ef14c302ad1404be82b992c9eafd414599d0ae82"
"Einflussfaktoren";"Alkohol";"Empfehlungskarten";"Überschrift";"Empfehlungskarte · Einflussfaktoren · Titel";"Alkohol als wirksamen Hebel nutzen";"";"";"Marketing";"Nicht geprüft";"";"";"";"recommendation.catalog.ei_alkohol.title";"recommendations";"2";"v1:53424b46c1243ee3e6505ed975f56a612b38e990c9f2c7b91045479aac9cf712";"f9390d4b0b34c3b64fd31b92291dafee2d833f9bc57ac143350939c150ca97f8"
"Einflussfaktoren";"Alkohol";"Empfehlungskarten";"Begründung / Einordnung";"Empfehlungskarte · Einflussfaktoren · Begründung";"Ihr Alkoholkonsum liegt im höheren Bereich. Weniger Alkohol wirkt sich gleich mehrfach positiv aus – auf Schlaf, Blutdruck, Gewicht und das langfristige Krebsrisiko.";"";"";"Marketing, Medizin";"Nicht geprüft";"";"";"";"recommendation.catalog.ei_alkohol.why";"recommendations";"2";"v1:53424b46c1243ee3e6505ed975f56a612b38e990c9f2c7b91045479aac9cf712";"2132bd0b4aebe32e89153f698a13b72ed6864f27acdde903aecd8cb87b2d8830"
"Einflussfaktoren";"Alkohol";"Empfehlungskarten";"Nächster Schritt";"Empfehlungskarte · Einflussfaktoren · konkreter nächster Schritt";"Legen Sie pro Woche mehrere alkoholfreie Tage fest und probieren Sie bei Gelegenheit alkoholfreie Alternativen.";"";"";"Marketing, Medizin";"Nicht geprüft";"";"";"";"recommendation.catalog.ei_alkohol.step";"recommendations";"2";"v1:53424b46c1243ee3e6505ed975f56a612b38e990c9f2c7b91045479aac9cf712";"f72fef3c6ac48d60b484154e357ccfd2e4670974b708ef7013baec66a3645e46"
"Einflussfaktoren";"Alkohol";"Empfehlungskarten";"Erwarteter Nutzen";"Empfehlungskarte · Einflussfaktoren · erwarteter Nutzen";"Schon weniger Alkohol verbessert Schlaf, Energie und mehrere Gesundheitswerte zugleich.";"";"";"Marketing, Medizin";"Nicht geprüft";"";"";"";"recommendation.catalog.ei_alkohol.benefit";"recommendations";"2";"v1:53424b46c1243ee3e6505ed975f56a612b38e990c9f2c7b91045479aac9cf712";"1c9a9e383410f5e1576fab6f6bd4b48783944bb12adecff7e97f325b1c042d96"
"Einflussfaktoren";"Alkohol";"4-Wochen-Pläne";"4-Wochen-Plan";"4-Wochen-Plan · Diese Woche";"Legen Sie <b>drei feste alkoholfreie Tage</b> in den Kalender – nicht «weniger trinken», sondern konkrete Wochentage. An Trink-Tagen ein Glas Wasser zwischen den Getränken.";"";"";"Marketing, Medizin";"Nicht geprüft";"";"";"";"recommendation.plan.ei_alkohol.this_week";"recommendations";"2";"v1:53424b46c1243ee3e6505ed975f56a612b38e990c9f2c7b91045479aac9cf712";"cd790865c0d3fc7a8e2a9c2ec4b2437847dc8f65dc0e58d14f072a9fe51b9993"
"Einflussfaktoren";"Alkohol";"4-Wochen-Pläne";"4-Wochen-Plan";"4-Wochen-Plan · Woche 2–3";"Testen Sie gute alkoholfreie Alternativen (alkoholfreies Bier, Schorlen, Mocktails) für die Situationen, in denen Sie sonst automatisch greifen. Wichtig zu wissen: Es gibt keine gesundheitlich «sichere» Menge – jede Reduktion zählt.";"";"";"Marketing, Medizin";"Nicht geprüft";"";"";"";"recommendation.plan.ei_alkohol.weeks_2_3";"recommendations";"2";"v1:53424b46c1243ee3e6505ed975f56a612b38e990c9f2c7b91045479aac9cf712";"b712b32577e3c3ccfcf59e5961641f43e796fad3138398ac3f673674c1e5b3ea"
"Einflussfaktoren";"Alkohol";"4-Wochen-Pläne";"4-Wochen-Plan";"4-Wochen-Plan · Woche 4";"Prüfen Sie, welche Anlässe Sie ohne Alkohol gut gemeistert haben, und behalten Sie die alkoholfreien Tage als feste Gewohnheit bei.";"";"";"Marketing, Medizin";"Nicht geprüft";"";"";"";"recommendation.plan.ei_alkohol.week_4";"recommendations";"2";"v1:53424b46c1243ee3e6505ed975f56a612b38e990c9f2c7b91045479aac9cf712";"0c157adc84a0c540137e33fd0c25d144e224d673b96ae8f5d9d7c85b143c20bf"
"Einflussfaktoren";"Alkohol";"Handlungsfelder";"Beschriftung";"Handlungsfeld · Einflussfaktoren · Kurzlabel";"Alkoholkonsum reduzieren";"";"";"Marketing, Medizin";"Nicht geprüft";"";"";"";"recommendation.lever.lv_alkohol.label";"recommendations";"2";"v1:53424b46c1243ee3e6505ed975f56a612b38e990c9f2c7b91045479aac9cf712";"b19ab3dc7b0b0bd8e851c2764ff0076dca5a562b3c47356737c33d23f52cc307"
"Einflussfaktoren";"Alkohol";"Handlungsfelder";"Detailtext";"Handlungsfeld · Einflussfaktoren · Detailtext";"Ihre Angaben zeigen häufigen Alkoholkonsum. Für das gesundheitliche Risiko sind neben der Häufigkeit auch die Menge und hoher Konsum bei einzelnen Gelegenheiten relevant; insgesamt gilt: je weniger Alkohol, desto geringer das Risiko.";"";"";"Marketing, Medizin";"Prüfung erforderlich";"Aus Konsumtagen allein keine individuelle Risikohöhe abgeleitet; durch Marketing und Medizin freigeben.";"";"";"recommendation.lever.lv_alkohol.detail";"recommendations";"2";"v1:53424b46c1243ee3e6505ed975f56a612b38e990c9f2c7b91045479aac9cf712";"cbdb100f31a2f600bca9789fcf1d4189ac3db3a41ea69cf3d57a511acf6750a3"
"Einflussfaktoren";"Alkohol";"Stärken";"Beschriftung";"Stärke · Einflussfaktoren · Kurzlabel";"Massvoller Umgang mit Alkohol";"";"";"Marketing";"Nicht geprüft";"";"";"";"recommendation.strength.st_alkohol.label";"recommendations";"2";"v1:53424b46c1243ee3e6505ed975f56a612b38e990c9f2c7b91045479aac9cf712";"b71cb6f433d78ea15b6631361a4fb2f190e77c6a0dc185f507e06285e68d5744"
"Einflussfaktoren";"Alkohol";"Stärken";"Detailtext";"Stärke · Einflussfaktoren · Detailtext";"Sie trinken nie oder selten Alkohol. Damit halten Sie Ihre alkoholbedingte Gesundheitsbelastung gering.";"";"";"Marketing, Medizin";"Prüfung erforderlich";"Unzulässige individuelle Risikoreduktion durch zurückhaltende Expositionsaussage ersetzt; durch Marketing und Medizin freigeben.";"";"";"recommendation.strength.st_alkohol.detail";"recommendations";"2";"v1:53424b46c1243ee3e6505ed975f56a612b38e990c9f2c7b91045479aac9cf712";"83381ab1eacc9bd14ae7048625b33eab96414ca1ad9e18c1f480670783f6321a"
"Einflussfaktoren";"Alkohol";"Ergebnis-Einstieg";"Beschriftung";"Ergebnis-Zusammenfassung · Themenlabel «Alkohol»";"Alkohol";"";"";"Marketing";"Nicht geprüft";"";"";"";"ui.hero.topic.alkohol";"ui";"2";"v1:53424b46c1243ee3e6505ed975f56a612b38e990c9f2c7b91045479aac9cf712";"3846e5e88b726767a53505822c243017b0589ecd19c4143c361e759021796eb5"
"Einflussfaktoren";"Alltagssicherheit & Sturzprävention";"Empfehlungskarten";"Überschrift";"Empfehlungskarte · Einflussfaktoren · Titel";"Sicherheit bei alltäglichen Bewegungen aufbauen";"";"";"Marketing";"Nicht geprüft";"";"";"";"recommendation.catalog.ei_stabilitaet.title";"recommendations";"2";"v1:53424b46c1243ee3e6505ed975f56a612b38e990c9f2c7b91045479aac9cf712";"555e80cef0710d88b5df1b1b65c0303086855d18c6bc8789e21f02dd38b521a2"
"Einflussfaktoren";"Alltagssicherheit & Sturzprävention";"Empfehlungskarten";"Begründung / Einordnung";"Empfehlungskarte · Einflussfaktoren · Begründung";"Sie fühlen sich bei alltäglichen Bewegungen unsicher. Dieses Unsicherheitsgefühl ist ein wichtiges Frühwarnzeichen für ein erhöhtes Sturzrisiko – und lässt sich sehr gut trainieren.";"";"";"Marketing, Medizin";"Nicht geprüft";"";"";"";"recommendation.catalog.ei_stabilitaet.why";"recommendations";"2";"v1:53424b46c1243ee3e6505ed975f56a612b38e990c9f2c7b91045479aac9cf712";"edeccc446754fdb262827c31062699623e52f8a1d97df1cfed096ed1d7edc35b"
"Einflussfaktoren";"Alltagssicherheit & Sturzprävention";"Empfehlungskarten";"Nächster Schritt";"Empfehlungskarte · Einflussfaktoren · konkreter nächster Schritt";"Bauen Sie 2- bis 3-mal pro Woche kurze Gleichgewichts- und Kraftübungen ein – z. B. Einbeinstand beim Zähneputzen, Aufstehen vom Stuhl ohne Hände oder ein paar Kniebeugen mit Festhalten.";"";"";"Marketing, Medizin";"Nicht geprüft";"";"";"";"recommendation.catalog.ei_stabilitaet.step";"recommendations";"2";"v1:53424b46c1243ee3e6505ed975f56a612b38e990c9f2c7b91045479aac9cf712";"4fadb1d2d4d496c2f98fe8a4e041bdbe782f59925bd283849c65a1eff7c55904"
"Einflussfaktoren";"Alltagssicherheit & Sturzprävention";"Empfehlungskarten";"Erwarteter Nutzen";"Empfehlungskarte · Einflussfaktoren · erwarteter Nutzen";"Gezieltes Training von Gleichgewicht, Kraft und Beweglichkeit senkt das Sturzrisiko erheblich und stärkt Ihre Selbstständigkeit.";"";"";"Marketing, Medizin";"Nicht geprüft";"";"";"";"recommendation.catalog.ei_stabilitaet.benefit";"recommendations";"2";"v1:53424b46c1243ee3e6505ed975f56a612b38e990c9f2c7b91045479aac9cf712";"008027d3e97c0597d377ca76c3b0b1c9b6878223d9a5490cf2d98c568f3d9f8d"
"Einflussfaktoren";"Alltagssicherheit & Sturzprävention";"4-Wochen-Pläne";"4-Wochen-Plan";"4-Wochen-Plan · Diese Woche";"Täglich zweimal Einbeinstand von 20–30 Sekunden pro Seite, an der Küchenzeile abgestützt – z. B. beim Zähneputzen. Dazu fünfmal aus dem Stuhl aufstehen, ohne die Hände zu benutzen.";"";"";"Marketing, Medizin";"Nicht geprüft";"";"";"";"recommendation.plan.ei_stabilitaet.this_week";"recommendations";"2";"v1:53424b46c1243ee3e6505ed975f56a612b38e990c9f2c7b91045479aac9cf712";"c0988f2f7977ee40350124fe6026afbd776865692a58d24b857aeb7c13240539"
"Einflussfaktoren";"Alltagssicherheit & Sturzprävention";"4-Wochen-Pläne";"4-Wochen-Plan";"4-Wochen-Plan · Woche 2–3";"Machen Sie es schrittweise schwerer: nur noch mit einem Finger abstützen, dann frei; Kopf langsam nach links und rechts drehen. Warum das wirkt: Gleichgewicht ist kein Talent, sondern eine trainierbare Zusammenarbeit von Muskeln, Gelenksinn und Innenohr – sie verbessert sich in wenigen Wochen messbar.";"";"";"Marketing, Medizin";"Nicht geprüft";"";"";"";"recommendation.plan.ei_stabilitaet.weeks_2_3";"recommendations";"2";"v1:53424b46c1243ee3e6505ed975f56a612b38e990c9f2c7b91045479aac9cf712";"9252c6ad05e3d681225fddcc28693130015640978c5680ff44aab7ba6b2b3389"
"Einflussfaktoren";"Alltagssicherheit & Sturzprävention";"4-Wochen-Pläne";"4-Wochen-Plan";"4-Wochen-Plan · Woche 4";"Ergänzen Sie Beinkraft (Kniebeugen, Treppensteigen). Kraft und Gleichgewicht zusammen senken das Sturzrisiko nachweislich stärker als jede Massnahme einzeln. Prüfen Sie ausserdem die Stolperfallen zu Hause: lose Teppiche, schlechte Beleuchtung, Kabel.";"";"";"Marketing, Medizin";"Nicht geprüft";"";"";"";"recommendation.plan.ei_stabilitaet.week_4";"recommendations";"2";"v1:53424b46c1243ee3e6505ed975f56a612b38e990c9f2c7b91045479aac9cf712";"36f6551b0a83098164ef17c159712c76155c8dce43c1d5cffe692fd552992b5c"
"Einflussfaktoren";"Alltagssicherheit & Sturzprävention";"Handlungsfelder";"Beschriftung";"Handlungsfeld · Einflussfaktoren · Kurzlabel";"Gleichgewicht trainieren, Stürzen vorbeugen";"";"";"Marketing, Medizin";"Nicht geprüft";"";"";"";"recommendation.lever.lv_sturz.label";"recommendations";"2";"v1:53424b46c1243ee3e6505ed975f56a612b38e990c9f2c7b91045479aac9cf712";"3e3239c743c25a8a26f0dd81aa14869db0523f387fbab8a3bc63e67caf0bf5c9"
"Einflussfaktoren";"Alltagssicherheit & Sturzprävention";"Handlungsfelder";"Detailtext";"Handlungsfeld · Einflussfaktoren · Detailtext";"Ihr Unsicherheitsgefühl bei Alltagsbewegungen ist ein Frühwarnzeichen – gezieltes Gleichgewichts- und Krafttraining senkt das Sturzrisiko erheblich.";"";"";"Marketing, Medizin";"Nicht geprüft";"";"";"";"recommendation.lever.lv_sturz.detail";"recommendations";"2";"v1:53424b46c1243ee3e6505ed975f56a612b38e990c9f2c7b91045479aac9cf712";"be35ae098623c98675cc735df198b922a6087e354d73eaa804904f114d123290"
"Einflussfaktoren";"Alltagssicherheit & Sturzprävention";"Stärken";"Beschriftung";"Stärke · Einflussfaktoren · Kurzlabel";"Sicher auf den Beinen";"";"";"Marketing";"Nicht geprüft";"";"";"";"recommendation.strength.st_sicherheit.label";"recommendations";"2";"v1:53424b46c1243ee3e6505ed975f56a612b38e990c9f2c7b91045479aac9cf712";"797a23a0efdbb4746488848c2e45f6e586644a17f126bde389bf4eda9a6f165d"
"Einflussfaktoren";"Alltagssicherheit & Sturzprävention";"Stärken";"Detailtext";"Stärke · Einflussfaktoren · Detailtext";"Sie fühlen sich bei Alltagsbewegungen sehr sicher – in Ihrem Alter ein wertvoller Schutz vor Stürzen.";"";"";"Marketing, Medizin";"Nicht geprüft";"";"";"";"recommendation.strength.st_sicherheit.detail";"recommendations";"2";"v1:53424b46c1243ee3e6505ed975f56a612b38e990c9f2c7b91045479aac9cf712";"90d23569b1eb93ee9a1bf62faa5b4dc7a9023ed86e09094cd41e5323dcb709c8"
"Einflussfaktoren";"Alltagssicherheit & Sturzprävention";"Dimensionsdetails";"Überschrift";"Dimensionsdetail · Titel";"Unsicherheit bei Alltagsbewegungen";"";"";"Marketing, Medizin";"Nicht geprüft";"";"";"";"recommendation.signal.stabilitaet.title";"recommendations";"2";"v1:53424b46c1243ee3e6505ed975f56a612b38e990c9f2c7b91045479aac9cf712";"ccf5c928afc023998a6362c74296e924a073503f779676c1b691bfe904da9586"
"Einflussfaktoren";"Alltagssicherheit & Sturzprävention";"Dimensionsdetails";"Persönliche Einordnung";"Dimensionsdetail · Einordnung";"Das Gefühl von Unsicherheit geht dem ersten Sturz oft Jahre voraus – und ist damit ein wertvolles Frühwarnzeichen. Gleichgewicht ist kein Talent, sondern trainierbar; messbare Fortschritte zeigen sich in wenigen Wochen.";"";"";"Marketing, Medizin";"Nicht geprüft";"";"";"";"recommendation.signal.stabilitaet.insight";"recommendations";"2";"v1:53424b46c1243ee3e6505ed975f56a612b38e990c9f2c7b91045479aac9cf712";"4d26c5363f78d9659e2819dcf563261abcb5e2f140e8f2ded8f816e4e05578ed"
"Einflussfaktoren";"Alltagssicherheit & Sturzprävention";"Dimensionsdetails";"Nächster Schritt";"Dimensionsdetail · konkreter nächster Schritt";"Beim Zähneputzen auf einem Bein stehen (20–30 Sek. pro Seite), leicht abgestützt.";"";"";"Marketing, Medizin";"Nicht geprüft";"";"";"";"recommendation.signal.stabilitaet.action";"recommendations";"2";"v1:53424b46c1243ee3e6505ed975f56a612b38e990c9f2c7b91045479aac9cf712";"84589ebc134e9ba127558c39b8fdcbf687a314d02cf37c05bdafba3d241a332f"
"Einflussfaktoren";"Alltagssicherheit & Sturzprävention";"Risikosignale";"Risikosignal";"Ergebnisseite, Lebensstil-Signal Bewegungsstabilität";"Sie fühlen sich bei alltäglichen Bewegungen unsicher – ein wichtiges Frühwarnzeichen für Sturzrisiko.";"";"";"Marketing, Medizin";"Nicht geprüft";"";"";"";"recommendation.risk_signal.stabilitaet.label";"recommendations";"2";"v1:53424b46c1243ee3e6505ed975f56a612b38e990c9f2c7b91045479aac9cf712";"bb75c0604c63b68aa95fea50c4892b18751b0ece42d12ae79f40b0a152c3019f"
"Einflussfaktoren";"Alltagssicherheit & Sturzprävention";"Ergebnis-Einstieg";"Beschriftung";"Ergebnis-Zusammenfassung · Themenlabel «Alltagssicherheit & Sturzprävention»";"Sicherheit bei Alltagsbewegungen";"";"";"Marketing";"Nicht geprüft";"";"";"";"ui.hero.topic.stabilitaet";"ui";"2";"v1:53424b46c1243ee3e6505ed975f56a612b38e990c9f2c7b91045479aac9cf712";"676d642be04010cfeb9d838fa8f850d96af490f2b398c40812c191425c328bb2"
"Einflussfaktoren";"Digitale Gewohnheiten";"Empfehlungskarten";"Überschrift";"Empfehlungskarte · Einflussfaktoren · Titel";"Bildschirm- und Social-Media-Zeit bewusst begrenzen";"";"";"Marketing";"Nicht geprüft";"";"";"";"recommendation.catalog.ei_socialmedia.title";"recommendations";"2";"v1:53424b46c1243ee3e6505ed975f56a612b38e990c9f2c7b91045479aac9cf712";"fb9a1f5c265b7144028758d30f76e0046551a1a95bad791bddea8ca0bc1a5ccb"
"Einflussfaktoren";"Digitale Gewohnheiten";"Empfehlungskarten";"Begründung / Einordnung";"Empfehlungskarte · Einflussfaktoren · Begründung";"Social Media beeinträchtigt Ihr Wohlbefinden oder Ihren Alltag spürbar. Bewusste Grenzen entlasten Kopf und Schlaf.";"";"";"Marketing, Medizin";"Nicht geprüft";"";"";"";"recommendation.catalog.ei_socialmedia.why";"recommendations";"2";"v1:53424b46c1243ee3e6505ed975f56a612b38e990c9f2c7b91045479aac9cf712";"326c1efc211385716e65d9b6fcca920725740cf9f59d3c4b35976677d0bb0be1"
"Einflussfaktoren";"Digitale Gewohnheiten";"Empfehlungskarten";"Nächster Schritt";"Empfehlungskarte · Einflussfaktoren · konkreter nächster Schritt";"Legen Sie feste bildschirmfreie Zeiten fest (z. B. die erste Stunde nach dem Aufwachen und vor dem Schlafen) und schalten Sie unnötige Benachrichtigungen ab.";"";"";"Marketing, Medizin";"Nicht geprüft";"";"";"";"recommendation.catalog.ei_socialmedia.step";"recommendations";"2";"v1:53424b46c1243ee3e6505ed975f56a612b38e990c9f2c7b91045479aac9cf712";"22e4738457cf7b0febaab8eedeb51efde1287da5bd283aa1445b90a0902ab981"
"Einflussfaktoren";"Digitale Gewohnheiten";"Empfehlungskarten";"Erwarteter Nutzen";"Empfehlungskarte · Einflussfaktoren · erwarteter Nutzen";"Weniger Dauerberieselung verbessert Konzentration, Stimmung und Schlaf.";"";"";"Marketing, Medizin";"Nicht geprüft";"";"";"";"recommendation.catalog.ei_socialmedia.benefit";"recommendations";"2";"v1:53424b46c1243ee3e6505ed975f56a612b38e990c9f2c7b91045479aac9cf712";"a525df8f7fcbb4faf286e9e6e6436e6de14c75dd1d297a6ee306ba9df90d993e"
"Einflussfaktoren";"Digitale Gewohnheiten";"4-Wochen-Pläne";"4-Wochen-Plan";"4-Wochen-Plan · Diese Woche";"Zwei bildschirmfreie Fenster einführen: die <b>erste Stunde nach dem Aufwachen</b> und die letzte vor dem Schlafen. Handy über Nacht ausserhalb des Schlafzimmers laden.";"";"";"Marketing, Medizin";"Nicht geprüft";"";"";"";"recommendation.plan.ei_socialmedia.this_week";"recommendations";"2";"v1:53424b46c1243ee3e6505ed975f56a612b38e990c9f2c7b91045479aac9cf712";"c1366055973cdacec3167cfbda734d2b6d97171568e4d4a384cfa1fe9ba35cba"
"Einflussfaktoren";"Digitale Gewohnheiten";"4-Wochen-Pläne";"4-Wochen-Plan";"4-Wochen-Plan · Woche 2–3";"Erhöhen Sie bewusst die Hürde statt auf Willenskraft zu setzen: die zwei zeitintensivsten Apps vom Startbildschirm entfernen, Push-Benachrichtigungen abschalten, ggf. ein Zeitlimit setzen. Dass Loslassen schwerfällt, ist Produktdesign – kein Willensmangel.";"";"";"Marketing, Medizin";"Nicht geprüft";"";"";"";"recommendation.plan.ei_socialmedia.weeks_2_3";"recommendations";"2";"v1:53424b46c1243ee3e6505ed975f56a612b38e990c9f2c7b91045479aac9cf712";"b82b413554e4ee5d0eb2a737ae0ecfdf19f4229e84e7587db21d3c275e50cfcd"
"Einflussfaktoren";"Digitale Gewohnheiten";"4-Wochen-Pläne";"4-Wochen-Plan";"4-Wochen-Plan · Woche 4";"Ersetzen Sie die gewonnene Zeit gezielt durch etwas, das Ihnen guttut (Bewegung, Kontakt, Hobby) – so entsteht ein Gewinn statt eines Verzichts.";"";"";"Marketing, Medizin";"Nicht geprüft";"";"";"";"recommendation.plan.ei_socialmedia.week_4";"recommendations";"2";"v1:53424b46c1243ee3e6505ed975f56a612b38e990c9f2c7b91045479aac9cf712";"3c6ef6262819522b20620f202fdc5905b63086e0fc2b06c869e55871488f4b96"
"Einflussfaktoren";"Digitale Gewohnheiten";"Handlungsfelder";"Beschriftung";"Handlungsfeld · Einflussfaktoren · Kurzlabel";"Social-Media-Zeit bewusst begrenzen";"";"";"Marketing, Medizin";"Nicht geprüft";"";"";"";"recommendation.lever.lv_socialmedia.label";"recommendations";"2";"v1:53424b46c1243ee3e6505ed975f56a612b38e990c9f2c7b91045479aac9cf712";"f6b5e8aa74137b3e0f150082a90dca20e6d5259269202e9ae43a8ed2150cb85c"
"Einflussfaktoren";"Digitale Gewohnheiten";"Handlungsfelder";"Detailtext";"Handlungsfeld · Einflussfaktoren · Detailtext";"Sie verbringen mehr Zeit online, als Ihnen lieb ist – feste bildschirmfreie Zeiten geben Ihnen die Kontrolle zurück.";"";"";"Marketing, Medizin";"Nicht geprüft";"";"";"";"recommendation.lever.lv_socialmedia.detail";"recommendations";"2";"v1:53424b46c1243ee3e6505ed975f56a612b38e990c9f2c7b91045479aac9cf712";"77e9628d817ac063cd2f4685cd056a920481abfda5f614576685f1feb715766b"
"Einflussfaktoren";"Digitale Gewohnheiten";"Dimensionsdetails";"Überschrift";"Dimensionsdetail · Titel";"Social Media beansprucht viel Raum";"";"";"Marketing, Medizin";"Nicht geprüft";"";"";"";"recommendation.signal.socialmedia.title";"recommendations";"2";"v1:53424b46c1243ee3e6505ed975f56a612b38e990c9f2c7b91045479aac9cf712";"dbfba5a1ff012304e9d8e83319a2e51aeadd1cc1f7a30e0593400569bda2a1c0"
"Einflussfaktoren";"Digitale Gewohnheiten";"Dimensionsdetails";"Persönliche Einordnung";"Dimensionsdetail · Einordnung";"Die Apps sind darauf optimiert, Aufmerksamkeit zu halten – dass es schwerfällt aufzuhören, ist kein Willensmangel, sondern Produktdesign. Am wirksamsten sind deshalb Massnahmen, die die Hürde erhöhen, nicht Vorsätze.";"";"";"Marketing, Medizin";"Nicht geprüft";"";"";"";"recommendation.signal.socialmedia.insight";"recommendations";"2";"v1:53424b46c1243ee3e6505ed975f56a612b38e990c9f2c7b91045479aac9cf712";"49ef6d8a0be94486a5bccc819d6ce81b94f6576618eea59ab0a4710a58a3f719"
"Einflussfaktoren";"Digitale Gewohnheiten";"Dimensionsdetails";"Nächster Schritt";"Dimensionsdetail · konkreter nächster Schritt";"Handy über Nacht ausserhalb des Schlafzimmers laden und die zwei zeitintensivsten Apps vom Startbildschirm entfernen.";"";"";"Marketing, Medizin";"Nicht geprüft";"";"";"";"recommendation.signal.socialmedia.action";"recommendations";"2";"v1:53424b46c1243ee3e6505ed975f56a612b38e990c9f2c7b91045479aac9cf712";"0e2562112a48c7fe474184b991f60d32632cfbc08b8caf4af9bf1869f500009d"
"Einflussfaktoren";"Digitale Gewohnheiten";"Risikosignale";"Risikosignal";"Ergebnisseite, Lebensstil-Signal Social Media";"Social Media beeinträchtigt Ihr Wohlbefinden oder Ihren Alltag spürbar.";"";"";"Marketing, Medizin";"Nicht geprüft";"";"";"";"recommendation.risk_signal.socialmedia.label";"recommendations";"2";"v1:53424b46c1243ee3e6505ed975f56a612b38e990c9f2c7b91045479aac9cf712";"055684ff67d07ff69455841fbce91e3cba9dfa257a7786d7bd74bda00801631b"
"Einflussfaktoren";"Digitale Gewohnheiten";"Ergebnis-Einstieg";"Beschriftung";"Ergebnis-Zusammenfassung · Themenlabel «Digitale Gewohnheiten»";"Social-Media-Zeit";"";"";"Marketing";"Nicht geprüft";"";"";"";"ui.hero.topic.socialmedia";"ui";"2";"v1:53424b46c1243ee3e6505ed975f56a612b38e990c9f2c7b91045479aac9cf712";"4282ed69db7adff1fb9c9ad198a02f3ffc8aa9e6d774217acd59ee0f320180e7"
"Einflussfaktoren";"Herz-Kreislauf & Vorsorge";"Spezialaktionen";"Überschrift";"Kardiovaskulärer Vorsorge-Check, Titel";"Kardiovaskulären Vorsorge-Check vereinbaren";"";"";"Marketing, Medizin";"Nicht geprüft";"";"";"";"recommendation.special.act_kardio.title";"recommendations";"2";"v1:53424b46c1243ee3e6505ed975f56a612b38e990c9f2c7b91045479aac9cf712";"c135bcab3dfe80d3cd0d06f603e77fa5e06500e343d1e5efa7252c96c89221ba"
"Einflussfaktoren";"Herz-Kreislauf & Vorsorge";"Spezialaktionen";"Dynamischer Text";"Kardiovaskulärer Vorsorge-Check, Begründung mit dynamischer Liste";"Mehrere Ihrer Angaben sprechen dafür, Ihr Herz-Kreislauf-Risiko ärztlich einordnen zu lassen: {{riskFactors}}. Dabei können aktuelle Messwerte erhoben und geeignete nächste Schritte gemeinsam festgelegt werden.";"";"";"Marketing, Medizin";"Prüfung erforderlich";"Heuristik nicht als validierte Wechselwirkung oder medizinische Rangfolge dargestellt; durch Marketing und Medizin freigeben.";"{{riskFactors}}";"";"recommendation.special.act_kardio.why";"recommendations";"2";"v1:53424b46c1243ee3e6505ed975f56a612b38e990c9f2c7b91045479aac9cf712";"bb03505478bc3b637efe6e42f4fd945672bf4bddaf161711709a70d7eb199af8"
"Einflussfaktoren";"Herz-Kreislauf & Vorsorge";"Spezialaktionen";"Nächster Schritt";"Kardiovaskulärer Vorsorge-Check · Startschritt · Abklärung erforderlich";"Vereinbaren Sie zeitnah einen Termin, um Ihr Herz-Kreislauf-Risiko anhand von Blutdruck, Blutfetten und Blutzucker fachlich einordnen zu lassen.";"";"";"Marketing, Medizin";"Prüfung erforderlich";"Nicht validierte Zwei-Wochen-Frist entfernt; durch Marketing und Medizin freigeben.";"";"";"recommendation.special.act_kardio.step.assessment_needed";"recommendations";"2";"v1:53424b46c1243ee3e6505ed975f56a612b38e990c9f2c7b91045479aac9cf712";"10dd9afcf6e629a2f291b10e6671e5bbef5ce4281ed160ec83add47ac446e7a8"
"Einflussfaktoren";"Herz-Kreislauf & Vorsorge";"Spezialaktionen";"Nächster Schritt";"Kardiovaskulärer Vorsorge-Check · Startschritt · Abklärung erforderlich · Bluthochdruck";"Vereinbaren Sie zeitnah einen Termin, um Blutdruck, Blutfette und Blutzucker fachlich einordnen zu lassen. Führen Sie Ihre verordnete Behandlung wie besprochen weiter und klären Sie den passenden Messrhythmus mit der behandelnden Fachperson.";"";"";"Marketing, Medizin";"Prüfung erforderlich";"Nicht validierte Zwei-Wochen-Frist entfernt und Messrhythmus an Fachperson gebunden; durch Marketing und Medizin freigeben.";"";"";"recommendation.special.act_kardio.step.assessment_needed_hypertension";"recommendations";"2";"v1:53424b46c1243ee3e6505ed975f56a612b38e990c9f2c7b91045479aac9cf712";"b4835569b4838460f6d3f94397384ff3c74b7f90fd67c5d8896dc9faeeeb75f4"
"Einflussfaktoren";"Herz-Kreislauf & Vorsorge";"Spezialaktionen";"Nächster Schritt";"Kardiovaskulärer Vorsorge-Check · Startschritt · Abklärung erforderlich · familiäre Vorbelastung";"Vereinbaren Sie zeitnah einen Termin, um Blutdruck, Blutfette und Blutzucker fachlich einordnen zu lassen, und sprechen Sie dabei Ihre familiäre Vorgeschichte an.";"";"";"Marketing, Medizin";"Prüfung erforderlich";"Nicht validierte Zwei-Wochen-Frist entfernt; durch Marketing und Medizin freigeben.";"";"";"recommendation.special.act_kardio.step.assessment_needed_family_history";"recommendations";"2";"v1:53424b46c1243ee3e6505ed975f56a612b38e990c9f2c7b91045479aac9cf712";"44b8f3ebc7b498715e98adf4899cd1868f9f837574c10446ded51e35f720d200"
"Einflussfaktoren";"Herz-Kreislauf & Vorsorge";"Spezialaktionen";"Nächster Schritt";"Kardiovaskulärer Vorsorge-Check · Startschritt · Abklärung erforderlich · familiäre Vorbelastung · Bluthochdruck";"Vereinbaren Sie zeitnah einen Termin, um Blutdruck, Blutfette und Blutzucker fachlich einordnen zu lassen, und sprechen Sie Ihre familiäre Vorgeschichte an. Führen Sie Ihre verordnete Behandlung wie besprochen weiter und klären Sie den passenden Messrhythmus mit der behandelnden Fachperson.";"";"";"Marketing, Medizin";"Prüfung erforderlich";"Nicht validierte Zwei-Wochen-Frist entfernt und Messrhythmus an Fachperson gebunden; durch Marketing und Medizin freigeben.";"";"";"recommendation.special.act_kardio.step.assessment_needed_family_history_hypertension";"recommendations";"2";"v1:53424b46c1243ee3e6505ed975f56a612b38e990c9f2c7b91045479aac9cf712";"74c2aaebd6aa4b751ccda0c320da4179279787fa75277ba474320b8d3b933c3a"
"Einflussfaktoren";"Herz-Kreislauf & Vorsorge";"Spezialaktionen";"Nächster Schritt";"Kardiovaskulärer Vorsorge-Check · Startschritt · Werte bereits abgeklärt";"Sprechen Sie beim nächsten Termin gezielt Ihr Herz-Kreislauf-Risiko an und lassen Sie Blutdruck, Blutfette und Blutzucker aktuell bestimmen.";"";"";"Marketing, Medizin";"Nicht geprüft";"";"";"";"recommendation.special.act_kardio.step.already_assessed";"recommendations";"2";"v1:53424b46c1243ee3e6505ed975f56a612b38e990c9f2c7b91045479aac9cf712";"d0bedc47cffc7af781abf05cce396f7d3e9f16b5413bae0fc18e668c201c4d3b"
"Einflussfaktoren";"Herz-Kreislauf & Vorsorge";"Spezialaktionen";"Nächster Schritt";"Kardiovaskulärer Vorsorge-Check · Startschritt · Werte bereits abgeklärt · Bluthochdruck";"Sprechen Sie beim nächsten Termin gezielt Ihr Herz-Kreislauf-Risiko an und lassen Sie Blutdruck, Blutfette und Blutzucker aktuell bestimmen. Bis dahin: Blutdruck regelmässig messen und die laufende Behandlung konsequent weiterführen.";"";"";"Marketing, Medizin";"Nicht geprüft";"";"";"";"recommendation.special.act_kardio.step.already_assessed_hypertension";"recommendations";"2";"v1:53424b46c1243ee3e6505ed975f56a612b38e990c9f2c7b91045479aac9cf712";"aae19af09d7768ad507302cffc03a58aa44a2007843545c176d49dc5cff86f51"
"Einflussfaktoren";"Herz-Kreislauf & Vorsorge";"Spezialaktionen";"Nächster Schritt";"Kardiovaskulärer Vorsorge-Check · Startschritt · Werte bereits abgeklärt · familiäre Vorbelastung";"Sprechen Sie beim nächsten Termin gezielt Ihr Herz-Kreislauf-Risiko und Ihre familiäre Vorgeschichte an und lassen Sie Blutdruck, Blutfette und Blutzucker aktuell bestimmen.";"";"";"Marketing, Medizin";"Prüfung erforderlich";"Übernimmt den relevanten Familienanamnese-Hinweis aus der dadurch ersetzten Einzelkarte; durch Marketing und Medizin freigeben.";"";"";"recommendation.special.act_kardio.step.already_assessed_family_history";"recommendations";"2";"v1:53424b46c1243ee3e6505ed975f56a612b38e990c9f2c7b91045479aac9cf712";"98e52daa0e5415f4176132c3eb34d12e4068f4c4609b97c8a522c9f9184e9108"
"Einflussfaktoren";"Herz-Kreislauf & Vorsorge";"Spezialaktionen";"Nächster Schritt";"Kardiovaskulärer Vorsorge-Check · Startschritt · Werte bereits abgeklärt · familiäre Vorbelastung · Bluthochdruck";"Sprechen Sie beim nächsten Termin gezielt Ihr Herz-Kreislauf-Risiko und Ihre familiäre Vorgeschichte an und lassen Sie Blutdruck, Blutfette und Blutzucker aktuell bestimmen. Bis dahin: Blutdruck regelmässig messen und die laufende Behandlung konsequent weiterführen.";"";"";"Marketing, Medizin";"Prüfung erforderlich";"Bündelt Familienanamnese und Bluthochdruck-Begleitung in der priorisierten Kardio-Karte; durch Marketing und Medizin freigeben.";"";"";"recommendation.special.act_kardio.step.already_assessed_family_history_hypertension";"recommendations";"2";"v1:53424b46c1243ee3e6505ed975f56a612b38e990c9f2c7b91045479aac9cf712";"29d604900f720703886a036fe95ff3a6b62b38b4ca2b54558d79c878434fb824"
"Einflussfaktoren";"Herz-Kreislauf & Vorsorge";"Spezialaktionen";"Erwarteter Nutzen";"Kardiovaskulärer Vorsorge-Check, Nutzen";"Sie erhalten aktuelle Messwerte und können mit der Fachperson klären, welche nächsten Schritte zu Ihrem Risikoprofil passen.";"";"";"Marketing, Medizin";"Prüfung erforderlich";"Absolutes Nutzenversprechen durch realistische Entscheidungsgrundlage ersetzt; durch Marketing und Medizin freigeben.";"";"";"recommendation.special.act_kardio.benefit";"recommendations";"2";"v1:53424b46c1243ee3e6505ed975f56a612b38e990c9f2c7b91045479aac9cf712";"0f335e9d34b81e900e334090a72f84dcce36f41cf66b2565db636b0c9feb70c3"
"Einflussfaktoren";"Herz-Kreislauf & Vorsorge";"4-Wochen-Pläne";"4-Wochen-Plan";"4-Wochen-Plan · Diese Woche";"Termin vereinbaren – und die Untersuchung gezielt vorbereiten: Bitten Sie neben Blutdruck und Blutzucker um ein Lipidprofil und fragen Sie aktiv nach <b>ApoB (Apolipoprotein B)</b> und <b>Lp(a) (Lipoprotein(a))</b>. Notieren Sie vorab, wer in Ihrer Familie wann eine Herz-Kreislauf-Erkrankung hatte – das verändert die ärztliche Einschätzung oft deutlich.";"";"";"Marketing, Medizin";"Nicht geprüft";"";"";"ApoB | Lp(a)";"recommendation.plan.act_kardio.this_week";"recommendations";"2";"v1:53424b46c1243ee3e6505ed975f56a612b38e990c9f2c7b91045479aac9cf712";"ac19375ae225404110f7466c674ec4276e36b184deb771a00ac46cb61519776f"
"Einflussfaktoren";"Herz-Kreislauf & Vorsorge";"4-Wochen-Pläne";"4-Wochen-Plan";"4-Wochen-Plan · Woche 2–3";"Verstehen, worum es geht: <b>ApoB</b> bildet die Anzahl atherogener Partikel ab, während LDL-Cholesterin deren Cholesteringehalt misst – beide Werte können auseinanderfallen. <b>Lp(a)</b> ist weitgehend genetisch bestimmt und durch den Lebensstil kaum beeinflussbar. Eine einmalige Bestimmung im Erwachsenenleben ist meist ausreichend; Ausnahmen legt die Fachperson fest.";"";"";"Marketing, Medizin";"Prüfung erforderlich";"ApoB und Lp(a) fachlich getrennt und die einmalige Lp(a)-Messung korrekt qualifiziert; durch Marketing und Medizin freigeben.";"";"ApoB | Lp(a)";"recommendation.plan.act_kardio.weeks_2_3";"recommendations";"2";"v1:53424b46c1243ee3e6505ed975f56a612b38e990c9f2c7b91045479aac9cf712";"e0e2701eb27e10ef4430565fcb2980e92f9310706f04d9a48599218e47e55443"
"Einflussfaktoren";"Herz-Kreislauf & Vorsorge";"4-Wochen-Pläne";"4-Wochen-Plan";"4-Wochen-Plan · Woche 4, Alter ab 40";"Kontrollrhythmus festlegen und eintragen. Die Schweizerische Herzstiftung empfiehlt, die Blutfette ab 40 mindestens alle fünf Jahre kontrollieren zu lassen; den Blutzucker ab 45. Lp(a) wird im Erwachsenenleben meist nur einmal bestimmt; Ausnahmen legt die Fachperson fest. Bei erhöhtem Risiko oder laufender Therapie legen Sie die Intervalle mit Ihrer Fachperson fest.";"";"";"Marketing, Medizin";"Prüfung erforderlich";"Lp(a)-Wiederholung qualifiziert und Kontrollintervalle an Fachperson gebunden; durch Marketing und Medizin freigeben.";"";"Lp(a)";"recommendation.plan.act_kardio.week_4.age_40_plus";"recommendations";"2";"v1:53424b46c1243ee3e6505ed975f56a612b38e990c9f2c7b91045479aac9cf712";"8017ff74de97516deb8fd2f91346f279b2d0f9486bee3c3f281c92a34ce502dd"
"Einflussfaktoren";"Herz-Kreislauf & Vorsorge";"4-Wochen-Pläne";"4-Wochen-Plan";"4-Wochen-Plan · Woche 4, Alter unter 40";"Kontrollrhythmus festlegen und eintragen. Die Schweizerische Herzstiftung empfiehlt regelmässige Blutfett-Kontrollen ab 40 Jahren – bei familiärer Vorbelastung kann eine frühere Bestimmung sinnvoll sein. Lp(a) wird im Erwachsenenleben meist nur einmal bestimmt; Ausnahmen legt die Fachperson fest. Gefässablagerungen entstehen über Jahre, deshalb lohnt sich eine frühzeitige Risikoeinordnung.";"";"";"Marketing, Medizin";"Prüfung erforderlich";"Lp(a)-Wiederholung qualifiziert und absolute Präventionswirkung entschärft; durch Marketing und Medizin freigeben.";"";"Lp(a)";"recommendation.plan.act_kardio.week_4.under_40";"recommendations";"2";"v1:53424b46c1243ee3e6505ed975f56a612b38e990c9f2c7b91045479aac9cf712";"d1b36d205b754ec47597e3d01b063b13258a1c13d0d4569fd441adf713bfd257"
"Einflussfaktoren";"Herz-Kreislauf & Vorsorge";"Spezial-Empfehlungen";"Dynamischer Text";"Kardiovaskulärer Vorsorge-Check, Aufzählung von drei oder mehr dynamischen Risikofaktoren";"{{preceding}} und {{last}}";"";"";"Marketing";"Nicht geprüft";"";"{{last}} | {{preceding}}";"";"recommendation.special.act_kardio.risk_factor_list.many";"recommendations";"2";"v1:53424b46c1243ee3e6505ed975f56a612b38e990c9f2c7b91045479aac9cf712";"ade39c43d73c752ee176e300a0c3baa92eb0dbc1dd9f0da0eb778e577160967a"
"Einflussfaktoren";"Herz-Kreislauf & Vorsorge";"Spezial-Empfehlungen";"Dynamischer Text";"Kardiovaskulärer Vorsorge-Check, Aufzählung von genau zwei dynamischen Risikofaktoren";"{{first}} und {{last}}";"";"";"Marketing";"Nicht geprüft";"";"{{first}} | {{last}}";"";"recommendation.special.act_kardio.risk_factor_list.two";"recommendations";"2";"v1:53424b46c1243ee3e6505ed975f56a612b38e990c9f2c7b91045479aac9cf712";"2740e661210cbdf90220e6ea1b48de885f36e4449c285c913c857ce903258acc"
"Einflussfaktoren";"Herz-Kreislauf & Vorsorge";"Spezial-Empfehlungen";"Dynamischer Text";"Kardiovaskulärer Vorsorge-Check, BMI-Fallback bei vorsichtig erkanntem Kraftsportkontext";"BMI {{bmi}} ({{bmiClassLabel}}; durch Muskelmasse möglicherweise mit beeinflusst und fachlich zu klären)";"";"";"Marketing, Medizin";"Prüfung erforderlich";"Die mögliche Muskelmasse ändert weder Score noch Mustergewicht; nur vorsichtige Interpretation.";"{{bmi}} | {{bmiClassLabel}}";"{{bmi}} | {{bmiClassLabel}}";"recommendation.special.act_kardio.risk_factor.body_composition_bmi_muscular";"recommendations";"2";"v1:53424b46c1243ee3e6505ed975f56a612b38e990c9f2c7b91045479aac9cf712";"92576a59257359a58c44c0b248b4dd4b643e46c3192b45678df6b91274135854"
"Einflussfaktoren";"Herz-Kreislauf & Vorsorge";"Spezial-Empfehlungen";"Dynamischer Textbaustein";"Kardiovaskulärer Vorsorge-Check, dynamisch eingesetzter Risikofaktor Alkohol";"Alkohol";"";"";"Marketing, Medizin";"Nicht geprüft";"";"";"";"recommendation.special.act_kardio.risk_factor.alcohol";"recommendations";"2";"v1:53424b46c1243ee3e6505ed975f56a612b38e990c9f2c7b91045479aac9cf712";"b66448293534f386bb9fe1db75452e0497c45cd704280df300b913ed676efc51"
"Einflussfaktoren";"Herz-Kreislauf & Vorsorge";"Spezial-Empfehlungen";"Dynamischer Textbaustein";"Kardiovaskulärer Vorsorge-Check, dynamisch eingesetzter Risikofaktor Bluthochdruck";"Bluthochdruck";"";"";"Marketing, Medizin";"Nicht geprüft";"";"";"";"recommendation.special.act_kardio.risk_factor.hypertension";"recommendations";"2";"v1:53424b46c1243ee3e6505ed975f56a612b38e990c9f2c7b91045479aac9cf712";"35b95bf0ea2985f834f2e355242e75ea6d6782fa750bbb19e1012ac368ff0152"
"Einflussfaktoren";"Herz-Kreislauf & Vorsorge";"Spezial-Empfehlungen";"Dynamischer Textbaustein";"Kardiovaskulärer Vorsorge-Check, dynamisch eingesetzter Risikofaktor Ernährungsmuster";"das Ernährungsmuster";"";"";"Marketing, Medizin";"Nicht geprüft";"";"";"";"recommendation.special.act_kardio.risk_factor.nutrition_pattern";"recommendations";"2";"v1:53424b46c1243ee3e6505ed975f56a612b38e990c9f2c7b91045479aac9cf712";"206358cff796d97a73d7a0afb58e44c701ab96aad24f7b98c4689f9e3b9e91e8"
"Einflussfaktoren";"Herz-Kreislauf & Vorsorge";"Spezial-Empfehlungen";"Dynamischer Textbaustein";"Kardiovaskulärer Vorsorge-Check, dynamisch eingesetzter Risikofaktor familiäre Vorbelastung";"familiäre Vorbelastung";"";"";"Marketing, Medizin";"Nicht geprüft";"";"";"";"recommendation.special.act_kardio.risk_factor.family_history";"recommendations";"2";"v1:53424b46c1243ee3e6505ed975f56a612b38e990c9f2c7b91045479aac9cf712";"2558ed3c02b955d5a226d37214e950b2d59e40c7271a6d7d2d910dacd01ffae9"
"Einflussfaktoren";"Herz-Kreislauf & Vorsorge";"Spezial-Empfehlungen";"Dynamischer Textbaustein";"Kardiovaskulärer Vorsorge-Check, dynamisch eingesetzter Risikofaktor Körperzusammensetzung";"Körperzusammensetzung";"";"";"Marketing, Medizin";"Nicht geprüft";"";"";"";"recommendation.special.act_kardio.risk_factor.body_composition";"recommendations";"2";"v1:53424b46c1243ee3e6505ed975f56a612b38e990c9f2c7b91045479aac9cf712";"aaf0993d111bea47f830b57131f5a173c179189fffef8639b2ead23630eb0d2b"
"Einflussfaktoren";"Herz-Kreislauf & Vorsorge";"Spezial-Empfehlungen";"Dynamischer Textbaustein";"Kardiovaskulärer Vorsorge-Check, dynamisch eingesetzter Risikofaktor lange Sitzzeiten";"lange Sitzzeiten";"";"";"Marketing, Medizin";"Nicht geprüft";"";"";"";"recommendation.special.act_kardio.risk_factor.long_sitting";"recommendations";"2";"v1:53424b46c1243ee3e6505ed975f56a612b38e990c9f2c7b91045479aac9cf712";"dd1b6005d751442cfc953210c0057068152ef6013b9819f3d772a830d0fccb1e"
"Einflussfaktoren";"Herz-Kreislauf & Vorsorge";"Spezial-Empfehlungen";"Dynamischer Textbaustein";"Kardiovaskulärer Vorsorge-Check, dynamisch eingesetzter Risikofaktor Rauchen";"Rauchen";"";"";"Marketing, Medizin";"Nicht geprüft";"";"";"";"recommendation.special.act_kardio.risk_factor.smoking";"recommendations";"2";"v1:53424b46c1243ee3e6505ed975f56a612b38e990c9f2c7b91045479aac9cf712";"ef1a826400a2e0937a8f3c88de2fab6e8e0cbe4080620ebe63de4cae86b44ffc"
"Einflussfaktoren";"Herz-Kreislauf & Vorsorge";"Spezial-Empfehlungen";"Dynamischer Textbaustein";"Kardiovaskulärer Vorsorge-Check, dynamisch eingesetzter Risikofaktor wenig Bewegung";"wenig Bewegung";"";"";"Marketing, Medizin";"Nicht geprüft";"";"";"";"recommendation.special.act_kardio.risk_factor.low_activity";"recommendations";"2";"v1:53424b46c1243ee3e6505ed975f56a612b38e990c9f2c7b91045479aac9cf712";"ffcca07678b915e4dca4886fcfbfbf68ced31d3ccc8cde0f321dab6543d5e178"
"Einflussfaktoren";"Herz-Kreislauf & Vorsorge";"Spezial-Empfehlungen";"Dynamischer Text";"Kardiovaskulärer Vorsorge-Check, persönlicher BMI-Fallback-Risikofaktor";"BMI {{bmi}} ({{bmiClassLabel}}; Fettverteilung nicht ausreichend geklärt)";"";"";"Marketing, Medizin";"Prüfung erforderlich";"BMI als weniger spezifischer Fallbackmarker, ohne Adipositasdiagnose.";"{{bmi}} | {{bmiClassLabel}}";"{{bmi}} | {{bmiClassLabel}}";"recommendation.special.act_kardio.risk_factor.body_composition_bmi";"recommendations";"2";"v1:53424b46c1243ee3e6505ed975f56a612b38e990c9f2c7b91045479aac9cf712";"cfcaa801ab618b4c91f90df75fb21f075b3ad9f4cdc2e806d1c94d4fca7ca5fd"
"Einflussfaktoren";"Herz-Kreislauf & Vorsorge";"Spezial-Empfehlungen";"Dynamischer Text";"Kardiovaskulärer Vorsorge-Check, persönlicher WHtR-Risikofaktor";"Taille-Grösse-Verhältnis {{whtr}} ({{waistStatusLabel}})";"";"";"Marketing, Medizin";"Prüfung erforderlich";"Macht den tatsächlichen Screeningmarker im Mehrfaktorenmuster sichtbar; keine Diagnose.";"{{waistStatusLabel}} | {{whtr}}";"{{whtr}} | {{waistStatusLabel}}";"recommendation.special.act_kardio.risk_factor.body_composition_whtr";"recommendations";"2";"v1:53424b46c1243ee3e6505ed975f56a612b38e990c9f2c7b91045479aac9cf712";"a5e77caaa08f07a2cd9699b47c1e1393b0c3f6647a2835172d19f39255c0beea"
"Einflussfaktoren";"Herz-Kreislauf & Vorsorge";"Dimensionsdetails";"Überschrift";"Dimensionsdetail · Titel";"Blutdruck nicht bekannt";"";"";"Marketing, Medizin";"Nicht geprüft";"";"";"";"recommendation.signal.blutdruck_unbekannt.title";"recommendations";"2";"v1:53424b46c1243ee3e6505ed975f56a612b38e990c9f2c7b91045479aac9cf712";"792daf835b7eead89970ca57bb5f15c38f924569cda6524e8f0aef1b81c2928d"
"Einflussfaktoren";"Herz-Kreislauf & Vorsorge";"Dimensionsdetails";"Persönliche Einordnung";"Dimensionsdetail · Einordnung";"Bluthochdruck verursacht typischerweise keine Symptome. Man kann ihn jahrelang haben, ohne etwas zu merken – Messen ist der einzige Weg, ihn zu finden.";"";"";"Marketing, Medizin";"Nicht geprüft";"";"";"";"recommendation.signal.blutdruck_unbekannt.insight";"recommendations";"2";"v1:53424b46c1243ee3e6505ed975f56a612b38e990c9f2c7b91045479aac9cf712";"dccf4a2f5a2fb940cbe4fb107ff9712abdade2731549a0ab17eb9bfbed00c125"
"Einflussfaktoren";"Herz-Kreislauf & Vorsorge";"Dimensionsdetails";"Medizinische Klärung";"Dimensionsdetail · medizinischer Klärungshinweis";"Ob wiederholt erhöhte Werte vorliegen und ob weitere Risikofaktoren dazukommen.";"";"";"Marketing, Medizin";"Nicht geprüft";"";"";"";"recommendation.signal.blutdruck_unbekannt.clarify";"recommendations";"2";"v1:53424b46c1243ee3e6505ed975f56a612b38e990c9f2c7b91045479aac9cf712";"c8de5c13219d82e6a6f736c5052e42cd5c4d7ed99de0526033a02075b491af97"
"Einflussfaktoren";"Herz-Kreislauf & Vorsorge";"Risikosignale";"Risikosignal";"Ergebnisseite, medizinisches Signal unbekannter Blutdruck";"Ihr Blutdruck ist Ihnen nicht bekannt. Eine einfache Messung schafft Klarheit.";"";"";"Marketing, Medizin";"Nicht geprüft";"";"";"";"recommendation.risk_signal.blutdruck_unbekannt.label";"recommendations";"2";"v1:53424b46c1243ee3e6505ed975f56a612b38e990c9f2c7b91045479aac9cf712";"2eccff15939607fde1a1c87a08238247840ed2942de284c40617bb97bb77337f"
"Einflussfaktoren";"Herz-Kreislauf & Vorsorge";"Dimensionsdetails";"Überschrift";"Dimensionsdetail · Titel";"Bekannter Bluthochdruck";"";"";"Marketing, Medizin";"Nicht geprüft";"";"";"";"recommendation.signal.bluthochdruck.title";"recommendations";"2";"v1:53424b46c1243ee3e6505ed975f56a612b38e990c9f2c7b91045479aac9cf712";"5bc63a6294d20b1206ff146a8a85fb44430da7facebf7680e3c4fbc16bb000fa"
"Einflussfaktoren";"Herz-Kreislauf & Vorsorge";"Dimensionsdetails";"Persönliche Einordnung";"Dimensionsdetail · Einordnung";"Bluthochdruck und ungünstige Blutfette tragen beide zum Herz-Kreislauf-Risiko bei. Ein gut eingestellter Blutdruck senkt dieses Risiko, auch wenn die Veränderung oft nicht direkt spürbar ist.";"";"";"Marketing, Medizin";"Prüfung erforderlich";"Universelle Wechselwirkung und absolutes Messbarkeits-Wording entfernt; durch Marketing und Medizin freigeben.";"";"";"recommendation.signal.bluthochdruck.insight";"recommendations";"2";"v1:53424b46c1243ee3e6505ed975f56a612b38e990c9f2c7b91045479aac9cf712";"36a1d296b3326acec7f3e36858cd5c332bbf6840ab06c07fd7c7ba5e33f2fecb"
"Einflussfaktoren";"Herz-Kreislauf & Vorsorge";"Dimensionsdetails";"Medizinische Klärung";"Dimensionsdetail · medizinischer Klärungshinweis";"Zielwert, Medikation und – oft vergessen – ob Ihre Blutfette inklusive ApoB und Ihr Lp(a) je bestimmt wurden.";"";"";"Marketing, Medizin";"Nicht geprüft";"";"";"";"recommendation.signal.bluthochdruck.clarify";"recommendations";"2";"v1:53424b46c1243ee3e6505ed975f56a612b38e990c9f2c7b91045479aac9cf712";"f37e81af433d032eabb25b77dca2f1ccbe41c877b0f70d64b909f2daf92dacea"
"Einflussfaktoren";"Herz-Kreislauf & Vorsorge";"Zusatzhinweise bei abgedeckten Aktionsschritten";"Vertiefung";"Zusatzhinweis bei bereits abgedecktem Aktionsschritt";"Ein Detail für das Arztgespräch: Je nach Risikoprofil kann ApoB zusätzliche Information zum Lipidprofil liefern. Lp(a) sollte im Erwachsenenleben in der Regel mindestens einmal bestimmt werden.";"";"";"Marketing, Medizin";"Prüfung erforderlich";"ApoB und Lp(a) fachlich getrennt; durch Marketing und Medizin freigeben.";"";"";"recommendation.signal.bluthochdruck.deepen";"recommendations";"2";"v1:53424b46c1243ee3e6505ed975f56a612b38e990c9f2c7b91045479aac9cf712";"c45276121395a017bfe3d3caefbf7366f869326a24b1aa1738528487eeb977b5"
"Einflussfaktoren";"Herz-Kreislauf & Vorsorge";"Risikosignale";"Risikosignal";"Ergebnisseite, medizinisches Signal bekannter Bluthochdruck";"Bei Ihnen ist Bluthochdruck bekannt oder Sie nehmen dafür Medikamente – bleiben Sie mit Ihrer Fachperson in Kontakt.";"";"";"Marketing, Medizin";"Nicht geprüft";"";"";"";"recommendation.risk_signal.bluthochdruck.label";"recommendations";"2";"v1:53424b46c1243ee3e6505ed975f56a612b38e990c9f2c7b91045479aac9cf712";"49614ef21edf7bd3bb75c2ea704659798aa5fe20bb6d9f11850f132c5d0dfd4b"
"Einflussfaktoren";"Herz-Kreislauf & Vorsorge";"Coach-Antworten";"Begründung / Einordnung";"Demo-Coach-Antwort zu Blutdruck, Cholesterin, Blutzucker oder Laborwerten";"Konkrete Werte sollten Sie ärztlich einordnen lassen – ich kann und darf das nicht bewerten. Sinnvoll ist, unbekannte Basiswerte (Blutdruck, Blutzucker/HbA1c, Blutfette) bei Gelegenheit bestimmen zu lassen.";"";"";"Marketing, Medizin";"Nicht geprüft";"";"";"";"coach.answer.medical_values";"coach";"2";"v1:53424b46c1243ee3e6505ed975f56a612b38e990c9f2c7b91045479aac9cf712";"718f3c9722d6cbf3cdae6b76a15aae03b8b00ec1752cf69d4b0b3796164482d1"
"Einflussfaktoren";"Herz-Kreislauf & Vorsorge";"Empfehlungskarten";"Überschrift";"Empfehlungskarte · Einflussfaktoren · Titel";"Blutdruck einmal messen";"";"";"Marketing";"Nicht geprüft";"";"";"";"recommendation.catalog.ei_bd_messen.title";"recommendations";"2";"v1:53424b46c1243ee3e6505ed975f56a612b38e990c9f2c7b91045479aac9cf712";"6b34f237e36ad43eedc7693609946d202bc6d0da8d59d791188111f737a7cc47"
"Einflussfaktoren";"Herz-Kreislauf & Vorsorge";"Empfehlungskarten";"Begründung / Einordnung";"Empfehlungskarte · Einflussfaktoren · Begründung";"Sie kennen Ihren Blutdruck aktuell nicht. Da hoher Blutdruck meist keine Symptome macht, ist Messen die einzige Möglichkeit, ihn früh zu erkennen.";"";"";"Marketing, Medizin";"Nicht geprüft";"";"";"";"recommendation.catalog.ei_bd_messen.why";"recommendations";"2";"v1:53424b46c1243ee3e6505ed975f56a612b38e990c9f2c7b91045479aac9cf712";"59f78e7b09f940cefb844c05c31ffc96503be9d82b95e9261d86be61a6173b54"
"Einflussfaktoren";"Herz-Kreislauf & Vorsorge";"Empfehlungskarten";"Nächster Schritt";"Empfehlungskarte · Einflussfaktoren · konkreter nächster Schritt";"Messen Sie Ihren Blutdruck in den nächsten Wochen ein paar Mal in Ruhe – in vielen Apotheken oder mit einem Heimgerät.";"";"";"Marketing, Medizin";"Nicht geprüft";"";"";"";"recommendation.catalog.ei_bd_messen.step";"recommendations";"2";"v1:53424b46c1243ee3e6505ed975f56a612b38e990c9f2c7b91045479aac9cf712";"acf5bb29b9b2a658294b5fb5d55c7df62b9a7098533bdd85ae84c61e514575c9"
"Einflussfaktoren";"Herz-Kreislauf & Vorsorge";"Empfehlungskarten";"Erwarteter Nutzen";"Empfehlungskarte · Einflussfaktoren · erwarteter Nutzen";"Sie erkennen frühzeitig, ob Handlungsbedarf besteht, und können gezielt vorsorgen.";"";"";"Marketing, Medizin";"Nicht geprüft";"";"";"";"recommendation.catalog.ei_bd_messen.benefit";"recommendations";"2";"v1:53424b46c1243ee3e6505ed975f56a612b38e990c9f2c7b91045479aac9cf712";"42732bebae24f74512b736f661889cae79939199b706f15c7ed55de61f60559d"
"Einflussfaktoren";"Herz-Kreislauf & Vorsorge";"4-Wochen-Pläne";"4-Wochen-Plan";"4-Wochen-Plan · Diese Woche";"Messen Sie Ihren Blutdruck – in der Apotheke, mit einem Heimgerät oder in der Arztpraxis. Als grobe Orientierung gelten Werte ab etwa <b>140/90 mmHg</b> (Praxismessung) als behandlungsbedürftig; die Einordnung gehört in ärztliche Hände.";"";"";"Marketing, Medizin";"Nicht geprüft";"";"";"";"recommendation.plan.ei_bd_messen.this_week";"recommendations";"2";"v1:53424b46c1243ee3e6505ed975f56a612b38e990c9f2c7b91045479aac9cf712";"7ccfb7462394831d6e4496824e213f59e006f4104b89217ed376b9aab5e57780"
"Einflussfaktoren";"Herz-Kreislauf & Vorsorge";"4-Wochen-Pläne";"4-Wochen-Plan";"4-Wochen-Plan · Woche 2–3";"Wiederholen Sie die Messung an zwei bis drei weiteren Tagen. Bluthochdruck macht typischerweise <b>keine Symptome</b> – deshalb ist Messen die einzige Möglichkeit, ihn früh zu erkennen. Ein einzelner erhöhter Wert bedeutet noch keine Diagnose.";"";"";"Marketing, Medizin";"Nicht geprüft";"";"";"";"recommendation.plan.ei_bd_messen.weeks_2_3";"recommendations";"2";"v1:53424b46c1243ee3e6505ed975f56a612b38e990c9f2c7b91045479aac9cf712";"1a5d20239993687685da062160aa48cf21a5cbccdbce08238b9ad47c5e3a87c2"
"Einflussfaktoren";"Herz-Kreislauf & Vorsorge";"4-Wochen-Pläne";"4-Wochen-Plan";"4-Wochen-Plan · Woche 4";"Sind die Werte wiederholt erhöht: Termin vereinbaren und gleich das Lipidprofil mitbestimmen lassen. Sind sie normal: Kontrolle in ein bis zwei Jahren eintragen – Vorsorge wirkt nur, wenn sie ein Rhythmus wird und keine einmalige Aktion bleibt.";"";"";"Marketing, Medizin";"Nicht geprüft";"";"";"";"recommendation.plan.ei_bd_messen.week_4";"recommendations";"2";"v1:53424b46c1243ee3e6505ed975f56a612b38e990c9f2c7b91045479aac9cf712";"0831b4a2c3e2e3832def0bf77dbb0366c25474dcc1aed013d4eab3124667c95f"
"Einflussfaktoren";"Herz-Kreislauf & Vorsorge";"Empfehlungskarten";"Überschrift";"Empfehlungskarte · Einflussfaktoren · Titel";"Bluthochdruck gut begleiten";"";"";"Marketing";"Nicht geprüft";"";"";"";"recommendation.catalog.ei_bluthochdruck.title";"recommendations";"2";"v1:53424b46c1243ee3e6505ed975f56a612b38e990c9f2c7b91045479aac9cf712";"cd782d70fa43c787fbd35314126a12ef89cead85a69ddd2628dd4662d7af7bed"
"Einflussfaktoren";"Herz-Kreislauf & Vorsorge";"Empfehlungskarten";"Begründung / Einordnung";"Empfehlungskarte · Einflussfaktoren · Begründung";"Bei Ihnen ist Bluthochdruck bekannt. Dauerhaft hohe Werte belasten Herz, Gefässe und Nieren – oft ohne spürbare Symptome. Gut eingestellt, sinkt Ihr Risiko deutlich.";"";"";"Marketing, Medizin";"Nicht geprüft";"";"";"";"recommendation.catalog.ei_bluthochdruck.why";"recommendations";"2";"v1:53424b46c1243ee3e6505ed975f56a612b38e990c9f2c7b91045479aac9cf712";"ac862f7d42183adfba11b4223e66935eff5c5495e018d746214b1d037c8b48c0"
"Einflussfaktoren";"Herz-Kreislauf & Vorsorge";"Empfehlungskarten";"Nächster Schritt";"Empfehlungskarte · Einflussfaktoren · konkreter nächster Schritt";"Bleiben Sie mit Ihrer Fachperson in Kontakt, messen Sie regelmässig und unterstützen Sie die Behandlung mit Bewegung und salzbewusster Ernährung.";"";"";"Marketing, Medizin";"Nicht geprüft";"";"";"";"recommendation.catalog.ei_bluthochdruck.step";"recommendations";"2";"v1:53424b46c1243ee3e6505ed975f56a612b38e990c9f2c7b91045479aac9cf712";"710d5e922de9cccedf6c5cc9faec982b2788cd2dd8ef7d468ae3958687811e8b"
"Einflussfaktoren";"Herz-Kreislauf & Vorsorge";"Empfehlungskarten";"Erwarteter Nutzen";"Empfehlungskarte · Einflussfaktoren · erwarteter Nutzen";"Ein gut eingestellter Blutdruck senkt das Risiko für Herzinfarkt, Schlaganfall und Nierenschäden erheblich.";"";"";"Marketing, Medizin";"Nicht geprüft";"";"";"";"recommendation.catalog.ei_bluthochdruck.benefit";"recommendations";"2";"v1:53424b46c1243ee3e6505ed975f56a612b38e990c9f2c7b91045479aac9cf712";"d4ff90948cdd6a0008f15505fe947f48dbe2fcf2d0fdf1874f6af0672c2ff9e5"
"Einflussfaktoren";"Herz-Kreislauf & Vorsorge";"4-Wochen-Pläne";"4-Wochen-Plan";"4-Wochen-Plan · Diese Woche";"Messen Sie an drei Tagen morgens und abends im Sitzen nach fünf Minuten Ruhe und notieren Sie die Werte. Wichtig: Nicht Einzelwerte zählen, sondern der Durchschnitt über mehrere Tage – so entsteht ein belastbares Bild für die nächste Sprechstunde.";"";"";"Marketing, Medizin";"Nicht geprüft";"";"";"";"recommendation.plan.ei_bluthochdruck.this_week";"recommendations";"2";"v1:53424b46c1243ee3e6505ed975f56a612b38e990c9f2c7b91045479aac9cf712";"9f0e13aad93f613065268019a08e6435d7db9f72a7bb165c9c3971a37377699d"
"Einflussfaktoren";"Herz-Kreislauf & Vorsorge";"4-Wochen-Pläne";"4-Wochen-Plan";"4-Wochen-Plan · Woche 2–3";"Zwei Hebel mit belegter Wirkung: <b>Salz</b> (Fertigprodukte, Brot, Käse und Wurst liefern den Löwenanteil – nicht der Salzstreuer) und <b>Ausdauerbewegung</b> an den meisten Tagen der Woche. Alkohol reduzieren wirkt zusätzlich. Setzen Sie einen dieser Punkte konsequent um, statt alle halbherzig.";"";"";"Marketing, Medizin";"Nicht geprüft";"";"";"";"recommendation.plan.ei_bluthochdruck.weeks_2_3";"recommendations";"2";"v1:53424b46c1243ee3e6505ed975f56a612b38e990c9f2c7b91045479aac9cf712";"fd0b13d9d71b37f4c499c4a383a0ae647ea34335413c220b819b7321cb01f184"
"Einflussfaktoren";"Herz-Kreislauf & Vorsorge";"4-Wochen-Pläne";"4-Wochen-Plan";"4-Wochen-Plan · Woche 4";"Bringen Sie Ihre Messreihe zum nächsten Termin mit und klären Sie zwei Fragen: Ist mein Zielwert erreicht, und sind meine Blutfette (inkl. <b>ApoB</b>) sowie <b>Lp(a)</b> je bestimmt worden? Bluthochdruck wirkt zusammen mit erhöhten Blutfetten überproportional auf die Gefässe – beide Faktoren gehören zusammen betrachtet.";"";"";"Marketing, Medizin";"Nicht geprüft";"";"";"";"recommendation.plan.ei_bluthochdruck.week_4";"recommendations";"2";"v1:53424b46c1243ee3e6505ed975f56a612b38e990c9f2c7b91045479aac9cf712";"0ad1ae89a6cea2ee73a677c466bd08928a7acab03f6136766630eff079764b74"
"Einflussfaktoren";"Herz-Kreislauf & Vorsorge";"Empfehlungskarten";"Überschrift";"Empfehlungskarte · Einflussfaktoren · Titel";"Familiäres Risiko in die Vorsorge einbeziehen";"";"";"Marketing";"Nicht geprüft";"";"";"";"recommendation.catalog.ei_familie.title";"recommendations";"2";"v1:53424b46c1243ee3e6505ed975f56a612b38e990c9f2c7b91045479aac9cf712";"716e5f7727e3250ea258d1ea478abfc1ae5c06cd8377d978dfc4fd7a28116824"
"Einflussfaktoren";"Herz-Kreislauf & Vorsorge";"Empfehlungskarten";"Begründung / Einordnung";"Empfehlungskarte · Einflussfaktoren · Begründung";"Bei Ihren Eltern, Geschwistern oder eigenen Kindern sind relevante Erkrankungen bekannt. Für die medizinische Einordnung sind die Erkrankung – bei Krebs auch die Krebsart –, die betroffene Person und das ungefähre Diagnosealter besonders hilfreich.";"";"";"Marketing, Medizin";"Prüfung erforderlich";"An die breite Familienfrage angepasst; durch Marketing und Medizin freigeben.";"";"";"recommendation.catalog.ei_familie.why";"recommendations";"2";"v1:53424b46c1243ee3e6505ed975f56a612b38e990c9f2c7b91045479aac9cf712";"f33127e53928231f24baa0c1da1ce11fbd5586356c195f7ea824fbe7fb668906"
"Einflussfaktoren";"Herz-Kreislauf & Vorsorge";"Empfehlungskarten";"Nächster Schritt";"Empfehlungskarte · Einflussfaktoren · konkreter nächster Schritt";"Tragen Sie diese Angaben zusammen. Falls keine aktuelle professionelle Risikoeinschätzung vorliegt, klären Sie den Status und vereinbaren Sie bei Bedarf ein Vorsorgegespräch; andernfalls nehmen Sie die Angaben zum nächsten vorgesehenen Gespräch mit. Lassen Sie sich erklären, welche Untersuchungen aufgrund Ihres Alters, Ihrer persönlichen Werte und Ihrer Familiengeschichte sinnvoll sind.";"";"";"Marketing, Medizin";"Prüfung erforderlich";"An die breite Familienfrage angepasst; durch Marketing und Medizin freigeben.";"";"";"recommendation.catalog.ei_familie.step";"recommendations";"2";"v1:53424b46c1243ee3e6505ed975f56a612b38e990c9f2c7b91045479aac9cf712";"95d817c6c312799e81fbc6a73aab230f8a5771a2ad87ee1c75449753fa9ff991"
"Einflussfaktoren";"Herz-Kreislauf & Vorsorge";"Empfehlungskarten";"Erwarteter Nutzen";"Empfehlungskarte · Einflussfaktoren · erwarteter Nutzen";"Eine möglichst genaue Familiengeschichte macht Vorsorge persönlicher, ohne eine Erkrankung vorwegzunehmen.";"";"";"Marketing, Medizin";"Nicht geprüft";"";"";"";"recommendation.catalog.ei_familie.benefit";"recommendations";"2";"v1:53424b46c1243ee3e6505ed975f56a612b38e990c9f2c7b91045479aac9cf712";"63ea8057d3bf0d682001f6de5abe2f71b4237c336cce9630f935250abd1bdf30"
"Einflussfaktoren";"Herz-Kreislauf & Vorsorge";"4-Wochen-Pläne";"4-Wochen-Plan";"4-Wochen-Plan · Diese Woche";"Tragen Sie zusammen, welche relevante Erkrankung bei welchem Familienmitglied und ungefähr in welchem Alter aufgetreten ist; bei Krebs auch die Krebsart. Prüfen Sie zugleich, ob eine aktuelle professionelle Risikoeinschätzung vorliegt. Falls nicht, klären Sie den Status und vereinbaren Sie bei Bedarf ein Vorsorgegespräch; andernfalls nehmen Sie die Angaben zum nächsten vorgesehenen Gespräch mit.";"";"";"Marketing, Medizin";"Prüfung erforderlich";"Altersgrenzen ausdrücklich auf Herz-Kreislauf-Erkrankungen begrenzt; durch Marketing und Medizin freigeben.";"";"";"recommendation.plan.ei_familie.this_week";"recommendations";"2";"v1:53424b46c1243ee3e6505ed975f56a612b38e990c9f2c7b91045479aac9cf712";"fb04607e6b8a0b9130480d5f8b8f20fa9bf5d1547ca97b64a8a21850b18476d9"
"Einflussfaktoren";"Herz-Kreislauf & Vorsorge";"4-Wochen-Pläne";"4-Wochen-Plan";"4-Wochen-Plan · Woche 2–3";"Bringen Sie diese Familiengeschichte zum nächsten Vorsorgegespräch mit. Bei früh aufgetretenen Herz-Kreislauf-Erkrankungen kann die Fachperson neben Blutdruck und Lipidprofil einordnen, ob eine einmalige Lp(a)-Bestimmung sinnvoll ist. Ob ApoB zusätzliche Informationen liefert, hängt vom individuellen Risikoprofil ab. Bei Diabetes, Krebs oder anderen erblich bedingten Erkrankungen legt sie die passenden Abklärungen oder Früherkennungsangebote fest.";"";"";"Marketing, Medizin";"Prüfung erforderlich";"Kardiovaskuläre Werte nur konditional bei tatsächlich früher Herz-Kreislauf-Familiengeschichte; ApoB nicht als Standardtest formuliert. Durch Marketing und Medizin freigeben.";"";"Lp(a) | ApoB";"recommendation.plan.ei_familie.weeks_2_3";"recommendations";"2";"v1:53424b46c1243ee3e6505ed975f56a612b38e990c9f2c7b91045479aac9cf712";"c80926aee34ec37a49f57a48923bab11967ae8865c724c53ef4725c210426aae"
"Einflussfaktoren";"Herz-Kreislauf & Vorsorge";"4-Wochen-Pläne";"4-Wochen-Plan";"4-Wochen-Plan · Woche 4";"Halten Sie fest, welche Abklärungen empfohlen wurden und wann der nächste sinnvolle Kontrollzeitpunkt ist. Eine Familiengeschichte ist keine Diagnose, kann Vorsorge aber gezielter machen.";"";"";"Marketing, Medizin";"Nicht geprüft";"";"";"";"recommendation.plan.ei_familie.week_4";"recommendations";"2";"v1:53424b46c1243ee3e6505ed975f56a612b38e990c9f2c7b91045479aac9cf712";"b95adfe1c56d11bd21e01b0c9d9940a113340c361101724c735b4087e090974e"
"Einflussfaktoren";"Herz-Kreislauf & Vorsorge";"Empfehlungskarten";"Überschrift";"Empfehlungskarte · Einflussfaktoren · Titel";"Familiengeschichte vervollständigen";"";"";"Marketing";"Nicht geprüft";"";"";"";"recommendation.catalog.ei_familienwissen.title";"recommendations";"2";"v1:53424b46c1243ee3e6505ed975f56a612b38e990c9f2c7b91045479aac9cf712";"218b7b50025719caa5a98d977cc5db8c9c8911103353f04d8c2ad083ecd58c0a"
"Einflussfaktoren";"Herz-Kreislauf & Vorsorge";"Empfehlungskarten";"Begründung / Einordnung";"Empfehlungskarte · Einflussfaktoren · Begründung";"Sie kennen die Krankheitsgeschichte Ihrer Familie nur teilweise oder gar nicht. Für die Vorsorge sind Art der Erkrankung, betroffene Person und ungefähres Diagnosealter besonders hilfreich.";"";"";"Marketing, Medizin";"Nicht geprüft";"";"";"";"recommendation.catalog.ei_familienwissen.why";"recommendations";"2";"v1:53424b46c1243ee3e6505ed975f56a612b38e990c9f2c7b91045479aac9cf712";"374f082dcd54cc8503fe76dab8a05bccb39b5618bbc04ba8539b966be0c21d10"
"Einflussfaktoren";"Herz-Kreislauf & Vorsorge";"Empfehlungskarten";"Nächster Schritt";"Empfehlungskarte · Einflussfaktoren · konkreter nächster Schritt";"Fragen Sie Eltern, Geschwister oder andere gut informierte Angehörige, welche der genannten Erkrankungen bei wem und ungefähr in welchem Alter aufgetreten sind; notieren Sie bei Krebs auch die Krebsart.";"";"";"Marketing, Medizin";"Nicht geprüft";"";"";"";"recommendation.catalog.ei_familienwissen.step";"recommendations";"2";"v1:53424b46c1243ee3e6505ed975f56a612b38e990c9f2c7b91045479aac9cf712";"1896449d6637058cb1e35f6a3e95a7db31e1bcdb3d73cd370130363bc15a76a4"
"Einflussfaktoren";"Herz-Kreislauf & Vorsorge";"Empfehlungskarten";"Erwarteter Nutzen";"Empfehlungskarte · Einflussfaktoren · erwarteter Nutzen";"Diese Angaben helfen einer Fachperson, Vorsorge und mögliche Früherkennung besser auf Sie abzustimmen.";"";"";"Marketing, Medizin";"Nicht geprüft";"";"";"";"recommendation.catalog.ei_familienwissen.benefit";"recommendations";"2";"v1:53424b46c1243ee3e6505ed975f56a612b38e990c9f2c7b91045479aac9cf712";"41189d9c793950632a787ec1128f47ddde4f661eb8388202fe9cfec2d25249d5"
"Einflussfaktoren";"Herz-Kreislauf & Vorsorge";"4-Wochen-Pläne";"4-Wochen-Plan";"4-Wochen-Plan · Diese Woche";"Fragen Sie Eltern, Geschwister oder andere gut informierte Angehörige, welche der genannten Erkrankungen bei wem und ungefähr in welchem Alter aufgetreten sind. Fragen Sie bei Krebs auch nach der Krebsart.";"";"";"Marketing, Medizin";"Prüfung erforderlich";"Altersgrenzen ausdrücklich auf Herz-Kreislauf-Erkrankungen begrenzt; durch Marketing und Medizin freigeben.";"";"";"recommendation.plan.ei_familienwissen.this_week";"recommendations";"2";"v1:53424b46c1243ee3e6505ed975f56a612b38e990c9f2c7b91045479aac9cf712";"a888642a8393ffa1aa8a8a368beee60b54bec7d5048ac65ba1318320be0fc946"
"Einflussfaktoren";"Herz-Kreislauf & Vorsorge";"4-Wochen-Pläne";"4-Wochen-Plan";"4-Wochen-Plan · Woche 2–3";"Notieren Sie die Angaben übersichtlich: betroffene Person, Erkrankung beziehungsweise Krebsart und ungefähres Diagnosealter. Auch die Information, dass keine solche Erkrankung bekannt ist, kann hilfreich sein.";"";"";"Marketing, Medizin";"Nicht geprüft";"";"";"";"recommendation.plan.ei_familienwissen.weeks_2_3";"recommendations";"2";"v1:53424b46c1243ee3e6505ed975f56a612b38e990c9f2c7b91045479aac9cf712";"1b30c1c528b354d6f369db3e9a0334a4adea801281b43e09776fc2a9648d4c8f"
"Einflussfaktoren";"Herz-Kreislauf & Vorsorge";"4-Wochen-Pläne";"4-Wochen-Plan";"4-Wochen-Plan · Woche 4";"Nehmen Sie die Notizen zum nächsten Vorsorgegespräch mit. Eine medizinische Fachperson kann damit besser beurteilen, welche Kontrollen oder Früherkennungsangebote zu Ihnen passen.";"";"";"Marketing, Medizin";"Nicht geprüft";"";"";"";"recommendation.plan.ei_familienwissen.week_4";"recommendations";"2";"v1:53424b46c1243ee3e6505ed975f56a612b38e990c9f2c7b91045479aac9cf712";"a9e89ba6b3b3e2be5135df91af9dc58dd3fb07d0876a06aec15ba76e0833c0cd"
"Einflussfaktoren";"Herz-Kreislauf & Vorsorge";"Empfehlungskarten";"Überschrift";"Empfehlungskarte · Einflussfaktoren · Titel";"Persönliche Risikoeinschätzung klären";"";"";"Marketing";"Nicht geprüft";"";"";"";"recommendation.catalog.ei_vorsorge.title";"recommendations";"2";"v1:53424b46c1243ee3e6505ed975f56a612b38e990c9f2c7b91045479aac9cf712";"7d76eca0996cd8e9681561c5694d62187b20c4b3436fc08530173bfbf4194076"
"Einflussfaktoren";"Herz-Kreislauf & Vorsorge";"Empfehlungskarten";"Begründung / Einordnung";"Empfehlungskarte · Einflussfaktoren · Begründung";"Aus Ihrer Antwort geht nicht sicher hervor, dass Ihre persönliche Risikoeinschätzung aktuell ist. Gesundheitswerte und Vorsorgebedarf können sich mit dem Alter, neuen Messwerten oder der Familiengeschichte verändern.";"";"";"Marketing, Medizin";"Nicht geprüft";"";"";"";"recommendation.catalog.ei_vorsorge.why";"recommendations";"2";"v1:53424b46c1243ee3e6505ed975f56a612b38e990c9f2c7b91045479aac9cf712";"770b36df335a0a84880eb058e13a070de2bf84d51e6922f125fa53aebd777939"
"Einflussfaktoren";"Herz-Kreislauf & Vorsorge";"Empfehlungskarten";"Nächster Schritt";"Empfehlungskarte · Einflussfaktoren · konkreter nächster Schritt";"Prüfen Sie vorhandene Unterlagen oder fragen Sie Ihre Praxis, wann die letzte Beurteilung war. Falls keine aktuelle Einschätzung vorliegt, klären Sie mit einer medizinischen Fachperson, welche Basiswerte und Vorsorgeuntersuchungen jetzt sinnvoll sind.";"";"";"Marketing, Medizin";"Nicht geprüft";"";"";"";"recommendation.catalog.ei_vorsorge.step";"recommendations";"2";"v1:53424b46c1243ee3e6505ed975f56a612b38e990c9f2c7b91045479aac9cf712";"3732792df37b225e35547e5456c3cb2a253f4e73c114b11312e843450f0e199d"
"Einflussfaktoren";"Herz-Kreislauf & Vorsorge";"Empfehlungskarten";"Erwarteter Nutzen";"Empfehlungskarte · Einflussfaktoren · erwarteter Nutzen";"Ein geklärter Stand verhindert unnötige Wiederholungen und hilft, sinnvolle Kontrollen rechtzeitig zu planen.";"";"";"Marketing, Medizin";"Nicht geprüft";"";"";"";"recommendation.catalog.ei_vorsorge.benefit";"recommendations";"2";"v1:53424b46c1243ee3e6505ed975f56a612b38e990c9f2c7b91045479aac9cf712";"b2681e382d715d2f16b955f67ea543319e12213770898d2e4021e519b4eedea7"
"Einflussfaktoren";"Herz-Kreislauf & Vorsorge";"4-Wochen-Pläne";"4-Wochen-Plan";"4-Wochen-Plan · Diese Woche";"Prüfen Sie vorhandene Unterlagen oder fragen Sie Ihre Praxis, wann Ihr persönliches Gesundheitsrisiko zuletzt beurteilt wurde. Falls keine aktuelle Einschätzung vorliegt, vereinbaren Sie einen Termin und nehmen Sie vorhandene Messwerte sowie Ihre Familiengeschichte mit.";"";"";"Marketing, Medizin";"Prüfung erforderlich";"ApoB nicht als Einmalmessung dargestellt und unbelegte Herzinfarkt-Verallgemeinerung entfernt; durch Marketing und Medizin freigeben.";"";"";"recommendation.plan.ei_vorsorge.this_week";"recommendations";"2";"v1:53424b46c1243ee3e6505ed975f56a612b38e990c9f2c7b91045479aac9cf712";"0e44cd7fd5bae7744e989918655084222d8ae9979764dd20f15d00bb6ca53813"
"Einflussfaktoren";"Herz-Kreislauf & Vorsorge";"4-Wochen-Pläne";"4-Wochen-Plan";"4-Wochen-Plan · Woche 2–3";"Klären Sie mit der medizinischen Fachperson, welche Basiswerte und Vorsorgeuntersuchungen zu Ihrem Alter und Risikoprofil passen. Lassen Sie sich Ergebnisse, Nutzen und mögliche nächste Schritte verständlich erklären.";"";"";"Marketing, Medizin";"Nicht geprüft";"";"";"";"recommendation.plan.ei_vorsorge.weeks_2_3";"recommendations";"2";"v1:53424b46c1243ee3e6505ed975f56a612b38e990c9f2c7b91045479aac9cf712";"d47311701571638e09c66fd30b54226f64254d238206b8f78cb115621de72c76"
"Einflussfaktoren";"Herz-Kreislauf & Vorsorge";"4-Wochen-Pläne";"4-Wochen-Plan";"4-Wochen-Plan · Woche 4";"Halten Sie gemeinsam fest, ob und wann eine erneute Beurteilung sinnvoll ist. So bleibt Ihre Vorsorge aktuell, ohne Untersuchungen unnötig zu wiederholen.";"";"";"Marketing, Medizin";"Nicht geprüft";"";"";"";"recommendation.plan.ei_vorsorge.week_4";"recommendations";"2";"v1:53424b46c1243ee3e6505ed975f56a612b38e990c9f2c7b91045479aac9cf712";"517f7db6ba0cfdb215abe75ff6b09627009ab8130f6abf32bcf18ea0fadc8b3d"
"Einflussfaktoren";"Herz-Kreislauf & Vorsorge";"Empfehlungskarten";"Überschrift";"Empfehlungskarte · Einflussfaktoren · Titel";"Passende Vorsorge kennenlernen";"";"";"Marketing, Medizin";"Prüfung erforderlich";"Neue scorefreie Empfehlung bei fehlendem oder teilweisem Wissen über passende Vorsorge; durch Marketing und Medizin freigeben.";"";"";"recommendation.catalog.ei_vorsorgewissen.title";"recommendations";"2";"v1:53424b46c1243ee3e6505ed975f56a612b38e990c9f2c7b91045479aac9cf712";"e30d9a29fbbd774d948417f8db03a0eb3d21a413fe9bee2139d16d6f0413717a"
"Einflussfaktoren";"Herz-Kreislauf & Vorsorge";"Empfehlungskarten";"Begründung / Einordnung";"Empfehlungskarte · Einflussfaktoren · Begründung";"Sie wissen noch nicht vollständig, welche Vorsorgeuntersuchungen aufgrund Ihres Alters, Ihrer persönlichen Werte und Ihrer Familiengeschichte sinnvoll sind.";"";"";"Marketing, Medizin";"Prüfung erforderlich";"Neue scorefreie Empfehlung; durch Marketing und Medizin freigeben.";"";"";"recommendation.catalog.ei_vorsorgewissen.why";"recommendations";"2";"v1:53424b46c1243ee3e6505ed975f56a612b38e990c9f2c7b91045479aac9cf712";"c3dcfd0208f9f28789dfa9c5c46d6611b04a99106b5d5e356d3cd66497379b12"
"Einflussfaktoren";"Herz-Kreislauf & Vorsorge";"Empfehlungskarten";"Nächster Schritt";"Empfehlungskarte · Einflussfaktoren · konkreter nächster Schritt";"Nutzen Sie verlässliche Gesundheitsinformationen und besprechen Sie offene Fragen mit einer medizinischen Fachperson. Fragen Sie konkret, welche Untersuchung für Sie welchen Nutzen hat und wann sie sinnvoll ist.";"";"";"Marketing, Medizin";"Prüfung erforderlich";"Neue scorefreie Empfehlung; durch Marketing und Medizin freigeben.";"";"";"recommendation.catalog.ei_vorsorgewissen.step";"recommendations";"2";"v1:53424b46c1243ee3e6505ed975f56a612b38e990c9f2c7b91045479aac9cf712";"996c4c9f3fb39363c1a8d17a7ea251fa183bdc3a5f1cd3a89379f7ffa186ca95"
"Einflussfaktoren";"Herz-Kreislauf & Vorsorge";"Empfehlungskarten";"Erwarteter Nutzen";"Empfehlungskarte · Einflussfaktoren · erwarteter Nutzen";"So können Sie informierte Entscheidungen treffen und die für Sie passende Vorsorge gezielt planen.";"";"";"Marketing, Medizin";"Prüfung erforderlich";"Neue scorefreie Empfehlung; durch Marketing und Medizin freigeben.";"";"";"recommendation.catalog.ei_vorsorgewissen.benefit";"recommendations";"2";"v1:53424b46c1243ee3e6505ed975f56a612b38e990c9f2c7b91045479aac9cf712";"48a36879bb9a1de7b550a4038b64ea59170356ca817b961079148b01d6f77dbe"
"Einflussfaktoren";"Herz-Kreislauf & Vorsorge";"4-Wochen-Pläne";"4-Wochen-Plan";"4-Wochen-Plan · Diese Woche";"Notieren Sie, welche Frage zu Ihrer persönlichen Vorsorge noch offen ist. Nutzen Sie eine verlässliche Gesundheitsquelle, um sich einen ersten Überblick zu verschaffen.";"";"";"Marketing, Medizin";"Prüfung erforderlich";"Neue scorefreie Empfehlung; durch Marketing und Medizin freigeben.";"";"";"recommendation.plan.ei_vorsorgewissen.this_week";"recommendations";"2";"v1:53424b46c1243ee3e6505ed975f56a612b38e990c9f2c7b91045479aac9cf712";"a2254f4336616fc0de75fe975ff30483afd07a1f8077f6d74a7317509de27b96"
"Einflussfaktoren";"Herz-Kreislauf & Vorsorge";"4-Wochen-Pläne";"4-Wochen-Plan";"4-Wochen-Plan · Woche 2–3";"Besprechen Sie offene Punkte mit einer medizinischen Fachperson. Fragen Sie konkret, welche Untersuchung aufgrund Ihres Alters, Ihrer persönlichen Werte und Ihrer Familiengeschichte sinnvoll ist und welchen Nutzen sie für Sie hat.";"";"";"Marketing, Medizin";"Prüfung erforderlich";"Neue scorefreie Empfehlung; durch Marketing und Medizin freigeben.";"";"";"recommendation.plan.ei_vorsorgewissen.weeks_2_3";"recommendations";"2";"v1:53424b46c1243ee3e6505ed975f56a612b38e990c9f2c7b91045479aac9cf712";"0167d67fd22c62d9a4e43491daaa3f2b1b649db814688baed36d13addc22abad"
"Einflussfaktoren";"Herz-Kreislauf & Vorsorge";"4-Wochen-Pläne";"4-Wochen-Plan";"4-Wochen-Plan · Woche 4";"Halten Sie fest, welche Vorsorge für Sie aktuell empfohlen ist und wann Sie das Thema erneut prüfen sollten. So wird aus Information ein übersichtlicher persönlicher Vorsorgeplan.";"";"";"Marketing, Medizin";"Prüfung erforderlich";"Neue scorefreie Empfehlung; durch Marketing und Medizin freigeben.";"";"";"recommendation.plan.ei_vorsorgewissen.week_4";"recommendations";"2";"v1:53424b46c1243ee3e6505ed975f56a612b38e990c9f2c7b91045479aac9cf712";"ab72c687411d62f22211157921e2cede53fc818f0ea15421a25a9edd36d1e88a"
"Einflussfaktoren";"Herz-Kreislauf & Vorsorge";"Dimensionsdetails";"Überschrift";"Dimensionsdetail · Titel";"Familiäre Vorbelastung";"";"";"Marketing, Medizin";"Nicht geprüft";"";"";"";"recommendation.signal.familie_hk.title";"recommendations";"2";"v1:53424b46c1243ee3e6505ed975f56a612b38e990c9f2c7b91045479aac9cf712";"a9c13aacda26dccc42ae490e243dd491d2b2a16f97884db75f81a9a28bba9f5a"
"Einflussfaktoren";"Herz-Kreislauf & Vorsorge";"Dimensionsdetails";"Persönliche Einordnung";"Dimensionsdetail · Einordnung";"Eine bekannte Erkrankung bei Eltern, Geschwistern oder eigenen Kindern bedeutet nicht, dass Sie selbst erkranken werden. Sie ist aber eine wichtige Information, um Vorsorge und Kontrollen persönlich einzuordnen.";"";"";"Marketing, Medizin";"Prüfung erforderlich";"An die breite Familienfrage angepasst; durch Marketing und Medizin freigeben.";"";"";"recommendation.signal.familie_hk.insight";"recommendations";"2";"v1:53424b46c1243ee3e6505ed975f56a612b38e990c9f2c7b91045479aac9cf712";"82e2f7daf8ac441849f1f01a91fc06cf44abb07fc91753d99171eee4da94e19e"
"Einflussfaktoren";"Herz-Kreislauf & Vorsorge";"Dimensionsdetails";"Medizinische Klärung";"Dimensionsdetail · medizinischer Klärungshinweis";"Welche Erkrankung bei wem und ungefähr in welchem Alter diagnostiziert wurde; bei Krebs zusätzlich die Krebsart. Eine medizinische Fachperson kann daraus ableiten, ob und welche gezielte Vorsorge oder genetische Beratung sinnvoll sein könnte.";"";"";"Marketing, Medizin";"Prüfung erforderlich";"Altersgrenzen ausdrücklich auf Herz-Kreislauf-Erkrankungen begrenzt; durch Marketing und Medizin freigeben.";"";"";"recommendation.signal.familie_hk.clarify";"recommendations";"2";"v1:53424b46c1243ee3e6505ed975f56a612b38e990c9f2c7b91045479aac9cf712";"92f873b66220f87d778d2f80ba41bbf2c3aca9801342c6e69e1a6a5364e6a9a3"
"Einflussfaktoren";"Herz-Kreislauf & Vorsorge";"Zusatzhinweise bei abgedeckten Aktionsschritten";"Vertiefung";"Zusatzhinweis bei bereits abgedecktem Aktionsschritt";"Ist bei Ihnen ein erhöhtes Lp(a) bekannt, kann die Fachperson mit Ihnen besprechen, ob eine Bestimmung bei Eltern, Geschwistern oder Kindern sinnvoll ist. Lp(a) ist überwiegend genetisch bestimmt.";"";"";"Marketing, Medizin";"Prüfung erforderlich";"Familienuntersuchung fachlich eingeordnet und direkte Weitergabe nicht unterstellt; durch Marketing und Medizin freigeben.";"";"";"recommendation.signal.familie_hk.deepen";"recommendations";"2";"v1:53424b46c1243ee3e6505ed975f56a612b38e990c9f2c7b91045479aac9cf712";"08ca3d862cbb6a7b659e0081494dc1aaa3272ba3e7070ce8bece3c74b893b736"
"Einflussfaktoren";"Herz-Kreislauf & Vorsorge";"Risikosignale";"Risikosignal";"Ergebnisseite, medizinisches Signal familiäre Vorbelastung";"Bei Ihren Eltern, Geschwistern oder eigenen Kindern sind relevante Erkrankungen bekannt. Eine genaue Familiengeschichte hilft, die passende Vorsorge zu planen.";"";"";"Marketing, Medizin";"Nicht geprüft";"";"";"";"recommendation.risk_signal.familie_hk.label";"recommendations";"2";"v1:53424b46c1243ee3e6505ed975f56a612b38e990c9f2c7b91045479aac9cf712";"d05ac72b54044daea17b8f3e4f55e4b3bc73f9a8a7ca0f9862dd36a3c10e4f78"
"Einflussfaktoren";"Herz-Kreislauf & Vorsorge";"Handlungsfelder";"Beschriftung";"Handlungsfeld · Einflussfaktoren · Kurzlabel";"Blutdruck einmal messen";"";"";"Marketing, Medizin";"Nicht geprüft";"";"";"";"recommendation.lever.lv_bd_messen.label";"recommendations";"2";"v1:53424b46c1243ee3e6505ed975f56a612b38e990c9f2c7b91045479aac9cf712";"542e0eac00e6a8b19ce5908eb5196ed53535e72022f1e89155e40fcb0b026f72"
"Einflussfaktoren";"Herz-Kreislauf & Vorsorge";"Handlungsfelder";"Detailtext";"Handlungsfeld · Einflussfaktoren · Detailtext";"Sie kennen Ihren Blutdruck nicht – da er meist keine Symptome macht, ist Messen der einzige Weg, ihn früh zu erkennen.";"";"";"Marketing, Medizin";"Nicht geprüft";"";"";"";"recommendation.lever.lv_bd_messen.detail";"recommendations";"2";"v1:53424b46c1243ee3e6505ed975f56a612b38e990c9f2c7b91045479aac9cf712";"ba19400937426abcfbb2b549a9f5b20ad3181f34c721d3e04cff68fa8d121c9b"
"Einflussfaktoren";"Herz-Kreislauf & Vorsorge";"Handlungsfelder";"Beschriftung";"Handlungsfeld · Einflussfaktoren · Kurzlabel";"Bluthochdruck gut begleiten";"";"";"Marketing, Medizin";"Nicht geprüft";"";"";"";"recommendation.lever.lv_blutdruck.label";"recommendations";"2";"v1:53424b46c1243ee3e6505ed975f56a612b38e990c9f2c7b91045479aac9cf712";"1f17ffd7f5f13bf2c8409f6e60267e7babb7075fb8ec62ce2b42ab03e7b53242"
"Einflussfaktoren";"Herz-Kreislauf & Vorsorge";"Handlungsfelder";"Detailtext";"Handlungsfeld · Einflussfaktoren · Detailtext";"Ihr bekannter Bluthochdruck ist Ihr wichtigster steuerbarer Risikofaktor – regelmässig messen und die Behandlung konsequent begleiten.";"";"";"Marketing, Medizin";"Nicht geprüft";"";"";"";"recommendation.lever.lv_blutdruck.detail";"recommendations";"2";"v1:53424b46c1243ee3e6505ed975f56a612b38e990c9f2c7b91045479aac9cf712";"f0a173f259268d52ea8ad4dd5fd0901f4d527beba13096da3616844e3d2dbe9c"
"Einflussfaktoren";"Herz-Kreislauf & Vorsorge";"Handlungsfelder";"Beschriftung";"Handlungsfeld · Einflussfaktoren · Kurzlabel";"Familiäres Risiko in die Vorsorge einbeziehen";"";"";"Marketing, Medizin";"Prüfung erforderlich";"Neue scoreunabhängige Summary-Priorisierung; durch Marketing und Medizin freigeben.";"";"";"recommendation.lever.lv_familie.label";"recommendations";"2";"v1:53424b46c1243ee3e6505ed975f56a612b38e990c9f2c7b91045479aac9cf712";"50408e8bf3df24356fc3bf1ac88d2e84f87b8db9005720018c600578aeba3d85"
"Einflussfaktoren";"Herz-Kreislauf & Vorsorge";"Handlungsfelder";"Detailtext";"Handlungsfeld · Einflussfaktoren · Detailtext";"Notieren Sie Erkrankung, betroffene Person und ungefähres Diagnosealter; bei Krebs auch die Krebsart. Prüfen Sie zugleich, ob eine aktuelle professionelle Risikoeinschätzung vorliegt. Falls nicht, klären Sie den Status und vereinbaren Sie bei Bedarf ein Vorsorgegespräch; andernfalls nehmen Sie die Angaben zum nächsten vorgesehenen Gespräch mit. Lassen Sie sich dort die für Sie passende Vorsorge erklären.";"";"";"Marketing, Medizin";"Prüfung erforderlich";"Breite Familienfrage bewusst nicht pauschal als Herz-Kreislauf-Risiko formuliert; durch Marketing und Medizin freigeben.";"";"";"recommendation.lever.lv_familie.detail";"recommendations";"2";"v1:53424b46c1243ee3e6505ed975f56a612b38e990c9f2c7b91045479aac9cf712";"369cc74c3de53008edfbf58496162378706cac9bfc569817b584e22fd44a8c71"
"Einflussfaktoren";"Herz-Kreislauf & Vorsorge";"Handlungsfelder";"Beschriftung";"Handlungsfeld · Einflussfaktoren · Kurzlabel";"Familiäre Krankheitsgeschichte klären";"";"";"Marketing, Medizin";"Nicht geprüft";"";"";"";"recommendation.lever.lv_familienwissen.label";"recommendations";"2";"v1:53424b46c1243ee3e6505ed975f56a612b38e990c9f2c7b91045479aac9cf712";"e5577ad319ff77863913ca58ad62857f0868d77b851bae57679e1d9464951cbb"
"Einflussfaktoren";"Herz-Kreislauf & Vorsorge";"Handlungsfelder";"Detailtext";"Handlungsfeld · Einflussfaktoren · Detailtext";"Fragen Sie Angehörige, welche relevante Erkrankung bei wem und ungefähr in welchem Alter aufgetreten ist; bei Krebs auch nach der Krebsart. Notieren Sie die Angaben für ein späteres Vorsorgegespräch.";"";"";"Marketing, Medizin";"Nicht geprüft";"";"";"";"recommendation.lever.lv_familienwissen.detail";"recommendations";"2";"v1:53424b46c1243ee3e6505ed975f56a612b38e990c9f2c7b91045479aac9cf712";"1ec3b7b09b5fa63ad928f34da1c2641ba03f91f109dd32362a0cad4232048ea9"
"Einflussfaktoren";"Herz-Kreislauf & Vorsorge";"Handlungsfelder";"Beschriftung";"Handlungsfeld · Einflussfaktoren · Kurzlabel";"Kardiovaskulären Vorsorge-Check durchführen";"";"";"Marketing, Medizin";"Nicht geprüft";"";"";"";"recommendation.lever.lv_kardio.label";"recommendations";"2";"v1:53424b46c1243ee3e6505ed975f56a612b38e990c9f2c7b91045479aac9cf712";"4b6e874325af7170154acb8dd499160bbf8a87348d665fc7f10d8af979179621"
"Einflussfaktoren";"Herz-Kreislauf & Vorsorge";"Handlungsfelder";"Dynamischer Text";"Handlungsfeld · Einflussfaktoren · Detailtext mit dynamischer Liste der Risikofaktoren";"Mehrere Faktoren erhöhen zusammen Ihr Herz-Kreislauf-Risiko – bei Ihnen: {{riskFactors}}. Ein ärztlicher Check macht Ihr persönliches Risiko greifbar und priorisiert die nächsten Schritte.";"";"";"Marketing, Medizin";"Nicht geprüft";"";"{{riskFactors}}";"";"recommendation.lever.lv_kardio.detail.with_risk_factors";"recommendations";"2";"v1:53424b46c1243ee3e6505ed975f56a612b38e990c9f2c7b91045479aac9cf712";"d0bdb3d702e1c9cfdfaa25f4d573c558403054a79da2dd1b26247d6f1e432df4"
"Einflussfaktoren";"Herz-Kreislauf & Vorsorge";"Handlungsfelder";"Beschriftung";"Handlungsfeld · Einflussfaktoren · Kurzlabel";"Aktualität der Risikoeinschätzung klären";"";"";"Marketing, Medizin";"Prüfung erforderlich";"Neue scoreunabhängige Summary-Priorisierung; durch Marketing und Medizin freigeben.";"";"";"recommendation.lever.lv_vorsorge.label";"recommendations";"2";"v1:53424b46c1243ee3e6505ed975f56a612b38e990c9f2c7b91045479aac9cf712";"7bfc054f59a422ff30de9db3f593543fefe5bf149f6303f4c024c85050bcc8d9"
"Einflussfaktoren";"Herz-Kreislauf & Vorsorge";"Handlungsfelder";"Detailtext";"Handlungsfeld · Einflussfaktoren · Detailtext";"Prüfen Sie, wann Ihr persönliches Gesundheitsrisiko zuletzt professionell beurteilt wurde. Ist die Einschätzung nicht aktuell oder unklar, besprechen Sie mit einer medizinischen Fachperson, welche Basiswerte und Vorsorgeuntersuchungen jetzt zu Ihnen passen.";"";"";"Marketing, Medizin";"Prüfung erforderlich";"Keine pauschale Screening-Pflicht behauptet; durch Marketing und Medizin freigeben.";"";"";"recommendation.lever.lv_vorsorge.detail";"recommendations";"2";"v1:53424b46c1243ee3e6505ed975f56a612b38e990c9f2c7b91045479aac9cf712";"4e8312c79f47b65829ea6de97e90466b554ab613cd851ed06071dc1860efa981"
"Einflussfaktoren";"Herz-Kreislauf & Vorsorge";"Handlungsfelder";"Beschriftung";"Handlungsfeld · Einflussfaktoren · Kurzlabel";"Passende Vorsorge kennenlernen";"";"";"Marketing, Medizin";"Prüfung erforderlich";"Neue scorefreie Summary-Priorisierung; durch Marketing und Medizin freigeben.";"";"";"recommendation.lever.lv_vorsorgewissen.label";"recommendations";"2";"v1:53424b46c1243ee3e6505ed975f56a612b38e990c9f2c7b91045479aac9cf712";"c8a94172c0990684390b19a0687689b2e8b2c5d469e48d7edb388fa4c176eb06"
"Einflussfaktoren";"Herz-Kreislauf & Vorsorge";"Handlungsfelder";"Detailtext";"Handlungsfeld · Einflussfaktoren · Detailtext";"Informieren Sie sich aus verlässlichen Quellen und klären Sie mit einer medizinischen Fachperson, welche Vorsorgeuntersuchungen aufgrund Ihres Alters, Ihrer persönlichen Werte und Ihrer Familiengeschichte für Sie sinnvoll sind.";"";"";"Marketing, Medizin";"Prüfung erforderlich";"Neue scorefreie Summary-Priorisierung; durch Marketing und Medizin freigeben.";"";"";"recommendation.lever.lv_vorsorgewissen.detail";"recommendations";"2";"v1:53424b46c1243ee3e6505ed975f56a612b38e990c9f2c7b91045479aac9cf712";"ddaf2eb9a2bbbaa2fe3c62ded6a493bd40c15657bc4a707d0ab0791404159ebf"
"Einflussfaktoren";"Herz-Kreislauf & Vorsorge";"Quellenlabels";"Quellenbezeichnung";"Sichtbares Label einer Fachquelle";"Schweizerische Herzstiftung: Blutfette & Cholesterin";"";"";"Marketing, Medizin";"Nicht geprüft";"";"";"";"recommendation.source.swissheart_blutfette.label";"recommendations";"2";"v1:53424b46c1243ee3e6505ed975f56a612b38e990c9f2c7b91045479aac9cf712";"04c98196daed658234d17201ff87e51b4c0bd521ac7af2d333ad0adb53e9463e"
"Einflussfaktoren";"Herz-Kreislauf & Vorsorge";"Quellenlabels";"Quellenbezeichnung";"Sichtbares Label einer Fachquelle";"Schweizerische Herzstiftung: Cholesterin & Lipoprotein(a) in der Familie";"";"";"Marketing, Medizin";"Nicht geprüft";"";"";"";"recommendation.source.swissheart_lpa.label";"recommendations";"2";"v1:53424b46c1243ee3e6505ed975f56a612b38e990c9f2c7b91045479aac9cf712";"9af200d712a508b133ee064da947e22895d6706a6dad775a2bd6d3d5906f4306"
"Einflussfaktoren";"Herz-Kreislauf & Vorsorge";"Quellenlabels";"Quellenbezeichnung";"Sichtbares Label einer Fachquelle";"Schweizerische Herzstiftung: Diese Werte müssen Sie kennen";"";"";"Marketing, Medizin";"Nicht geprüft";"";"";"";"recommendation.source.swissheart_werte.label";"recommendations";"2";"v1:53424b46c1243ee3e6505ed975f56a612b38e990c9f2c7b91045479aac9cf712";"33d861ad98a95061c948e9bf4e1ec02652319af20e460b19d0382ff5772bf0ec"
"Einflussfaktoren";"Herz-Kreislauf & Vorsorge";"Stärken";"Beschriftung";"Stärke · Einflussfaktoren · Kurzlabel";"Aktuelle Risikoeinschätzung & Vorsorgewissen";"";"";"Marketing";"Nicht geprüft";"";"";"";"recommendation.strength.st_vorsorge.label";"recommendations";"2";"v1:53424b46c1243ee3e6505ed975f56a612b38e990c9f2c7b91045479aac9cf712";"8fbab01729c4a620e4dfc35d3b5e34dc359bf287de7e014416b3454795014c32"
"Einflussfaktoren";"Herz-Kreislauf & Vorsorge";"Stärken";"Detailtext";"Stärke · Einflussfaktoren · Detailtext";"Ihre persönliche Risikoeinschätzung ist gemäss Fachperson aktuell, und Sie wissen, welche Vorsorgeuntersuchungen für Sie sinnvoll sind – eine gute Grundlage für gezielte Prävention.";"";"";"Marketing, Medizin";"Nicht geprüft";"";"";"";"recommendation.strength.st_vorsorge.detail";"recommendations";"2";"v1:53424b46c1243ee3e6505ed975f56a612b38e990c9f2c7b91045479aac9cf712";"ae463b7f89911af79114d5b8f1da9685eca17e2cd453d53085ee817546c8e8cb"
"Einflussfaktoren";"Herz-Kreislauf & Vorsorge";"Ergebnis-Einstieg";"Beschriftung";"Ergebnis-Zusammenfassung · Themenlabel «Herz-Kreislauf & Vorsorge»";"Wissen über familiäre Vorbelastung";"";"";"Marketing";"Nicht geprüft";"";"";"";"ui.hero.topic.familienwissen";"ui";"2";"v1:53424b46c1243ee3e6505ed975f56a612b38e990c9f2c7b91045479aac9cf712";"371e7950620c93d4323cee53ce104c3def4ba1c78c1208b949b4fbaa449b7a0a"
"Einflussfaktoren";"Herz-Kreislauf & Vorsorge";"Dimensionsdetails";"Überschrift";"Dimensionsdetail · Titel";"Aktualität der Risikoeinschätzung klären";"";"";"Marketing, Medizin";"Nicht geprüft";"";"";"";"recommendation.signal.vorsorge.title";"recommendations";"2";"v1:53424b46c1243ee3e6505ed975f56a612b38e990c9f2c7b91045479aac9cf712";"966a815d0052201bfb0a106b756674cede5451f9f31fda2da13690d05ce3ee9a"
"Einflussfaktoren";"Herz-Kreislauf & Vorsorge";"Dimensionsdetails";"Persönliche Einordnung";"Dimensionsdetail · Einordnung";"Aus Ihrer Antwort geht nicht sicher hervor, dass Ihre persönliche Risikoeinschätzung aktuell ist. Manche Risikofaktoren verursachen lange keine Beschwerden; aktuelle Werte und eine professionelle Einordnung schaffen Klarheit.";"";"";"Marketing, Medizin";"Prüfung erforderlich";"Nicht belegte Herzinfarkt-Verallgemeinerung durch symptomfreie Risikofaktoren ersetzt; durch Marketing und Medizin freigeben.";"";"";"recommendation.signal.vorsorge.insight";"recommendations";"2";"v1:53424b46c1243ee3e6505ed975f56a612b38e990c9f2c7b91045479aac9cf712";"703af22f093fe6cce775aba669d30b2bd3cb1433ad8c40521783a0a7f3d9da7e"
"Einflussfaktoren";"Herz-Kreislauf & Vorsorge";"Dimensionsdetails";"Medizinische Klärung";"Dimensionsdetail · medizinischer Klärungshinweis";"Wann Ihre letzte Beurteilung stattfand, welche Basiswerte damals erhoben wurden und welche Vorsorgeuntersuchungen aufgrund Ihres heutigen Profils sinnvoll sind.";"";"";"Marketing, Medizin";"Nicht geprüft";"";"";"";"recommendation.signal.vorsorge.clarify";"recommendations";"2";"v1:53424b46c1243ee3e6505ed975f56a612b38e990c9f2c7b91045479aac9cf712";"e49ba466e3f99b7cc04b0a03711538bcb1227d756fb6173de271469ac710a648"
"Einflussfaktoren";"Herz-Kreislauf & Vorsorge";"Zusatzhinweise bei abgedeckten Aktionsschritten";"Vertiefung";"Zusatzhinweis bei bereits abgedecktem Aktionsschritt";"Wichtig für die Terminvorbereitung: Fragen Sie, ob ApoB bei Ihrem Risikoprofil zusätzliche Information liefert und ob Lp(a) bereits einmal bestimmt wurde.";"";"";"Marketing, Medizin";"Prüfung erforderlich";"Nicht ausreichend belegte Häufigkeitsangabe entfernt und ApoB/Lp(a) fachlich getrennt; durch Marketing und Medizin freigeben.";"";"";"recommendation.signal.vorsorge.deepen";"recommendations";"2";"v1:53424b46c1243ee3e6505ed975f56a612b38e990c9f2c7b91045479aac9cf712";"0a728843b75189da183036f18385a119a83d92c20d1541f0799b2a8b85f11160"
"Einflussfaktoren";"Herz-Kreislauf & Vorsorge";"Risikosignale";"Risikosignal";"Ergebnisseite, medizinisches Signal fehlender Vorsorge-Check";"Es ist nicht sicher, dass Ihre persönliche Risikoeinschätzung aktuell ist. Klären Sie den Stand und planen Sie bei Bedarf eine professionelle Beurteilung.";"";"";"Marketing, Medizin";"Nicht geprüft";"";"";"";"recommendation.risk_signal.vorsorge.label";"recommendations";"2";"v1:53424b46c1243ee3e6505ed975f56a612b38e990c9f2c7b91045479aac9cf712";"1737bfe211a3b97b3eb9816e9285cc2832880cfd282c0e219047f13cb2922d7e"
"Einflussfaktoren";"Körperzusammensetzung & Stoffwechsel";"Dimensionsdetails";"Überschrift";"Dimensionsdetail · Titel";"Körperzusammensetzung und Stoffwechsel";"";"";"Marketing, Medizin";"Prüfung erforderlich";"Neutraler Titel bleibt auch dann korrekt, wenn der Hinweis vom BMI und nicht vom Taillenumfang ausgelöst wird; durch Marketing und Medizin freigeben.";"";"";"recommendation.signal.koerperzusammensetzung.title";"recommendations";"2";"v1:53424b46c1243ee3e6505ed975f56a612b38e990c9f2c7b91045479aac9cf712";"28f67410cd64f35b0e8c93e652418e833a15a716e8b8820ec61799cc67da0149"
"Einflussfaktoren";"Körperzusammensetzung & Stoffwechsel";"Dimensionsdetails";"Persönliche Einordnung";"Dimensionsdetail · Einordnung";"Taille-Grösse-Verhältnis und BMI beschreiben unterschiedliche Aspekte der Körperzusammensetzung. Beide Werte sind Screeningorientierungen und keine Diagnose oder vollständige Herz-Kreislauf-Risikoberechnung.";"";"";"Marketing, Medizin";"Prüfung erforderlich";"Neutraler Fallback behauptet keinen erhöhten Taillenumfang, wenn das Signal allein vom BMI ausgelöst wird; durch Marketing und Medizin freigeben.";"";"";"recommendation.signal.koerperzusammensetzung.insight";"recommendations";"2";"v1:53424b46c1243ee3e6505ed975f56a612b38e990c9f2c7b91045479aac9cf712";"2ae0aac0bc8b0c69fbb55f1fe81935801a5f18668730bb319b9f66246f45343b"
"Einflussfaktoren";"Körperzusammensetzung & Stoffwechsel";"Dimensionsdetails";"Nächster Schritt";"Dimensionsdetail · nächster Schritt mit bereits angegebenem Taillenumfang";"Sie haben Ihren Taillenumfang bereits angegeben. Notieren Sie den Wert für den Verlauf und beziehen Sie ihn zusammen mit Gewicht, Blutdruck, Blutzucker und Blutfetten in die fachliche Risikoeinordnung ein.";"";"";"Marketing, Medizin";"Prüfung erforderlich";"Verhindert die erneute Aufforderung zur Messung bei bereits vorhandenem Wert; durch Marketing und Medizin freigeben.";"";"";"recommendation.signal.koerperzusammensetzung.action.with_waist";"recommendations";"2";"v1:53424b46c1243ee3e6505ed975f56a612b38e990c9f2c7b91045479aac9cf712";"a63cb19afa3d84d507e48742f27fc8072c9ffffbdc666061d8baf6efaf35e603"
"Einflussfaktoren";"Körperzusammensetzung & Stoffwechsel";"Dimensionsdetails";"Nächster Schritt";"Dimensionsdetail · nächster Schritt ohne bereits angegebenen Taillenumfang";"Messen Sie nach normalem Ausatmen ungefähr auf halber Strecke zwischen der untersten tastbaren Rippe und der Oberkante des Beckenkamms. Als grobe Orientierung kann ein Taillenumfang unter der halben Körpergrösse dienen.";"";"";"Marketing, Medizin";"Prüfung erforderlich";"Messort an das WHO-Protokoll der Frage angeglichen; durch Marketing und Medizin freigeben.";"";"";"recommendation.signal.koerperzusammensetzung.action";"recommendations";"2";"v1:53424b46c1243ee3e6505ed975f56a612b38e990c9f2c7b91045479aac9cf712";"5dd6407f23d37b13febfc0a2649b9126f92e78d4c9efadf486746591eaf7e9b2"
"Einflussfaktoren";"Körperzusammensetzung & Stoffwechsel";"Dimensionsdetails";"Erwarteter Nutzen";"Dimensionsdetail · erwarteter Nutzen";"Sie können die Entwicklung nachvollziehen und gemeinsam mit einer Fachperson entscheiden, welche weiteren Messungen oder Veränderungen sinnvoll sind.";"";"";"Marketing, Medizin";"Prüfung erforderlich";"Neues Nutzenfeld für die einheitliche Darstellung offener Dimensionshinweise; durch Marketing und Medizin freigeben.";"";"";"recommendation.signal.koerperzusammensetzung.benefit";"recommendations";"2";"v1:53424b46c1243ee3e6505ed975f56a612b38e990c9f2c7b91045479aac9cf712";"7ed1644db3d264de1ba5bb48805febd9beb281c555304f00c02b622628a85149"
"Einflussfaktoren";"Körperzusammensetzung & Stoffwechsel";"Dimensionsdetails";"Dynamischer Text";"BMI-Fallback ohne Taillenumfang und mit vorsichtig erkanntem Kraftsportkontext";"Ihr BMI beträgt {{bmi}} und liegt damit im Bereich «{{bmiClassLabel}}». Ihre Angaben sprechen zugleich für häufiges Krafttraining und gute Kraftleistungen. Muskelmasse kann den BMI mit beeinflussen; die Kurztests beweisen die Körperzusammensetzung jedoch nicht. Da kein Taillenumfang vorliegt, bleibt die Fettverteilung ungeklärt. Messen Sie deshalb die Taille korrekt und lassen Sie deutlich erhöhte oder widersprüchliche Werte fachlich einordnen.";"";"";"Marketing, Medizin";"Prüfung erforderlich";"Kein automatisches Neutralisieren des BMI durch Fitnessproxies; fordert zusätzliche Messung und Einordnung.";"{{bmi}} | {{bmiClassLabel}}";"{{bmi}} | {{bmiClassLabel}}";"recommendation.signal.koerperzusammensetzung.insight.bmi_without_waist_muscular";"recommendations";"2";"v1:53424b46c1243ee3e6505ed975f56a612b38e990c9f2c7b91045479aac9cf712";"66a0d72ab494b7fe780e5312fa79b5bc89b9172e83ba736f7232d93356fb2bc5"
"Einflussfaktoren";"Körperzusammensetzung & Stoffwechsel";"Dimensionsdetails";"Dynamischer Text";"BMI-Hinweis ab BMI 35 bei vorhandenem Taillenumfang und vorsichtig erkanntem Kraftsportkontext";"Ihr BMI beträgt {{bmi}} und liegt damit im Bereich «{{bmiClassLabel}}». Ihre Angaben sprechen zugleich für häufiges Krafttraining und gute Kraftleistungen. Muskelmasse kann den BMI mit beeinflussen; die Kurztests messen die Körperzusammensetzung aber nicht. Der Taillenumfang von {{waist}} cm und das Verhältnis {{whtr}} werden angezeigt, bei einem BMI ab 35 jedoch nicht zusätzlich gescort. Lassen Sie die widersprüchlichen Marker deshalb fachlich einordnen.";"";"";"Marketing, Medizin";"Prüfung erforderlich";"Krafttraining und Testwerte sind nur Kontext, kein Muskelmassen-Nachweis und keine Score-Ausnahme.";"{{bmi}} | {{bmiClassLabel}} | {{waist}} | {{whtr}}";"{{bmi}} | {{bmiClassLabel}} | {{waist}} | {{whtr}}";"recommendation.signal.koerperzusammensetzung.insight.bmi_with_waist_muscular";"recommendations";"2";"v1:53424b46c1243ee3e6505ed975f56a612b38e990c9f2c7b91045479aac9cf712";"8660bcaf254272c5bb190ba6806417af51e45bb73872921e9064f20a07b45275"
"Einflussfaktoren";"Körperzusammensetzung & Stoffwechsel";"Dimensionsdetails";"Dynamischer Text";"Dimensionsdetail · BMI-Hinweis bei vorhandenem Taillenumfang";"Ihr BMI beträgt {{bmi}} und liegt damit im Bereich «{{bmiClassLabel}}». Bei Erwachsenen mit einem BMI ab 35 verwendet der Check den BMI als Bewertungsgrundlage. Der angegebene Taillenumfang von {{waist}} cm und das daraus berechnete Taille-Grösse-Verhältnis {{whtr}} werden angezeigt, aber nicht zusätzlich gescort.";"";"";"Marketing, Medizin";"Prüfung erforderlich";"Verhindert die falsche Behauptung eines erhöhten Taillenumfangs, wenn das Signal allein vom BMI ausgelöst wird.";"{{bmi}} | {{bmiClassLabel}} | {{waist}} | {{whtr}}";"{{bmi}} | {{bmiClassLabel}} | {{waist}} | {{whtr}}";"recommendation.signal.koerperzusammensetzung.insight.bmi_with_waist";"recommendations";"2";"v1:53424b46c1243ee3e6505ed975f56a612b38e990c9f2c7b91045479aac9cf712";"3c3fcc01fc6af42ba27f212cda31052954b2c5c50b2bcc5ed289b4c0b64d821f"
"Einflussfaktoren";"Körperzusammensetzung & Stoffwechsel";"Dimensionsdetails";"Dynamischer Text";"Dimensionsdetail · BMI-Hinweis ohne Taillenumfang";"Ihr BMI beträgt {{bmi}} und liegt damit im Bereich «{{bmiClassLabel}}». Da kein Taillenumfang vorliegt, kann die Fettverteilung hier nicht zusätzlich eingeordnet werden. Der BMI ist eine Orientierung und keine Diagnose.";"";"";"Marketing, Medizin";"Prüfung erforderlich";"Verhindert die falsche Behauptung eines erhöhten Taillenumfangs, wenn kein Messwert vorliegt.";"{{bmi}} | {{bmiClassLabel}}";"{{bmi}} | {{bmiClassLabel}}";"recommendation.signal.koerperzusammensetzung.insight.bmi_without_waist";"recommendations";"2";"v1:53424b46c1243ee3e6505ed975f56a612b38e990c9f2c7b91045479aac9cf712";"8f9e63bb5c6e5b7d61ff0a28f08288e98617b470ba45b81bc12c71e3dca46b0f"
"Einflussfaktoren";"Körperzusammensetzung & Stoffwechsel";"Dimensionsdetails";"Dynamischer Text";"Dimensionsdetail · persönliche Einordnung eines erhöhten Taille-Grösse-Verhältnisses";"Ihr angegebener Taillenumfang beträgt {{waist}} cm. Daraus ergibt sich ein Taille-Grösse-Verhältnis von {{whtr}}, das {{waistStatusLabel}} liegt. Der Quotient ist ein praktischer Screeningmarker für die zentrale Fettverteilung, aber keine Diagnose.";"";"";"Marketing, Medizin";"Prüfung erforderlich";"Neue persönliche Einordnung mit sichtbarem Messwert und Status; Referenzlogik durch Medizin freigeben.";"{{waist}} | {{waistStatusLabel}} | {{whtr}}";"{{waist}} | {{whtr}} | {{waistStatusLabel}}";"recommendation.signal.koerperzusammensetzung.insight.with_waist";"recommendations";"2";"v1:53424b46c1243ee3e6505ed975f56a612b38e990c9f2c7b91045479aac9cf712";"68a003c16885624b2ff7deca83adfbd7d91667eb68d731bb29e5fdc04ad27686"
"Einflussfaktoren";"Körperzusammensetzung & Stoffwechsel";"Risikosignale";"Risikosignal";"Ergebnisseite, Lebensstil-Signal Körperzusammensetzung";"Bauchumfang oder Körpergewicht liegen in einem Bereich, der den Stoffwechsel belasten kann.";"";"";"Marketing, Medizin";"Nicht geprüft";"";"";"";"recommendation.risk_signal.koerperzusammensetzung.label";"recommendations";"2";"v1:53424b46c1243ee3e6505ed975f56a612b38e990c9f2c7b91045479aac9cf712";"d983c712f7d45c4cbf46dffbec06f465e5abaf92a29cf692e994279abbdced9b"
"Einflussfaktoren";"Körperzusammensetzung & Stoffwechsel";"Handlungsfelder";"Beschriftung";"Handlungsfeld · Einflussfaktoren · Kurzlabel";"Körperprofil fachlich einordnen";"";"";"Marketing, Medizin";"Prüfung erforderlich";"Neutrales Wording ohne Körperbild- oder Therapiezuschreibung; durch Marketing und Medizin freigeben.";"";"";"recommendation.lever.lv_koerperprofil.label";"recommendations";"2";"v1:53424b46c1243ee3e6505ed975f56a612b38e990c9f2c7b91045479aac9cf712";"e7fc8f6f45fe86c08ed2a28aa95a15aed83ca6999ded970f2aa687251da3ab9d"
"Einflussfaktoren";"Körperzusammensetzung & Stoffwechsel";"Handlungsfelder";"Detailtext";"Handlungsfeld · Einflussfaktoren · Detailtext";"Ein auffälliger BMI oder ein auffälliges Taille-Grösse-Verhältnis ist kein Diagnosewert. Ordnen Sie Taillenumfang, Körpergrösse, Gewicht und Stoffwechselwerte gemeinsam mit einer Fachperson ein, bevor Sie konkrete Veränderungen ableiten.";"";"";"Marketing, Medizin";"Prüfung erforderlich";"Keine pauschale Gewichtsabnahme oder Diagnose aus Einzelwerten; durch Marketing und Medizin freigeben.";"";"";"recommendation.lever.lv_koerperprofil.detail";"recommendations";"2";"v1:53424b46c1243ee3e6505ed975f56a612b38e990c9f2c7b91045479aac9cf712";"7f70afcba40fe3a87a8b436b0ba7acfedbf211fcc0ea6c1c1f7e7f44c6c502ac"
"Einflussfaktoren";"Körperzusammensetzung & Stoffwechsel";"Handlungsfelder";"Dynamischer Text";"Persönliche Messwert-Einordnung und sicherer nächster Schritt für das Körperprofil-Haupthandlungsfeld";"{{personalAssessment}} {{nextStep}}";"";"";"Marketing, Medizin";"Prüfung erforderlich";"Integriert die bisher separate Metrikbox direkt in das sichtbare Handlungsfeld.";"{{nextStep}} | {{personalAssessment}}";"{{personalAssessment}} | {{nextStep}}";"recommendation.lever.lv_koerperprofil.detail.personalized";"recommendations";"2";"v1:53424b46c1243ee3e6505ed975f56a612b38e990c9f2c7b91045479aac9cf712";"0970223ed62db5f463e4856fe05f9572587994ee21ffb4fcb0583a113a552f13"
"Einflussfaktoren";"Körperzusammensetzung & Stoffwechsel";"Handlungsfelder";"Beschriftung";"Handlungsfeld · Einflussfaktoren · Kurzlabel";"Gewicht im Untergewichtsbereich einordnen";"";"";"Marketing, Medizin";"Prüfung erforderlich";"Bewusst ohne pauschale Aufforderung zur Gewichtszunahme; durch Marketing und Medizin freigeben.";"";"";"recommendation.lever.lv_untergewicht.label";"recommendations";"2";"v1:53424b46c1243ee3e6505ed975f56a612b38e990c9f2c7b91045479aac9cf712";"c0af58f0e9032346dd35c6c5a997ea9eb7e0d21a183c4a928e26044c1fab7db1"
"Einflussfaktoren";"Körperzusammensetzung & Stoffwechsel";"Handlungsfelder";"Detailtext";"Handlungsfeld · Einflussfaktoren · Detailtext";"Ein BMI im Untergewichtsbereich ist keine Diagnose. Klären Sie besonders bei unbeabsichtigtem oder neuem niedrigem Gewicht mögliche Ursachen und die Nährstoffversorgung medizinisch oder ernährungsfachlich ab.";"";"";"Marketing, Medizin";"Prüfung erforderlich";"Aus BMI allein keine Ursache oder Therapie abgeleitet; durch Marketing und Medizin freigeben.";"";"";"recommendation.lever.lv_untergewicht.detail";"recommendations";"2";"v1:53424b46c1243ee3e6505ed975f56a612b38e990c9f2c7b91045479aac9cf712";"f177f45612ff58c85311be2a101760aeb73cbc76887e899e52ff1a10b0f16c5f"
"Einflussfaktoren";"Körperzusammensetzung & Stoffwechsel";"Ergebnis-Einstieg";"Beschriftung";"Ergebnis-Zusammenfassung · Themenlabel «Körperzusammensetzung & Stoffwechsel»";"Körperzusammensetzung";"";"";"Marketing";"Nicht geprüft";"";"";"";"ui.hero.topic.koerperzusammensetzung";"ui";"2";"v1:53424b46c1243ee3e6505ed975f56a612b38e990c9f2c7b91045479aac9cf712";"aaa70353305fc7e3d8ce60f757e0d315c9f21f351772f4e575375ffb1f97b891"
"Einflussfaktoren";"Körperzusammensetzung & Stoffwechsel";"Einordnung & Metriken";"Beschriftung";"Sichtbares BMI-Klassenlabel adipositas1";"Adipositas";"";"";"Marketing, Medizin";"Nicht geprüft";"";"";"";"ui.metrics.bmi_class.adipositas1";"ui";"2";"v1:53424b46c1243ee3e6505ed975f56a612b38e990c9f2c7b91045479aac9cf712";"e430489c1f14347faedae53e8e994e2ade65ece5b0786c7d7038de6785e1afe3"
"Einflussfaktoren";"Körperzusammensetzung & Stoffwechsel";"Einordnung & Metriken";"Beschriftung";"Sichtbares BMI-Klassenlabel adipositas2";"Adipositas";"";"";"Marketing, Medizin";"Nicht geprüft";"";"";"";"ui.metrics.bmi_class.adipositas2";"ui";"2";"v1:53424b46c1243ee3e6505ed975f56a612b38e990c9f2c7b91045479aac9cf712";"9834c83e9be4faeb5d4fee5008057319acd275bc3f3fc4cf4b8a7e7320d22e49"
"Einflussfaktoren";"Körperzusammensetzung & Stoffwechsel";"Einordnung & Metriken";"Beschriftung";"Sichtbares BMI-Klassenlabel normal";"Normalbereich";"";"";"Marketing, Medizin";"Nicht geprüft";"";"";"";"ui.metrics.bmi_class.normal";"ui";"2";"v1:53424b46c1243ee3e6505ed975f56a612b38e990c9f2c7b91045479aac9cf712";"d55c5f733e745740da642a522b0aef2eac6e63568888f24595f14effd70d14a0"
"Einflussfaktoren";"Körperzusammensetzung & Stoffwechsel";"Einordnung & Metriken";"Beschriftung";"Sichtbares BMI-Klassenlabel uebergewicht";"Übergewicht";"";"";"Marketing, Medizin";"Nicht geprüft";"";"";"";"ui.metrics.bmi_class.uebergewicht";"ui";"2";"v1:53424b46c1243ee3e6505ed975f56a612b38e990c9f2c7b91045479aac9cf712";"335284351b54a3985fc33dfd40b6aa07dd57ed58c2c597cb65bf94ea422e48b4"
"Einflussfaktoren";"Körperzusammensetzung & Stoffwechsel";"Einordnung & Metriken";"Beschriftung";"Sichtbares BMI-Klassenlabel untergewicht";"Untergewicht";"";"";"Marketing, Medizin";"Nicht geprüft";"";"";"";"ui.metrics.bmi_class.untergewicht";"ui";"2";"v1:53424b46c1243ee3e6505ed975f56a612b38e990c9f2c7b91045479aac9cf712";"9c70160eae037ae708f1f730ef6544bf3c5a9d5d92a93352915f3db626d339f9"
"Einflussfaktoren";"Körperzusammensetzung & Stoffwechsel";"Einordnung & Metriken";"Beschriftung";"Sichtbares Bauchumfang-Statuslabel erhoeht";"im erhöhten Bereich von 0.50 bis unter 0.60";"";"";"Marketing, Medizin";"Prüfung erforderlich";"Status sprachlich klar vom deutlich erhöhten Referenzbereich abgegrenzt; durch Marketing und Medizin freigeben.";"";"";"ui.metrics.waist_status.erhoeht";"ui";"2";"v1:53424b46c1243ee3e6505ed975f56a612b38e990c9f2c7b91045479aac9cf712";"87c96cfb854196ec8acfb6312e6b4240ba35c40cc488baa95586d0b1fccbf11e"
"Einflussfaktoren";"Körperzusammensetzung & Stoffwechsel";"Einordnung & Metriken";"Beschriftung";"Sichtbares Bauchumfang-Statuslabel hoch";"im deutlich erhöhten Bereich ab 0.60";"";"";"Marketing, Medizin";"Prüfung erforderlich";"Höchstes Referenzband für die persönliche Einordnung eindeutig benannt; durch Marketing und Medizin freigeben.";"";"";"ui.metrics.waist_status.hoch";"ui";"2";"v1:53424b46c1243ee3e6505ed975f56a612b38e990c9f2c7b91045479aac9cf712";"2e26d77e21ced277488deddf2731ba7c517f7bfc6ec12c6bd7039f95c9d81d17"
"Einflussfaktoren";"Körperzusammensetzung & Stoffwechsel";"Einordnung & Metriken";"Beschriftung";"Sichtbares Bauchumfang-Statuslabel normal";"unter 0.50";"";"";"Marketing, Medizin";"Prüfung erforderlich";"Das sichtbare Label nennt die geschlechtsneutrale NICE-Grenze statt eines absoluten Zentimeterwerts.";"";"";"ui.metrics.waist_status.normal";"ui";"2";"v1:53424b46c1243ee3e6505ed975f56a612b38e990c9f2c7b91045479aac9cf712";"a03ef7c360d3b7e40c4a7229d0a4ce2f5d5bfec648d185e6f5c034c12bb263cc"
"Einflussfaktoren";"Körperzusammensetzung & Stoffwechsel";"Einordnung & Metriken";"Beschriftung";"Sichtbares WHtR-Statuslabel, wenn bei Erwachsenen mit BMI ab 35 keine zusätzliche WHtR-Einordnung erfolgt";"bei BMI ab 35 nicht zusätzlich bewertet";"";"";"Marketing, Medizin";"Prüfung erforderlich";"NICE empfiehlt WHtR bei Erwachsenen mit BMI unter 35; darüber bleibt BMI die Bewertungsgrundlage.";"";"";"ui.metrics.waist_status.nicht_bewertet";"ui";"2";"v1:53424b46c1243ee3e6505ed975f56a612b38e990c9f2c7b91045479aac9cf712";"8f7760e5ecbd104b03e4bc233d3c9063e484105e566204bd190aa7545a8700cc"
"Einflussfaktoren";"Körperzusammensetzung & Stoffwechsel";"Dimensionsdetails";"Überschrift";"Dimensionsdetail · Titel";"Gewicht im Untergewichtsbereich";"";"";"Marketing, Medizin";"Nicht geprüft";"";"";"";"recommendation.signal.untergewicht.title";"recommendations";"2";"v1:53424b46c1243ee3e6505ed975f56a612b38e990c9f2c7b91045479aac9cf712";"296d485b522046c11f571c09bfbaf196d2379aca6c53e355c2d08a46170f1753"
"Einflussfaktoren";"Körperzusammensetzung & Stoffwechsel";"Dimensionsdetails";"Persönliche Einordnung";"Dimensionsdetail · Einordnung";"Untergewicht wird selten hinterfragt, kann aber Nährstoffmangel, Muskelabbau und Knochendichte betreffen – und eine behandelbare Ursache haben.";"";"";"Marketing, Medizin";"Nicht geprüft";"";"";"";"recommendation.signal.untergewicht.insight";"recommendations";"2";"v1:53424b46c1243ee3e6505ed975f56a612b38e990c9f2c7b91045479aac9cf712";"f49211338f2cdd76347c345d39c6837b19fa1bf7597f5c3f1803b01f92051738"
"Einflussfaktoren";"Körperzusammensetzung & Stoffwechsel";"Dimensionsdetails";"Medizinische Klärung";"Dimensionsdetail · medizinischer Klärungshinweis";"Ursachen, Nährstoffversorgung und ob eine Ernährungsberatung sinnvoll ist.";"";"";"Marketing, Medizin";"Nicht geprüft";"";"";"";"recommendation.signal.untergewicht.clarify";"recommendations";"2";"v1:53424b46c1243ee3e6505ed975f56a612b38e990c9f2c7b91045479aac9cf712";"f6c5aef017318ef806dc51939b8819e71435f16327a283dd3994cd048f24c413"
"Einflussfaktoren";"Körperzusammensetzung & Stoffwechsel";"Dimensionsdetails";"Erwarteter Nutzen";"Dimensionsdetail · erwarteter Nutzen";"Mögliche Ursachen oder Versorgungslücken können erkannt und bei Bedarf gezielt behandelt werden.";"";"";"Marketing, Medizin";"Prüfung erforderlich";"Neues Nutzenfeld für die einheitliche Darstellung offener Dimensionshinweise; durch Marketing und Medizin freigeben.";"";"";"recommendation.signal.untergewicht.benefit";"recommendations";"2";"v1:53424b46c1243ee3e6505ed975f56a612b38e990c9f2c7b91045479aac9cf712";"526e43f74173af88809253545889a262706d5a3074b8e7659aa877e12b443cd5"
"Einflussfaktoren";"Körperzusammensetzung & Stoffwechsel";"Risikosignale";"Risikosignal";"Ergebnisseite, medizinisches Signal Untergewicht";"Ihr Gewicht liegt im Untergewichtsbereich. Eine ärztliche Einordnung ist sinnvoll – etwa um Ursachen und Nährstoffversorgung zu klären.";"";"";"Marketing, Medizin";"Nicht geprüft";"";"";"";"recommendation.risk_signal.untergewicht.label";"recommendations";"2";"v1:53424b46c1243ee3e6505ed975f56a612b38e990c9f2c7b91045479aac9cf712";"d179a9e9f99772ccfb48a62be70cf0650e6750149bb77f380fdda95f90a53734"
"Einflussfaktoren";"Rauchen & Rauchstopp";"Empfehlungskarten";"Überschrift";"Empfehlungskarte · Einflussfaktoren · Titel";"Rauchstopp als stärksten Hebel nutzen";"";"";"Marketing";"Nicht geprüft";"";"";"";"recommendation.catalog.ei_rauchstopp.title";"recommendations";"2";"v1:53424b46c1243ee3e6505ed975f56a612b38e990c9f2c7b91045479aac9cf712";"916e5151b1c048d805745055effa546c4d8e89d87fa46f6e0dce60ddbefc74f4"
"Einflussfaktoren";"Rauchen & Rauchstopp";"Empfehlungskarten";"Begründung / Einordnung";"Empfehlungskarte · Einflussfaktoren · Begründung";"Ein Rauchstopp ist einer der wirkungsvollsten Schritte überhaupt – für Herz, Gefässe, Lunge und Energie. Schon nach kurzer Zeit beginnt sich Ihr Körper zu erholen.";"";"";"Marketing, Medizin";"Nicht geprüft";"";"";"";"recommendation.catalog.ei_rauchstopp.why";"recommendations";"2";"v1:53424b46c1243ee3e6505ed975f56a612b38e990c9f2c7b91045479aac9cf712";"d785fcb675c41c5b545c0665d13ad127f1b393cf82672ddbe632e0d03969a719"
"Einflussfaktoren";"Rauchen & Rauchstopp";"Empfehlungskarten";"Nächster Schritt";"Empfehlungskarte · Einflussfaktoren · konkreter nächster Schritt";"Setzen Sie sich ein konkretes Stopp-Datum in den nächsten zwei Wochen und holen Sie sich Unterstützung – Begleitung erhöht die Erfolgschance deutlich.";"";"";"Marketing, Medizin";"Nicht geprüft";"";"";"";"recommendation.catalog.ei_rauchstopp.step";"recommendations";"2";"v1:53424b46c1243ee3e6505ed975f56a612b38e990c9f2c7b91045479aac9cf712";"da9728b213be205cce245e3ca5b354cdb4cb2ef0f31f79788a0030931b94c36a"
"Einflussfaktoren";"Rauchen & Rauchstopp";"Empfehlungskarten";"Erwarteter Nutzen";"Empfehlungskarte · Einflussfaktoren · erwarteter Nutzen";"Ihr Risiko für Herzinfarkt und viele weitere Erkrankungen sinkt mit jeder rauchfreien Woche.";"";"";"Marketing, Medizin";"Nicht geprüft";"";"";"";"recommendation.catalog.ei_rauchstopp.benefit";"recommendations";"2";"v1:53424b46c1243ee3e6505ed975f56a612b38e990c9f2c7b91045479aac9cf712";"e0847eed743a78f03dc2992f3df97cfbce98bcd8c689f2832bd1d41c372f908a"
"Einflussfaktoren";"Rauchen & Rauchstopp";"4-Wochen-Pläne";"4-Wochen-Plan";"4-Wochen-Plan · Diese Woche";"Setzen Sie ein konkretes Stopp-Datum in den nächsten 14 Tagen und holen Sie sich Begleitung: Die nationale <b>Rauchstopplinie 0848 000 181</b> berät kostenlos (Mo–Fr, 11–19 Uhr; auch online oder per Video). Lassen Sie sich in Apotheke oder Arztpraxis zu Nikotinersatz oder Medikamenten beraten – Beratung plus Medikation vervielfacht die Erfolgschance gegenüber einem Versuch allein.";"";"";"Marketing, Medizin";"Nicht geprüft";"";"";"0848 000 181";"recommendation.plan.ei_rauchstopp.this_week";"recommendations";"2";"v1:53424b46c1243ee3e6505ed975f56a612b38e990c9f2c7b91045479aac9cf712";"d711bb151664a3dc045a4c75332f11de07f090c38f43fd365ffe03b3952c49d0"
"Einflussfaktoren";"Rauchen & Rauchstopp";"4-Wochen-Pläne";"4-Wochen-Plan";"4-Wochen-Plan · Woche 2–3";"Rückfälle sind bei einer Abhängigkeit die Regel, nicht das Scheitern – entscheidend ist, den nächsten Versuch zu starten. Notieren Sie Ihre drei stärksten Auslöser (z. B. Kaffee, Stress, Feierabend) und legen Sie für jeden eine konkrete Ersatzhandlung fest. Bereits nach wenigen Tagen lassen die Atemwegsreizungen nach, nach Monaten verbessern sich Kreislauf und Lungenfunktion spürbar.";"";"";"Marketing, Medizin";"Nicht geprüft";"";"";"";"recommendation.plan.ei_rauchstopp.weeks_2_3";"recommendations";"2";"v1:53424b46c1243ee3e6505ed975f56a612b38e990c9f2c7b91045479aac9cf712";"536947eff4275ff852ab938a31ab46a77c91dffe169c4812d422cd91deb6b25d"
"Einflussfaktoren";"Rauchen & Rauchstopp";"4-Wochen-Pläne";"4-Wochen-Plan";"4-Wochen-Plan · Woche 4";"Machen Sie sich den Zeitgewinn bewusst: Nach etwa <b>einem Jahr</b> ist das Risiko für eine koronare Herzkrankheit ungefähr halb so hoch wie bei weiterem Rauchen; nach <b>zehn Jahren</b> ist das Lungenkrebsrisiko etwa halbiert. Nach rund <b>15 Jahren</b> nähert sich das Risiko für eine koronare Herzkrankheit dem von Menschen an, die nie geraucht haben. Halten Sie fest, was sich für Sie bereits verändert hat – Geschmack, Kondition, Geld.";"";"";"Marketing, Medizin";"Prüfung erforderlich";"WHO-Aussagen zum Rauchstopp präzisiert; durch Marketing und Medizin freigeben.";"";"";"recommendation.plan.ei_rauchstopp.week_4";"recommendations";"2";"v1:53424b46c1243ee3e6505ed975f56a612b38e990c9f2c7b91045479aac9cf712";"aa5090db72e0281441f7304518d051212073c16129340e148a78d68cfe55ee2c"
"Einflussfaktoren";"Rauchen & Rauchstopp";"Handlungsfelder";"Beschriftung";"Handlungsfeld · Einflussfaktoren · Kurzlabel";"Rauchstopp angehen – der grösste einzelne Hebel";"";"";"Marketing, Medizin";"Nicht geprüft";"";"";"";"recommendation.lever.lv_rauchstopp.label";"recommendations";"2";"v1:53424b46c1243ee3e6505ed975f56a612b38e990c9f2c7b91045479aac9cf712";"8e2491f7b6cdd1a23b02fbebb1f82fce22bed00027fb153585bc9059ab1d51b5"
"Einflussfaktoren";"Rauchen & Rauchstopp";"Handlungsfelder";"Detailtext";"Handlungsfeld · Einflussfaktoren · Detailtext";"Ein Rauchstopp gehört zu den stärksten beeinflussbaren Gesundheitshebeln. Nach etwa einem Jahr ist das Risiko für eine koronare Herzkrankheit ungefähr halb so hoch wie bei weiterem Rauchen.";"";"";"Marketing, Medizin";"Prüfung erforderlich";"WHO-Aussage präzisiert und unbelegte Absolutheit entfernt; durch Marketing und Medizin freigeben.";"";"";"recommendation.lever.lv_rauchstopp.detail";"recommendations";"2";"v1:53424b46c1243ee3e6505ed975f56a612b38e990c9f2c7b91045479aac9cf712";"91baa852af099df08359041ccbb0807d306d86df5319228bd280f855e89ed4fa"
"Einflussfaktoren";"Rauchen & Rauchstopp";"Dimensionsdetails";"Überschrift";"Dimensionsdetail · Titel";"Rauchstopp – einer Ihrer stärksten Hebel";"";"";"Marketing, Medizin";"Prüfung erforderlich";"Unbelegte Absolutheit entfernt; durch Marketing und Medizin freigeben.";"";"";"recommendation.signal.rauchen.title";"recommendations";"2";"v1:53424b46c1243ee3e6505ed975f56a612b38e990c9f2c7b91045479aac9cf712";"c875c7b20267b80f017aaa34cd4bd507aa8aaa8be59864a4e290184bec4c713f"
"Einflussfaktoren";"Rauchen & Rauchstopp";"Dimensionsdetails";"Persönliche Einordnung";"Dimensionsdetail · Einordnung";"Ein Rauchstopp gehört zu den stärksten beeinflussbaren Gesundheitshebeln. Nach etwa einem Jahr ist das Risiko für eine koronare Herzkrankheit ungefähr halb so hoch wie bei weiterem Rauchen; nach rund 15 Jahren nähert es sich dem von Menschen an, die nie geraucht haben. Auch E-Zigaretten und Shisha sind nicht harmlos.";"";"";"Marketing, Medizin";"Prüfung erforderlich";"WHO-Aussage präzisiert und unbelegte Absolutheit entfernt; durch Marketing und Medizin freigeben.";"";"";"recommendation.signal.rauchen.insight";"recommendations";"2";"v1:53424b46c1243ee3e6505ed975f56a612b38e990c9f2c7b91045479aac9cf712";"a2b7ca404b29445d0be29ce6776918049ffbe1ba877a58ad48b1c53dc66d17f3"
"Einflussfaktoren";"Rauchen & Rauchstopp";"Dimensionsdetails";"Nächster Schritt";"Dimensionsdetail · konkreter nächster Schritt";"Stopp-Datum in den nächsten 14 Tagen setzen und die kostenlose Rauchstopplinie 0848 000 181 anrufen – Begleitung plus Nikotinersatz vervielfacht die Erfolgschance.";"";"";"Marketing, Medizin";"Nicht geprüft";"";"";"0848 000 181";"recommendation.signal.rauchen.action";"recommendations";"2";"v1:53424b46c1243ee3e6505ed975f56a612b38e990c9f2c7b91045479aac9cf712";"d07943cb0274e895876adb7cf3bb82355d9864ef4d607324884412dbb293b28d"
"Einflussfaktoren";"Rauchen & Rauchstopp";"Zusatzhinweise bei abgedeckten Aktionsschritten";"Vertiefung";"Zusatzhinweis bei bereits abgedecktem Aktionsschritt";"Was den Unterschied macht: Rückfälle sind die Regel, nicht die Ausnahme – im Schnitt braucht es mehrere Anläufe. Entscheidend ist nicht, nie zu scheitern, sondern nach einem Rückfall rasch wieder einzusteigen. Nikotinersatz lindert dabei den körperlichen Entzug, die Begleitung das Verhalten.";"";"";"Marketing, Medizin";"Nicht geprüft";"";"";"";"recommendation.signal.rauchen.deepen";"recommendations";"2";"v1:53424b46c1243ee3e6505ed975f56a612b38e990c9f2c7b91045479aac9cf712";"ae3dd4855b7c74049537e64fd10d6b912635bd61e07a7c72f29ee978132aa9d1"
"Einflussfaktoren";"Rauchen & Rauchstopp";"Risikosignale";"Risikosignal";"Ergebnisseite, Lebensstil-Signal Rauchen";"Sie rauchen aktuell (Tabak oder andere Nikotinprodukte) – ein Rauchstopp ist Ihr wirkungsvollster einzelner Hebel.";"";"";"Marketing, Medizin";"Nicht geprüft";"";"";"";"recommendation.risk_signal.rauchen.label";"recommendations";"2";"v1:53424b46c1243ee3e6505ed975f56a612b38e990c9f2c7b91045479aac9cf712";"048bf614f7a1fb6c95c32575021691fd72d41e9aedf13aa03bda874712e9aee4"
"Einflussfaktoren";"Rauchen & Rauchstopp";"Quellenlabels";"Quellenbezeichnung";"Sichtbares Label einer Fachquelle";"stopsmoking.ch – kostenlose Rauchstopplinie 0848 000 181";"";"";"Marketing, Medizin";"Nicht geprüft";"";"";"0848 000 181";"recommendation.source.stopsmoking.label";"recommendations";"2";"v1:53424b46c1243ee3e6505ed975f56a612b38e990c9f2c7b91045479aac9cf712";"848874cbc4e005c79888aab745be0ed0d9114ceac73f576d67fafd1290489df4"
"Einflussfaktoren";"Rauchen & Rauchstopp";"Stärken";"Beschriftung";"Stärke · Einflussfaktoren · Kurzlabel";"Rauchfrei";"";"";"Marketing";"Nicht geprüft";"";"";"";"recommendation.strength.st_rauchfrei.label";"recommendations";"2";"v1:53424b46c1243ee3e6505ed975f56a612b38e990c9f2c7b91045479aac9cf712";"fb7d795d932023c7dbf278b74214337b66d504321062bbeea944cecb22b1de32"
"Einflussfaktoren";"Rauchen & Rauchstopp";"Stärken";"Detailtext";"Stärke · Einflussfaktoren · Detailtext";"Sie rauchen nicht und vermeiden damit einen wichtigen beeinflussbaren Risikofaktor für Herz, Gefässe und Lunge.";"";"";"Marketing, Medizin";"Prüfung erforderlich";"Nicht belegten Superlativ entfernt; durch Marketing und Medizin freigeben.";"";"";"recommendation.strength.st_rauchfrei.detail";"recommendations";"2";"v1:53424b46c1243ee3e6505ed975f56a612b38e990c9f2c7b91045479aac9cf712";"27d79b1d40dd3032f68e926e8e3a453170b5e18e83d785a2ad130cd7533bc3c4"
"Einflussfaktoren";"Rauchen & Rauchstopp";"Stärken";"Beschriftung";"Stärke · Einflussfaktoren · Kurzlabel";"Rauchstopp geschafft";"";"";"Marketing";"Nicht geprüft";"";"";"";"recommendation.strength.st_rauchstopp.label";"recommendations";"2";"v1:53424b46c1243ee3e6505ed975f56a612b38e990c9f2c7b91045479aac9cf712";"86b6ac57743a0c638b91fadca9639652beaa93868f0fbff3a850d95a4aa0a2db"
"Einflussfaktoren";"Rauchen & Rauchstopp";"Stärken";"Detailtext";"Stärke · Einflussfaktoren · Detailtext";"Sie haben aufgehört zu rauchen – Ihr Risiko sinkt seither Jahr für Jahr weiter.";"";"";"Marketing, Medizin";"Nicht geprüft";"";"";"";"recommendation.strength.st_rauchstopp.detail";"recommendations";"2";"v1:53424b46c1243ee3e6505ed975f56a612b38e990c9f2c7b91045479aac9cf712";"cf8067d9aebc9cbc1b4db5fdbc0f08a82f72619ef81c8f402903f627b8ba4f15"
"Einflussfaktoren";"Rauchen & Rauchstopp";"Ergebnis-Einstieg";"Beschriftung";"Ergebnis-Zusammenfassung · Themenlabel «Rauchen & Rauchstopp»";"Rauchen";"";"";"Marketing";"Nicht geprüft";"";"";"";"ui.hero.topic.rauchen";"ui";"2";"v1:53424b46c1243ee3e6505ed975f56a612b38e990c9f2c7b91045479aac9cf712";"9c16f98f2ea189a4589b3fdaa02fa57f51d05e3ed4cf83e9f1f43bb8aa02aa12"
"Einflussfaktoren";"Sitzverhalten";"Empfehlungskarten";"Überschrift";"Empfehlungskarte · Einflussfaktoren · Titel";"Langes Sitzen regelmässig unterbrechen";"";"";"Marketing";"Nicht geprüft";"";"";"";"recommendation.catalog.ei_sitzen.title";"recommendations";"2";"v1:53424b46c1243ee3e6505ed975f56a612b38e990c9f2c7b91045479aac9cf712";"fa6e2223306b7b02971abd105c5eb93a70ae428b528134aa0729d7073b4dd8ce"
"Einflussfaktoren";"Sitzverhalten";"Empfehlungskarten";"Begründung / Einordnung";"Empfehlungskarte · Einflussfaktoren · Begründung";"Sie sitzen an einem typischen Tag viele Stunden. Lange Sitzzeiten sind mit ungünstigen Gesundheitsfolgen verbunden; regelmässige Bewegung insgesamt und das Unterbrechen längerer Sitzphasen sind beide relevant.";"";"";"Marketing, Medizin";"Prüfung erforderlich";"Falsche Unabhängigkeit vom Training entfernt und Gesamtaktivität berücksichtigt; durch Marketing und Medizin freigeben.";"";"";"recommendation.catalog.ei_sitzen.why";"recommendations";"2";"v1:53424b46c1243ee3e6505ed975f56a612b38e990c9f2c7b91045479aac9cf712";"9b205913d392b7a5cb7d7edb87c24f708a88d7524519d95bab2db2d1babba1e7"
"Einflussfaktoren";"Sitzverhalten";"Empfehlungskarten";"Nächster Schritt";"Empfehlungskarte · Einflussfaktoren · konkreter nächster Schritt";"Setzen Sie sich alle 60 Minuten einen kurzen Bewegungsimpuls: aufstehen, strecken, ein paar Schritte gehen.";"";"";"Marketing, Medizin";"Nicht geprüft";"";"";"";"recommendation.catalog.ei_sitzen.step";"recommendations";"2";"v1:53424b46c1243ee3e6505ed975f56a612b38e990c9f2c7b91045479aac9cf712";"341975f850a92ba73d2345a810d984c4c421ca5e8701465d73b46a0ad222754f"
"Einflussfaktoren";"Sitzverhalten";"Empfehlungskarten";"Erwarteter Nutzen";"Empfehlungskarte · Einflussfaktoren · erwarteter Nutzen";"Regelmässige Mini-Pausen verbessern Kreislauf, Konzentration und Wohlbefinden.";"";"";"Marketing, Medizin";"Nicht geprüft";"";"";"";"recommendation.catalog.ei_sitzen.benefit";"recommendations";"2";"v1:53424b46c1243ee3e6505ed975f56a612b38e990c9f2c7b91045479aac9cf712";"230c32d0fa6fee8e5dc2e61126a2c56091e8c5ad195079df4d88091a4b985f64"
"Einflussfaktoren";"Sitzverhalten";"4-Wochen-Pläne";"4-Wochen-Plan";"4-Wochen-Plan · Diese Woche";"Nutzen Sie zum Beispiel eine <b>stündliche Erinnerung</b>: aufstehen, strecken oder ein paar Schritte gehen. Sowohl die gesamte Sitzzeit als auch lange ununterbrochene Sitzphasen sind relevant; jede zusätzliche Bewegung zählt.";"";"";"Marketing, Medizin";"Prüfung erforderlich";"Nicht etablierte Mindestdauer und falsche Entweder-oder-Aussage entfernt; durch Marketing und Medizin freigeben.";"";"";"recommendation.plan.ei_sitzen.this_week";"recommendations";"2";"v1:53424b46c1243ee3e6505ed975f56a612b38e990c9f2c7b91045479aac9cf712";"8cd79b9f710a2ba690fc9188ea0d576a4bb5481b3b83c44ff89eac27c07b9016"
"Einflussfaktoren";"Sitzverhalten";"4-Wochen-Pläne";"4-Wochen-Plan";"4-Wochen-Plan · Woche 2–3";"Koppeln Sie Bewegung an bestehende Gewohnheiten: im Stehen telefonieren, die Treppe statt Lift oder nach dem Mittagessen kurz spazieren. Bewegung nach einer Mahlzeit kann den Blutzuckeranstieg abflachen. Prüfen Sie, ob ein Steh-Arbeitsplatz zeitweise möglich ist.";"";"";"Marketing, Medizin";"Prüfung erforderlich";"Starre Spazierdauer und Wirkungsversprechen vorsichtig formuliert; durch Marketing und Medizin freigeben.";"";"";"recommendation.plan.ei_sitzen.weeks_2_3";"recommendations";"2";"v1:53424b46c1243ee3e6505ed975f56a612b38e990c9f2c7b91045479aac9cf712";"d07dba29cd1d38a64bed838ec91036a175c8f172c374e7b59eeee5bd828c0fc3"
"Einflussfaktoren";"Sitzverhalten";"4-Wochen-Pläne";"4-Wochen-Plan";"4-Wochen-Plan · Woche 4";"Machen Sie kurze Bewegungspausen zur Gewohnheit. Wählen Sie einen Rhythmus, der im Alltag funktioniert und lange ununterbrochene Sitzphasen regelmässig auflöst.";"";"";"Marketing, Medizin";"Prüfung erforderlich";"Nicht leitliniengestützte 60-Minuten-Grenze entfernt; durch Marketing und Medizin freigeben.";"";"";"recommendation.plan.ei_sitzen.week_4";"recommendations";"2";"v1:53424b46c1243ee3e6505ed975f56a612b38e990c9f2c7b91045479aac9cf712";"07178ee786526868719195303577e69300dc1f9d07c0c9199203005ceb85ca5e"
"Einflussfaktoren";"Sitzverhalten";"Handlungsfelder";"Beschriftung";"Handlungsfeld · Einflussfaktoren · Kurzlabel";"Sitzzeit regelmässig unterbrechen";"";"";"Marketing, Medizin";"Nicht geprüft";"";"";"";"recommendation.lever.lv_sitzen.label";"recommendations";"2";"v1:53424b46c1243ee3e6505ed975f56a612b38e990c9f2c7b91045479aac9cf712";"c5dbf1b8e33509fd8af84e4884dc28ea889dfaad5f3904938ca3fe32d9ed2c10"
"Einflussfaktoren";"Sitzverhalten";"Handlungsfelder";"Detailtext";"Handlungsfeld · Einflussfaktoren · Detailtext";"Ihre Angaben zeigen eine lange tägliche Sitzzeit. Regelmässige Bewegung senkt das Gesamtrisiko; längere Sitzphasen immer wieder zu unterbrechen ist ein praktischer zusätzlicher Einstieg.";"";"";"Marketing, Medizin";"Prüfung erforderlich";"Universellen Zeitgrenzwert und unbelegtes Pausenversprechen entfernt; durch Marketing und Medizin freigeben.";"";"";"recommendation.lever.lv_sitzen.detail";"recommendations";"2";"v1:53424b46c1243ee3e6505ed975f56a612b38e990c9f2c7b91045479aac9cf712";"1e7d388bf6abe1e12b9a6ae70f7bc52e15609bd84b2a477cf73deae425cdc1ef"
"Einflussfaktoren";"Sitzverhalten";"Dimensionsdetails";"Überschrift";"Dimensionsdetail · Titel";"Lange Sitzzeiten unterbrechen";"";"";"Marketing, Medizin";"Nicht geprüft";"";"";"";"recommendation.signal.sitzen.title";"recommendations";"2";"v1:53424b46c1243ee3e6505ed975f56a612b38e990c9f2c7b91045479aac9cf712";"3e347d677a75a70973181f25dc25b28d60539ef519293d24becee803a4a7136e"
"Einflussfaktoren";"Sitzverhalten";"Dimensionsdetails";"Persönliche Einordnung";"Dimensionsdetail · Einordnung";"Sowohl die gesamte Sitzzeit als auch lange ununterbrochene Sitzphasen sind relevant. Regelmässiges Aufstehen und kurze Gehpausen bringen zusätzliche Bewegung in den Tag; zugleich bleibt ausreichend körperliche Aktivität insgesamt wichtig.";"";"";"Marketing, Medizin";"Prüfung erforderlich";"Nicht belegte optimale Unterbrechungsdauer und falschen Gegensatz zu Sport entfernt; durch Marketing und Medizin freigeben.";"";"";"recommendation.signal.sitzen.insight";"recommendations";"2";"v1:53424b46c1243ee3e6505ed975f56a612b38e990c9f2c7b91045479aac9cf712";"fb685de2e1a688082eaf37bcabcb7577068b4b17406175784fb61574e4f8194b"
"Einflussfaktoren";"Sitzverhalten";"Dimensionsdetails";"Nächster Schritt";"Dimensionsdetail · konkreter nächster Schritt";"Praktischer Mini-Impuls: regelmässig aufstehen, strecken oder ein paar Schritte gehen – zum Beispiel mit einer Erinnerung. Ein kurzer Spaziergang nach dem Essen kann den Blutzuckeranstieg zusätzlich abflachen.";"";"";"Marketing, Medizin";"Prüfung erforderlich";"Pragmatische Empfehlung beibehalten, Wirkungsversprechen aber vorsichtig formuliert; durch Marketing und Medizin freigeben.";"";"";"recommendation.signal.sitzen.action";"recommendations";"2";"v1:53424b46c1243ee3e6505ed975f56a612b38e990c9f2c7b91045479aac9cf712";"5030b54b4acebf5c5b5fde6071c2f518e50b494129b6d390532aed521537689c"
"Einflussfaktoren";"Sitzverhalten";"Risikosignale";"Risikosignal";"Ergebnisseite, Lebensstil-Signal lange Sitzzeit";"Sie sitzen an einem typischen Tag sehr lange – schon kurze stündliche Unterbrechungen senken das Risiko deutlich.";"";"";"Marketing, Medizin";"Nicht geprüft";"";"";"";"recommendation.risk_signal.sitzen.label";"recommendations";"2";"v1:53424b46c1243ee3e6505ed975f56a612b38e990c9f2c7b91045479aac9cf712";"73515a20f5d602d201dbf58e74386ffa3d720c0f73c91f80bec4b7de7abe0adf"
"Einflussfaktoren";"Sitzverhalten";"Ergebnis-Einstieg";"Beschriftung";"Ergebnis-Zusammenfassung · Themenlabel «Sitzverhalten»";"Sitzzeit";"";"";"Marketing";"Nicht geprüft";"";"";"";"ui.hero.topic.sitzzeit";"ui";"2";"v1:53424b46c1243ee3e6505ed975f56a612b38e990c9f2c7b91045479aac9cf712";"e5fff35a6bd06d92ef44732e528de36b6636e754b70b436af7be6a3787c88597"
"Einflussfaktoren";"Weitere Einflussfaktoren";"Gemeinsame Bereichstexte (Fragebogen und Ergebnis)";"Beschriftung";"Gemeinsam in Fragebogen und Ergebnis · Einflussfaktoren · Kurzlabel für Navigation und Ergebnisvisualisierung";"Einflüsse";"";"";"Marketing";"Nicht geprüft";"";"";"";"service.dimension.einfluss.short";"services";"2";"v1:53424b46c1243ee3e6505ed975f56a612b38e990c9f2c7b91045479aac9cf712";"de616c9c493bb5a0ad6f630421ecfe0245e0e7bb1e8f0356f95cd65ff507cb64"
"Einflussfaktoren";"Weitere Einflussfaktoren";"Gemeinsame Bereichstexte (Fragebogen und Ergebnis)";"Überschrift";"Gemeinsam in Fragebogen und Ergebnis · Einflussfaktoren · vollständiger Bereichstitel";"Einflussfaktoren";"";"";"Marketing, Medizin";"Nicht geprüft";"";"";"";"service.dimension.einfluss.title";"services";"2";"v1:53424b46c1243ee3e6505ed975f56a612b38e990c9f2c7b91045479aac9cf712";"14c7c9fc0f2f7905ef87fe18d94dead7c3e2bf8093e74245464407304fc4c6d0"
"Einflussfaktoren";"Weitere Einflussfaktoren";"Gemeinsame Bereichstexte (Fragebogen und Ergebnis)";"Begründung / Einordnung";"Gemeinsam in Fragebogen und Ergebnis · Einflussfaktoren · Einleitung im Fragebogen und in den Ergebnisdetails";"Die ehrliche Reflexion Ihrer Gesundheit, Gewohnheiten und familiäre Krankheitsgeschichte helfen Ihnen Einflussfaktoren auf Ihre Gesundheit besser einzuschätzen.";"";"";"Marketing, Medizin";"Nicht geprüft";"";"";"";"service.dimension.einfluss.intro";"services";"2";"v1:53424b46c1243ee3e6505ed975f56a612b38e990c9f2c7b91045479aac9cf712";"120c87cfef16dc8daa213c664b1b2377269fd915e133a5fa3c993290343a6e12"
"Einflussfaktoren";"Weitere Einflussfaktoren";"Positive Dimensionstexte";"Positive Rückmeldung";"Positive Verstärkung für die Dimension einfluss";"Ihre Rahmenbedingungen und Gewohnheiten unterstützen Ihre Gesundheit klar. Bleiben Sie dran – regelmässige Vorsorge hilft, diesen guten Stand zu halten.";"";"";"Marketing, Medizin";"Prüfung erforderlich";"Starke Rückmeldung nicht mehr mit dem niedrigeren Status «solide» beschrieben; durch Marketing und Medizin freigeben.";"";"";"recommendation.positive.einfluss";"recommendations";"2";"v1:53424b46c1243ee3e6505ed975f56a612b38e990c9f2c7b91045479aac9cf712";"e6dc89a2f018c40aaf7f7fa47b5e9a4fa49cc931d1b4fb58b3023e1c491cd3a3"
"Einflussfaktoren";"Weitere Einflussfaktoren";"Solide Dimensionstexte";"Solide Rückmeldung";"Zurückhaltende Rückmeldung für die Dimension einfluss im Status Solide";"Viele Ihrer Rahmenbedingungen und Gewohnheiten unterstützen Ihre Gesundheit bereits. Mit gezielten Alltagsentscheidungen und regelmässiger Vorsorge können Sie diesen Bereich weiter stärken.";"";"";"Marketing, Medizin";"Prüfung erforderlich";"Neu vom positiven Feedback ab Score 80 getrennt; durch Marketing und Medizin freigeben.";"";"";"recommendation.solid.einfluss";"recommendations";"2";"v1:53424b46c1243ee3e6505ed975f56a612b38e990c9f2c7b91045479aac9cf712";"920cd18aead04bb2f6ca1517e6df53ed0a1afbc68b4bb1c3d2437ab651beb69a"
"Einflussfaktoren";"Weitere Einflussfaktoren";"Ergebnis-Einstieg";"Beschriftung";"Hero-Zusammenfassung, Dimension einfluss im Nominativ";"Ihre Einflussfaktoren";"";"";"Marketing";"Nicht geprüft";"";"";"";"ui.hero.dimension.einfluss.nominative";"ui";"2";"v1:53424b46c1243ee3e6505ed975f56a612b38e990c9f2c7b91045479aac9cf712";"99aeb02a13dfe4b16d176ad269295fcaaaeff543977fcfaabf871d1cf7ef1081"
"Einflussfaktoren";"Weitere Einflussfaktoren";"Ergebnis-Einstieg";"Beschriftung";"Hero-Zusammenfassung, Dimension einfluss nach «bei»";"bei Ihren Einflussfaktoren";"";"";"Marketing";"Nicht geprüft";"";"";"";"ui.hero.dimension.einfluss.prepositional";"ui";"2";"v1:53424b46c1243ee3e6505ed975f56a612b38e990c9f2c7b91045479aac9cf712";"59582e84e3236fdf181a2bafca5e3a167ae7aceda73837fa117348a6c2805298"
"Körperliche Fitness";"Allgemeine Fitness";"Coach-Antworten";"Dynamischer Text";"Demo-Coach-Antwort zu Bewegung, Sport, Fitness oder Kraft";"Fitness ist einer der wirksamsten Hebel: Schon 3× 20–30 Min. zügiges Gehen pro Woche plus 2 kurze Krafteinheiten wirken. Steigern Sie langsam und planen Sie feste Zeiten ein. Ihr Fitness-Wert: <b>{{fitnessScore}}</b>.";"";"";"Marketing, Medizin";"Nicht geprüft";"";"{{fitnessScore}}";"";"coach.answer.fitness";"coach";"2";"v1:53424b46c1243ee3e6505ed975f56a612b38e990c9f2c7b91045479aac9cf712";"8ace745d19524540cacace1e5cea699d420052a5f5019073bfedc39e891da97a"
"Körperliche Fitness";"Allgemeine Fitness";"Gemeinsame Bereichstexte (Fragebogen und Ergebnis)";"Beschriftung";"Gemeinsam in Fragebogen und Ergebnis · Körperliche Fitness · Kurzlabel für Navigation und Ergebnisvisualisierung";"Fitness";"";"";"Marketing";"Nicht geprüft";"";"";"";"service.dimension.fitness.short";"services";"2";"v1:53424b46c1243ee3e6505ed975f56a612b38e990c9f2c7b91045479aac9cf712";"afc1a4c5f0cfebeeaa1803fa7b86e7bfeeea258e78a09f44f23575d0e7ddf48e"
"Körperliche Fitness";"Allgemeine Fitness";"Gemeinsame Bereichstexte (Fragebogen und Ergebnis)";"Überschrift";"Gemeinsam in Fragebogen und Ergebnis · Körperliche Fitness · vollständiger Bereichstitel";"Körperliche Fitness";"";"";"Marketing, Medizin";"Nicht geprüft";"";"";"";"service.dimension.fitness.title";"services";"2";"v1:53424b46c1243ee3e6505ed975f56a612b38e990c9f2c7b91045479aac9cf712";"1e42ee526032a655a4a62b0bdb36a00777d7d061591fbcb63e8c0afeadaca500"
"Körperliche Fitness";"Allgemeine Fitness";"Gemeinsame Bereichstexte (Fragebogen und Ergebnis)";"Begründung / Einordnung";"Gemeinsam in Fragebogen und Ergebnis · Körperliche Fitness · Einleitung im Fragebogen und in den Ergebnisdetails";"Ihre körperliche Fitness ist einer der besten Indikatoren für Ihre Gesundheit.";"";"";"Marketing, Medizin";"Nicht geprüft";"";"";"";"service.dimension.fitness.intro";"services";"2";"v1:53424b46c1243ee3e6505ed975f56a612b38e990c9f2c7b91045479aac9cf712";"8739284b9500c964fa7c6d6030e8c436078feb5c1ee71e2b01600bf15771bb0e"
"Körperliche Fitness";"Allgemeine Fitness";"Fitness-Kurztests";"Begründung / Einordnung";"Bedeutung eines Fitness-Kurztests in der sichtbaren Kategorie Ausbaufähig";"Ihr Ergebnis ist bei diesem Test ausbaufähig. Regelmässiges, passendes Training kann Ihnen helfen, sich zu verbessern. Der Test ist keine Diagnose.";"";"";"Marketing, Medizin";"Prüfung erforderlich";"Sichtbare Kategorie entspricht der Statuslogik der Standortbestimmung; keine Diagnose.";"";"";"recommendation.fitness_test.status.ausbau.meaning";"recommendations";"2";"v1:53424b46c1243ee3e6505ed975f56a612b38e990c9f2c7b91045479aac9cf712";"7ddf2c52748212aa58d342c4661261892a83b582bc0f260007fb94be62127b9d"
"Körperliche Fitness";"Allgemeine Fitness";"Fitness-Kurztests";"Begründung / Einordnung";"Bedeutung eines Fitness-Kurztests in der sichtbaren Kategorie Erhöhte Aufmerksamkeit";"Bei diesem Test besteht deutliches Verbesserungspotenzial. Beginnen Sie mit einem passenden Training schrittweise. Der Test ist keine Diagnose und sagt allein nichts über Ihr persönliches Erkrankungsrisiko aus.";"";"";"Marketing, Medizin";"Prüfung erforderlich";"Sichtbare Kategorie entspricht der Statuslogik der Standortbestimmung; keine Diagnose.";"";"";"recommendation.fitness_test.status.aufmerksam.meaning";"recommendations";"2";"v1:53424b46c1243ee3e6505ed975f56a612b38e990c9f2c7b91045479aac9cf712";"5b2bc901c4f6671219f8d80c16d0e4b371be61f4ae22b5a00d6904e55a25825a"
"Körperliche Fitness";"Allgemeine Fitness";"Fitness-Kurztests";"Begründung / Einordnung";"Bedeutung eines Fitness-Kurztests in der sichtbaren Kategorie Solide Basis";"Ihr Ergebnis zeigt bei diesem Test eine solide Basis. Nutzen Sie den Wert als persönliche Ausgangsmessung und für spätere Vergleiche unter denselben Bedingungen.";"";"";"Marketing, Medizin";"Prüfung erforderlich";"Sichtbare Kategorie entspricht der Statuslogik der Standortbestimmung; keine Diagnose.";"";"";"recommendation.fitness_test.status.solide.meaning";"recommendations";"2";"v1:53424b46c1243ee3e6505ed975f56a612b38e990c9f2c7b91045479aac9cf712";"b5d4b413d0e32e38ad8350b51c5b723d8c024fd0bfffa48ffb54779ae0e3fd25"
"Körperliche Fitness";"Allgemeine Fitness";"Fitness-Kurztests";"Begründung / Einordnung";"Bedeutung eines Fitness-Kurztests in der sichtbaren Kategorie Stark";"Ihr Ergebnis zeigt bei diesem Test eine starke Leistung. Der Test betrachtet nur einen Teil Ihrer Fitness und sagt allein nichts über Ihr persönliches Erkrankungsrisiko aus.";"";"";"Marketing, Medizin";"Prüfung erforderlich";"Sichtbare Kategorie entspricht der Statuslogik der Standortbestimmung; keine Diagnose.";"";"";"recommendation.fitness_test.status.stark.meaning";"recommendations";"2";"v1:53424b46c1243ee3e6505ed975f56a612b38e990c9f2c7b91045479aac9cf712";"3b0cf0570b084d22e142580b79498c8037eb9058600386937bf5b5f8b1fdc0e1"
"Körperliche Fitness";"Allgemeine Fitness";"Positive Dimensionstexte";"Positive Rückmeldung";"Positive Verstärkung für die Dimension fitness";"Sie sind erfreulich aktiv. Achten Sie weiterhin auf die Mischung aus Ausdauer, Kraft und Beweglichkeit.";"";"";"Marketing, Medizin";"Nicht geprüft";"";"";"";"recommendation.positive.fitness";"recommendations";"2";"v1:53424b46c1243ee3e6505ed975f56a612b38e990c9f2c7b91045479aac9cf712";"ba40bc0163f6bf99fca0b87b707ca6d3d897312c9862541692ba8822208329c5"
"Körperliche Fitness";"Allgemeine Fitness";"Solide Dimensionstexte";"Solide Rückmeldung";"Zurückhaltende Rückmeldung für die Dimension fitness im Status Solide";"Sie bringen bereits Bewegung in Ihren Alltag. Eine ausgewogene Mischung aus Ausdauer, Kraft und Beweglichkeit kann diesen Bereich weiter stärken.";"";"";"Marketing, Medizin";"Prüfung erforderlich";"Neu vom positiven Feedback ab Score 80 getrennt; durch Marketing und Medizin freigeben.";"";"";"recommendation.solid.fitness";"recommendations";"2";"v1:53424b46c1243ee3e6505ed975f56a612b38e990c9f2c7b91045479aac9cf712";"751e318861aadb4ef8ec197acb2ac280ec1f695073289d9ad6e2ac125aa6f164"
"Körperliche Fitness";"Allgemeine Fitness";"Stärken";"Beschriftung";"Stärke · Körperliche Fitness · Kurzlabel";"Sehr starke körperliche Fitness";"";"";"Marketing";"Prüfung erforderlich";"Neue, streng mehrquellenbasierte Topstärke; durch Marketing freigeben.";"";"";"recommendation.strength.st_fitness_top.label";"recommendations";"2";"v1:53424b46c1243ee3e6505ed975f56a612b38e990c9f2c7b91045479aac9cf712";"1c491365b5da5f71791e3295af9b9e2d97f2438849057255bc03f107a9f4962b"
"Körperliche Fitness";"Allgemeine Fitness";"Stärken";"Detailtext";"Stärke · Körperliche Fitness · Detailtext";"Ihr Fitnesswert ist sehr hoch: Sie erreichen das WHO-Bewegungsziel, und auswertbare Kurztests für Muskulatur und Balance liegen jeweils im obersten Orientierungsbereich.";"";"";"Marketing, Medizin";"Prüfung erforderlich";"Aussage gilt nur bei Fitnessscore mindestens 90, erreichtem WHO-Ziel und passenden Top-Kurztests in Muskulatur und Balance; durch Marketing und Medizin freigeben.";"";"";"recommendation.strength.st_fitness_top.detail";"recommendations";"2";"v1:53424b46c1243ee3e6505ed975f56a612b38e990c9f2c7b91045479aac9cf712";"3e4893be18f8eda21e70f22fdda64f9b4a155fcd4af938ed9a07d26fa64781d0"
"Körperliche Fitness";"Allgemeine Fitness";"Fitness-Kurztests";"Beschriftung";"4-Wochen-Plan, Label vor einem oder mehreren persönlichen Fitness-Retests in Woche 4";"Ihr Abschluss-Check:";"";"";"Marketing, Medizin";"Prüfung erforderlich";"Retest ist eine Verlaufskontrolle und kein Wirksamkeitsnachweis.";"";"";"ui.fitness_tests.retest_label";"ui";"2";"v1:53424b46c1243ee3e6505ed975f56a612b38e990c9f2c7b91045479aac9cf712";"5d9e7dc8fb726e25167ad6cd17a970a84a62ce14b14b2a0c1bd0a8b1443bc155"
"Körperliche Fitness";"Allgemeine Fitness";"Fitness-Kurztests";"Überschrift";"Ergebnisdetail Körperliche Fitness, Überschrift oberhalb aller ausgefüllten Kurztests";"Ihre ausgefüllten Fitness-Kurztests";"";"";"Marketing";"Prüfung erforderlich";"Der Block erscheint nur, wenn mindestens ein optionaler Test ausgefüllt wurde.";"";"";"ui.fitness_tests.title";"ui";"2";"v1:53424b46c1243ee3e6505ed975f56a612b38e990c9f2c7b91045479aac9cf712";"ff9c7477e3a577f3d6e9c12327ae399429318d751554fd12621da63496603eaa"
"Körperliche Fitness";"Allgemeine Fitness";"Fitness-Kurztests";"Beschriftung";"Testkarte ohne fachlich passende Vergleichswerte";"Keine verlässliche Einordnung möglich";"";"";"Marketing, Medizin";"Prüfung erforderlich";"Bewusst neutral statt einer scheinpräzisen Stärke-/Schwäche-Einstufung.";"";"";"ui.fitness_tests.personal_baseline";"ui";"2";"v1:53424b46c1243ee3e6505ed975f56a612b38e990c9f2c7b91045479aac9cf712";"a6bff3bf94e07347e73e8528bebaddda1d7bb86cf3aa844b0f652eb8cb7f5b40"
"Körperliche Fitness";"Allgemeine Fitness";"Fitness-Kurztests";"Beschriftung";"Testkarte, Label vor dem nächsten persönlichen Orientierungsbereich";"Nächste Orientierung:";"";"";"Marketing, Medizin";"Prüfung erforderlich";"Kein Therapieziel oder medizinischer Grenzwert.";"";"";"ui.fitness_tests.next_reference_label";"ui";"2";"v1:53424b46c1243ee3e6505ed975f56a612b38e990c9f2c7b91045479aac9cf712";"2aa7171878e2a7a5a4a5e8f0559946452916b8efe390275f59c799c51ae7eb4e"
"Körperliche Fitness";"Allgemeine Fitness";"Fitness-Kurztests";"Beschriftung";"Testkarte, Label vor der gesundheitlichen Relevanz";"Warum das relevant ist:";"";"";"Marketing";"Prüfung erforderlich";"";"";"";"ui.fitness_tests.relevance_label";"ui";"2";"v1:53424b46c1243ee3e6505ed975f56a612b38e990c9f2c7b91045479aac9cf712";"861393049a68b30a5a577a618a7502691bab7ca1413f560ddc076850ca784343"
"Körperliche Fitness";"Allgemeine Fitness";"Fitness-Kurztests";"Beschriftung";"Testkarte, Label vor der persönlichen Einordnung";"Was das bedeutet:";"";"";"Marketing";"Prüfung erforderlich";"";"";"";"ui.fitness_tests.meaning_label";"ui";"2";"v1:53424b46c1243ee3e6505ed975f56a612b38e990c9f2c7b91045479aac9cf712";"c083fbc57c96eeed939f1f2a71f97d4546e0f338175209419bdb0a8e722f7c1c"
"Körperliche Fitness";"Allgemeine Fitness";"Fitness-Kurztests";"Medizinischer Hinweis";"Ergebnisdetail Körperliche Fitness, gemeinsamer Hinweis oberhalb der Testkarten";"Diese Kurztests zeigen einzelne Bereiche Ihrer aktuellen körperlichen Leistungsfähigkeit. Sie ersetzen keine medizinische Untersuchung und erlauben allein keine Aussage über Ihr persönliches Erkrankungsrisiko.";"";"";"Marketing, Medizin";"Prüfung erforderlich";"Gemeinsame Aussagegrenze für alle drei Tests; medizinisch freigeben.";"";"";"ui.fitness_tests.description";"ui";"2";"v1:53424b46c1243ee3e6505ed975f56a612b38e990c9f2c7b91045479aac9cf712";"22fda8584d6861b067ec500fbf933fdb55915ef34131d287673182d8087833be"
"Körperliche Fitness";"Allgemeine Fitness";"Fitness-Kurztests";"Dynamischer Text";"Testkarte, personalisierter nächster Vergleichswert";"Der nächste Vergleichswert liegt bei {{nextThreshold}} {{unit}}. Er ist keine medizinische Grenze und kein versprochener Vier-Wochen-Erfolg.";"";"";"Marketing, Medizin";"Prüfung erforderlich";"Nur bei fachlich passender Referenzstufe; Variablen müssen Klartext bleiben.";"{{nextThreshold}} | {{unit}}";"";"ui.fitness_tests.next_reference";"ui";"2";"v1:53424b46c1243ee3e6505ed975f56a612b38e990c9f2c7b91045479aac9cf712";"1e2d8feff4d6ebc4ebe784bc53aceeb99dd0039a3c6a5d7fd808bf6738d51ae9"
"Körperliche Fitness";"Allgemeine Fitness";"Fitness-Kurztests";"Dynamischer Text";"Testkarte mit ausbaufähigem Wert, passende Empfehlung ist im Top-3-Aktionsplan";"Passende Empfehlung: {{recommendationTitle}} – Schritt {{planStep}} in Ihrem Aktionsplan";"";"";"Marketing";"Prüfung erforderlich";"Empfehlungstitel muss Klartext bleiben.";"{{planStep}} | {{recommendationTitle}}";"";"ui.fitness_tests.related_recommendation.top_step";"ui";"2";"v1:53424b46c1243ee3e6505ed975f56a612b38e990c9f2c7b91045479aac9cf712";"208189d312642c075cb4799f8551351196313e3692474a704b13d103eca8c119"
"Körperliche Fitness";"Allgemeine Fitness";"Fitness-Kurztests";"Dynamischer Text";"Testkarte mit ausbaufähigem Wert, passende Empfehlung steht weiter unten in der Fitness-Dimension";"Passende Empfehlung: {{recommendationTitle}}";"";"";"Marketing";"Prüfung erforderlich";"Empfehlungstitel muss Klartext bleiben.";"{{recommendationTitle}}";"";"ui.fitness_tests.related_recommendation.detail";"ui";"2";"v1:53424b46c1243ee3e6505ed975f56a612b38e990c9f2c7b91045479aac9cf712";"5989f60b90743bc151c6efb9e4e87af31097718492ff682d2bc9995406838ed2"
"Körperliche Fitness";"Allgemeine Fitness";"Fitness-Kurztests";"Beschriftung";"Testkarte und personalisierte Orientierung, Einheit für Liegestütze";"Wiederholungen";"";"";"Marketing";"Prüfung erforderlich";"Wird als Klartextvariable in andere Katalogtexte eingesetzt.";"";"";"ui.fitness_tests.unit.repetitions";"ui";"2";"v1:53424b46c1243ee3e6505ed975f56a612b38e990c9f2c7b91045479aac9cf712";"fa17a95d557921fd0c3b47901a6e58bfd51e69540c98d0721d910fdca660ab65"
"Körperliche Fitness";"Allgemeine Fitness";"Fitness-Kurztests";"Beschriftung";"Testkarte und personalisierte Orientierung, Einheit für Zeitwerte";"Sekunden";"";"";"Marketing";"Prüfung erforderlich";"Wird als Klartextvariable in andere Katalogtexte eingesetzt.";"";"";"ui.fitness_tests.unit.seconds";"ui";"2";"v1:53424b46c1243ee3e6505ed975f56a612b38e990c9f2c7b91045479aac9cf712";"086c0382e62d95b6eedbb22f25bbbc348c2d273a50e74647b65a5dc181b54f0d"
"Körperliche Fitness";"Allgemeine Fitness";"Ergebnis-Einstieg";"Beschriftung";"Hero-Zusammenfassung, Dimension fitness im Nominativ";"Ihre körperliche Fitness";"";"";"Marketing";"Nicht geprüft";"";"";"";"ui.hero.dimension.fitness.nominative";"ui";"2";"v1:53424b46c1243ee3e6505ed975f56a612b38e990c9f2c7b91045479aac9cf712";"bb6284474aba189be20afdbdb2b762359657b83d42d4a690a88400d687ed9e26"
"Körperliche Fitness";"Allgemeine Fitness";"Ergebnis-Einstieg";"Beschriftung";"Hero-Zusammenfassung, Dimension fitness nach «bei»";"bei Ihrer körperlichen Fitness";"";"";"Marketing";"Nicht geprüft";"";"";"";"ui.hero.dimension.fitness.prepositional";"ui";"2";"v1:53424b46c1243ee3e6505ed975f56a612b38e990c9f2c7b91045479aac9cf712";"cae3fcb66c55174ee5b58b5c176c9b50ea0678fd388ce4eb9cbd8d248de5b2dc"
"Körperliche Fitness";"Ausdauer & Kondition";"Empfehlungskarten";"Überschrift";"Empfehlungskarte · Körperliche Fitness · Titel";"Ausdauer Schritt für Schritt ausbauen";"";"";"Marketing";"Nicht geprüft";"";"";"";"recommendation.catalog.fi_ausdauer.title";"recommendations";"2";"v1:53424b46c1243ee3e6505ed975f56a612b38e990c9f2c7b91045479aac9cf712";"bc0c8c1ff777458c4f384a9de6aeed1137d55a8aadcfa4e601376f6e4e72437b"
"Körperliche Fitness";"Ausdauer & Kondition";"Empfehlungskarten";"Begründung / Einordnung";"Empfehlungskarte · Körperliche Fitness · Begründung";"Sie sind bereits etwas aktiv – schön! Mehr Ausdauerbewegung stärkt Herz, Kreislauf und Stoffwechsel zusätzlich. Als Orientierung gelten pro Woche rund 150 Minuten moderate oder 75 Minuten intensive Aktivität; beides lässt sich kombinieren.";"";"";"Marketing, Medizin";"Prüfung erforderlich";"Beide gleichwertigen Aktivitätswege des Scoring-Vertrags ergänzt; durch Marketing und Medizin freigeben.";"";"";"recommendation.catalog.fi_ausdauer.why";"recommendations";"2";"v1:53424b46c1243ee3e6505ed975f56a612b38e990c9f2c7b91045479aac9cf712";"03cab10db62aada70d1f3c61b8b9d80db11a3e099b27957a65c01391fcf1582d"
"Körperliche Fitness";"Ausdauer & Kondition";"Empfehlungskarten";"Nächster Schritt";"Empfehlungskarte · Körperliche Fitness · konkreter nächster Schritt";"Erhöhen Sie Ihr Pensum um eine Einheit pro Woche oder verlängern Sie bestehende Einheiten um je 10 Minuten.";"";"";"Marketing, Medizin";"Nicht geprüft";"";"";"";"recommendation.catalog.fi_ausdauer.step";"recommendations";"2";"v1:53424b46c1243ee3e6505ed975f56a612b38e990c9f2c7b91045479aac9cf712";"31bfdda21d314fa908e7bfe640b3bfafe484d9c509fff446b0803779cb01cade"
"Körperliche Fitness";"Ausdauer & Kondition";"Empfehlungskarten";"Erwarteter Nutzen";"Empfehlungskarte · Körperliche Fitness · erwarteter Nutzen";"Regelmässige Ausdauer verbessert Fitness, Energie und langfristig Ihr Herz-Kreislauf-Profil.";"";"";"Marketing, Medizin";"Nicht geprüft";"";"";"";"recommendation.catalog.fi_ausdauer.benefit";"recommendations";"2";"v1:53424b46c1243ee3e6505ed975f56a612b38e990c9f2c7b91045479aac9cf712";"e921beaddea5e566e06815fa9f8531b1f631be407b0dd124895d7bf0ee66ed90"
"Körperliche Fitness";"Ausdauer & Kondition";"4-Wochen-Pläne";"4-Wochen-Plan";"4-Wochen-Plan · Diese Woche";"Legen Sie zwei feste Termine à 25–30 Minuten in lockerem Tempo fest (Sprechtest: unterhalten ja, singen nein). Dieser ruhige Grundlagenbereich baut die Basis – und darf sich leicht anfühlen.";"";"";"Marketing, Medizin";"Nicht geprüft";"";"";"";"recommendation.plan.fi_ausdauer.this_week";"recommendations";"2";"v1:53424b46c1243ee3e6505ed975f56a612b38e990c9f2c7b91045479aac9cf712";"b49492d337744e7f718f6e899f4c7b71c2e4d8bcb73183a4d124d64c90b156ae"
"Körperliche Fitness";"Ausdauer & Kondition";"4-Wochen-Pläne";"4-Wochen-Plan";"4-Wochen-Plan · Woche 2–3";"Wenn Sie das Grundlagentraining gut und beschwerdefrei vertragen, können Sie <b>eine intensivere Einheit</b> pro Woche ergänzen: nach lockerem Einlaufen 4–6 × 1 Minute deutlich schneller, dazwischen jeweils 2 Minuten locker. Intervalltraining kann die maximale Sauerstoffaufnahme (VO₂max) verbessern. <i>Bei Brustschmerzen, ungewöhnlicher Atemnot, Schwindel oder Benommenheit abbrechen und medizinisch abklären.</i>";"";"";"Marketing, Medizin";"Prüfung erforderlich";"Absoluten Wirksamkeits- und Lebenserwartungsvergleich entfernt und Sicherheitsschwelle ergänzt; durch Marketing und Medizin freigeben.";"";"";"recommendation.plan.fi_ausdauer.weeks_2_3";"recommendations";"2";"v1:53424b46c1243ee3e6505ed975f56a612b38e990c9f2c7b91045479aac9cf712";"3378a20642b1bf28b17bbc65b799a16887df6cf95ac97a815ac805a531e60a4e"
"Körperliche Fitness";"Ausdauer & Kondition";"4-Wochen-Pläne";"4-Wochen-Plan";"4-Wochen-Plan · Woche 4";"Bilanz ziehen: Erreichen Sie 150 Minuten moderat <b>oder</b> 75 Minuten intensiv pro Woche? Steigern Sie Umfang oder Intensität – nie beides gleichzeitig. Ein einfacher Fortschrittstest: Wie fühlen sich jetzt zwei Stockwerke Treppen an?";"";"";"Marketing, Medizin";"Nicht geprüft";"";"";"";"recommendation.plan.fi_ausdauer.week_4";"recommendations";"2";"v1:53424b46c1243ee3e6505ed975f56a612b38e990c9f2c7b91045479aac9cf712";"3de58a34c6a064085042a7e422713fa8871486aca4ec1324b9b550e8e8117098"
"Körperliche Fitness";"Ausdauer & Kondition";"Empfehlungskarten";"Überschrift";"Empfehlungskarte · Körperliche Fitness · Titel";"Alltagskondition stärken";"";"";"Marketing";"Nicht geprüft";"";"";"";"recommendation.catalog.fi_kondition.title";"recommendations";"2";"v1:53424b46c1243ee3e6505ed975f56a612b38e990c9f2c7b91045479aac9cf712";"f5eb232679fafc669b7c45dfd5760b37807a7167e12d8c82ac07ef09dcb07032"
"Körperliche Fitness";"Ausdauer & Kondition";"Empfehlungskarten";"Begründung / Einordnung";"Empfehlungskarte · Körperliche Fitness · Begründung";"Treppensteigen fällt Ihnen aktuell schwer. Diese Alltagsbelastung lässt sich oft trainieren. Neue oder starke Atemnot, Brustbeschwerden, Schwindel oder Benommenheit sollten jedoch zuerst medizinisch eingeordnet werden.";"";"";"Marketing, Medizin";"Prüfung erforderlich";"Auf den Konditionsauslöser Treppensteigen präzisiert; Sicherheitsgrenze durch Marketing und Medizin freigeben.";"";"";"recommendation.catalog.fi_kondition.why";"recommendations";"2";"v1:53424b46c1243ee3e6505ed975f56a612b38e990c9f2c7b91045479aac9cf712";"1e4885eb0517cb87caa7e1d3f5c52c45c9a79ee9b4183f01b515bef63e4138cb"
"Körperliche Fitness";"Ausdauer & Kondition";"Empfehlungskarten";"Nächster Schritt";"Empfehlungskarte · Körperliche Fitness · konkreter nächster Schritt";"Wenn keine Warnzeichen dagegensprechen, wählen Sie eine gut bewältigbare Alltagsbelastung und steigern Sie langsam. Brechen Sie bei Brustbeschwerden, ungewöhnlicher Atemnot, Schwindel oder Benommenheit ab und lassen Sie das abklären.";"";"";"Marketing, Medizin";"Prüfung erforderlich";"Pauschale Belastungssteigerung durch einen sicheren, symptomorientierten Einstieg ersetzt; durch Marketing und Medizin freigeben.";"";"";"recommendation.catalog.fi_kondition.step";"recommendations";"2";"v1:53424b46c1243ee3e6505ed975f56a612b38e990c9f2c7b91045479aac9cf712";"9c90809bccb4f23962c972956f2dde59ed57e6a2999c96a665532e31c48287b8"
"Körperliche Fitness";"Ausdauer & Kondition";"Empfehlungskarten";"Erwarteter Nutzen";"Empfehlungskarte · Körperliche Fitness · erwarteter Nutzen";"Mehr Alltagskondition macht den Tag leichter und stärkt Herz und Muskeln nebenbei.";"";"";"Marketing, Medizin";"Nicht geprüft";"";"";"";"recommendation.catalog.fi_kondition.benefit";"recommendations";"2";"v1:53424b46c1243ee3e6505ed975f56a612b38e990c9f2c7b91045479aac9cf712";"bdd9a94566a8f23685e25f13957bbf336475f0061a57757c04386d739ab4ac65"
"Körperliche Fitness";"Ausdauer & Kondition";"4-Wochen-Pläne";"4-Wochen-Plan";"4-Wochen-Plan · Diese Woche";"Prüfen Sie zuerst: Treten neue oder starke Atemnot, Brustbeschwerden, Schwindel oder Benommenheit auf, lassen Sie das medizinisch einordnen. Andernfalls wählen Sie eine gut bewältigbare Alltagsbelastung – etwa eine kurze Treppe oder eine Haltestelle zu Fuss – und steigern Sie langsam.";"";"";"Marketing, Medizin";"Prüfung erforderlich";"Sicherheitsgrenze vor dem Trainingsplan ergänzt; durch Marketing und Medizin freigeben.";"";"";"recommendation.plan.fi_kondition.this_week";"recommendations";"2";"v1:53424b46c1243ee3e6505ed975f56a612b38e990c9f2c7b91045479aac9cf712";"bd9425546fc44e673f46985f6d8b7c002a5e9725533e643d0ba2ca7d2dfbe14b"
"Körperliche Fitness";"Ausdauer & Kondition";"4-Wochen-Pläne";"4-Wochen-Plan";"4-Wochen-Plan · Woche 2–3";"Wenn die Belastung beschwerdefrei bleibt, steigern Sie behutsam: etwas länger gehen oder eine zusätzliche kurze Treppe einbauen, danach erholen. Das trainiert Ihre Alltagskondition schrittweise.";"";"";"Marketing, Medizin";"Prüfung erforderlich";"Belastungssteigerung an Beschwerdefreiheit gekoppelt und Kausalbehauptung entschärft; durch Marketing und Medizin freigeben.";"";"";"recommendation.plan.fi_kondition.weeks_2_3";"recommendations";"2";"v1:53424b46c1243ee3e6505ed975f56a612b38e990c9f2c7b91045479aac9cf712";"c368d7f3f9e684e21f23cf9c4e6709d32e5fda3a2f435196ba6e9181b4ecf338"
"Körperliche Fitness";"Ausdauer & Kondition";"4-Wochen-Pläne";"4-Wochen-Plan";"4-Wochen-Plan · Woche 4";"Machen Sie die aktive Variante zur Standardwahl. Kontrolle ohne Geräte: Fällt Ihnen das Treppensteigen bereits leichter? Genau daran merken Sie den Fortschritt im Alltag.";"";"";"Marketing, Medizin";"Prüfung erforderlich";"Auf den Konditionsauslöser Treppensteigen präzisiert; redaktionell freigeben.";"";"";"recommendation.plan.fi_kondition.week_4";"recommendations";"2";"v1:53424b46c1243ee3e6505ed975f56a612b38e990c9f2c7b91045479aac9cf712";"5b5100ee8c1977a926b0051bb2eb609dd67cbbc1b417f26f0a5d5fa3110d02a4"
"Körperliche Fitness";"Ausdauer & Kondition";"Handlungsfelder";"Beschriftung";"Handlungsfeld · Körperliche Fitness · Kurzlabel";"Ausdauer Schritt für Schritt aufbauen";"";"";"Marketing, Medizin";"Prüfung erforderlich";"Einseitige Nennung nur des moderaten Aktivitätsziels entfernt; durch Marketing und Medizin freigeben.";"";"";"recommendation.lever.lv_ausdauer.label";"recommendations";"2";"v1:53424b46c1243ee3e6505ed975f56a612b38e990c9f2c7b91045479aac9cf712";"d27fefa1c5b8bda331ffd28d86cb1c7473ae3ba1375196c1068620d36fe047f9"
"Körperliche Fitness";"Ausdauer & Kondition";"Handlungsfelder";"Detailtext";"Handlungsfeld · Körperliche Fitness · Standardvariante";"Ausdauer ist ein wichtiger Baustein für Herz-Kreislauf-Gesundheit und Alltagsleistungsfähigkeit. Beginnen Sie mit gut verträglichen Spaziergängen und steigern Sie langsam.";"";"";"Marketing, Medizin";"Prüfung erforderlich";"Nicht belegte Rangfolge der Fitnesskomponenten entfernt; durch Marketing und Medizin freigeben.";"";"";"recommendation.lever.lv_ausdauer.detail.default";"recommendations";"2";"v1:53424b46c1243ee3e6505ed975f56a612b38e990c9f2c7b91045479aac9cf712";"7e9705aa1923ee6972f014c59e1f8cc4df3e64fda602dd80fb503e1b6efbf8af"
"Körperliche Fitness";"Ausdauer & Kondition";"Handlungsfelder";"Detailtext";"Handlungsfeld · Körperliche Fitness · Variante bei erschwertem Treppensteigen";"Sie bewegen sich wenig und kommen beim Treppensteigen ausser Atem. Wenn die Atemnot neu, ungewöhnlich oder stark ist, lassen Sie sie zuerst medizinisch einordnen; sonst können kurze, gut verträgliche Spaziergänge ein passender Einstieg sein.";"";"";"Marketing, Medizin";"Prüfung erforderlich";"Belastungsatemnot nicht automatisch als Trainingsauftrag behandelt; durch Marketing und Medizin freigeben.";"";"";"recommendation.lever.lv_ausdauer.detail.stairs_difficult";"recommendations";"2";"v1:53424b46c1243ee3e6505ed975f56a612b38e990c9f2c7b91045479aac9cf712";"ad9abc6ac1b5556656e466326b367b2d3d72373d8416d519d4f6725056cdb9d7"
"Körperliche Fitness";"Ausdauer & Kondition";"Ergebnis-Einstieg";"Beschriftung";"Ergebnis-Zusammenfassung · Themenlabel «Ausdauer & Kondition»";"intensive Ausdauer";"";"";"Marketing";"Nicht geprüft";"";"";"";"ui.hero.topic.ausdauer_intensiv";"ui";"2";"v1:53424b46c1243ee3e6505ed975f56a612b38e990c9f2c7b91045479aac9cf712";"ae48181a1580126aff7f1cb0eec1eea2c24b0080e88c4785f155503cde94e688"
"Körperliche Fitness";"Ausdauer & Kondition";"Ergebnis-Einstieg";"Beschriftung";"Ergebnis-Zusammenfassung · Themenlabel «Ausdauer & Kondition»";"moderate Ausdauer";"";"";"Marketing";"Nicht geprüft";"";"";"";"ui.hero.topic.ausdauer_moderat";"ui";"2";"v1:53424b46c1243ee3e6505ed975f56a612b38e990c9f2c7b91045479aac9cf712";"fc169fee12f50132b86a968fd6451b3ae214408e0389deb0ad595f04ee15a383"
"Körperliche Fitness";"Ausdauer & Kondition";"Ergebnis-Einstieg";"Beschriftung";"Ergebnis-Zusammenfassung · Themenlabel «Ausdauer & Kondition»";"Treppensteigen";"";"";"Marketing";"Nicht geprüft";"";"";"";"ui.hero.topic.treppen";"ui";"2";"v1:53424b46c1243ee3e6505ed975f56a612b38e990c9f2c7b91045479aac9cf712";"7b441804293bf41e51336577f65ca97fdd050e48f0493f8fe1a7aebb3e6d8462"
"Körperliche Fitness";"Beweglichkeit & Gleichgewicht";"Dimensionsdetails";"Überschrift";"Dimensionsdetail · Titel";"Beweglichkeit und Gleichgewicht";"";"";"Marketing, Medizin";"Nicht geprüft";"";"";"";"recommendation.signal.balance.title";"recommendations";"2";"v1:53424b46c1243ee3e6505ed975f56a612b38e990c9f2c7b91045479aac9cf712";"997a09a5aa19b29e172c825c0d4a6677d3f14b1bda441f783e5289af10f01a08"
"Körperliche Fitness";"Beweglichkeit & Gleichgewicht";"Dimensionsdetails";"Persönliche Einordnung";"Dimensionsdetail · Einordnung";"Wie leicht Sie ohne Hände aufstehen und das Gleichgewicht halten, gibt einen praktischen Hinweis auf Kraft, Mobilität und funktionelle Selbstständigkeit. Es ersetzt keine medizinische Untersuchung.";"";"";"Marketing, Medizin";"Prüfung erforderlich";"Nicht belegten Vergleich mit Laborwerten entfernt und Funktionstest korrekt eingeordnet; durch Marketing und Medizin freigeben.";"";"";"recommendation.signal.balance.insight";"recommendations";"2";"v1:53424b46c1243ee3e6505ed975f56a612b38e990c9f2c7b91045479aac9cf712";"cee1aa5acffcf94daef35503efdcf1e1a725699b2730f18ee06fdf9e75bc531e"
"Körperliche Fitness";"Beweglichkeit & Gleichgewicht";"Dimensionsdetails";"Nächster Schritt";"Dimensionsdetail · konkreter nächster Schritt";"Fünfmal täglich ohne Hände vom Stuhl aufstehen – das trainiert Beinkraft und Aufstehmechanik zugleich.";"";"";"Marketing, Medizin";"Nicht geprüft";"";"";"";"recommendation.signal.balance.action";"recommendations";"2";"v1:53424b46c1243ee3e6505ed975f56a612b38e990c9f2c7b91045479aac9cf712";"abd31a2fbb0318c035e1ddf55fc091d3529e0925a308e65e7e2a996702809280"
"Körperliche Fitness";"Beweglichkeit & Gleichgewicht";"Risikosignale";"Risikosignal";"Ergebnisseite, Lebensstil-Signal Beweglichkeit und Gleichgewicht";"Beweglichkeit und Gleichgewicht bieten aktuell Spielraum – wichtig zur Sturzprävention.";"";"";"Marketing, Medizin";"Nicht geprüft";"";"";"";"recommendation.risk_signal.balance.label";"recommendations";"2";"v1:53424b46c1243ee3e6505ed975f56a612b38e990c9f2c7b91045479aac9cf712";"9ea131d1ac8745aa803342feab8f3dd2beb47097ce343b7aef100f2515099bb3"
"Körperliche Fitness";"Beweglichkeit & Gleichgewicht";"Empfehlungskarten";"Überschrift";"Empfehlungskarte · Körperliche Fitness · Titel";"Beweglichkeit und Gleichgewicht trainieren";"";"";"Marketing";"Nicht geprüft";"";"";"";"recommendation.catalog.fi_beweglichkeit.title";"recommendations";"2";"v1:53424b46c1243ee3e6505ed975f56a612b38e990c9f2c7b91045479aac9cf712";"5779ea416b0b1d3fbd837907dcea5c8d11df7d6eaa9d87394c5135b24b123296"
"Körperliche Fitness";"Beweglichkeit & Gleichgewicht";"Empfehlungskarten";"Begründung / Einordnung";"Empfehlungskarte · Körperliche Fitness · Begründung";"Ihre Angaben oder der Einbeinstand zeigen einen trainierbaren Ansatzpunkt bei Gleichgewicht oder Beweglichkeit. Beides unterstützt sichere Alltagsbewegungen und funktionelle Selbstständigkeit.";"";"";"Marketing, Medizin";"Prüfung erforderlich";"Für den neuen Auslöser über den Einbeinstand verallgemeinert; medizinisch und redaktionell freigeben.";"";"";"recommendation.catalog.fi_beweglichkeit.why";"recommendations";"2";"v1:53424b46c1243ee3e6505ed975f56a612b38e990c9f2c7b91045479aac9cf712";"7fb243b8601ce82a888d8a89fa84d7c347e89abc7736b3cdc489b65eeed43782"
"Körperliche Fitness";"Beweglichkeit & Gleichgewicht";"Empfehlungskarten";"Nächster Schritt";"Empfehlungskarte · Körperliche Fitness · konkreter nächster Schritt";"Bauen Sie 2-mal pro Woche einfache Balance- und Mobilitätsübungen ein – z. B. auf einem Bein Zähneputzen oder ein kurzes Beweglichkeitsprogramm.";"";"";"Marketing, Medizin";"Nicht geprüft";"";"";"";"recommendation.catalog.fi_beweglichkeit.step";"recommendations";"2";"v1:53424b46c1243ee3e6505ed975f56a612b38e990c9f2c7b91045479aac9cf712";"12541cfa773a07131bb1924092d45da395cd380b0b325c698467334f3b2565f5"
"Körperliche Fitness";"Beweglichkeit & Gleichgewicht";"Empfehlungskarten";"Erwarteter Nutzen";"Empfehlungskarte · Körperliche Fitness · erwarteter Nutzen";"Gezieltes Balance- und Mobilitätstraining kann Ihre Bewegungssicherheit verbessern und besonders im höheren Alter zur Sturzprävention beitragen.";"";"";"Marketing, Medizin";"Prüfung erforderlich";"Altersbezug und Wirkungsformulierung präzisiert; freigeben.";"";"";"recommendation.catalog.fi_beweglichkeit.benefit";"recommendations";"2";"v1:53424b46c1243ee3e6505ed975f56a612b38e990c9f2c7b91045479aac9cf712";"ac256ad993d7ec3b56415d19edbb88a31cb4ffce87698a095e036e485464ae5e"
"Körperliche Fitness";"Beweglichkeit & Gleichgewicht";"4-Wochen-Pläne";"4-Wochen-Plan";"4-Wochen-Plan · Diese Woche";"Bauen Sie täglich zwei Mini-Übungen ein: in sicherer Umgebung auf einem Bein stehen, mit einer stabilen Haltemöglichkeit in Reichweite, und fünfmal kontrolliert ohne Hände vom Stuhl aufstehen. Brechen Sie bei Schmerzen oder Schwindel ab.";"";"";"Marketing, Medizin";"Prüfung erforderlich";"Nicht belegte Laborwert-Überhöhung entfernt und Sicherheit ergänzt; medizinisch freigeben.";"";"";"recommendation.plan.fi_beweglichkeit.this_week";"recommendations";"2";"v1:53424b46c1243ee3e6505ed975f56a612b38e990c9f2c7b91045479aac9cf712";"fb65fcf659c702dcb455a11b7543d3454813681a025747ece3202f44cbbaed3c"
"Körperliche Fitness";"Beweglichkeit & Gleichgewicht";"4-Wochen-Pläne";"4-Wochen-Plan";"4-Wochen-Plan · Woche 2–3";"Ergänzen Sie zweimal pro Woche ein kurzes Mobilitätsprogramm für Hüfte, Schultern und Wirbelsäule. Steigern Sie die Balanceübung schrittweise, etwa durch weniger Abstützen oder eine etwas engere Fussposition – weiterhin mit sicherer Haltemöglichkeit.";"";"";"Marketing, Medizin";"Prüfung erforderlich";"Augen-schliessen-Variante und pauschales Fortschrittsversprechen entfernt; medizinisch freigeben.";"";"";"recommendation.plan.fi_beweglichkeit.weeks_2_3";"recommendations";"2";"v1:53424b46c1243ee3e6505ed975f56a612b38e990c9f2c7b91045479aac9cf712";"f34ee7d18c0f9b1b4e0b29d712d3ecf0d4403b25310219e2c12413a08a1ca3d7"
"Körperliche Fitness";"Beweglichkeit & Gleichgewicht";"4-Wochen-Pläne";"4-Wochen-Plan";"4-Wochen-Plan · Woche 4";"Verankern Sie die Übungen als feste Gewohnheit – am besten gekoppelt an etwas Bestehendes (Zähneputzen, Kaffeepause). Gleichgewicht und Beweglichkeit bleiben nur erhalten, wenn sie regelmässig gefordert werden.";"";"";"Marketing, Medizin";"Nicht geprüft";"";"";"";"recommendation.plan.fi_beweglichkeit.week_4";"recommendations";"2";"v1:53424b46c1243ee3e6505ed975f56a612b38e990c9f2c7b91045479aac9cf712";"4389995ffa554aef336c866af25b10ff5c5287dd656f758233968e78ce1b6dd3"
"Körperliche Fitness";"Beweglichkeit & Gleichgewicht";"Fitness-Kurztests";"Überschrift";"Ergebnisdetail Körperliche Fitness, Titel des ausgefüllten Einbeinstand-Tests";"Einbeinstand";"";"";"Marketing";"Prüfung erforderlich";"Neue Ergebnisdarstellung; redaktionell freigeben.";"";"";"recommendation.fitness_test.einbeinstand.title";"recommendations";"2";"v1:53424b46c1243ee3e6505ed975f56a612b38e990c9f2c7b91045479aac9cf712";"c6cd004e3934936b6a4881377106f10771354abccafc18d3596e7bed2891b8a0"
"Körperliche Fitness";"Beweglichkeit & Gleichgewicht";"Fitness-Kurztests";"Begründung / Einordnung";"Ergebnisdetail Einbeinstand ohne fachlich passende Altersreferenz";"Ihr Wert bleibt als persönliche Ausgangsmessung sichtbar. Für Ihr Alter zeigen wir bewusst keine Referenzstufe.";"";"";"Marketing, Medizin";"Prüfung erforderlich";"Gilt aktuell für Personen unter 18 Jahren.";"";"";"recommendation.fitness_test.einbeinstand.interpretation.unrated";"recommendations";"2";"v1:53424b46c1243ee3e6505ed975f56a612b38e990c9f2c7b91045479aac9cf712";"6e127e757e74333144a1e3a33dec4f86c55a53469e816b745b4ecee46715ce96"
"Körperliche Fitness";"Beweglichkeit & Gleichgewicht";"Fitness-Kurztests";"Begründung / Einordnung";"Ergebnisdetail Einbeinstand, gesundheitliche Relevanz";"Der Test gibt einen orientierenden Hinweis auf statisches Gleichgewicht und neuromuskuläre Kontrolle. Gute Balance unterstützt sichere Alltagsbewegungen und wird mit zunehmendem Alter besonders wichtig.";"";"";"Marketing, Medizin";"Prüfung erforderlich";"Keine individuelle Risiko- oder Mortalitätsaussage; medizinisch freigeben.";"";"";"recommendation.fitness_test.einbeinstand.relevance";"recommendations";"2";"v1:53424b46c1243ee3e6505ed975f56a612b38e990c9f2c7b91045479aac9cf712";"1cfaba222406144da91b13a719d295f2ea089390583b2162fe1343b71a19ec3c"
"Körperliche Fitness";"Beweglichkeit & Gleichgewicht";"Fitness-Kurztests";"Medizinischer Hinweis";"Ergebnisdetail Einbeinstand, Alter ausserhalb des Referenzbereichs 18 bis 99";"Die hinterlegten Vergleichswerte reichen von 18 bis 99 Jahren. Ausserhalb dieses Altersbereichs wird Ihr Wert nur als persönliche Ausgangsmessung gezeigt.";"";"";"Marketing, Medizin";"Prüfung erforderlich";"Springer et al. untersuchten direkt eine Altersgruppe von 80 bis 99 Jahren.";"";"18 bis 99 Jahren | persönliche Ausgangsmessung";"recommendation.fitness_test.einbeinstand.reference_note.age_outside";"recommendations";"2";"v1:53424b46c1243ee3e6505ed975f56a612b38e990c9f2c7b91045479aac9cf712";"29ee99724d6f7f871ce1b5a110c93212f23022a6c906342478c847b160926271"
"Körperliche Fitness";"Beweglichkeit & Gleichgewicht";"Fitness-Kurztests";"Dynamischer Text";"4-Wochen-Plan · persönlicher Abschluss-Check nach tiefem Einbeinstand";"Wiederholen Sie den Einbeinstand unter denselben Bedingungen und mit einer stabilen Haltemöglichkeit in Reichweite. Vergleichen Sie mit Ihrem Ausgangswert von {{baselineValue}} Sekunden. Der nächste Vergleichswert liegt bei {{orientationValue}} Sekunden; er ist keine medizinische Grenzlinie und kein versprochener Vier-Wochen-Erfolg. Brechen Sie bei Schmerzen oder Schwindel ab.";"";"";"Marketing, Medizin";"Prüfung erforderlich";"Retest ist persönliche Verlaufskontrolle, kein Wirksamkeitsnachweis.";"{{baselineValue}} | {{orientationValue}}";"Ausgangswert | keine medizinische Grenzlinie | Schmerzen | Schwindel";"recommendation.fitness_test.retest.einbeinstand";"recommendations";"2";"v1:53424b46c1243ee3e6505ed975f56a612b38e990c9f2c7b91045479aac9cf712";"06780d848c16c0027ec6c8f9425349590072acaf71ef9fad3cc4f7486688e590"
"Körperliche Fitness";"Beweglichkeit & Gleichgewicht";"Handlungsfelder";"Beschriftung";"Handlungsfeld · Körperliche Fitness · Kurzlabel";"Beweglichkeit & Gleichgewicht gezielt trainieren";"";"";"Marketing, Medizin";"Nicht geprüft";"";"";"";"recommendation.lever.lv_balance_fit.label";"recommendations";"2";"v1:53424b46c1243ee3e6505ed975f56a612b38e990c9f2c7b91045479aac9cf712";"cb9d1e94a77a9853fa86de6768a0b23a919d4fc6845eb1fee433426c5e289b71"
"Körperliche Fitness";"Beweglichkeit & Gleichgewicht";"Handlungsfelder";"Detailtext";"Handlungsfeld · Körperliche Fitness · Detailtext";"Vom Boden aufstehen fällt Ihnen schwer. Übungen für Beinkraft, Mobilität und Gleichgewicht können diese funktionelle Fähigkeit gezielt trainieren.";"";"";"Marketing, Medizin";"Prüfung erforderlich";"Nicht belegtes schnelles Fortschrittsversprechen entfernt; durch Marketing und Medizin freigeben.";"";"";"recommendation.lever.lv_balance_fit.detail";"recommendations";"2";"v1:53424b46c1243ee3e6505ed975f56a612b38e990c9f2c7b91045479aac9cf712";"f108cc0c3337fd6cb30ad4e6163ad42be5bf897d848b95902d289b5cb9c37b49"
"Körperliche Fitness";"Beweglichkeit & Gleichgewicht";"Ergebnis-Einstieg";"Beschriftung";"Ergebnis-Zusammenfassung · Themenlabel «Beweglichkeit & Gleichgewicht»";"Beweglichkeit";"";"";"Marketing";"Nicht geprüft";"";"";"";"ui.hero.topic.beweglichkeit";"ui";"2";"v1:53424b46c1243ee3e6505ed975f56a612b38e990c9f2c7b91045479aac9cf712";"0a941a5b66ee77d05b0e94f33650187f4c0be9f549c529ad176240c0f1a33e9d"
"Körperliche Fitness";"Bewegung im Alltag & Einstieg";"Dimensionsdetails";"Überschrift";"Dimensionsdetail · Titel";"Bewegung – der Einstieg wirkt am stärksten";"";"";"Marketing, Medizin";"Nicht geprüft";"";"";"";"recommendation.signal.bewegungsmangel.title";"recommendations";"2";"v1:53424b46c1243ee3e6505ed975f56a612b38e990c9f2c7b91045479aac9cf712";"4b51bbf95c12ea07c86221d1b11eca40d3669f5de1d392c02baa5a22a1c7170d"
"Körperliche Fitness";"Bewegung im Alltag & Einstieg";"Dimensionsdetails";"Persönliche Einordnung";"Dimensionsdetail · Einordnung";"Schon zusätzliche Bewegung unterhalb des empfohlenen Wochenziels ist mit gesundheitlichem Nutzen verbunden. Kardiorespiratorische Fitness ist in Studien stark mit Gesundheit und Lebenserwartung assoziiert.";"";"";"Marketing, Medizin";"Prüfung erforderlich";"Rangfolge und Kausalität vorsichtiger formuliert; durch Marketing und Medizin freigeben.";"";"";"recommendation.signal.bewegungsmangel.insight";"recommendations";"2";"v1:53424b46c1243ee3e6505ed975f56a612b38e990c9f2c7b91045479aac9cf712";"27edc2d1fd9939a8092833f92c595592c7c9f1dfe4b5db1d966d1ac3bdbbab7c"
"Körperliche Fitness";"Bewegung im Alltag & Einstieg";"Dimensionsdetails";"Nächster Schritt";"Dimensionsdetail · konkreter nächster Schritt";"Diese Woche dreimal 10–15 Minuten zügig gehen. Sprechtest: unterhalten ja, singen nein.";"";"";"Marketing, Medizin";"Nicht geprüft";"";"";"";"recommendation.signal.bewegungsmangel.action";"recommendations";"2";"v1:53424b46c1243ee3e6505ed975f56a612b38e990c9f2c7b91045479aac9cf712";"880dd24dbdc1789c553b7e0e2406799828663fbaf79ccbcb74529e63ab895da5"
"Körperliche Fitness";"Bewegung im Alltag & Einstieg";"Zusatzhinweise bei abgedeckten Aktionsschritten";"Vertiefung";"Zusatzhinweis bei bereits abgedecktem Aktionsschritt";"Kurze intensive Alltagsbewegungen können die Fitness ergänzen. Beobachtungsstudien verbinden wenige ein- bis zweiminütige Belastungsspitzen mit einem geringeren Herz-Kreislauf-Risiko; daraus folgt noch kein individueller Kausalnachweis. Beginnen Sie angepasst an Ihre Belastbarkeit.";"";"";"Marketing, Medizin";"Prüfung erforderlich";"Beobachtungsevidenz nicht mehr als kausale Risikosenkung dargestellt; durch Marketing und Medizin freigeben.";"";"";"recommendation.signal.bewegungsmangel.deepen";"recommendations";"2";"v1:53424b46c1243ee3e6505ed975f56a612b38e990c9f2c7b91045479aac9cf712";"5fd5e1fede170ffc50db17121374a7294a111b696cfbd3e3ff3d256a46917107"
"Körperliche Fitness";"Bewegung im Alltag & Einstieg";"Risikosignale";"Risikosignal";"Ergebnisseite, Lebensstil-Signal Bewegungsmangel";"Aktuell bewegen Sie sich wenig – sowohl bei Ausdauer als auch bei Kraft.";"";"";"Marketing, Medizin";"Nicht geprüft";"";"";"";"recommendation.risk_signal.bewegungsmangel.label";"recommendations";"2";"v1:53424b46c1243ee3e6505ed975f56a612b38e990c9f2c7b91045479aac9cf712";"29769ca00c3d0f1d50298e512a6dce58ec1fe5b4557c8e0230b6dcc9712eb6dd"
"Körperliche Fitness";"Bewegung im Alltag & Einstieg";"Empfehlungskarten";"Überschrift";"Empfehlungskarte · Körperliche Fitness · Titel";"Sanft in Bewegung kommen";"";"";"Marketing";"Nicht geprüft";"";"";"";"recommendation.catalog.fi_einstieg.title";"recommendations";"2";"v1:53424b46c1243ee3e6505ed975f56a612b38e990c9f2c7b91045479aac9cf712";"a1a0067a4424dd886b0713a2c707fa40d671b4db708701a06df00551b308aa65"
"Körperliche Fitness";"Bewegung im Alltag & Einstieg";"Empfehlungskarten";"Begründung / Einordnung";"Empfehlungskarte · Körperliche Fitness · Begründung";"Aktuell bewegen Sie sich eher wenig. Die gute Nachricht: Gerade der Einstieg bringt den grössten gesundheitlichen Gewinn – jede Bewegung zählt.";"";"";"Marketing, Medizin";"Nicht geprüft";"";"";"";"recommendation.catalog.fi_einstieg.why";"recommendations";"2";"v1:53424b46c1243ee3e6505ed975f56a612b38e990c9f2c7b91045479aac9cf712";"07bb4d1802c41792996cd4aa6bbf93b51fef74381bc4a08e23e8be7f2eafd290"
"Körperliche Fitness";"Bewegung im Alltag & Einstieg";"Empfehlungskarten";"Nächster Schritt";"Empfehlungskarte · Körperliche Fitness · konkreter nächster Schritt";"Starten Sie mit zwei bis drei kurzen Spaziergängen pro Woche à 10 bis 15 Minuten und steigern Sie sich langsam.";"";"";"Marketing, Medizin";"Nicht geprüft";"";"";"";"recommendation.catalog.fi_einstieg.step";"recommendations";"2";"v1:53424b46c1243ee3e6505ed975f56a612b38e990c9f2c7b91045479aac9cf712";"8ce8a6bb7c7513019bdd2192cbda6acedbf735f4c7124697e253a30c10188b93"
"Körperliche Fitness";"Bewegung im Alltag & Einstieg";"Empfehlungskarten";"Erwarteter Nutzen";"Empfehlungskarte · Körperliche Fitness · erwarteter Nutzen";"Schon kleine, regelmässige Einheiten verbessern Energie, Stimmung und Herzgesundheit spürbar.";"";"";"Marketing, Medizin";"Nicht geprüft";"";"";"";"recommendation.catalog.fi_einstieg.benefit";"recommendations";"2";"v1:53424b46c1243ee3e6505ed975f56a612b38e990c9f2c7b91045479aac9cf712";"1ff369a7104b9f56847d99e9fc833ac2f9e27a4bf0a3cde8ce04104238c45d10"
"Körperliche Fitness";"Bewegung im Alltag & Einstieg";"4-Wochen-Pläne";"4-Wochen-Plan";"4-Wochen-Plan · Diese Woche";"Dreimal 10–15 Minuten zügig gehen. Die richtige Intensität erkennen Sie am <b>Sprechtest</b>: Sie können sich noch unterhalten, aber nicht mehr singen. Feste Termine im Kalender schlagen gute Vorsätze.";"";"";"Marketing, Medizin";"Nicht geprüft";"";"";"";"recommendation.plan.fi_einstieg.this_week";"recommendations";"2";"v1:53424b46c1243ee3e6505ed975f56a612b38e990c9f2c7b91045479aac9cf712";"3cbf9e6f4dfcfdbc2edbaa7722c0d8d9bc3be2cbfb5fff08ae77c99920c62901"
"Körperliche Fitness";"Bewegung im Alltag & Einstieg";"4-Wochen-Pläne";"4-Wochen-Plan";"4-Wochen-Plan · Woche 2–3";"Wenn Sie zügiges Gehen gut und beschwerdefrei vertragen, ergänzen Sie einmal pro Woche <b>kurze, etwas intensivere Abschnitte</b>: Gehen Sie 1–3 Minuten eine Steigung zügig hinauf, erholen Sie sich danach vollständig und wiederholen Sie dies ein- bis zweimal. Solche Reize können das Grundlagentraining ergänzen. <i>Bei bekannter Herzerkrankung, Brustschmerzen, ungewöhnlicher Atemnot, Schwindel oder Benommenheit zuerst ärztlich abklären.</i>";"";"";"Marketing, Medizin";"Prüfung erforderlich";"Überlegene Wirkung intensiver Reize nicht behauptet und Sicherheitsschwelle erweitert; durch Marketing und Medizin freigeben.";"";"";"recommendation.plan.fi_einstieg.weeks_2_3";"recommendations";"2";"v1:53424b46c1243ee3e6505ed975f56a612b38e990c9f2c7b91045479aac9cf712";"de17fd1908c5e241af8870a61bc22fb8a3029e5d364d25dd68523c03258cb7ea"
"Körperliche Fitness";"Bewegung im Alltag & Einstieg";"4-Wochen-Pläne";"4-Wochen-Plan";"4-Wochen-Plan · Woche 4";"Zielbild aufbauen: <b>150 Minuten moderate Bewegung pro Woche</b> (WHO) – oder 75 Minuten intensiv, beides kombinierbar. Kardiorespiratorische Fitness ist in Studien stark mit Gesundheit und Lebenserwartung verbunden. Besonders für bisher wenig aktive Menschen zählt deshalb jeder zusätzliche, gut verträgliche Bewegungsumfang.";"";"";"Marketing, Medizin";"Prüfung erforderlich";"Unzulässigen direkten Risikofaktorvergleich entfernt und Beobachtungszusammenhang korrekt qualifiziert; durch Marketing und Medizin freigeben.";"";"";"recommendation.plan.fi_einstieg.week_4";"recommendations";"2";"v1:53424b46c1243ee3e6505ed975f56a612b38e990c9f2c7b91045479aac9cf712";"ed1e1a578912d6ae57086de3e081ad50f96927a7cf5cd57b8d503a728051f2cc"
"Körperliche Fitness";"Bewegung im Alltag & Einstieg";"Handlungsfelder";"Beschriftung";"Handlungsfeld · Körperliche Fitness · Kurzlabel";"Mehr Bewegung in den Alltag einbauen";"";"";"Marketing, Medizin";"Nicht geprüft";"";"";"";"recommendation.lever.lv_fitness_alltag.label";"recommendations";"2";"v1:53424b46c1243ee3e6505ed975f56a612b38e990c9f2c7b91045479aac9cf712";"03017488b663b49db24bfaf7584ef395efe4f32e1825dbb72b6308fe3e6a218d"
"Körperliche Fitness";"Bewegung im Alltag & Einstieg";"Handlungsfelder";"Detailtext";"Handlungsfeld · Körperliche Fitness · Detailtext";"Treppe statt Lift, eine Haltestelle früher aussteigen, kurze Gehpausen – Alltagsbewegung summiert sich schneller, als man denkt.";"";"";"Marketing, Medizin";"Nicht geprüft";"";"";"";"recommendation.lever.lv_fitness_alltag.detail";"recommendations";"2";"v1:53424b46c1243ee3e6505ed975f56a612b38e990c9f2c7b91045479aac9cf712";"4cccd28fcbbe48cb2b51012ae5b95f974b12310e5d1270048e8afc32d3047266"
"Körperliche Fitness";"Bewegung im Alltag & Einstieg";"Quellenlabels";"Quellenbezeichnung";"Sichtbares Label einer Fachquelle";"Schweizer Bewegungsempfehlungen (HEPA Schweiz / BASPO)";"";"";"Marketing, Medizin";"Prüfung erforderlich";"Korrigierte institutionelle Zuordnung vor Go-live durch Marketing und Medizin freigeben.";"";"";"recommendation.source.bag_bewegung.label";"recommendations";"2";"v1:53424b46c1243ee3e6505ed975f56a612b38e990c9f2c7b91045479aac9cf712";"7dc944b78ef55c565c5772051d9d2f673f7edd4169091a7a2b04c4e01692bea7"
"Körperliche Fitness";"Bewegung im Alltag & Einstieg";"Stärken";"Beschriftung";"Stärke · Körperliche Fitness · Kurzlabel";"Fit für den Alltag";"";"";"Marketing";"Nicht geprüft";"";"";"";"recommendation.strength.st_alltagsfit.label";"recommendations";"2";"v1:53424b46c1243ee3e6505ed975f56a612b38e990c9f2c7b91045479aac9cf712";"bab8497078defaa0264627d834f88cca23bfb4800b486bc02513e858ae1e25a3"
"Körperliche Fitness";"Bewegung im Alltag & Einstieg";"Stärken";"Detailtext";"Stärke · Körperliche Fitness · Detailtext";"Aufstehen, Treppen, Tragen – die funktionellen Grundfähigkeiten meistern Sie ohne Mühe.";"";"";"Marketing, Medizin";"Nicht geprüft";"";"";"";"recommendation.strength.st_alltagsfit.detail";"recommendations";"2";"v1:53424b46c1243ee3e6505ed975f56a612b38e990c9f2c7b91045479aac9cf712";"4a798e032de784139d8c5d658124522c9b78ade4e13ad266788cfafedaf66ce3"
"Körperliche Fitness";"Bewegung im Alltag & Einstieg";"Stärken";"Beschriftung";"Stärke · Körperliche Fitness · Kurzlabel";"WHO-Bewegungsziel erreicht";"";"";"Marketing";"Nicht geprüft";"";"";"";"recommendation.strength.st_bewegung.label";"recommendations";"2";"v1:53424b46c1243ee3e6505ed975f56a612b38e990c9f2c7b91045479aac9cf712";"af106b90947579424ff016f17fc225791e61b8892f2110ade18d795fcba5d6a1"
"Körperliche Fitness";"Bewegung im Alltag & Einstieg";"Stärken";"Detailtext";"Stärke · Körperliche Fitness · Detailtext";"Ihre wöchentliche Ausdaueraktivität liegt im empfohlenen Bereich – das schützt Herz, Stoffwechsel und Psyche.";"";"";"Marketing, Medizin";"Nicht geprüft";"";"";"";"recommendation.strength.st_bewegung.detail";"recommendations";"2";"v1:53424b46c1243ee3e6505ed975f56a612b38e990c9f2c7b91045479aac9cf712";"fe4d32389cdf82cc905668340ad9c1c15eedba856a57ef74d0a6587d7f0741f7"
"Körperliche Fitness";"Krafttraining & Muskulatur";"Empfehlungskarten";"Überschrift";"Empfehlungskarte · Körperliche Fitness · Titel";"Kraft gezielt aufbauen";"";"";"Marketing";"Prüfung erforderlich";"Titel gilt sowohl bei zu wenig Krafttraining als auch bei einem ausbaufähigen Kurztest; durch Marketing freigeben.";"";"";"recommendation.catalog.fi_kraft.title";"recommendations";"2";"v1:53424b46c1243ee3e6505ed975f56a612b38e990c9f2c7b91045479aac9cf712";"eb26cd668ebabbed3effcc01a3370275b51e9542ec54314d08b24cf3657c4606"
"Körperliche Fitness";"Krafttraining & Muskulatur";"Empfehlungskarten";"Begründung / Einordnung";"Empfehlungskarte · Körperliche Fitness · Begründung";"Ihre Angaben zur Alltagskraft, Ihr Krafttraining oder ein freiwilliger Kurztest zeigen Potenzial bei Muskelkraft oder lokaler Kraftausdauer. Kraft unterstützt Belastbarkeit, Knochen und funktionelle Selbstständigkeit – und wird mit zunehmendem Alter besonders wichtig.";"";"";"Marketing, Medizin";"Prüfung erforderlich";"Deckt Krafttraining, erschwertes Tragen sowie Fitness-Kurztests ab; redaktionell freigeben.";"";"";"recommendation.catalog.fi_kraft.why";"recommendations";"2";"v1:53424b46c1243ee3e6505ed975f56a612b38e990c9f2c7b91045479aac9cf712";"3ef52b76ec220ec3a82376cdb9b6c51908558741a6ecf125b70f4d7ec2fbf5e3"
"Körperliche Fitness";"Krafttraining & Muskulatur";"Empfehlungskarten";"Nächster Schritt";"Empfehlungskarte · Körperliche Fitness · konkreter nächster Schritt";"Nutzen Sie zwei feste Termine pro Woche für gezielten Kraftaufbau – zum Beispiel mit Kniebeugen, passenden Liegestütz-Varianten und Ausfallschritten. Wählen Sie eine sichere Variante, die Sie kontrolliert ausführen können.";"";"";"Marketing, Medizin";"Prüfung erforderlich";"Funktioniert auch für Personen, die bereits mehrfach pro Woche trainieren, aber in einem Kurztest Potenzial zeigen.";"";"";"recommendation.catalog.fi_kraft.step";"recommendations";"2";"v1:53424b46c1243ee3e6505ed975f56a612b38e990c9f2c7b91045479aac9cf712";"4fcaa280f2e5cc96701a4697f30e1259dfabb8e66f591056e2d4934d51c31e7d"
"Körperliche Fitness";"Krafttraining & Muskulatur";"Empfehlungskarten";"Erwarteter Nutzen";"Empfehlungskarte · Körperliche Fitness · erwarteter Nutzen";"Regelmässiges Krafttraining kann Muskelkraft, Alltagsfunktion und körperliche Selbstständigkeit unterstützen.";"";"";"Marketing, Medizin";"Prüfung erforderlich";"Medizinisch vorsichtiger formuliert; freigeben.";"";"";"recommendation.catalog.fi_kraft.benefit";"recommendations";"2";"v1:53424b46c1243ee3e6505ed975f56a612b38e990c9f2c7b91045479aac9cf712";"af8458b1326dc857606a8009e8eb6c2d3f068f8fea4360ece6c1f9d05190b274"
"Körperliche Fitness";"Krafttraining & Muskulatur";"4-Wochen-Pläne";"4-Wochen-Plan";"4-Wochen-Plan · Diese Woche, aktuell ein Trainingstag";"Sie trainieren bereits einen Tag – bauen Sie einen <b>zweiten</b> festen Termin pro Woche ein. Pro Einheit 20 Minuten mit dem eigenen Körpergewicht: Kniebeugen, Liegestütze (auch an der Wand oder auf Knien) und Ausfallschritte, je 2–3 Sätze. Die letzten zwei Wiederholungen sollen deutlich anstrengend sein – genau dort entsteht der Reiz.";"";"";"Marketing, Medizin";"Nicht geprüft";"";"";"";"recommendation.plan.fi_kraft.this_week.one_day";"recommendations";"2";"v1:53424b46c1243ee3e6505ed975f56a612b38e990c9f2c7b91045479aac9cf712";"81098e4942778b7af3518e602aafe26da8b4f04266db7f1500265d5bfc975aab"
"Körperliche Fitness";"Krafttraining & Muskulatur";"4-Wochen-Pläne";"4-Wochen-Plan";"4-Wochen-Plan · Diese Woche, aktuell kein Krafttraining";"Zwei Einheiten à 20 Minuten mit dem eigenen Körpergewicht: Kniebeugen, Liegestütze (auch an der Wand oder auf Knien) und Ausfallschritte – je 2–3 Sätze. Die letzten zwei Wiederholungen sollen deutlich anstrengend sein; genau dort entsteht der Trainingsreiz.";"";"";"Marketing, Medizin";"Nicht geprüft";"";"";"";"recommendation.plan.fi_kraft.this_week.zero_days";"recommendations";"2";"v1:53424b46c1243ee3e6505ed975f56a612b38e990c9f2c7b91045479aac9cf712";"3f80d7f5730210767008323975f9e63f8917bff97199f3a565203f17c18cb756"
"Körperliche Fitness";"Krafttraining & Muskulatur";"4-Wochen-Pläne";"4-Wochen-Plan";"4-Wochen-Plan · Diese Woche, Krafttraining bereits mindestens zweimal pro Woche, aber Kurztest mit Trainingspotenzial";"Sie trainieren bereits regelmässig. Wählen Sie für die nächsten vier Wochen zwei gut steuerbare Übungen, die zu Ihrem Testresultat passen, und dokumentieren Sie Sätze, Wiederholungen sowie Ausführungsvariante. Steigern Sie nur bei sauberer, schmerzfreier Ausführung.";"";"";"Marketing, Medizin";"Prüfung erforderlich";"Neue Variante verhindert den falschen Hinweis auf fehlendes Krafttraining, wenn die Empfehlung allein aus einem Kurztest entsteht.";"";"";"recommendation.plan.fi_kraft.this_week.test_result";"recommendations";"2";"v1:53424b46c1243ee3e6505ed975f56a612b38e990c9f2c7b91045479aac9cf712";"69a0f7e4752ef506305b67576ad315d10f843b46c00852ef23e9733175f06dec"
"Körperliche Fitness";"Krafttraining & Muskulatur";"4-Wochen-Pläne";"4-Wochen-Plan";"4-Wochen-Plan · Woche 2–3, Alter ab 60";"Steigern Sie behutsam (langsamer ausführen, Pausen verkürzen, Widerstand ergänzen). Mit zunehmendem Alter werden Kraft und Muskelmasse für Sturzsicherheit und Selbstständigkeit besonders wichtig. Auch im höheren Alter lassen sich Kraft und Muskelfunktion gezielt verbessern.";"";"";"Marketing, Medizin";"Prüfung erforderlich";"Absolute Wiederherstellungsbehauptung evidenznäher formuliert; durch Marketing und Medizin freigeben.";"";"";"recommendation.plan.fi_kraft.weeks_2_3.age_60_plus";"recommendations";"2";"v1:53424b46c1243ee3e6505ed975f56a612b38e990c9f2c7b91045479aac9cf712";"21fc8f925acc362702437eb81ddbf49fc5b270b04cdc09f4e28366f39496c06b"
"Körperliche Fitness";"Krafttraining & Muskulatur";"4-Wochen-Pläne";"4-Wochen-Plan";"4-Wochen-Plan · Woche 2–3, Alter unter 60";"Steigern Sie den Widerstand, nicht nur die Wiederholungszahl (langsamer ausführen, Pausen verkürzen, Gewicht ergänzen). Muskelmasse und Kraft nehmen ohne regelmässigen Trainingsreiz mit dem Alter tendenziell ab; Krafttraining kann beides auch im höheren Alter erhalten und verbessern.";"";"";"Marketing, Medizin";"Prüfung erforderlich";"Falsche Aussage vom «einzigen Organ» entfernt und altersbezogene Wirkung vorsichtiger formuliert; durch Marketing und Medizin freigeben.";"";"";"recommendation.plan.fi_kraft.weeks_2_3.under_60";"recommendations";"2";"v1:53424b46c1243ee3e6505ed975f56a612b38e990c9f2c7b91045479aac9cf712";"13fa1558899a7ced6d654e3d662cebb202e1b37d0a5c9cdfc9d13eb120f47e7d"
"Körperliche Fitness";"Krafttraining & Muskulatur";"4-Wochen-Pläne";"4-Wochen-Plan";"4-Wochen-Plan · Woche 4";"Verankern Sie <b>zweimal pro Woche für alle grossen Muskelgruppen</b> (WHO-Empfehlung) als festen Termin. Kontrolle ohne Geräte: Wie fühlen sich zwei volle Einkaufstaschen an? Wie leicht stehen Sie vom Boden auf?";"";"";"Marketing, Medizin";"Nicht geprüft";"";"";"";"recommendation.plan.fi_kraft.week_4";"recommendations";"2";"v1:53424b46c1243ee3e6505ed975f56a612b38e990c9f2c7b91045479aac9cf712";"4ca33ebab4e616e271d11377c5e209a3c05a41b79e76c76374edca8047854fe9"
"Körperliche Fitness";"Krafttraining & Muskulatur";"Fitness-Kurztests";"Überschrift";"Ergebnisdetail Körperliche Fitness, Titel des ausgefüllten Liegestütz-Tests";"Liegestütz-Test";"";"";"Marketing";"Prüfung erforderlich";"Neue Ergebnisdarstellung; redaktionell freigeben.";"";"";"recommendation.fitness_test.liegestuetze.title";"recommendations";"2";"v1:53424b46c1243ee3e6505ed975f56a612b38e990c9f2c7b91045479aac9cf712";"e40e8f64a04dafdeee68146305fb8238b12a56607be58df6a12c3dfb5c466ffc"
"Körperliche Fitness";"Krafttraining & Muskulatur";"Fitness-Kurztests";"Begründung / Einordnung";"Ergebnisdetail Liegestütz-Test ohne fachlich passende Vergleichsgruppe";"Ihr Ergebnis zeigt Ihre aktuelle Leistung im Standard-Liegestütz. Ohne fachlich passende Vergleichsgruppe zeigen wir bewusst keine Einordnungsstufe.";"";"";"Marketing, Medizin";"Prüfung erforderlich";"Verhindert eine Scheinpräzision bei Protokoll- oder Altersabweichungen.";"";"";"recommendation.fitness_test.liegestuetze.interpretation.unrated";"recommendations";"2";"v1:53424b46c1243ee3e6505ed975f56a612b38e990c9f2c7b91045479aac9cf712";"8b0de719562910b9e6907c2b344e668f2e25616ebaddfce32239ae752f822a69"
"Körperliche Fitness";"Krafttraining & Muskulatur";"Fitness-Kurztests";"Begründung / Einordnung";"Ergebnisdetail Liegestütz-Test, gesundheitliche Relevanz";"Der Test bildet vor allem die Kraftausdauer von Brust, Schultern, Armen und Rumpf ab. Muskelkraft unterstützt Belastbarkeit, Mobilität und gesundes Altern. Das Ergebnis ist ein Trainingshinweis – kein Herz-Kreislauf-Risikotest.";"";"";"Marketing, Medizin";"Prüfung erforderlich";"Die begrenzte Beobachtungsstudie bei männlichen Feuerwehrleuten wird nicht als individueller Risikorechner dargestellt.";"";"";"recommendation.fitness_test.liegestuetze.relevance";"recommendations";"2";"v1:53424b46c1243ee3e6505ed975f56a612b38e990c9f2c7b91045479aac9cf712";"decca5bc2cd581e5f5983f96c72fd408f27e0e541e0706fdeda7e7282ab38e24"
"Körperliche Fitness";"Krafttraining & Muskulatur";"Fitness-Kurztests";"Medizinischer Hinweis";"Ergebnisdetail Liegestütz-Test, Alter ausserhalb der verwendeten Vergleichsreihen";"Die verwendeten Vergleichsreihen reichen bei Frauen von 18 bis 94 Jahren und bei Männern von 20 bis 94 Jahren. Ausserhalb dieser Altersbereiche wird Ihr Wert nur als persönliche Ausgangsmessung gezeigt.";"";"";"Marketing, Medizin";"Prüfung erforderlich";"Vor Go-live Zielalter und Referenzmodell fachlich entscheiden.";"";"18 bis 94 Jahren | 20 bis 94 Jahren | persönliche Ausgangsmessung";"recommendation.fitness_test.liegestuetze.reference_note.age_outside";"recommendations";"2";"v1:53424b46c1243ee3e6505ed975f56a612b38e990c9f2c7b91045479aac9cf712";"7e6bb1ab7790eba3dffd1d74c56fb248252b97beb959322329a68f1ea8e14a19"
"Körperliche Fitness";"Krafttraining & Muskulatur";"Fitness-Kurztests";"Medizinischer Hinweis";"Ergebnisdetail Liegestütz-Test, direkte und praktische Standard-Liegestütz-Orientierung für Frauen 18 bis 65";"Für Frauen von 18 bis 24 Jahren verwendet die Einordnung eine kleine direkt untersuchte Standard-Liegestütz-Skala, von 25 bis 65 Jahren praktische Orientierungswerte. Beides sind keine populationsweit validierten Normen oder medizinischen Grenzen.";"";"";"Marketing, Medizin";"Prüfung erforderlich";"Adams et al. liefern die kleine direkte Stichprobe 18 bis 24; Topend veröffentlicht die praktische Tabelle ab 25, nennt deren Originalquelle jedoch unbekannt.";"";"18 bis 24 Jahren | 25 bis 65 Jahren | Standard-Liegestütz-Skala | keine populationsweit validierten Normen";"recommendation.fitness_test.liegestuetze.reference_note.harmonized_orientation";"recommendations";"2";"v1:53424b46c1243ee3e6505ed975f56a612b38e990c9f2c7b91045479aac9cf712";"8c03bec2c4ba072756b7ad1130a7252994aeb252fcc942f63823f4fbe04e2f4c"
"Körperliche Fitness";"Krafttraining & Muskulatur";"Fitness-Kurztests";"Medizinischer Hinweis";"Ergebnisdetail Liegestütz-Test, keine passende geschlechtsspezifische Vergleichsgruppe";"Für die gewählte Geschlechtsangabe liegt keine passende Vergleichsgruppe vor. Deshalb bleibt dieses Ergebnis eine persönliche Ausgangsmessung ohne automatische Einordnung oder Empfehlung.";"";"";"Marketing, Medizin";"Prüfung erforderlich";"Kein binärer Tabellen-Fallback für intersex/andere.";"";"keine passende Vergleichsgruppe | persönliche Ausgangsmessung";"recommendation.fitness_test.liegestuetze.reference_note.reference_unavailable";"recommendations";"2";"v1:53424b46c1243ee3e6505ed975f56a612b38e990c9f2c7b91045479aac9cf712";"ec154eedf445dcb1c6c92ad96e51c8a20db42e1154ec1de482b152ba49f3520e"
"Körperliche Fitness";"Krafttraining & Muskulatur";"Fitness-Kurztests";"Medizinischer Hinweis";"Ergebnisdetail Liegestütz-Test, modellierte Altersfortschreibung bis 94";"Für Frauen von 66 bis 94 Jahren und Männer von 70 bis 94 Jahren sind die Vergleichswerte altersadjustiert modelliert, weil direkte Standard-Liegestütz-Normen fehlen. Sie dienen nur als Trainingsorientierung und sind keine medizinischen Grenzen.";"";"";"Marketing, Medizin";"Prüfung erforderlich";"Die Fortschreibung nutzt die geschlechtsspezifische Arm-Curl-Altersentwicklung aus Rikli und Jones; sie ist keine direkte Liegestütz-Norm.";"";"66 bis 94 Jahren | 70 bis 94 Jahren | modelliert | keine medizinischen Grenzen";"recommendation.fitness_test.liegestuetze.reference_note.modeled_orientation";"recommendations";"2";"v1:53424b46c1243ee3e6505ed975f56a612b38e990c9f2c7b91045479aac9cf712";"3d1a354d8ccf491c01cac16de35944f88f50bb0d3ce64e700bd7d1483545f5ea"
"Körperliche Fitness";"Krafttraining & Muskulatur";"Fitness-Kurztests";"Dynamischer Text";"4-Wochen-Plan · persönliche Verlaufskontrolle nach tiefem Wandsitz-Wert ohne bekannten Bluthochdruck";"Wenn Sie sich beschwerdefrei fühlen, können Sie den Wandsitz unter denselben Bedingungen wiederholen und mit Ihrem Ausgangswert von {{baselineValue}} Sekunden vergleichen. Der nächste Vergleichswert liegt bei {{orientationValue}} Sekunden; er ist keine medizinische Grenze und kein versprochener Vier-Wochen-Erfolg. Brechen Sie bei Schmerzen, Schwindel oder Atemnot sofort ab.";"";"";"Marketing, Medizin";"Prüfung erforderlich";"Maximaler Wandsitz kann den Blutdruck stark erhöhen; medizinisch freigeben.";"{{baselineValue}} | {{orientationValue}}";"keine medizinische Grenze | Schmerzen | Schwindel | Atemnot";"recommendation.fitness_test.retest.wandsitz";"recommendations";"2";"v1:53424b46c1243ee3e6505ed975f56a612b38e990c9f2c7b91045479aac9cf712";"f6905277ab537f02fa66165c4ec3435b3ee464fcd0a2606d790c3b2477955818"
"Körperliche Fitness";"Krafttraining & Muskulatur";"Fitness-Kurztests";"Dynamischer Text";"4-Wochen-Plan · persönlicher Abschluss-Check nach tiefem Liegestütz-Test";"Wiederholen Sie den Standard-Liegestütz-Test unter denselben Bedingungen und mit derselben sauberen Ausführung. Vergleichen Sie mit Ihrem Ausgangswert von {{baselineValue}} Wiederholungen. Der nächste Vergleichswert liegt bei {{orientationValue}} Wiederholungen; er ist keine medizinische Grenzlinie und kein versprochener Vier-Wochen-Erfolg. Brechen Sie bei Schmerzen, Schwindel oder Atemnot ab.";"";"";"Marketing, Medizin";"Prüfung erforderlich";"Nur bei scorebarer Standard-Liegestütz-Einordnung automatisch ausgespielt; praktische und modellierte Werte bleiben Trainingsorientierungen.";"{{baselineValue}} | {{orientationValue}}";"Standard-Liegestütz-Test | keine medizinische Grenzlinie | Schmerzen | Schwindel | Atemnot";"recommendation.fitness_test.retest.liegestuetze";"recommendations";"2";"v1:53424b46c1243ee3e6505ed975f56a612b38e990c9f2c7b91045479aac9cf712";"8854a214763efdbf049ec24128a6c89b514bbe8592bcd4b72e5f7387ce054d38"
"Körperliche Fitness";"Krafttraining & Muskulatur";"Fitness-Kurztests";"Dynamischer Text";"4-Wochen-Plan · Sicherheitsersatz statt maximalem Wandsitz-Retest bei bekanntem Bluthochdruck";"Wegen Ihrer Angabe zu Bluthochdruck empfehlen wir keinen automatischen maximalen Wandsitz-Retest. Besprechen Sie zuerst mit einer Fachperson, welche Belastung für Sie passend ist. Ihr bisheriger Ausgangswert beträgt {{baselineValue}} Sekunden. Bei Schmerzen, Schwindel oder Atemnot brechen Sie körperliche Belastung ab.";"";"";"Marketing, Medizin";"Prüfung erforderlich";"Sicherheitsregel nach aktueller Evidenz zur akuten Blutdruckreaktion; medizinisch freigeben.";"{{baselineValue}}";"Bluthochdruck | keinen automatischen maximalen Wandsitz-Retest | Fachperson | Schmerzen | Schwindel | Atemnot";"recommendation.fitness_test.retest.wandsitz.medical_clearance";"recommendations";"2";"v1:53424b46c1243ee3e6505ed975f56a612b38e990c9f2c7b91045479aac9cf712";"1f7929a14b33da6e1b97ccea404568e48ff783b61342ab34fd58d92719b768d6"
"Körperliche Fitness";"Krafttraining & Muskulatur";"Fitness-Kurztests";"Überschrift";"Ergebnisdetail Körperliche Fitness, Titel des ausgefüllten Wandsitz-Tests";"Wandsitz-Test";"";"";"Marketing";"Prüfung erforderlich";"Neue Ergebnisdarstellung; redaktionell freigeben.";"";"";"recommendation.fitness_test.wandsitz.title";"recommendations";"2";"v1:53424b46c1243ee3e6505ed975f56a612b38e990c9f2c7b91045479aac9cf712";"c4215d497712e14edb540483abeb66c684f76201534177a99bb688cad33fe824"
"Körperliche Fitness";"Krafttraining & Muskulatur";"Fitness-Kurztests";"Begründung / Einordnung";"Ergebnisdetail Wandsitz-Test ohne passende Vergleichsgruppe";"Für Ihre Angaben liegt keine passende Vergleichsgruppe vor. Ihr Wert bleibt als persönliche Ausgangsmessung sichtbar. Haltung, Winkel und Motivation können das Ergebnis beeinflussen.";"";"";"Marketing, Medizin";"Prüfung erforderlich";"Bewusst keine Einordnung ohne passende Alters- und Geschlechtsreferenz.";"";"";"recommendation.fitness_test.wandsitz.interpretation.unrated";"recommendations";"2";"v1:53424b46c1243ee3e6505ed975f56a612b38e990c9f2c7b91045479aac9cf712";"9a22177e699d3d84d1ea1b74d0dfe3ec9fab98eb9da201b336414a7ef62f475a"
"Körperliche Fitness";"Krafttraining & Muskulatur";"Fitness-Kurztests";"Begründung / Einordnung";"Ergebnisdetail Wandsitz-Test, gesundheitliche Relevanz";"Der Wandsitz zeigt die lokale statische Kraftausdauer Ihrer Beinmuskulatur. Diese unterstützt Aufstehen, Treppensteigen und stabile Alltagsbewegungen. Der Test misst nicht Ihre Herz-Kreislauf-Ausdauer.";"";"";"Marketing, Medizin";"Prüfung erforderlich";"Zuordnung zur Muskulatur statt zur Kondition ist medizinisch freigegeben; Text redaktionell freigeben.";"";"lokale statische Kraftausdauer | misst nicht Ihre Herz-Kreislauf-Ausdauer";"recommendation.fitness_test.wandsitz.relevance";"recommendations";"2";"v1:53424b46c1243ee3e6505ed975f56a612b38e990c9f2c7b91045479aac9cf712";"4ac0af447e0b6137d2895bae8de2cf6ea105b47e7f17c9793d19c1642637d16d"
"Körperliche Fitness";"Krafttraining & Muskulatur";"Fitness-Kurztests";"Medizinischer Hinweis";"Ergebnisdetail Wandsitz-Test ohne passende geschlechtsspezifische Vergleichsgruppe";"Die verfügbaren Vergleichswerte sind nach männlich und weiblich getrennt. Für Ihre Angabe zeigen wir deshalb keine Einordnung.";"";"";"Marketing, Medizin";"Prüfung erforderlich";"Für intersex liegt in der verwendeten Literatur keine eigene Vergleichstabelle vor.";"";"männlich und weiblich | keine Einordnung";"recommendation.fitness_test.wandsitz.reference_note.reference_unavailable";"recommendations";"2";"v1:53424b46c1243ee3e6505ed975f56a612b38e990c9f2c7b91045479aac9cf712";"36a7b2cfd604b0e3771bf13310ef4cf7b817f09f046412e49b3b48759304f528"
"Körperliche Fitness";"Krafttraining & Muskulatur";"Fitness-Kurztests";"Medizinischer Hinweis";"Ergebnisdetail Wandsitz-Test, Alter ausserhalb der harmonisierten Erwachsenentabelle";"Die verwendeten Vergleichswerte reichen von 18 bis 94 Jahren. Ausserhalb dieses Altersbereichs wird Ihr Wert ohne Einordnung als persönliche Ausgangsmessung gezeigt.";"";"";"Marketing, Medizin";"Prüfung erforderlich";"Ab 95 wird wegen der begrenzten Modellbasis keine Scheingenauigkeit ausgegeben.";"";"18 bis 94 Jahren | persönliche Ausgangsmessung";"recommendation.fitness_test.wandsitz.reference_note.age_outside";"recommendations";"2";"v1:53424b46c1243ee3e6505ed975f56a612b38e990c9f2c7b91045479aac9cf712";"abd1a83a2a678fe7f5cb55a9b45f19a8c5e87e1c0a387a9fd24256f04444a9c0"
"Körperliche Fitness";"Krafttraining & Muskulatur";"Fitness-Kurztests";"Medizinischer Hinweis";"Ergebnisdetail Wandsitz-Test, harmonisierte Trainingsorientierung 18 bis 94";"Die Wandsitz-Einordnung von 18 bis 94 Jahren ist eine harmonisierte Trainingsorientierung; die höheren Altersbänder sind teilweise extrapoliert. Sie ist keine klinische Norm oder medizinische Grenze.";"";"";"Marketing, Medizin";"Prüfung erforderlich";"Transparenzhinweis für die nur eingeschränkt belegten 60- bis 69- und extrapolierten 70+-Bänder.";"";"18 bis 94 Jahren | harmonisierte Trainingsorientierung | teilweise extrapoliert | keine klinische Norm";"recommendation.fitness_test.wandsitz.reference_note.harmonized_orientation";"recommendations";"2";"v1:53424b46c1243ee3e6505ed975f56a612b38e990c9f2c7b91045479aac9cf712";"3ebd7d467ae99c1ff2a7fcc76d1e62d9eec4b162932fab269b137d712439dddf"
"Körperliche Fitness";"Krafttraining & Muskulatur";"Dimensionsdetails";"Überschrift";"Dimensionsdetail · Titel";"Krafttraining fehlt";"";"";"Marketing, Medizin";"Nicht geprüft";"";"";"";"recommendation.signal.keine_kraft.title";"recommendations";"2";"v1:53424b46c1243ee3e6505ed975f56a612b38e990c9f2c7b91045479aac9cf712";"4ddd1ba215fc1c8828690699fcb5ffa43c7b109fc2332f2da063975e816d363e"
"Körperliche Fitness";"Krafttraining & Muskulatur";"Dimensionsdetails";"Persönliche Einordnung";"Dimensionsdetail · Einordnung";"Muskelmasse und Kraft nehmen ohne regelmässigen Trainingsreiz mit dem Alter tendenziell ab. Krafttraining an mindestens zwei Tagen pro Woche hilft, Kraft und Funktion zu erhalten oder zu verbessern.";"";"";"Marketing, Medizin";"Prüfung erforderlich";"Falsche Organbehauptung und pauschales Erfolgsversprechen entfernt; durch Marketing und Medizin freigeben.";"";"";"recommendation.signal.keine_kraft.insight";"recommendations";"2";"v1:53424b46c1243ee3e6505ed975f56a612b38e990c9f2c7b91045479aac9cf712";"f338b091d0f22c45afc66c8758868c1850a94d1635e305a31522e798d0e93d17"
"Körperliche Fitness";"Krafttraining & Muskulatur";"Dimensionsdetails";"Nächster Schritt";"Dimensionsdetail · konkreter nächster Schritt";"2× pro Woche 20 Minuten Kniebeugen, Liegestütze und Ausfallschritte – ohne Geräte, ohne Studio.";"";"";"Marketing, Medizin";"Nicht geprüft";"";"";"";"recommendation.signal.keine_kraft.action";"recommendations";"2";"v1:53424b46c1243ee3e6505ed975f56a612b38e990c9f2c7b91045479aac9cf712";"badd27a17a2c19b7f02ec36f2249eeeb8b0d6efafe8eb1421ca3828bc16cba6f"
"Körperliche Fitness";"Krafttraining & Muskulatur";"Risikosignale";"Risikosignal";"Ergebnisseite, Lebensstil-Signal fehlendes Krafttraining";"Gezieltes Krafttraining fehlt aktuell.";"";"";"Marketing, Medizin";"Nicht geprüft";"";"";"";"recommendation.risk_signal.keine_kraft.label";"recommendations";"2";"v1:53424b46c1243ee3e6505ed975f56a612b38e990c9f2c7b91045479aac9cf712";"0ccb8bc4803233f44c23b277f003dd647c8d64f234edc0911e6bfdea26a9828a"
"Körperliche Fitness";"Krafttraining & Muskulatur";"Handlungsfelder";"Beschriftung";"Handlungsfeld · Körperliche Fitness · Kurzlabel";"Mit 2× Krafttraining pro Woche starten";"";"";"Marketing, Medizin";"Nicht geprüft";"";"";"";"recommendation.lever.lv_kraft.label";"recommendations";"2";"v1:53424b46c1243ee3e6505ed975f56a612b38e990c9f2c7b91045479aac9cf712";"3713b4af661c2f571fe9ee91a1f3ef4924ff8c942869754811e106e2cef06be7"
"Körperliche Fitness";"Krafttraining & Muskulatur";"Handlungsfelder";"Detailtext";"Handlungsfeld · Körperliche Fitness · Variante Alter ab 50";"Ab 50 baut der Körper ohne Training jährlich Muskulatur ab – zweimal pro Woche Kraftreize erhalten Kraft, Stabilität und Selbstständigkeit.";"";"";"Marketing, Medizin";"Nicht geprüft";"";"";"";"recommendation.lever.lv_kraft.detail.age_50_plus";"recommendations";"2";"v1:53424b46c1243ee3e6505ed975f56a612b38e990c9f2c7b91045479aac9cf712";"639d3650b2a9cb3bcfa8334a1fce74190e2221baff6d713af80a8db2fa91a857"
"Körperliche Fitness";"Krafttraining & Muskulatur";"Handlungsfelder";"Detailtext";"Handlungsfeld · Körperliche Fitness · Variante Alter unter 50";"Muskulatur ist Ihr Stoffwechsel- und Stabilitätsorgan – schon zwei kurze Einheiten pro Woche (auch mit Körpergewicht) wirken.";"";"";"Marketing, Medizin";"Nicht geprüft";"";"";"";"recommendation.lever.lv_kraft.detail.under_50";"recommendations";"2";"v1:53424b46c1243ee3e6505ed975f56a612b38e990c9f2c7b91045479aac9cf712";"771e5c8330f90c542bea451a5bc204157f565750ee6a166f07d2a038b6263383"
"Körperliche Fitness";"Krafttraining & Muskulatur";"Stärken";"Beschriftung";"Stärke · Körperliche Fitness · Kurzlabel";"Regelmässiges Krafttraining";"";"";"Marketing";"Nicht geprüft";"";"";"";"recommendation.strength.st_kraft.label";"recommendations";"2";"v1:53424b46c1243ee3e6505ed975f56a612b38e990c9f2c7b91045479aac9cf712";"3fbf739dfda89736443cfdb1df6e2f72807f68079bf62a0c19cc7ca1d49b6f80"
"Körperliche Fitness";"Krafttraining & Muskulatur";"Stärken";"Detailtext";"Stärke · Körperliche Fitness · Detailtext";"Mit mindestens zwei Krafteinheiten pro Woche erfüllen Sie die WHO-Empfehlung und erhalten Muskulatur und Stabilität.";"";"";"Marketing, Medizin";"Nicht geprüft";"";"";"";"recommendation.strength.st_kraft.detail";"recommendations";"2";"v1:53424b46c1243ee3e6505ed975f56a612b38e990c9f2c7b91045479aac9cf712";"a6c613fac99db6901e17dc96f62846c73dab6b6617e7ea73c48872c992af47f0"
"Körperliche Fitness";"Krafttraining & Muskulatur";"Ergebnis-Einstieg";"Beschriftung";"Ergebnis-Zusammenfassung · Themenlabel «Krafttraining & Muskulatur»";"Tragkraft im Alltag";"";"";"Marketing";"Nicht geprüft";"";"";"";"ui.hero.topic.einkaufstaschen";"ui";"2";"v1:53424b46c1243ee3e6505ed975f56a612b38e990c9f2c7b91045479aac9cf712";"0a0092187206c4117682aa49fb7425983621dde6713f95f9fd0c63855ade832b"
"Körperliche Fitness";"Krafttraining & Muskulatur";"Ergebnis-Einstieg";"Beschriftung";"Ergebnis-Zusammenfassung · Themenlabel «Krafttraining & Muskulatur»";"Krafttraining";"";"";"Marketing";"Nicht geprüft";"";"";"";"ui.hero.topic.krafttraining";"ui";"2";"v1:53424b46c1243ee3e6505ed975f56a612b38e990c9f2c7b91045479aac9cf712";"03d23217e3b596c06047f54368afcfc958fe1213972bcf2a38360a4dde913491"
"Ernährung";"Allgemeine Ernährung";"Coach-Antworten";"Dynamischer Text";"Demo-Coach-Antwort zu Ernährung oder Gewicht";"Kleine Umstellungen wirken: pro Tag eine zusätzliche Portion Gemüse, Hülsenfrüchte oder Vollkorn und gesüsste Getränke reduzieren. Ihr Ernährungs-Wert: <b>{{nutritionScore}}</b>.";"";"";"Marketing, Medizin";"Nicht geprüft";"";"{{nutritionScore}}";"";"coach.answer.nutrition";"coach";"2";"v1:53424b46c1243ee3e6505ed975f56a612b38e990c9f2c7b91045479aac9cf712";"33cde2e5c62b00958a2785d1075bcf9c0b6a6687d5711309093d7255c7cc34a6"
"Ernährung";"Allgemeine Ernährung";"Dimensionsdetails";"Überschrift";"Dimensionsdetail · Titel";"Zucker und stark Verarbeitetes";"";"";"Marketing, Medizin";"Nicht geprüft";"";"";"";"recommendation.signal.ernaehrung.title";"recommendations";"2";"v1:53424b46c1243ee3e6505ed975f56a612b38e990c9f2c7b91045479aac9cf712";"bf655338f2e4675e2f44df5886266affde604a4d0b2fbffe2b59498e36e03742"
"Ernährung";"Allgemeine Ernährung";"Gemeinsame Bereichstexte (Fragebogen und Ergebnis)";"Beschriftung";"Gemeinsam in Fragebogen und Ergebnis · Ernährung · Kurzlabel für Navigation und Ergebnisvisualisierung";"Ernährung";"";"";"Marketing";"Nicht geprüft";"";"";"";"service.dimension.ernaehrung.short";"services";"2";"v1:53424b46c1243ee3e6505ed975f56a612b38e990c9f2c7b91045479aac9cf712";"5e8b17e40acd9e7489816468ec66dc3a5ae8109f202d3a15479352b2388c8069"
"Ernährung";"Allgemeine Ernährung";"Gemeinsame Bereichstexte (Fragebogen und Ergebnis)";"Überschrift";"Gemeinsam in Fragebogen und Ergebnis · Ernährung · vollständiger Bereichstitel";"Ernährung";"";"";"Marketing, Medizin";"Nicht geprüft";"";"";"";"service.dimension.ernaehrung.title";"services";"2";"v1:53424b46c1243ee3e6505ed975f56a612b38e990c9f2c7b91045479aac9cf712";"d6825efd92d651d3fb33c9e554fa24ac1b8c1688213ecc3992d5b1706c4332ab"
"Ernährung";"Allgemeine Ernährung";"Dimensionsdetails";"Persönliche Einordnung";"Dimensionsdetail · Einordnung";"Zuckerhaltige Getränke sättigen meist deutlich weniger als feste Lebensmittel. Je nach Produkt kann ein halber Liter Softdrink rund 50 g Zucker enthalten; Wasser oder Ungesüsstes ist deshalb ein gut umsetzbarer Ersatz.";"";"";"Marketing, Medizin";"Prüfung erforderlich";"Unbelegte Absolutheit zur Sättigung und Priorität entfernt; durch Marketing und Medizin freigeben.";"";"";"recommendation.signal.ernaehrung.insight";"recommendations";"2";"v1:53424b46c1243ee3e6505ed975f56a612b38e990c9f2c7b91045479aac9cf712";"4c0804a2ff6b34de8bb517dc2e070395843fc2277fe1d2b97e7dd8f715cfc18f"
"Ernährung";"Allgemeine Ernährung";"Gemeinsame Bereichstexte (Fragebogen und Ergebnis)";"Begründung / Einordnung";"Gemeinsam in Fragebogen und Ergebnis · Ernährung · Einleitung im Fragebogen und in den Ergebnisdetails";"Ihre Essgewohnheiten beeinflussen direkt Ihre Gesundheit und Ihr Wohlbefinden.";"";"";"Marketing, Medizin";"Nicht geprüft";"";"";"";"service.dimension.ernaehrung.intro";"services";"2";"v1:53424b46c1243ee3e6505ed975f56a612b38e990c9f2c7b91045479aac9cf712";"3303badb3b1c17c571ceec1331e6433bdfee6e70ce2693baa6236b1834cb1c2b"
"Ernährung";"Allgemeine Ernährung";"Dimensionsdetails";"Nächster Schritt";"Dimensionsdetail · konkreter nächster Schritt";"Ein Zuckergetränk pro Tag durch Wasser ersetzen – reine Fruchtsäfte zählen dazu.";"";"";"Marketing, Medizin";"Nicht geprüft";"";"";"";"recommendation.signal.ernaehrung.action";"recommendations";"2";"v1:53424b46c1243ee3e6505ed975f56a612b38e990c9f2c7b91045479aac9cf712";"afc9a151743850096e0ff4e96788fd449965fcd4b08fb89f69ed3358baa5434d"
"Ernährung";"Allgemeine Ernährung";"Zusatzhinweise bei abgedeckten Aktionsschritten";"Vertiefung";"Zusatzhinweis bei bereits abgedecktem Aktionsschritt";"Achten Sie zusätzlich auf die Kombination: Flüssiger Zucker und stark verarbeitete Produkte verstärken sich, weil beide viel Energie liefern und nur kurz sättigen. Der Plan setzt deshalb beim leichtesten täglichen Tausch an.";"";"";"Marketing, Medizin";"Nicht geprüft";"";"";"";"recommendation.signal.ernaehrung.deepen";"recommendations";"2";"v1:53424b46c1243ee3e6505ed975f56a612b38e990c9f2c7b91045479aac9cf712";"1a88e045c3e14f2bc0d8759967f2deb2220cbcca0ca72b8b8d918ee81277bf74"
"Ernährung";"Allgemeine Ernährung";"Risikosignale";"Risikosignal";"Ergebnisseite, Lebensstil-Signal Ernährung";"Zuckerhaltige Getränke oder stark verarbeitete Lebensmittel kommen sehr häufig vor.";"";"";"Marketing, Medizin";"Nicht geprüft";"";"";"";"recommendation.risk_signal.ernaehrung.label";"recommendations";"2";"v1:53424b46c1243ee3e6505ed975f56a612b38e990c9f2c7b91045479aac9cf712";"7945030bb5a1804e4d550891491d9fc2d1c6199a660a51af4a9f161039812c5b"
"Ernährung";"Allgemeine Ernährung";"Positive Dimensionstexte";"Positive Rückmeldung";"Positive Verstärkung für die Dimension ernaehrung";"Ihre Ernährung bietet eine gute Grundlage. Geniessen Sie es, dranzubleiben.";"";"";"Marketing, Medizin";"Prüfung erforderlich";"Positive Rückmeldung wird nur noch im Status Stark ausgegeben; durch Marketing und Medizin freigeben.";"";"";"recommendation.positive.ernaehrung";"recommendations";"2";"v1:53424b46c1243ee3e6505ed975f56a612b38e990c9f2c7b91045479aac9cf712";"d6ccc4768bf49057cfa87e50f857114fc63c5672b7a48f52b5a9ada635f93d20"
"Ernährung";"Allgemeine Ernährung";"Solide Dimensionstexte";"Solide Rückmeldung";"Zurückhaltende Rückmeldung für die Dimension ernaehrung im Status Solide";"Mehrere Ihrer Ernährungsgewohnheiten sind bereits günstig. Kleine, alltagstaugliche Anpassungen können die Qualität weiter verbessern.";"";"";"Marketing, Medizin";"Prüfung erforderlich";"Neu vom positiven Feedback ab Score 80 getrennt; durch Marketing und Medizin freigeben.";"";"";"recommendation.solid.ernaehrung";"recommendations";"2";"v1:53424b46c1243ee3e6505ed975f56a612b38e990c9f2c7b91045479aac9cf712";"022799ee2aa97739121dd062b075859016b74fdd58f7f4275af169b08d2c0b3c"
"Ernährung";"Allgemeine Ernährung";"Ergebnis-Einstieg";"Beschriftung";"Hero-Zusammenfassung, Dimension ernaehrung im Nominativ";"Ihre Ernährung";"";"";"Marketing";"Nicht geprüft";"";"";"";"ui.hero.dimension.ernaehrung.nominative";"ui";"2";"v1:53424b46c1243ee3e6505ed975f56a612b38e990c9f2c7b91045479aac9cf712";"135bd75c51f44a9a57e67613504b8dc86154ba515a63918446f4372f25cbb3d7"
"Ernährung";"Allgemeine Ernährung";"Ergebnis-Einstieg";"Beschriftung";"Hero-Zusammenfassung, Dimension ernaehrung nach «bei»";"bei Ihrer Ernährung";"";"";"Marketing";"Nicht geprüft";"";"";"";"ui.hero.dimension.ernaehrung.prepositional";"ui";"2";"v1:53424b46c1243ee3e6505ed975f56a612b38e990c9f2c7b91045479aac9cf712";"a674952e21258495ad0e713fd0e8fef1f40e79a5c2261db169d7ab1008b755d9"
"Ernährung";"Getränke & Zucker";"Empfehlungskarten";"Überschrift";"Empfehlungskarte · Ernährung · Titel";"Flüssige Kalorien reduzieren";"";"";"Marketing";"Nicht geprüft";"";"";"";"recommendation.catalog.er_getraenke.title";"recommendations";"2";"v1:53424b46c1243ee3e6505ed975f56a612b38e990c9f2c7b91045479aac9cf712";"6ddbd312fdd8cb8c8db5080c3f431f7b7d48cb2b29464f6194e1ec581836b954"
"Ernährung";"Getränke & Zucker";"Empfehlungskarten";"Begründung / Einordnung";"Empfehlungskarte · Ernährung · Begründung";"Gesüsste Getränke liefern viel Zucker, ohne satt zu machen, und können Blutzucker und Gewicht ungünstig beeinflussen.";"";"";"Marketing, Medizin";"Nicht geprüft";"";"";"";"recommendation.catalog.er_getraenke.why";"recommendations";"2";"v1:53424b46c1243ee3e6505ed975f56a612b38e990c9f2c7b91045479aac9cf712";"93fe4d3689721d03dbbf15154f18d98a3cc09757e16f48de50c55d18a8eef5cc"
"Ernährung";"Getränke & Zucker";"Empfehlungskarten";"Nächster Schritt";"Empfehlungskarte · Ernährung · konkreter nächster Schritt";"Ersetzen Sie zuckerhaltige Getränke schrittweise durch Wasser, ungesüssten Tee oder mit Früchten aromatisiertes Wasser.";"";"";"Marketing, Medizin";"Nicht geprüft";"";"";"";"recommendation.catalog.er_getraenke.step";"recommendations";"2";"v1:53424b46c1243ee3e6505ed975f56a612b38e990c9f2c7b91045479aac9cf712";"a767db642d2269f17acc4ed1e6d6761239d7683893cb7b3595b65bfc1a2c1e5c"
"Ernährung";"Getränke & Zucker";"Empfehlungskarten";"Erwarteter Nutzen";"Empfehlungskarte · Ernährung · erwarteter Nutzen";"Weniger flüssiger Zucker entlastet Stoffwechsel und Gewicht spürbar.";"";"";"Marketing, Medizin";"Nicht geprüft";"";"";"";"recommendation.catalog.er_getraenke.benefit";"recommendations";"2";"v1:53424b46c1243ee3e6505ed975f56a612b38e990c9f2c7b91045479aac9cf712";"f5e7dbee90b53ad8c85dd6fd68d7e458d84a69d84e9ce9506fb45150c6c9042d"
"Ernährung";"Getränke & Zucker";"4-Wochen-Pläne";"4-Wochen-Plan";"4-Wochen-Plan · Diese Woche";"Ersetzen Sie das erste tägliche Zuckergetränk durch Wasser oder Ungesüsstes. Je nach Produkt kann ein halber Liter Softdrink rund <b>50 g Zucker</b> enthalten und sättigt meist nur wenig.";"";"";"Marketing, Medizin";"Prüfung erforderlich";"Produktabhängigkeit ergänzt und absolute Sättigungsbehauptung entfernt; durch Marketing und Medizin freigeben.";"";"";"recommendation.plan.er_getraenke.this_week";"recommendations";"2";"v1:53424b46c1243ee3e6505ed975f56a612b38e990c9f2c7b91045479aac9cf712";"46e40b98b8640560a9be8410a5e6a8bf80718c5b5bc7697419eb575f4ff71dd4"
"Ernährung";"Getränke & Zucker";"4-Wochen-Pläne";"4-Wochen-Plan";"4-Wochen-Plan · Woche 2–3";"Auch <b>reine Fruchtsäfte</b> zählen dazu: Ohne die Fasern der ganzen Frucht bleibt vor allem der Zucker. Machen Sie das gesündere Getränk zur Standardoption – Wasserflasche sichtbar auf den Tisch, Süssgetränke nicht mehr auf Vorrat kaufen.";"";"";"Marketing, Medizin";"Nicht geprüft";"";"";"";"recommendation.plan.er_getraenke.weeks_2_3";"recommendations";"2";"v1:53424b46c1243ee3e6505ed975f56a612b38e990c9f2c7b91045479aac9cf712";"aa0694e60ced7515bf7a94a4b319c91161383a27e13174fc4903cf391041ad45"
"Ernährung";"Getränke & Zucker";"4-Wochen-Pläne";"4-Wochen-Plan";"4-Wochen-Plan · Woche 4";"Bilanz: An wie vielen Tagen kamen Sie ohne aus? Der Effekt wirkt doppelt – weniger Kalorien und stabilere Blutzuckerkurven, was Heisshunger reduziert. Erlauben Sie sich bewusste Ausnahmen statt Verbote; nur die Regel muss stimmen.";"";"";"Marketing, Medizin";"Nicht geprüft";"";"";"";"recommendation.plan.er_getraenke.week_4";"recommendations";"2";"v1:53424b46c1243ee3e6505ed975f56a612b38e990c9f2c7b91045479aac9cf712";"6f1f3aaa403e74ecfc8d8c341e30183f8adbadea56f01183021c3ff230fcf6b3"
"Ernährung";"Getränke & Zucker";"Handlungsfelder";"Beschriftung";"Handlungsfeld · Ernährung · Kurzlabel";"Zuckergetränke durch Wasser oder Ungesüsstes ersetzen";"";"";"Marketing, Medizin";"Nicht geprüft";"";"";"";"recommendation.lever.lv_zucker.label";"recommendations";"2";"v1:53424b46c1243ee3e6505ed975f56a612b38e990c9f2c7b91045479aac9cf712";"36ed72c79cfb0784158ce5ea9204e93de8b9b80483a54b890d38a99983172c8b"
"Ernährung";"Getränke & Zucker";"Handlungsfelder";"Detailtext";"Handlungsfeld · Ernährung · Detailtext";"Zuckerhaltige Getränke sättigen meist deutlich weniger als feste Lebensmittel. Sie durch Wasser oder Ungesüsstes zu ersetzen, ist deshalb ein gut umsetzbarer Ernährungshebel.";"";"";"Marketing, Medizin";"Prüfung erforderlich";"Unbelegte Absolutheit zur Sättigung und Priorität entfernt; durch Marketing und Medizin freigeben.";"";"";"recommendation.lever.lv_zucker.detail";"recommendations";"2";"v1:53424b46c1243ee3e6505ed975f56a612b38e990c9f2c7b91045479aac9cf712";"417ad2aca004c17c0da4fd8f571dc61658a018ae0f1c85e7cb6b9f0ccf5ab10a"
"Ernährung";"Getränke & Zucker";"Ergebnis-Einstieg";"Beschriftung";"Ergebnis-Zusammenfassung · Themenlabel «Getränke & Zucker»";"zuckerhaltige Getränke";"";"";"Marketing";"Nicht geprüft";"";"";"";"ui.hero.topic.zuckergetraenke";"ui";"2";"v1:53424b46c1243ee3e6505ed975f56a612b38e990c9f2c7b91045479aac9cf712";"bd929836151243ced58f40b2414ffb28d92d516a05b449ff43483942a6e42593"
"Ernährung";"Omega-3";"Empfehlungskarten";"Überschrift";"Empfehlungskarte · Ernährung · Titel";"Mehr Omega-3 einbauen";"";"";"Marketing";"Nicht geprüft";"";"";"";"recommendation.catalog.er_omega3.title";"recommendations";"2";"v1:53424b46c1243ee3e6505ed975f56a612b38e990c9f2c7b91045479aac9cf712";"1dcc3a3ef2d2d4c07378138ec433c47a7d70a06de9f3d6808357a30b8fcc86ea"
"Ernährung";"Omega-3";"Empfehlungskarten";"Begründung / Einordnung";"Empfehlungskarte · Ernährung · Begründung";"Omega-3-reiche Lebensmittel kommen aktuell selten vor. Sie unterstützen Herz, Gehirn und die Entzündungsregulation.";"";"";"Marketing, Medizin";"Nicht geprüft";"";"";"";"recommendation.catalog.er_omega3.why";"recommendations";"2";"v1:53424b46c1243ee3e6505ed975f56a612b38e990c9f2c7b91045479aac9cf712";"89397eede4df0f348c570e6f20a64a9ce65802a6f0230bb49a8bac42c2f02a0d"
"Ernährung";"Omega-3";"Empfehlungskarten";"Nächster Schritt";"Empfehlungskarte · Ernährung · konkreter nächster Schritt";"Planen Sie 1- bis 2-mal pro Woche fetten Fisch (Lachs, Hering, Makrele) ein oder streuen Sie täglich Leinsamen bzw. Baumnüsse über Ihre Mahlzeiten.";"";"";"Marketing, Medizin";"Nicht geprüft";"";"";"";"recommendation.catalog.er_omega3.step";"recommendations";"2";"v1:53424b46c1243ee3e6505ed975f56a612b38e990c9f2c7b91045479aac9cf712";"417b13b8bc7091aa7a7fe5921951887a466c40f4c9f74e95abd09ec25d54992d"
"Ernährung";"Omega-3";"Empfehlungskarten";"Erwarteter Nutzen";"Empfehlungskarte · Ernährung · erwarteter Nutzen";"Eine bessere Omega-3-Versorgung unterstützt Herz-Kreislauf-Gesundheit und Wohlbefinden.";"";"";"Marketing, Medizin";"Nicht geprüft";"";"";"";"recommendation.catalog.er_omega3.benefit";"recommendations";"2";"v1:53424b46c1243ee3e6505ed975f56a612b38e990c9f2c7b91045479aac9cf712";"8f7b5fe1e298d2b2bb06fcac8cdcf9f7b797e1006836f14c715a9692db55fcdd"
"Ernährung";"Omega-3";"4-Wochen-Pläne";"4-Wochen-Plan";"4-Wochen-Plan · Diese Woche";"Planen Sie <b>ein bis zwei feste «Fischtage»</b> pro Woche mit fettem Fisch (Lachs, Hering, Makrele, Sardinen). Vegetarisch/vegan: Algenöl liefert Omega-3, das der Körper direkt nutzen kann – anders als die Vorstufe aus Leinöl.";"";"";"Marketing, Medizin";"Nicht geprüft";"";"";"";"recommendation.plan.er_omega3.this_week";"recommendations";"2";"v1:53424b46c1243ee3e6505ed975f56a612b38e990c9f2c7b91045479aac9cf712";"2dd90c3a4497130cc3e43c58ed57d528778f46d96fbf6c8089b3e83b56c85f67"
"Ernährung";"Omega-3";"4-Wochen-Pläne";"4-Wochen-Plan";"4-Wochen-Plan · Woche 2–3";"Streuen Sie täglich eine Portion Leinsamen (geschrotet), Chiasamen oder Baumnüsse über Mahlzeiten. Omega-3 wirkt entzündungshemmend und unterstützt Herz und Gehirn – der Körper bildet es nicht selbst, deshalb zählt die regelmässige Zufuhr.";"";"";"Marketing, Medizin";"Nicht geprüft";"";"";"";"recommendation.plan.er_omega3.weeks_2_3";"recommendations";"2";"v1:53424b46c1243ee3e6505ed975f56a612b38e990c9f2c7b91045479aac9cf712";"db52e8e1bad52b5017a73b010b30ffed013545bbc4636c32d7ba04483f91637b"
"Ernährung";"Omega-3";"4-Wochen-Pläne";"4-Wochen-Plan";"4-Wochen-Plan · Woche 4";"Verankern Sie die Fischtage als festen Wochenrhythmus und halten Sie eine pflanzliche Omega-3-Quelle immer griffbereit. Regelmässigkeit schlägt Menge.";"";"";"Marketing, Medizin";"Nicht geprüft";"";"";"";"recommendation.plan.er_omega3.week_4";"recommendations";"2";"v1:53424b46c1243ee3e6505ed975f56a612b38e990c9f2c7b91045479aac9cf712";"fa28b84c693e89eae795d1015d0661d7c3b4977758724b78bc60917ddd3557f3"
"Ernährung";"Omega-3";"Handlungsfelder";"Beschriftung";"Handlungsfeld · Ernährung · Kurzlabel";"Feste Omega-3-Quelle einplanen (fettreicher Fisch oder Algenöl)";"";"";"Marketing, Medizin";"Nicht geprüft";"";"";"";"recommendation.lever.lv_omega.label";"recommendations";"2";"v1:53424b46c1243ee3e6505ed975f56a612b38e990c9f2c7b91045479aac9cf712";"02c21ab39463fe0f8f3d2bb8784031daf202b9594794b78a2623688ec77a8c3e"
"Ernährung";"Omega-3";"Handlungsfelder";"Detailtext";"Handlungsfeld · Ernährung · Detailtext";"Fetter Fisch liefert die Omega-3-Fettsäuren EPA und DHA. Zwei Fischportionen pro Woche entsprechen gängigen Ernährungsempfehlungen; Nahrungsergänzungsmittel sollten nicht pauschal gleichgesetzt werden.";"";"";"Marketing, Medizin";"Prüfung erforderlich";"Lebensmittel- und Supplementevidenz getrennt und Wirkungsversprechen entfernt; durch Marketing und Medizin freigeben.";"";"";"recommendation.lever.lv_omega.detail";"recommendations";"2";"v1:53424b46c1243ee3e6505ed975f56a612b38e990c9f2c7b91045479aac9cf712";"82954c4e254bed00d9764ca7b4a01dddf77fe463c907dc8e47028706907826e8"
"Ernährung";"Omega-3";"Ergebnis-Einstieg";"Beschriftung";"Ergebnis-Zusammenfassung · Themenlabel «Omega-3»";"Omega-3";"";"";"Marketing";"Nicht geprüft";"";"";"";"ui.hero.topic.omega3";"ui";"2";"v1:53424b46c1243ee3e6505ed975f56a612b38e990c9f2c7b91045479aac9cf712";"13f826fea4b076390aa696e97da842873fed2b668d9be7bc86e6ebbee3f30d2b"
"Ernährung";"Pflanzenvielfalt";"Empfehlungskarten";"Überschrift";"Empfehlungskarte · Ernährung · Titel";"Pflanzliche Vielfalt erhöhen";"";"";"Marketing";"Nicht geprüft";"";"";"";"recommendation.catalog.er_vielfalt.title";"recommendations";"2";"v1:53424b46c1243ee3e6505ed975f56a612b38e990c9f2c7b91045479aac9cf712";"e5e692bdce740335d784e215e51491bf97404b18db1459b29c2eb318cd1771a0"
"Ernährung";"Pflanzenvielfalt";"Empfehlungskarten";"Begründung / Einordnung";"Empfehlungskarte · Ernährung · Begründung";"Aktuell essen Sie eher wenige verschiedene pflanzliche Lebensmittel. Vielfalt fördert ein gesundes Darmmikrobiom und liefert wertvolle Ballast- und Pflanzenstoffe.";"";"";"Marketing, Medizin";"Nicht geprüft";"";"";"";"recommendation.catalog.er_vielfalt.why";"recommendations";"2";"v1:53424b46c1243ee3e6505ed975f56a612b38e990c9f2c7b91045479aac9cf712";"92d3072f2f7d4a0a47899d4f65eef40c9b738e0872bc4f9ad197a56f74644da8"
"Ernährung";"Pflanzenvielfalt";"Empfehlungskarten";"Nächster Schritt";"Empfehlungskarte · Ernährung · konkreter nächster Schritt";"Nehmen Sie sich vor, pro Woche ein paar neue Sorten einzubauen – z. B. eine zusätzliche Gemüse-, Hülsenfrucht- oder Vollkornsorte pro Tag.";"";"";"Marketing, Medizin";"Nicht geprüft";"";"";"";"recommendation.catalog.er_vielfalt.step";"recommendations";"2";"v1:53424b46c1243ee3e6505ed975f56a612b38e990c9f2c7b91045479aac9cf712";"fff7e2678c0e1be5809808d11949edeb2a73a43f6033406a6217e65911695eae"
"Ernährung";"Pflanzenvielfalt";"Empfehlungskarten";"Erwarteter Nutzen";"Empfehlungskarte · Ernährung · erwarteter Nutzen";"Mehr pflanzliche Vielfalt wirkt sich gleich auf mehrere Gesundheitsbereiche positiv aus.";"";"";"Marketing, Medizin";"Nicht geprüft";"";"";"";"recommendation.catalog.er_vielfalt.benefit";"recommendations";"2";"v1:53424b46c1243ee3e6505ed975f56a612b38e990c9f2c7b91045479aac9cf712";"354403d78d444b90225ef7a160fcf87744e9b29f65c8d6a27fedd14cde38fc4e"
"Ernährung";"Pflanzenvielfalt";"4-Wochen-Pläne";"4-Wochen-Plan";"4-Wochen-Plan · Diese Woche";"Nehmen Sie sich <b>zwei bis drei neue pflanzliche Sorten</b> vor. Auch Gewürze, Kräuter, Nüsse und Samen zählen – der Einstieg ist leichter, als viele denken.";"";"";"Marketing, Medizin";"Nicht geprüft";"";"";"";"recommendation.plan.er_vielfalt.this_week";"recommendations";"2";"v1:53424b46c1243ee3e6505ed975f56a612b38e990c9f2c7b91045479aac9cf712";"a453c93cf11208c00e43e7f00c052c425564fbacdff9cf6e9ad725cfb39da646"
"Ernährung";"Pflanzenvielfalt";"4-Wochen-Pläne";"4-Wochen-Plan";"4-Wochen-Plan · Woche 2–3";"Richtwert: rund 30 verschiedene pflanzliche Lebensmittel pro Woche. Vielfalt füttert das Darmmikrobiom, das wiederum Immunsystem, Stoffwechsel und sogar Stimmung beeinflusst. Trick: pro Einkauf eine neue Sorte ausprobieren.";"";"";"Marketing, Medizin";"Nicht geprüft";"";"";"";"recommendation.plan.er_vielfalt.weeks_2_3";"recommendations";"2";"v1:53424b46c1243ee3e6505ed975f56a612b38e990c9f2c7b91045479aac9cf712";"c833d4b68baaf532dec3dcb114e6da35fc2d7d0823a7a9211958a58900d69085"
"Ernährung";"Pflanzenvielfalt";"4-Wochen-Pläne";"4-Wochen-Plan";"4-Wochen-Plan · Woche 4";"Etablieren Sie feste «Vielfalt-Anker» (z. B. eine Handvoll gemischte Nüsse/Samen täglich, wöchentlich wechselndes Gemüse), damit Abwechslung ohne Aufwand läuft.";"";"";"Marketing, Medizin";"Nicht geprüft";"";"";"";"recommendation.plan.er_vielfalt.week_4";"recommendations";"2";"v1:53424b46c1243ee3e6505ed975f56a612b38e990c9f2c7b91045479aac9cf712";"683d1175687083ded7275b69448984d97a861810c024ea0070ba65ca2421cffd"
"Ernährung";"Pflanzenvielfalt";"Handlungsfelder";"Beschriftung";"Handlungsfeld · Ernährung · Kurzlabel";"Pflanzliche Vielfalt schrittweise erhöhen";"";"";"Marketing, Medizin";"Prüfung erforderlich";"Beobachtenden 30-Pflanzen-Wert nicht als klinischen Grenzwert ausgegeben; durch Marketing und Medizin freigeben.";"";"";"recommendation.lever.lv_pflanzen.label";"recommendations";"2";"v1:53424b46c1243ee3e6505ed975f56a612b38e990c9f2c7b91045479aac9cf712";"4c46c544d63633f827cde922c88e0e57e3d8f3bcc3574ad7901dfd7d7ecaee51"
"Ernährung";"Pflanzenvielfalt";"Handlungsfelder";"Detailtext";"Handlungsfeld · Ernährung · Detailtext";"Vielfalt füttert Ihr Darmmikrobiom – Gewürze, Kräuter, Nüsse und Samen zählen mit und machen den Einstieg leicht.";"";"";"Marketing, Medizin";"Nicht geprüft";"";"";"";"recommendation.lever.lv_pflanzen.detail";"recommendations";"2";"v1:53424b46c1243ee3e6505ed975f56a612b38e990c9f2c7b91045479aac9cf712";"3eb4a62ffdc2fa971d9581232350b5de6c6ee10994407d1f95f327c331cd8490"
"Ernährung";"Pflanzenvielfalt";"Stärken";"Beschriftung";"Stärke · Ernährung · Kurzlabel";"Grosse pflanzliche Vielfalt";"";"";"Marketing";"Nicht geprüft";"";"";"";"recommendation.strength.st_pflanzen.label";"recommendations";"2";"v1:53424b46c1243ee3e6505ed975f56a612b38e990c9f2c7b91045479aac9cf712";"ac7dde387397eb6a11eb245a1ccb23a47e8cc151745d72c0686483d59fd6fdf5"
"Ernährung";"Pflanzenvielfalt";"Stärken";"Detailtext";"Stärke · Ernährung · Detailtext";"Ihre vielfältige Auswahl pflanzlicher Lebensmittel trägt zu einer abwechslungsreichen Ballaststoff- und Mikronährstoffzufuhr bei.";"";"";"Marketing, Medizin";"Prüfung erforderlich";"Nicht validierte Aussage zum optimalen Mikrobiom entfernt; durch Marketing und Medizin freigeben.";"";"";"recommendation.strength.st_pflanzen.detail";"recommendations";"2";"v1:53424b46c1243ee3e6505ed975f56a612b38e990c9f2c7b91045479aac9cf712";"0ce0b515cf7577f1e1f25e53658ccc15f132663cfbbc5f5efbde31830325b451"
"Ernährung";"Pflanzenvielfalt";"Ergebnis-Einstieg";"Beschriftung";"Ergebnis-Zusammenfassung · Themenlabel «Pflanzenvielfalt»";"pflanzliche Vielfalt";"";"";"Marketing";"Nicht geprüft";"";"";"";"ui.hero.topic.pflanzenvielfalt";"ui";"2";"v1:53424b46c1243ee3e6505ed975f56a612b38e990c9f2c7b91045479aac9cf712";"983cf7ff0c88f877604156be48f8e52fcd5ec2e0de24d2727185b9cc25b588ce"
"Ernährung";"Protein & Muskelerhalt";"Empfehlungskarten";"Überschrift";"Empfehlungskarte · Ernährung · Titel";"Proteinquellen regelmässig einplanen";"";"";"Marketing";"Prüfung erforderlich";"Beschreibt die tatsächlich erfasste Gewohnheit statt eine nicht gemessene Gesamtversorgung; durch Marketing freigeben.";"";"";"recommendation.catalog.er_protein.title";"recommendations";"2";"v1:53424b46c1243ee3e6505ed975f56a612b38e990c9f2c7b91045479aac9cf712";"0105702a90742979bebd6a73f61c3bc4116257ce1e91a0381b7fde9a32596fdc"
"Ernährung";"Protein & Muskelerhalt";"Empfehlungskarten";"Begründung / Einordnung";"Empfehlungskarte · Ernährung · Begründung";"Ihre Antwort zeigt, dass Sie bisher eher selten zu mehreren Mahlzeiten oder Snacks eine klare Proteinquelle einbauen. Krafttraining setzt den Reiz für Muskelanpassungen, Protein liefert die Bausteine. Die Frage erfasst diese Routine, aber nicht Ihre tatsächliche Tagesmenge.";"";"";"Marketing, Medizin";"Prüfung erforderlich";"Versorgungsdiagnose und pauschale Altersaussage entfernt; durch Marketing und Medizin freigeben.";"";"";"recommendation.catalog.er_protein.why";"recommendations";"2";"v1:53424b46c1243ee3e6505ed975f56a612b38e990c9f2c7b91045479aac9cf712";"0e0c62ff1e314bf1f1f0233ff0fad6f8ee0e6e45ee5c14f5dc1e1dfc49765454"
"Ernährung";"Protein & Muskelerhalt";"Empfehlungskarten";"Nächster Schritt";"Empfehlungskarte · Ernährung · konkreter nächster Schritt";"Beginnen Sie mit zwei Hauptmahlzeiten pro Tag: Planen Sie jeweils eine klare Proteinquelle ein, zum Beispiel Hülsenfrüchte, Tofu, Eier, Quark, Joghurt, Fisch oder Fleisch. Wenn das zuverlässig klappt, ergänzen Sie eine dritte Gelegenheit.";"";"";"Marketing, Medizin";"Prüfung erforderlich";"Niederschwelliger Aufbau statt pauschaler Portions- oder Grammanforderung; durch Marketing und Medizin freigeben.";"";"";"recommendation.catalog.er_protein.step";"recommendations";"2";"v1:53424b46c1243ee3e6505ed975f56a612b38e990c9f2c7b91045479aac9cf712";"22b31e58b332c4a7eb29445c34c9d75fab48cad7a93e5bca46eafe751713bdd7"
"Ernährung";"Protein & Muskelerhalt";"Empfehlungskarten";"Erwarteter Nutzen";"Empfehlungskarte · Ernährung · erwarteter Nutzen";"Eine passende Gesamtzufuhr unterstützt zusammen mit Krafttraining den Aufbau und Erhalt der Muskulatur. Mehr Protein ist dabei nicht automatisch besser.";"";"";"Marketing, Medizin";"Prüfung erforderlich";"Pauschales Sättigungsversprechen entfernt und Zusammenspiel mit dem Trainingsreiz präzisiert; durch Marketing und Medizin freigeben.";"";"";"recommendation.catalog.er_protein.benefit";"recommendations";"2";"v1:53424b46c1243ee3e6505ed975f56a612b38e990c9f2c7b91045479aac9cf712";"b49b15dbbc8fceff960dcf511e430fa1171d596218b3edf487a4020f2fe94e43"
"Ernährung";"Protein & Muskelerhalt";"4-Wochen-Pläne";"4-Wochen-Plan";"4-Wochen-Plan · Diese Woche";"Markieren Sie an zwei typischen Tagen, zu welchen Mahlzeiten bereits eine klare Proteinquelle gehört. Ergänzen Sie zunächst <b>zwei Hauptmahlzeiten pro Tag</b> mit Hülsenfrüchten, Tofu, Eiern, Quark, Joghurt, Fisch oder Fleisch.";"";"";"Marketing, Medizin";"Prüfung erforderlich";"Unpräzise Handflächen-Faustregel durch beobachtbaren ersten Gewohnheitsschritt ersetzt; durch Marketing und Medizin freigeben.";"";"";"recommendation.plan.er_protein.this_week";"recommendations";"2";"v1:53424b46c1243ee3e6505ed975f56a612b38e990c9f2c7b91045479aac9cf712";"291acb2db359e15a38bb48db9eefaef0103555bdea6e926cb92cc392dd41f773"
"Ernährung";"Protein & Muskelerhalt";"4-Wochen-Pläne";"4-Wochen-Plan";"4-Wochen-Plan · Woche 2–3";"Erweitern Sie die Routine nach Möglichkeit auf drei Mahlzeiten oder Snacks mit einer klaren Proteinquelle. Die Frage berechnet kein persönliches Grammziel. Bei einer Nierenerkrankung oder medizinisch verordneten Ernährung sollten Sie die passende Menge fachlich klären.";"";"";"Marketing, Medizin";"Prüfung erforderlich";"Generische Variante ohne unbelegtes Blutzucker- oder Altersschutzversprechen; durch Marketing und Medizin freigeben.";"";"";"recommendation.plan.er_protein.weeks_2_3";"recommendations";"2";"v1:53424b46c1243ee3e6505ed975f56a612b38e990c9f2c7b91045479aac9cf712";"409e2dc0819ca1cdf979cb29c6cb0e5eaf84330e8d337a2ca86129900e4a1194"
"Ernährung";"Protein & Muskelerhalt";"4-Wochen-Pläne";"4-Wochen-Plan";"4-Wochen-Plan · Woche 2–3, Erwachsene mit mindestens zwei Krafttrainingstagen pro Woche";"Wenn Sie als gesunder Erwachsener regelmässig Kraft trainieren, sind etwa 1,4–1,6 g/kg/Tag eine praktische Orientierung. In der Meta-Analyse flachten die durchschnittlichen zusätzlichen Vorteile für den Aufbau fettfreier Masse ab rund 1,6 g/kg/Tag deutlich ab. Bis etwa 2,0 g/kg/Tag können bei sehr hoher Trainingsbelastung oder einem gezielten Energiedefizit als individueller Spielraum sinnvoll sein; für die meisten Menschen ist das nicht nötig, und das Alter allein begründet dieses Ziel nicht. Bei einer Nierenerkrankung oder medizinisch verordneten Ernährung gilt: zuerst fachlich klären.";"";"";"Marketing, Medizin";"Prüfung erforderlich";"Neue evidenzgebundene Variante nach Morton et al.; Zahlen und Anwendungsgrenzen durch Marketing und Medizin freigeben.";"";"1,4–1,6 g/kg/Tag | 1,6 g/kg/Tag | 2,0 g/kg/Tag";"recommendation.plan.er_protein.weeks_2_3.strength_training";"recommendations";"2";"v1:53424b46c1243ee3e6505ed975f56a612b38e990c9f2c7b91045479aac9cf712";"e1a16da8d956c09b208ccce1b9bacbdc7452213f4235fa66dfb9dad8ad9a0941"
"Ernährung";"Protein & Muskelerhalt";"4-Wochen-Pläne";"4-Wochen-Plan";"4-Wochen-Plan · Woche 4";"Prüfen Sie an drei typischen Tagen, ob die geplanten Proteinquellen alltagstauglich geworden sind. Wenn für Training oder Ernährung ein genaues g/kg-Ziel relevant ist, lassen Sie es anhand Ihrer Situation einordnen; Proteinpulver ist nicht automatisch erforderlich.";"";"";"Marketing, Medizin";"Prüfung erforderlich";"Erfolgskontrolle und Grenze der Selbsteinschätzung ergänzt; durch Marketing und Medizin freigeben.";"";"";"recommendation.plan.er_protein.week_4";"recommendations";"2";"v1:53424b46c1243ee3e6505ed975f56a612b38e990c9f2c7b91045479aac9cf712";"5493ee4842717460ca6fce128156b530774a3c225efc239ebe8a1830f3bfcefa"
"Ernährung";"Protein & Muskelerhalt";"Handlungsfelder";"Beschriftung";"Handlungsfeld · Ernährung · Kurzlabel";"Proteinquellen regelmässig einplanen";"";"";"Marketing, Medizin";"Prüfung erforderlich";"Auf den tatsächlich gemessenen Häufigkeits- und Verteilungsindikator präzisiert; durch Marketing und Medizin freigeben.";"";"";"recommendation.lever.lv_protein.label";"recommendations";"2";"v1:53424b46c1243ee3e6505ed975f56a612b38e990c9f2c7b91045479aac9cf712";"3164e787636b9d94954280531f5d092fe7cc7e7e2490236a690a1d2debcdc672"
"Ernährung";"Protein & Muskelerhalt";"Handlungsfelder";"Detailtext";"Handlungsfeld · Ernährung · Variante Alter ab 60";"Regelmässige Proteinquellen können zusammen mit Krafttraining den Erhalt von Muskelmasse und Funktion unterstützen. Die passende Menge hängt von Körpergewicht, Training, Energiezufuhr und Gesundheitszustand ab; das Alter allein begründet kein Ziel von 2,0 g/kg/Tag.";"";"";"Marketing, Medizin";"Prüfung erforderlich";"Altersrelevanz ohne pauschales 2-g-Ziel eingeordnet; durch Marketing und Medizin freigeben.";"";"2,0 g/kg/Tag";"recommendation.lever.lv_protein.detail.age_60_plus";"recommendations";"2";"v1:53424b46c1243ee3e6505ed975f56a612b38e990c9f2c7b91045479aac9cf712";"1360eb859aa2dfd9a8b4e7231a61cffcf6c4f3a71d5610510cae1585431c81c7"
"Ernährung";"Protein & Muskelerhalt";"Handlungsfelder";"Detailtext";"Handlungsfeld · Ernährung · Variante Alter unter 60";"Regelmässige Proteinquellen sind eine hilfreiche Ernährungsroutine. Ob die persönliche Tagesmenge passt, lässt sich aus dieser Antwort nicht ableiten; dafür sind unter anderem Körpergewicht, Krafttraining, Energiezufuhr und Gesundheitszustand relevant.";"";"";"Marketing, Medizin";"Prüfung erforderlich";"Die Aussage wird ausdrücklich als Gewohnheitsindikator statt Versorgungsnachweis geführt; durch Marketing und Medizin freigeben.";"";"";"recommendation.lever.lv_protein.detail.under_60";"recommendations";"2";"v1:53424b46c1243ee3e6505ed975f56a612b38e990c9f2c7b91045479aac9cf712";"a6591f12a8bffd45af1f9a34a774919e0e96678af05d227f0fbeb19d9c4fcad4"
"Ernährung";"Protein & Muskelerhalt";"Quellenlabels";"Quellenbezeichnung";"Sichtbares Label der Meta-Analyse zu Protein und Krafttraining";"Morton et al.: Protein und Krafttraining – Meta-Analyse";"";"";"Marketing, Medizin";"Prüfung erforderlich";"Neue Primärquelle für die konditionale Protein-Planvariante; sichtbares Quellenlabel freigeben.";"";"";"recommendation.source.morton_protein.label";"recommendations";"2";"v1:53424b46c1243ee3e6505ed975f56a612b38e990c9f2c7b91045479aac9cf712";"a214e0b1d1f735fa072eee35f318379d65a5db4cd969e45fd0b0dec313f493ca"
"Ernährung";"Protein & Muskelerhalt";"Stärken";"Beschriftung";"Stärke · Ernährung · Kurzlabel";"Proteinquellen regelmässig eingeplant";"";"";"Marketing";"Prüfung erforderlich";"Vermeidet eine nicht gemessene Aussage zur Gesamtversorgung; durch Marketing freigeben.";"";"";"recommendation.strength.st_protein.label";"recommendations";"2";"v1:53424b46c1243ee3e6505ed975f56a612b38e990c9f2c7b91045479aac9cf712";"11cf92a0adb4eb4d24c267c2c0008f09c892513f143f7b0b2f2ee87f91bf6e7b"
"Ernährung";"Protein & Muskelerhalt";"Stärken";"Detailtext";"Stärke · Ernährung · Detailtext";"Sie bauen an den meisten Tagen zu mehreren Mahlzeiten oder Snacks eine Proteinquelle ein. Das ist eine gute Routine; die Antwort zeigt jedoch nicht, ob Ihre persönliche Tagesmenge bereits passend ist.";"";"";"Marketing, Medizin";"Prüfung erforderlich";"Positive Verhaltensrückmeldung ohne unbelegtes Versorgungs-, Muskel- oder Sättigungsversprechen; durch Marketing und Medizin freigeben.";"";"";"recommendation.strength.st_protein.detail";"recommendations";"2";"v1:53424b46c1243ee3e6505ed975f56a612b38e990c9f2c7b91045479aac9cf712";"def2a45ad7c0f54762700b86a7d89a9149213a15cba42187b352bd3f8498e222"
"Ernährung";"Protein & Muskelerhalt";"Ergebnis-Einstieg";"Beschriftung";"Ergebnis-Zusammenfassung · Themenlabel «Protein & Muskelerhalt»";"Protein-Routine";"";"";"Marketing";"Prüfung erforderlich";"Vermeidet eine nicht gemessene Aussage zur Gesamtversorgung; durch Marketing freigeben.";"";"";"ui.hero.topic.protein";"ui";"2";"v1:53424b46c1243ee3e6505ed975f56a612b38e990c9f2c7b91045479aac9cf712";"1798dcd078fe58588ef5ad30d7a48b978449a6d641580fa27c343e69a304f725"
"Ernährung";"Sättigung & Essverhalten";"Empfehlungskarten";"Überschrift";"Empfehlungskarte · Ernährung · Titel";"Mahlzeiten sättigender gestalten";"";"";"Marketing";"Nicht geprüft";"";"";"";"recommendation.catalog.er_saettigung.title";"recommendations";"2";"v1:53424b46c1243ee3e6505ed975f56a612b38e990c9f2c7b91045479aac9cf712";"9754b193dbc384d91f465877fff20dfcd5b7d172b565f2a259089d5817b7d913"
"Ernährung";"Sättigung & Essverhalten";"Empfehlungskarten";"Begründung / Einordnung";"Empfehlungskarte · Ernährung · Begründung";"Sie fühlen sich nach Hauptmahlzeiten nicht verlässlich mehrere Stunden satt. Eine ausgewogene Zusammensetzung kann helfen, Snackbedarf und Energietiefs zu reduzieren.";"";"";"Marketing, Medizin";"Prüfung erforderlich";"Text deckt neu auch die neutrale Antwort «manchmal» ab; durch Marketing und Medizin freigeben.";"";"";"recommendation.catalog.er_saettigung.why";"recommendations";"2";"v1:53424b46c1243ee3e6505ed975f56a612b38e990c9f2c7b91045479aac9cf712";"69d8cf020729085b25e36073c24e5a638b0dcd6ce0a12c2f43c498fdc5fd3e10"
"Ernährung";"Sättigung & Essverhalten";"Empfehlungskarten";"Nächster Schritt";"Empfehlungskarte · Ernährung · konkreter nächster Schritt";"Kombinieren Sie zu jeder Hauptmahlzeit Eiweiss, Ballaststoffe (Gemüse, Hülsenfrüchte, Vollkorn) und etwas gesundes Fett.";"";"";"Marketing, Medizin";"Nicht geprüft";"";"";"";"recommendation.catalog.er_saettigung.step";"recommendations";"2";"v1:53424b46c1243ee3e6505ed975f56a612b38e990c9f2c7b91045479aac9cf712";"07d3f3116ecf38f86951cfcd26d1b30d8405154ce7e91606f5394056cfe5cea4"
"Ernährung";"Sättigung & Essverhalten";"Empfehlungskarten";"Erwarteter Nutzen";"Empfehlungskarte · Ernährung · erwarteter Nutzen";"Ausgewogen zusammengesetzte Mahlzeiten können die Sättigung unterstützen und den Blutzuckeranstieg nach dem Essen abflachen.";"";"";"Marketing, Medizin";"Prüfung erforderlich";"Individuelle Sättigungs- und Blutzuckerwirkung vorsichtig formuliert; durch Marketing und Medizin freigeben.";"";"";"recommendation.catalog.er_saettigung.benefit";"recommendations";"2";"v1:53424b46c1243ee3e6505ed975f56a612b38e990c9f2c7b91045479aac9cf712";"05b3209d89185cba3dd3a4c423e231bf06a30eeb517c6cdd3939766774e97fb3"
"Ernährung";"Sättigung & Essverhalten";"4-Wochen-Pläne";"4-Wochen-Plan";"4-Wochen-Plan · Diese Woche";"Bauen Sie in jede Hauptmahlzeit Eiweiss, ballaststoffreiche Lebensmittel (Gemüse, Hülsenfrüchte, Vollkorn) und eine passende Fettquelle ein. Diese Kombination kann die Sättigung unterstützen und den Blutzuckeranstieg nach der Mahlzeit abflachen.";"";"";"Marketing, Medizin";"Prüfung erforderlich";"Blutzucker- und Heisshungerversprechen vorsichtig formuliert; durch Marketing und Medizin freigeben.";"";"";"recommendation.plan.er_saettigung.this_week";"recommendations";"2";"v1:53424b46c1243ee3e6505ed975f56a612b38e990c9f2c7b91045479aac9cf712";"020db64023ddb364c08ea0808c885505ad77450e1b503ac08a7b0b639af076de"
"Ernährung";"Sättigung & Essverhalten";"4-Wochen-Pläne";"4-Wochen-Plan";"4-Wochen-Plan · Woche 2–3";"Testen Sie bei passenden Mahlzeiten, Gemüse oder Salat und eine Eiweissquelle vor den kohlenhydratreichen Bestandteilen zu essen. Diese Reihenfolge kann den Blutzuckeranstieg abflachen. Beobachten Sie vor allem, welche Zusammensetzung Sie angenehm und ausreichend lange sättigt.";"";"";"Marketing, Medizin";"Prüfung erforderlich";"Kleinstudien nicht als garantierten Effekt ausgegeben und starre Vier-Stunden-Norm entfernt; durch Marketing und Medizin freigeben.";"";"";"recommendation.plan.er_saettigung.weeks_2_3";"recommendations";"2";"v1:53424b46c1243ee3e6505ed975f56a612b38e990c9f2c7b91045479aac9cf712";"0b05d2a8c992b53e62d28fa4371838b08e73b100ddfbc76a4c4550e54a5d363e"
"Ernährung";"Sättigung & Essverhalten";"4-Wochen-Pläne";"4-Wochen-Plan";"4-Wochen-Plan · Woche 4";"Machen Sie die sättigenden Kombinationen zu Ihren Standard-Rezepten. Bleibt trotz guter Zusammensetzung ständiger Hunger bestehen, lohnt sich ein Gespräch mit einer Ernährungsfachperson – dahinter können andere Ursachen stecken.";"";"";"Marketing, Medizin";"Nicht geprüft";"";"";"";"recommendation.plan.er_saettigung.week_4";"recommendations";"2";"v1:53424b46c1243ee3e6505ed975f56a612b38e990c9f2c7b91045479aac9cf712";"8ec747c003169cccc3aba35d320c0dccb981ecd09ffc75dd97c85f20e39db33c"
"Ernährung";"Sättigung & Essverhalten";"Handlungsfelder";"Beschriftung";"Handlungsfeld · Ernährung · Kurzlabel";"Anhaltendes Hungergefühl mit einer Fachperson besprechen";"";"";"Marketing, Medizin";"Nicht geprüft";"";"";"";"recommendation.lever.lv_saettigung.label";"recommendations";"2";"v1:53424b46c1243ee3e6505ed975f56a612b38e990c9f2c7b91045479aac9cf712";"350d2cedaff34f80d5768ddc09918b8e467262c8bffd1dba7d925ee59e0a41aa"
"Ernährung";"Sättigung & Essverhalten";"Handlungsfelder";"Detailtext";"Handlungsfeld · Ernährung · Detailtext";"Wenn Mahlzeiten kaum sättigen, lohnt der Blick auf Zusammensetzung und mögliche andere Ursachen – das ist gut lösbar.";"";"";"Marketing, Medizin";"Nicht geprüft";"";"";"";"recommendation.lever.lv_saettigung.detail";"recommendations";"2";"v1:53424b46c1243ee3e6505ed975f56a612b38e990c9f2c7b91045479aac9cf712";"3b37d8d8a941420c943ced266a8dba802a96f34809043d352519515f04bc374e"
"Ernährung";"Sättigung & Essverhalten";"Ergebnis-Einstieg";"Beschriftung";"Ergebnis-Zusammenfassung · Themenlabel «Sättigung & Essverhalten»";"Sättigung nach Mahlzeiten";"";"";"Marketing";"Nicht geprüft";"";"";"";"ui.hero.topic.saettigung";"ui";"2";"v1:53424b46c1243ee3e6505ed975f56a612b38e990c9f2c7b91045479aac9cf712";"53b8ec320d25e46ea417575416db8fa962d211e0d9a1a3e49271178c5f0fb687"
"Ernährung";"Verarbeitete Lebensmittel";"Empfehlungskarten";"Überschrift";"Empfehlungskarte · Ernährung · Titel";"Stark verarbeitete Lebensmittel reduzieren";"";"";"Marketing";"Nicht geprüft";"";"";"";"recommendation.catalog.er_verarbeitet.title";"recommendations";"2";"v1:53424b46c1243ee3e6505ed975f56a612b38e990c9f2c7b91045479aac9cf712";"412a9cb345fbd1416c1ed6a23c675eb04d73ea7cc5143cf8a35ca6498b0b16c9"
"Ernährung";"Verarbeitete Lebensmittel";"Empfehlungskarten";"Begründung / Einordnung";"Empfehlungskarte · Ernährung · Begründung";"Stark verarbeitete Produkte stehen häufig auf Ihrem Speiseplan. Sie liefern oft viel Energie, Salz und Zucker bei wenig Sättigung.";"";"";"Marketing, Medizin";"Nicht geprüft";"";"";"";"recommendation.catalog.er_verarbeitet.why";"recommendations";"2";"v1:53424b46c1243ee3e6505ed975f56a612b38e990c9f2c7b91045479aac9cf712";"86c7baa7ed811d4648cd00a235c8405aebafb066e1ca1a0a1e5c3f3fd51d1abb"
"Ernährung";"Verarbeitete Lebensmittel";"Empfehlungskarten";"Nächster Schritt";"Empfehlungskarte · Ernährung · konkreter nächster Schritt";"Ersetzen Sie pro Tag ein stark verarbeitetes Produkt durch eine möglichst natürliche Alternative – z. B. Nüsse oder Früchte statt Snacks.";"";"";"Marketing, Medizin";"Nicht geprüft";"";"";"";"recommendation.catalog.er_verarbeitet.step";"recommendations";"2";"v1:53424b46c1243ee3e6505ed975f56a612b38e990c9f2c7b91045479aac9cf712";"12d753915b8e26dfab0a3eb252687d1e0750bc26916a2d027101aa7e187c56b2"
"Ernährung";"Verarbeitete Lebensmittel";"Empfehlungskarten";"Erwarteter Nutzen";"Empfehlungskarte · Ernährung · erwarteter Nutzen";"Schon kleine Tauschaktionen verbessern Nährstoffdichte und Sättigung.";"";"";"Marketing, Medizin";"Nicht geprüft";"";"";"";"recommendation.catalog.er_verarbeitet.benefit";"recommendations";"2";"v1:53424b46c1243ee3e6505ed975f56a612b38e990c9f2c7b91045479aac9cf712";"da07e5c8145a96dcbaa49aa392513da2c652fbcfc505b4bf2f38172306dd966f"
"Ernährung";"Verarbeitete Lebensmittel";"4-Wochen-Pläne";"4-Wochen-Plan";"4-Wochen-Plan · Diese Woche";"Ersetzen Sie <b>eine stark verarbeitete Mahlzeit/Snack pro Tag</b> durch etwas Frisches (Obst, Nüsse, Joghurt, selbst Gekochtes). Faustregel: mehr als fünf Zutaten oder schwer aussprechbare Namen = meist stark verarbeitet.";"";"";"Marketing, Medizin";"Nicht geprüft";"";"";"";"recommendation.plan.er_verarbeitet.this_week";"recommendations";"2";"v1:53424b46c1243ee3e6505ed975f56a612b38e990c9f2c7b91045479aac9cf712";"357d0849f31d151e221a0979bfd52ad6b4c4a9bc3b35f5b55ef4561d3e8edc2a"
"Ernährung";"Verarbeitete Lebensmittel";"4-Wochen-Pläne";"4-Wochen-Plan";"4-Wochen-Plan · Woche 2–3";"Kochen Sie zwei- bis dreimal pro Woche einfach frisch und bereiten Sie bewusst etwas mehr zu (Reste als Mittagessen). So sinkt der Griff zu Fertigem automatisch. Nicht Perfektion zählt, sondern der sinkende Anteil.";"";"";"Marketing, Medizin";"Nicht geprüft";"";"";"";"recommendation.plan.er_verarbeitet.weeks_2_3";"recommendations";"2";"v1:53424b46c1243ee3e6505ed975f56a612b38e990c9f2c7b91045479aac9cf712";"9c6a51111a19de14ec7afbf5af4f46449b01e8601d6fea3da1e2e3c628801fa8"
"Ernährung";"Verarbeitete Lebensmittel";"4-Wochen-Pläne";"4-Wochen-Plan";"4-Wochen-Plan · Woche 4";"Machen Sie frische Grundzutaten zur Standardausstattung zu Hause. Beim Einkauf: vorwiegend am Rand des Ladens (Frisches) statt in den Regalgängen (Verarbeitetes).";"";"";"Marketing, Medizin";"Nicht geprüft";"";"";"";"recommendation.plan.er_verarbeitet.week_4";"recommendations";"2";"v1:53424b46c1243ee3e6505ed975f56a612b38e990c9f2c7b91045479aac9cf712";"0f12e3e604725ed3002b6bbb4124723b8286d48f8c540509d4ff9d4baed2bd5f"
"Ernährung";"Verarbeitete Lebensmittel";"Handlungsfelder";"Beschriftung";"Handlungsfeld · Ernährung · Kurzlabel";"Stark Verarbeitetes schrittweise durch Frisches ersetzen";"";"";"Marketing, Medizin";"Nicht geprüft";"";"";"";"recommendation.lever.lv_verarbeitet.label";"recommendations";"2";"v1:53424b46c1243ee3e6505ed975f56a612b38e990c9f2c7b91045479aac9cf712";"d3698cbabbfdadefa84238bf6704cb340d9f6a0aad8174d0a1cd361221e05520"
"Ernährung";"Verarbeitete Lebensmittel";"Handlungsfelder";"Detailtext";"Handlungsfeld · Ernährung · Detailtext";"Hochverarbeitete Produkte liefern viel Zucker, Salz und ungünstige Fette – jede ersetzte Mahlzeit zählt, Perfektion ist nicht nötig.";"";"";"Marketing, Medizin";"Nicht geprüft";"";"";"";"recommendation.lever.lv_verarbeitet.detail";"recommendations";"2";"v1:53424b46c1243ee3e6505ed975f56a612b38e990c9f2c7b91045479aac9cf712";"8f212fa29f77a59d46f583cc5680d634de2f3786b7555568db5c739f1da8b50a"
"Ernährung";"Verarbeitete Lebensmittel";"Stärken";"Beschriftung";"Stärke · Ernährung · Kurzlabel";"Wenig Zucker & Hochverarbeitetes";"";"";"Marketing";"Nicht geprüft";"";"";"";"recommendation.strength.st_ernaehrung_clean.label";"recommendations";"2";"v1:53424b46c1243ee3e6505ed975f56a612b38e990c9f2c7b91045479aac9cf712";"7ed123386fd0576b261b565a4ea5380b94f78a39079961fa2d9bf6ede94e4756"
"Ernährung";"Verarbeitete Lebensmittel";"Stärken";"Detailtext";"Stärke · Ernährung · Detailtext";"Sie greifen selten zu Zuckergetränken und stark verarbeiteten Produkten – eine der wirksamsten Ernährungsgewohnheiten überhaupt.";"";"";"Marketing, Medizin";"Nicht geprüft";"";"";"";"recommendation.strength.st_ernaehrung_clean.detail";"recommendations";"2";"v1:53424b46c1243ee3e6505ed975f56a612b38e990c9f2c7b91045479aac9cf712";"5b3bdbdf732f625f78cd9c94344ffb5bb3efbc3c060a43e5814e328fe13d3330"
"Ernährung";"Verarbeitete Lebensmittel";"Ergebnis-Einstieg";"Beschriftung";"Ergebnis-Zusammenfassung · Themenlabel «Verarbeitete Lebensmittel»";"stark verarbeitete Lebensmittel";"";"";"Marketing";"Nicht geprüft";"";"";"";"ui.hero.topic.verarbeitet";"ui";"2";"v1:53424b46c1243ee3e6505ed975f56a612b38e990c9f2c7b91045479aac9cf712";"a89690fbbd818ed2952caf3e71663196ffbe8811463cc8e3b250390df685ff31"
"Schlaf";"Allgemeiner Schlaf";"Coach-Antworten";"Dynamischer Text";"Demo-Coach-Antwort zum Schlaf";"Beim Schlaf hilft oft eine ruhige, konstante Abendroutine: Bildschirme 30–60 Min. vorher aus, kein Koffein am Abend und möglichst feste Aufstehzeiten. Ihr Schlaf-Wert: <b>{{sleepScore}}</b>.";"";"";"Marketing, Medizin";"Nicht geprüft";"";"{{sleepScore}}";"";"coach.answer.sleep";"coach";"2";"v1:53424b46c1243ee3e6505ed975f56a612b38e990c9f2c7b91045479aac9cf712";"c602c76ec6d0e13ca276dc50723c57d43f4ca4a51e405a61ee78226c5c7993bb"
"Schlaf";"Allgemeiner Schlaf";"Positive Dimensionstexte";"Positive Rückmeldung";"Positive Verstärkung für die Dimension schlaf";"Ihr Schlaf erholt Sie gut – eine wertvolle Basis für alles andere.";"";"";"Marketing, Medizin";"Nicht geprüft";"";"";"";"recommendation.positive.schlaf";"recommendations";"2";"v1:53424b46c1243ee3e6505ed975f56a612b38e990c9f2c7b91045479aac9cf712";"6a444f944b06e7e3badbc09ea6c526f29981bbc998baa69105ed3bc5017b9ccc"
"Schlaf";"Allgemeiner Schlaf";"Solide Dimensionstexte";"Solide Rückmeldung";"Zurückhaltende Rückmeldung für die Dimension schlaf im Status Solide";"Mehrere Aspekte Ihres Schlafs unterstützen Ihre Erholung bereits. Kleine Anpassungen können Qualität oder Regelmässigkeit weiter stärken.";"";"";"Marketing, Medizin";"Prüfung erforderlich";"Neu vom positiven Feedback ab Score 80 getrennt; durch Marketing und Medizin freigeben.";"";"";"recommendation.solid.schlaf";"recommendations";"2";"v1:53424b46c1243ee3e6505ed975f56a612b38e990c9f2c7b91045479aac9cf712";"77762159b55362288a8d915b95bb6a2aa54a37aaeb0c80a0e7504d27c06c33bd"
"Schlaf";"Allgemeiner Schlaf";"Dimensionsdetails";"Überschrift";"Dimensionsdetail · Titel";"Schlaf mit Handlungsbedarf";"";"";"Marketing, Medizin";"Prüfung erforderlich";"Gemeinsamen Lifestyle- und medizinischen Signalvertrag neutral abgedeckt; durch Marketing und Medizin freigeben.";"";"";"recommendation.signal.schlaf.title";"recommendations";"2";"v1:53424b46c1243ee3e6505ed975f56a612b38e990c9f2c7b91045479aac9cf712";"c1cedce595475ba5cf14ef48ec70e1b1d46664aed7ec97797c8458a2739599fc"
"Schlaf";"Allgemeiner Schlaf";"Gemeinsame Bereichstexte (Fragebogen und Ergebnis)";"Beschriftung";"Gemeinsam in Fragebogen und Ergebnis · Schlaf · Kurzlabel für Navigation und Ergebnisvisualisierung";"Schlaf";"";"";"Marketing";"Nicht geprüft";"";"";"";"service.dimension.schlaf.short";"services";"2";"v1:53424b46c1243ee3e6505ed975f56a612b38e990c9f2c7b91045479aac9cf712";"a87a12e47d0d798f1b7bd9ec5c8f7b0f973e1512fc28ef29981dc8da41778a72"
"Schlaf";"Allgemeiner Schlaf";"Gemeinsame Bereichstexte (Fragebogen und Ergebnis)";"Überschrift";"Gemeinsam in Fragebogen und Ergebnis · Schlaf · vollständiger Bereichstitel";"Schlaf";"";"";"Marketing, Medizin";"Nicht geprüft";"";"";"";"service.dimension.schlaf.title";"services";"2";"v1:53424b46c1243ee3e6505ed975f56a612b38e990c9f2c7b91045479aac9cf712";"a44bcb5777a1db21a05e4cddb2aa5533e25192eee329eaadb219322bce8e92dc"
"Schlaf";"Allgemeiner Schlaf";"Dimensionsdetails";"Persönliche Einordnung";"Dimensionsdetail · Einordnung";"Alkohol kann das Einschlafen erleichtern, fragmentiert aber häufig den Schlaf und reduziert besonders den REM-Schlaf. Koffein wird individuell unterschiedlich abgebaut; spätes Koffein kann den Schlaf noch Stunden später beeinträchtigen.";"";"";"Marketing, Medizin";"Prüfung erforderlich";"Rechenfehler zur Koffein-Halbwertszeit und absolute Alkoholaussage korrigiert; durch Marketing und Medizin freigeben.";"";"";"recommendation.signal.schlaf.insight";"recommendations";"2";"v1:53424b46c1243ee3e6505ed975f56a612b38e990c9f2c7b91045479aac9cf712";"3d47a9ce01d713d43792714cd34bf86afc4bd1036cf021bf6b7b9258babd78ac"
"Schlaf";"Allgemeiner Schlaf";"Gemeinsame Bereichstexte (Fragebogen und Ergebnis)";"Begründung / Einordnung";"Gemeinsam in Fragebogen und Ergebnis · Schlaf · Einleitung im Fragebogen und in den Ergebnisdetails";"Qualitativ guter Schlaf ist zentral für Ihre Gesundheit. Während Sie schlafen, werden Zellen repariert, das Immunsystem gestärkt und das Gedächtnis gefestigt.";"";"";"Marketing, Medizin";"Nicht geprüft";"";"";"";"service.dimension.schlaf.intro";"services";"2";"v1:53424b46c1243ee3e6505ed975f56a612b38e990c9f2c7b91045479aac9cf712";"68bc55fb26862708c4dd76a0156c07f3aedb002ad25441394040ed31d64b59db"
"Schlaf";"Allgemeiner Schlaf";"Dimensionsdetails";"Nächster Schritt";"Dimensionsdetail · konkreter nächster Schritt";"Halten Sie die Aufstehzeit möglichst konstant und suchen Sie nach dem Aufstehen möglichst bald Tageslicht. Wenn Ihr Schlaf den Alltag stark beeinträchtigt oder Beschwerden anhalten, lassen Sie dies ärztlich einordnen.";"";"";"Marketing, Medizin";"Prüfung erforderlich";"Lifestyle- und medizinischen Signalpfad gemeinsam abgedeckt; durch Marketing und Medizin freigeben.";"";"";"recommendation.signal.schlaf.action";"recommendations";"2";"v1:53424b46c1243ee3e6505ed975f56a612b38e990c9f2c7b91045479aac9cf712";"9559cfe948cfba7d712badf65b53387dfe5288ac6ca99236e2b447386c94f951"
"Schlaf";"Allgemeiner Schlaf";"Risikosignale";"Risikosignal";"Ergebnisseite, Lebensstil-Signal Schlaf";"Ihre Angaben weisen auf möglichen Handlungsbedarf beim Schlaf hin.";"";"";"Marketing, Medizin";"Prüfung erforderlich";"Gemeinsamen Lifestyle- und medizinischen Signalvertrag neutral abgedeckt; durch Marketing und Medizin freigeben.";"";"";"recommendation.risk_signal.schlaf.label";"recommendations";"2";"v1:53424b46c1243ee3e6505ed975f56a612b38e990c9f2c7b91045479aac9cf712";"afa3114e43a0b748c95ee2d3147cb477727dc84a3c2e92ccc17ffbfebeb6fcd1"
"Schlaf";"Allgemeiner Schlaf";"Stärken";"Beschriftung";"Stärke · Schlaf · Kurzlabel";"Erholsamer Schlaf";"";"";"Marketing";"Nicht geprüft";"";"";"";"recommendation.strength.st_erholsamer_schlaf.label";"recommendations";"2";"v1:53424b46c1243ee3e6505ed975f56a612b38e990c9f2c7b91045479aac9cf712";"8bae589439496f08fd2495d9868bbfaa81fd126bdeb35b68cd52bb3ca338cedc"
"Schlaf";"Allgemeiner Schlaf";"Stärken";"Detailtext";"Stärke · Schlaf · Detailtext";"Sie schlafen insgesamt gut – eine Basis, von der Konzentration, Stimmung und Regeneration jeden Tag profitieren.";"";"";"Marketing, Medizin";"Nicht geprüft";"";"";"";"recommendation.strength.st_erholsamer_schlaf.detail";"recommendations";"2";"v1:53424b46c1243ee3e6505ed975f56a612b38e990c9f2c7b91045479aac9cf712";"50464644ba2f85901ec159bd72ce35f1ec171ce655da6b4cff7af94b1ff9a617"
"Schlaf";"Allgemeiner Schlaf";"Stärken";"Beschriftung";"Stärke · Schlaf · Kurzlabel";"Stabiler, ausreichender Schlaf";"";"";"Marketing";"Nicht geprüft";"";"";"";"recommendation.strength.st_schlaf.label";"recommendations";"2";"v1:53424b46c1243ee3e6505ed975f56a612b38e990c9f2c7b91045479aac9cf712";"6705046266252d06f686b3cb7deb3d74c18adee7bc214aa73982368b1dadac48"
"Schlaf";"Allgemeiner Schlaf";"Stärken";"Detailtext";"Stärke · Schlaf · Detailtext";"Ausreichende Schlafdauer, gute Qualität und ein regelmässiger Rhythmus unterstützen die Erholung. Wie viel Schlaf ausreichend ist, hängt unter anderem vom Alter ab.";"";"";"Marketing, Medizin";"Prüfung erforderlich";"Superlativ entfernt und altersabhängigen Schlafbedarf berücksichtigt; durch Marketing und Medizin freigeben.";"";"";"recommendation.strength.st_schlaf.detail";"recommendations";"2";"v1:53424b46c1243ee3e6505ed975f56a612b38e990c9f2c7b91045479aac9cf712";"7bdc669ed5ca08ddc3bc002228b09aa5e70667a5e008660cfeb8da3317f53b4a"
"Schlaf";"Allgemeiner Schlaf";"Ergebnis-Einstieg";"Beschriftung";"Hero-Zusammenfassung, Dimension schlaf im Nominativ";"Ihr Schlaf";"";"";"Marketing";"Nicht geprüft";"";"";"";"ui.hero.dimension.schlaf.nominative";"ui";"2";"v1:53424b46c1243ee3e6505ed975f56a612b38e990c9f2c7b91045479aac9cf712";"367e4fc0c9512f20313b48583707ef710da91000507e64cbd1d310fb197c9203"
"Schlaf";"Allgemeiner Schlaf";"Ergebnis-Einstieg";"Beschriftung";"Hero-Zusammenfassung, Dimension schlaf nach «bei»";"bei Ihrem Schlaf";"";"";"Marketing";"Nicht geprüft";"";"";"";"ui.hero.dimension.schlaf.prepositional";"ui";"2";"v1:53424b46c1243ee3e6505ed975f56a612b38e990c9f2c7b91045479aac9cf712";"13b0b9ca399e5396a0ed8859f50235616cd52eefa36aa25ab9083127624a9e7a"
"Schlaf";"Schlafdauer";"Handlungsfelder";"Beschriftung";"Handlungsfeld · Schlaf · Kurzlabel";"Schlaffenster auf 7–9 Stunden ausweiten";"";"";"Marketing, Medizin";"Nicht geprüft";"";"";"";"recommendation.lever.lv_schlafdauer.label";"recommendations";"2";"v1:53424b46c1243ee3e6505ed975f56a612b38e990c9f2c7b91045479aac9cf712";"df98acbc9b92d0717519c21d20edec670f6a8853af783b40a3df3bab40862ba8"
"Schlaf";"Schlafdauer";"Handlungsfelder";"Detailtext";"Handlungsfeld · Schlaf · Detailtext";"Zu kurzer Schlaf wirkt auf Konzentration, Stoffwechsel und Immunsystem – verlegen Sie die Bettzeit in kleinen 15-Minuten-Schritten nach vorn.";"";"";"Marketing, Medizin";"Nicht geprüft";"";"";"";"recommendation.lever.lv_schlafdauer.detail";"recommendations";"2";"v1:53424b46c1243ee3e6505ed975f56a612b38e990c9f2c7b91045479aac9cf712";"8056c40134a7e25090605a47fa7de5f31941ac4e3c5c63731c79f92ff85a0cb0"
"Schlaf";"Schlafdauer";"Empfehlungskarten";"Überschrift";"Empfehlungskarte · Schlaf · Titel";"Mehr Raum für Schlaf schaffen";"";"";"Marketing";"Nicht geprüft";"";"";"";"recommendation.catalog.sl_dauer.title";"recommendations";"2";"v1:53424b46c1243ee3e6505ed975f56a612b38e990c9f2c7b91045479aac9cf712";"18834d9642922f58984e53ced6ea44c7f8033b35610a506e42762f819679f533"
"Schlaf";"Schlafdauer";"Empfehlungskarten";"Begründung / Einordnung";"Empfehlungskarte · Schlaf · Begründung";"Sie schlafen aktuell eher wenig. Der Bedarf hängt vom Alter und von persönlichen Faktoren ab: Erwachsene benötigen meist mindestens sieben Stunden, Jugendliche in der Regel acht bis zehn Stunden. Schlaf unterstützt Erholung, Stoffwechsel und Stimmung.";"";"";"Marketing, Medizin";"Prüfung erforderlich";"Erwachsenen- und Jugendbedarf wegen des aktuellen Mindestalters getrennt; durch Marketing und Medizin freigeben.";"";"";"recommendation.catalog.sl_dauer.why";"recommendations";"2";"v1:53424b46c1243ee3e6505ed975f56a612b38e990c9f2c7b91045479aac9cf712";"2861fe9f94335a670a14fad79cd3bf0e3be331d402527108b3ea2ed18b041d59"
"Schlaf";"Schlafdauer";"Empfehlungskarten";"Nächster Schritt";"Empfehlungskarte · Schlaf · konkreter nächster Schritt";"Verschieben Sie Ihre Schlafenszeit schrittweise um 15 bis 30 Minuten nach vorne und halten Sie sie möglichst konstant.";"";"";"Marketing, Medizin";"Nicht geprüft";"";"";"";"recommendation.catalog.sl_dauer.step";"recommendations";"2";"v1:53424b46c1243ee3e6505ed975f56a612b38e990c9f2c7b91045479aac9cf712";"658ed9ea5581f2ee5b01118494ccb70a8e12d1f0b8bf7717d590f33c0e89f6f4"
"Schlaf";"Schlafdauer";"Empfehlungskarten";"Erwarteter Nutzen";"Empfehlungskarte · Schlaf · erwarteter Nutzen";"Etwas mehr Schlaf verbessert Energie, Konzentration und Appetitregulation.";"";"";"Marketing, Medizin";"Nicht geprüft";"";"";"";"recommendation.catalog.sl_dauer.benefit";"recommendations";"2";"v1:53424b46c1243ee3e6505ed975f56a612b38e990c9f2c7b91045479aac9cf712";"10356babd111832e372dea2251f6b4c479fd1312e78dd0c4fc84f20d48a3f8bb"
"Schlaf";"Schlafdauer";"4-Wochen-Pläne";"4-Wochen-Plan";"4-Wochen-Plan · Diese Woche, 5–6 Stunden";"Verschieben Sie die Bettzeit in <b>15-Minuten-Schritten</b> nach vorn – abrupte Sprünge scheitern meist. Setzen Sie sich einen Alarm nicht zum Aufstehen, sondern zum Zubettgehen.";"";"";"Marketing, Medizin";"Nicht geprüft";"";"";"";"recommendation.plan.sl_dauer.this_week.five_to_six_hours";"recommendations";"2";"v1:53424b46c1243ee3e6505ed975f56a612b38e990c9f2c7b91045479aac9cf712";"722a0e718b30c16bfe8d6970b545017466f9c98bb920ff891175b998796be3b6"
"Schlaf";"Schlafdauer";"4-Wochen-Pläne";"4-Wochen-Plan";"4-Wochen-Plan · Diese Woche, 6–7 Stunden";"Für Erwachsene werden regelmässig mindestens sieben Stunden Schlaf empfohlen. Testen Sie eine Woche lang eine <b>15 Minuten frühere Bettzeit</b> und beobachten Sie Energie und Konzentration am Tag.";"";"";"Marketing, Medizin";"Prüfung erforderlich";"Neue Variante für die evidenzbasierte Mindestempfehlung von sieben Stunden; durch Marketing und Medizin freigeben.";"";"";"recommendation.plan.sl_dauer.this_week.six_to_seven_hours";"recommendations";"2";"v1:53424b46c1243ee3e6505ed975f56a612b38e990c9f2c7b91045479aac9cf712";"af15a890c94a36837dcd2299cfada67b6a1e4a46670366812b83e677a3a38a8f"
"Schlaf";"Schlafdauer";"4-Wochen-Pläne";"4-Wochen-Plan";"4-Wochen-Plan · Diese Woche, weniger als 5 Stunden";"Weniger als 5 Stunden zehren spürbar an Konzentration und Gesundheit – hier lohnt jede zusätzliche halbe Stunde. Verschieben Sie die Bettzeit in <b>15-Minuten-Schritten</b> nach vorn – abrupte Sprünge scheitern meist. Setzen Sie sich einen Alarm nicht zum Aufstehen, sondern zum Zubettgehen.";"";"";"Marketing, Medizin";"Nicht geprüft";"";"";"";"recommendation.plan.sl_dauer.this_week.under_5_hours";"recommendations";"2";"v1:53424b46c1243ee3e6505ed975f56a612b38e990c9f2c7b91045479aac9cf712";"6c47661d9463c4bb4e112f71d9be87f833e211701fdcbac6fbc7c87a10208f6b"
"Schlaf";"Schlafdauer";"4-Wochen-Pläne";"4-Wochen-Plan";"4-Wochen-Plan · Woche 2–3";"Halten Sie vor allem die <b>Aufstehzeit</b> möglichst konstant, auch am Wochenende. Koffein wird individuell unterschiedlich abgebaut und kann den Schlaf noch Stunden später beeinträchtigen. Alkohol kann zwar müde machen, fragmentiert aber häufig den Schlaf und reduziert besonders den REM-Schlaf.";"";"";"Marketing, Medizin";"Prüfung erforderlich";"Absolute und rechnerisch missverständliche Schlafaussagen evidenznäher formuliert; durch Marketing und Medizin freigeben.";"";"";"recommendation.plan.sl_dauer.weeks_2_3";"recommendations";"2";"v1:53424b46c1243ee3e6505ed975f56a612b38e990c9f2c7b91045479aac9cf712";"9b2a9cca4d6c0d8dee9ea31293fe34a6d43f25967d2733601188dddc3b2cb00c"
"Schlaf";"Schlafdauer";"4-Wochen-Pläne";"4-Wochen-Plan";"4-Wochen-Plan · Woche 4";"Prüfen Sie das Ergebnis am Tag, nicht in der Nacht: Wachen Sie erholt auf, ohne Mittagstief? Die meisten Erwachsenen brauchen <b>7–9 Stunden</b>. Bleibt die Müdigkeit trotz ausreichender Schlafdauer bestehen, gehört das ärztlich abgeklärt – dahinter können Schlafapnoe, Eisenmangel oder Schilddrüsenwerte stecken.";"";"";"Marketing, Medizin";"Nicht geprüft";"";"";"";"recommendation.plan.sl_dauer.week_4";"recommendations";"2";"v1:53424b46c1243ee3e6505ed975f56a612b38e990c9f2c7b91045479aac9cf712";"2a458b89446c49a165a604cfb7be3cfee4164b9d9b69a1b70e7188130e219312"
"Schlaf";"Schlafdauer";"Ergebnis-Einstieg";"Beschriftung";"Ergebnis-Zusammenfassung · Themenlabel «Schlafdauer»";"Schlafdauer";"";"";"Marketing";"Nicht geprüft";"";"";"";"ui.hero.topic.schlafdauer";"ui";"2";"v1:53424b46c1243ee3e6505ed975f56a612b38e990c9f2c7b91045479aac9cf712";"e4f3be9e47f5087420c14d12c67a1f178903a08f636a7876bdf531908f74638d"
"Schlaf";"Schlafqualität & Abklärung";"Spezialaktionen";"Überschrift";"Ärztliche Abklärung anhaltender Erschöpfung, Titel";"Starke Schlafbeeinträchtigung ärztlich abklären";"";"";"Marketing, Medizin";"Prüfung erforderlich";"Auslöser umfasst neben Müdigkeit auch Konzentration, Stimmung und soziale Aktivität; durch Marketing und Medizin freigeben.";"";"";"recommendation.special.act_schlaf_abklaerung.title";"recommendations";"2";"v1:53424b46c1243ee3e6505ed975f56a612b38e990c9f2c7b91045479aac9cf712";"76015b72acd0ca716810a113e1e3d9d489ebdda7fa00d0b30d190ea623ddb57b"
"Schlaf";"Schlafqualität & Abklärung";"Spezialaktionen";"Begründung / Einordnung";"Ärztliche Abklärung anhaltender Erschöpfung, Begründung";"Ihr Schlaf beeinträchtigt Ihren Alltag massiv. Wenn das anhält, sollten mögliche körperliche oder psychische Ursachen ärztlich eingeordnet werden.";"";"";"Marketing, Medizin";"Prüfung erforderlich";"Medizinischer Hinweis gilt unabhängig von der angegebenen Schlafdauer; durch Marketing und Medizin freigeben.";"";"";"recommendation.special.act_schlaf_abklaerung.why";"recommendations";"2";"v1:53424b46c1243ee3e6505ed975f56a612b38e990c9f2c7b91045479aac9cf712";"d63f5d1a36b6a58a5bb17038ca9bdbe99507531f932caa6edd2455a539b3cee2"
"Schlaf";"Schlafqualität & Abklärung";"Spezialaktionen";"Nächster Schritt";"Ärztliche Abklärung anhaltender Erschöpfung, Startschritt";"Vereinbaren Sie einen Termin bei Ihrer Hausärztin oder Ihrem Hausarzt und schildern Sie, seit wann und in welcher Form der Schlaf Ihren Alltag beeinträchtigt – etwa Energie, Konzentration, Stimmung oder soziale Aktivitäten.";"";"";"Marketing, Medizin";"Prüfung erforderlich";"Startschritt an den vollständigen Antwortvertrag der Auswirkungsfrage angeglichen; durch Marketing und Medizin freigeben.";"";"";"recommendation.special.act_schlaf_abklaerung.step";"recommendations";"2";"v1:53424b46c1243ee3e6505ed975f56a612b38e990c9f2c7b91045479aac9cf712";"0d5c5eade334c2f55fd86dba7700a78115538db2b4ee68280ead1a52f4946a43"
"Schlaf";"Schlafqualität & Abklärung";"Spezialaktionen";"Erwarteter Nutzen";"Ärztliche Abklärung anhaltender Erschöpfung, Nutzen";"Sie erhalten Klarheit über mögliche Ursachen und können passende nächste Schritte festlegen.";"";"";"Marketing, Medizin";"Prüfung erforderlich";"Nicht belegtes Zeitversprechen entfernt; durch Marketing und Medizin freigeben.";"";"";"recommendation.special.act_schlaf_abklaerung.benefit";"recommendations";"2";"v1:53424b46c1243ee3e6505ed975f56a612b38e990c9f2c7b91045479aac9cf712";"5c205a7f28c5e0dd60947967181c6aa00787f24a451e83ae27dee6f21c1846a7"
"Schlaf";"Schlafqualität & Abklärung";"4-Wochen-Pläne";"4-Wochen-Plan";"4-Wochen-Plan · Diese Woche";"Vereinbaren Sie einen <b>hausärztlichen Termin</b> und notieren Sie vorab: seit wann die Müdigkeit besteht, wie stark sie den Alltag beeinträchtigt und ob es Begleitsymptome gibt (Schnarchen, Atemaussetzer, Kopfschmerzen).";"";"";"Marketing, Medizin";"Nicht geprüft";"";"";"";"recommendation.plan.act_schlaf_abklaerung.this_week";"recommendations";"2";"v1:53424b46c1243ee3e6505ed975f56a612b38e990c9f2c7b91045479aac9cf712";"dbb7ce588efdc665278b04243163660e617ea9b4c3475627ec9c0912f70aa52f"
"Schlaf";"Schlafqualität & Abklärung";"4-Wochen-Pläne";"4-Wochen-Plan";"4-Wochen-Plan · Woche 2–3";"Führen Sie bis zum Termin ein kurzes Schlaf-/Energie-Tagebuch (Bettzeiten, Aufwachen, Tagesenergie). Häufige, gut behandelbare Ursachen sind z. B. Schlafapnoe, Eisenmangel oder Schilddrüsenwerte – das lässt sich gezielt abklären.";"";"";"Marketing, Medizin";"Nicht geprüft";"";"";"";"recommendation.plan.act_schlaf_abklaerung.weeks_2_3";"recommendations";"2";"v1:53424b46c1243ee3e6505ed975f56a612b38e990c9f2c7b91045479aac9cf712";"c403103ee00a44471f479c658cf845559a9bc765b6da376911d803fa16a24b5e"
"Schlaf";"Schlafqualität & Abklärung";"4-Wochen-Pläne";"4-Wochen-Plan";"4-Wochen-Plan · Woche 4";"Besprechen Sie die Ergebnisse und die empfohlenen nächsten Schritte. Bleiben Sie dran, bis die Ursache gefunden ist – anhaltende Erschöpfung ist kein Zustand, den man einfach hinnehmen muss.";"";"";"Marketing, Medizin";"Nicht geprüft";"";"";"";"recommendation.plan.act_schlaf_abklaerung.week_4";"recommendations";"2";"v1:53424b46c1243ee3e6505ed975f56a612b38e990c9f2c7b91045479aac9cf712";"8d8b018f3e9ef2cab4e827bfb75cb64ffa36bd149564222941a6a04d0766eac9"
"Schlaf";"Schlafqualität & Abklärung";"Handlungsfelder";"Beschriftung";"Handlungsfeld · Schlaf · Kurzlabel";"Starke Schlafbeeinträchtigung ärztlich abklären";"";"";"Marketing, Medizin";"Prüfung erforderlich";"An den tatsächlichen Trigger «massive Alltagsbeeinträchtigung» angepasst; durch Marketing und Medizin freigeben.";"";"";"recommendation.lever.lv_schlaf_abklaerung.label";"recommendations";"2";"v1:53424b46c1243ee3e6505ed975f56a612b38e990c9f2c7b91045479aac9cf712";"8a4c8b64aabc235383cabd008d66856e423c4fc75b40586c1502eac020786120"
"Schlaf";"Schlafqualität & Abklärung";"Handlungsfelder";"Detailtext";"Handlungsfeld · Schlaf · Detailtext";"Ihr Schlaf beeinträchtigt Ihren Alltag massiv. Das kann verschiedene Ursachen haben und sollte ärztlich eingeordnet werden.";"";"";"Marketing, Medizin";"Prüfung erforderlich";"Nicht erhobene ausreichende Schlafdauer und Erschöpfung entfernt; durch Marketing und Medizin freigeben.";"";"";"recommendation.lever.lv_schlaf_abklaerung.detail";"recommendations";"2";"v1:53424b46c1243ee3e6505ed975f56a612b38e990c9f2c7b91045479aac9cf712";"39e6018b290309c47b2c1f1049b794617695900a7871e93d6cba538c21e1b522"
"Schlaf";"Schlafqualität & Abklärung";"Handlungsfelder";"Beschriftung";"Handlungsfeld · Schlaf · Kurzlabel";"Abendroutine für besseren Schlaf aufbauen";"";"";"Marketing, Medizin";"Nicht geprüft";"";"";"";"recommendation.lever.lv_schlafqualitaet.label";"recommendations";"2";"v1:53424b46c1243ee3e6505ed975f56a612b38e990c9f2c7b91045479aac9cf712";"7127fbce4c89ac85b282ccc0d11e3508293de4eeb9d8d7efc2e1223e4a1a5a4e"
"Schlaf";"Schlafqualität & Abklärung";"Handlungsfelder";"Detailtext";"Handlungsfeld · Schlaf · Detailtext";"Gleiche Rituale, gedimmtes Licht und ein kühles Schlafzimmer verbessern die Schlafqualität oft schon in wenigen Wochen.";"";"";"Marketing, Medizin";"Nicht geprüft";"";"";"";"recommendation.lever.lv_schlafqualitaet.detail";"recommendations";"2";"v1:53424b46c1243ee3e6505ed975f56a612b38e990c9f2c7b91045479aac9cf712";"466e79a1c21a580c17b4654b9b209d891f1bda50e782d390f718cf12f9041499"
"Schlaf";"Schlafqualität & Abklärung";"Empfehlungskarten";"Überschrift";"Empfehlungskarte · Schlaf · Titel";"Schlafqualität gezielt verbessern";"";"";"Marketing";"Nicht geprüft";"";"";"";"recommendation.catalog.sl_qualitaet.title";"recommendations";"2";"v1:53424b46c1243ee3e6505ed975f56a612b38e990c9f2c7b91045479aac9cf712";"60a30d633b34339b311cd20abecaaa3d69b047651ea77a6ed2dce9931c2c21a1"
"Schlaf";"Schlafqualität & Abklärung";"Empfehlungskarten";"Begründung / Einordnung";"Empfehlungskarte · Schlaf · Begründung";"Ihre Angaben zeigen, dass Ihre Schlafqualität oder die Auswirkungen auf Ihren Alltag ein Ansatzpunkt sind. Oft helfen schon Anpassungen an Umgebung und Abendroutine.";"";"";"Marketing, Medizin";"Prüfung erforderlich";"Disjunktiv an die tatsächliche Auslöseregel angepasst; durch Marketing und Medizin freigeben.";"";"";"recommendation.catalog.sl_qualitaet.why";"recommendations";"2";"v1:53424b46c1243ee3e6505ed975f56a612b38e990c9f2c7b91045479aac9cf712";"fb8179db66bebb3304d34c3aa5aa84c2a52bcb4ec2af5bd348d8b398bfeb3049"
"Schlaf";"Schlafqualität & Abklärung";"Empfehlungskarten";"Nächster Schritt";"Empfehlungskarte · Schlaf · konkreter nächster Schritt";"Sorgen Sie für ein dunkles, kühles, ruhiges Schlafzimmer und eine ruhige letzte Stunde ohne Bildschirm. Halten die Beschwerden über Wochen an, klären Sie sie ärztlich ab.";"";"";"Marketing, Medizin";"Nicht geprüft";"";"";"";"recommendation.catalog.sl_qualitaet.step";"recommendations";"2";"v1:53424b46c1243ee3e6505ed975f56a612b38e990c9f2c7b91045479aac9cf712";"f19fd8b65d6cfbdd2f634bfe36bf3ad7f40849bbdaa798d15205c9324d9c7285"
"Schlaf";"Schlafqualität & Abklärung";"Empfehlungskarten";"Erwarteter Nutzen";"Empfehlungskarte · Schlaf · erwarteter Nutzen";"Besserer Schlaf stärkt Energie, Stimmung, Immunsystem und Konzentration.";"";"";"Marketing, Medizin";"Nicht geprüft";"";"";"";"recommendation.catalog.sl_qualitaet.benefit";"recommendations";"2";"v1:53424b46c1243ee3e6505ed975f56a612b38e990c9f2c7b91045479aac9cf712";"394643cb1d81e61277bddfc1025166d7968b674b2f9a169e935ad8f2da704bea"
"Schlaf";"Schlafqualität & Abklärung";"4-Wochen-Pläne";"4-Wochen-Plan";"4-Wochen-Plan · Diese Woche";"Optimieren Sie das Schlafzimmer: <b>dunkel, kühl (~18 °C), ruhig</b>. Eine ruhige letzte Stunde ohne Bildschirm einführen – gedämpftes Licht signalisiert dem Körper «bald Schlaf».";"";"";"Marketing, Medizin";"Nicht geprüft";"";"";"";"recommendation.plan.sl_qualitaet.this_week";"recommendations";"2";"v1:53424b46c1243ee3e6505ed975f56a612b38e990c9f2c7b91045479aac9cf712";"593d0c6d8b9e0115b67c644842ec62ee7b78eb314afd62d8a0bd808e94634865"
"Schlaf";"Schlafqualität & Abklärung";"4-Wochen-Pläne";"4-Wochen-Plan";"4-Wochen-Plan · Woche 2–3";"Verlegen Sie Koffein möglichst in die erste Tageshälfte; der individuelle Abbau variiert, und spätes Koffein kann den Schlaf noch Stunden später beeinträchtigen. Alkohol kann zwar müde machen, fragmentiert aber häufig den Schlaf und reduziert besonders den REM-Schlaf. Regelmässige Aufsteh- und Zubettgehzeiten geben dem Schlaf Struktur.";"";"";"Marketing, Medizin";"Prüfung erforderlich";"Variable Koffeinwirkung und Alkohol-Schlaf-Effekt evidenznäher formuliert; durch Marketing und Medizin freigeben.";"";"";"recommendation.plan.sl_qualitaet.weeks_2_3";"recommendations";"2";"v1:53424b46c1243ee3e6505ed975f56a612b38e990c9f2c7b91045479aac9cf712";"f2383ea652e115e0c3dc6f70b427739d144057bfd53eb7472838209c9bb44761"
"Schlaf";"Schlafqualität & Abklärung";"4-Wochen-Pläne";"4-Wochen-Plan";"4-Wochen-Plan · Woche 4";"Halten Sie die Routine konstant. Bleiben die Beschwerden trotz guter Gewohnheiten über mehrere Wochen bestehen, klären Sie sie ärztlich ab – dahinter kann eine gut behandelbare Ursache stecken.";"";"";"Marketing, Medizin";"Nicht geprüft";"";"";"";"recommendation.plan.sl_qualitaet.week_4";"recommendations";"2";"v1:53424b46c1243ee3e6505ed975f56a612b38e990c9f2c7b91045479aac9cf712";"95ec73eb0b3ecb21412e43fc1d8f90e6298fb00cc106e4faa9b9321a9d0bcf60"
"Schlaf";"Schlafqualität & Abklärung";"Ergebnis-Einstieg";"Beschriftung";"Ergebnis-Zusammenfassung · Themenlabel «Schlafqualität & Abklärung»";"Auswirkungen auf den Alltag";"";"";"Marketing";"Nicht geprüft";"";"";"";"ui.hero.topic.schlaf_auswirkung";"ui";"2";"v1:53424b46c1243ee3e6505ed975f56a612b38e990c9f2c7b91045479aac9cf712";"75a1abacaa33e91e146348a1e6c18238df829fe888f74592db1ec3cf45407e78"
"Schlaf";"Schlafqualität & Abklärung";"Ergebnis-Einstieg";"Beschriftung";"Ergebnis-Zusammenfassung · Themenlabel «Schlafqualität & Abklärung»";"Schlafqualität";"";"";"Marketing";"Nicht geprüft";"";"";"";"ui.hero.topic.schlafqualitaet";"ui";"2";"v1:53424b46c1243ee3e6505ed975f56a612b38e990c9f2c7b91045479aac9cf712";"0083946ac7732f738bb150bfa544b071ab2ffd7a17f82f1f362cb54f7bde171b"
"Schlaf";"Schlafrhythmus & Abendroutine";"Spezialaktionen";"Überschrift";"Bildschirm am Abend früher weglegen, Titel";"Bildschirm am Abend früher weglegen";"";"";"Marketing, Medizin";"Nicht geprüft";"";"";"";"recommendation.special.act_bildschirm_abend.title";"recommendations";"2";"v1:53424b46c1243ee3e6505ed975f56a612b38e990c9f2c7b91045479aac9cf712";"d80999aef0721fa416fe3672abdf6e86329fbbfc982b9f2babb94f71f3408e8e"
"Schlaf";"Schlafrhythmus & Abendroutine";"Spezialaktionen";"Begründung / Einordnung";"Bildschirm am Abend früher weglegen, Begründung";"Häufige Social-Media-Nutzung und ein unruhiger Schlaf treten bei Ihnen gemeinsam auf. Testen Sie eine ruhigere, bildschirmfreie Phase am Abend, um zu sehen, ob Ihnen das Abschalten leichter fällt.";"";"";"Marketing, Medizin";"Prüfung erforderlich";"Nicht erhobene Abendnutzung und Kausalität nicht unterstellt; durch Marketing und Medizin freigeben.";"";"";"recommendation.special.act_bildschirm_abend.why";"recommendations";"2";"v1:53424b46c1243ee3e6505ed975f56a612b38e990c9f2c7b91045479aac9cf712";"1616ee5b777eca99bc269f8feb2b19cd34432b8948fe85c8f93428aa884ca0d6"
"Schlaf";"Schlafrhythmus & Abendroutine";"Spezialaktionen";"Nächster Schritt";"Bildschirm am Abend früher weglegen, Startschritt";"Testen Sie vor dem Zubettgehen eine feste bildschirmfreie Phase. Das Handy ausser Reichweite oder ausserhalb des Schlafzimmers zu laden kann die Umsetzung erleichtern.";"";"";"Marketing, Medizin";"Prüfung erforderlich";"Starre Stunde und unbelegten Superlativ entfernt; durch Marketing und Medizin freigeben.";"";"";"recommendation.special.act_bildschirm_abend.step";"recommendations";"2";"v1:53424b46c1243ee3e6505ed975f56a612b38e990c9f2c7b91045479aac9cf712";"0371b5b9a7afbe86b4c5c5067c631ad2f196fe9646545bd5654a8f53f5aba1c0"
"Schlaf";"Schlafrhythmus & Abendroutine";"Spezialaktionen";"Erwarteter Nutzen";"Bildschirm am Abend früher weglegen, Nutzen";"Eine ruhigere Abendroutine kann das Abschalten erleichtern und möglicherweise die Schlafqualität unterstützen; zugleich gewinnen Sie bildschirmfreie Zeit zurück.";"";"";"Marketing, Medizin";"Prüfung erforderlich";"Garantiertes individuelles Schlafergebnis entfernt; durch Marketing und Medizin freigeben.";"";"";"recommendation.special.act_bildschirm_abend.benefit";"recommendations";"2";"v1:53424b46c1243ee3e6505ed975f56a612b38e990c9f2c7b91045479aac9cf712";"4d8ea5f0b453ffe0311e7bcfa647b675240213cd51299d89592e4a13a5cfe0d5"
"Schlaf";"Schlafrhythmus & Abendroutine";"4-Wochen-Pläne";"4-Wochen-Plan";"4-Wochen-Plan · Diese Woche";"Führen Sie eine <b>feste bildschirmfreie Stunde</b> vor dem Zubettgehen ein und laden Sie das Handy ausserhalb des Schlafzimmers. Der grösste Effekt entsteht, wenn das Gerät gar nicht erst griffbereit ist.";"";"";"Marketing, Medizin";"Nicht geprüft";"";"";"";"recommendation.plan.act_bildschirm_abend.this_week";"recommendations";"2";"v1:53424b46c1243ee3e6505ed975f56a612b38e990c9f2c7b91045479aac9cf712";"aa1ac37c31d58a2b93a48a34c6c37a125d256622d0035ac704ad6ea6617fb31b"
"Schlaf";"Schlafrhythmus & Abendroutine";"4-Wochen-Pläne";"4-Wochen-Plan";"4-Wochen-Plan · Woche 2–3";"Ersetzen Sie das abendliche Scrollen durch eine ruhige Routine (Lesen, Dehnen, Musik). Erhöhen Sie die Hürde für die zeitintensivsten Apps: vom Startbildschirm entfernen, Benachrichtigungen aus. Dass Loslassen schwerfällt, ist Produktdesign – kein Willensmangel.";"";"";"Marketing, Medizin";"Nicht geprüft";"";"";"";"recommendation.plan.act_bildschirm_abend.weeks_2_3";"recommendations";"2";"v1:53424b46c1243ee3e6505ed975f56a612b38e990c9f2c7b91045479aac9cf712";"dab7906b6eaa35b0a03115a06a4eb31b81751d2b0b5a7a5f0055e34e62bfe031"
"Schlaf";"Schlafrhythmus & Abendroutine";"4-Wochen-Pläne";"4-Wochen-Plan";"4-Wochen-Plan · Woche 4";"Machen Sie die bildschirmfreie Abendstunde zur Selbstverständlichkeit. Achten Sie darauf, wie sich Einschlafzeit und Schlafqualität verändert haben.";"";"";"Marketing, Medizin";"Nicht geprüft";"";"";"";"recommendation.plan.act_bildschirm_abend.week_4";"recommendations";"2";"v1:53424b46c1243ee3e6505ed975f56a612b38e990c9f2c7b91045479aac9cf712";"d30105805b379c8d80939b591a411685b7e6076496ab5ef19ea61c890a4cfec1"
"Schlaf";"Schlafrhythmus & Abendroutine";"Handlungsfelder";"Beschriftung";"Handlungsfeld · Schlaf · Kurzlabel";"Bildschirm am Abend früher weglegen";"";"";"Marketing, Medizin";"Nicht geprüft";"";"";"";"recommendation.lever.lv_bildschirm_abend.label";"recommendations";"2";"v1:53424b46c1243ee3e6505ed975f56a612b38e990c9f2c7b91045479aac9cf712";"bdb55f5380578e85a28d0af3e03158e465a173c39a0878fd6f42a09796268639"
"Schlaf";"Schlafrhythmus & Abendroutine";"Handlungsfelder";"Detailtext";"Handlungsfeld · Schlaf · Detailtext";"Häufige Social-Media-Nutzung und unruhiger Schlaf treten bei Ihnen gemeinsam auf. Eine ruhigere, bildschirmfreie Phase am Abend kann helfen zu prüfen, ob sich das Abschalten dadurch erleichtert.";"";"";"Marketing, Medizin";"Prüfung erforderlich";"Nicht erhobene Abendnutzung als Experiment statt Ursache formuliert; durch Marketing und Medizin freigeben.";"";"";"recommendation.lever.lv_bildschirm_abend.detail";"recommendations";"2";"v1:53424b46c1243ee3e6505ed975f56a612b38e990c9f2c7b91045479aac9cf712";"1bdecdacd9ccba27d0c67b8d6d1b3daab193046e90bf4ba9dbe9306ca8dceb46"
"Schlaf";"Schlafrhythmus & Abendroutine";"Handlungsfelder";"Beschriftung";"Handlungsfeld · Schlaf · Kurzlabel";"Feste Schlaf- und Aufstehzeiten etablieren";"";"";"Marketing, Medizin";"Nicht geprüft";"";"";"";"recommendation.lever.lv_schlafrhythmus.label";"recommendations";"2";"v1:53424b46c1243ee3e6505ed975f56a612b38e990c9f2c7b91045479aac9cf712";"cda74e79dee0dce54430b76d2a0c382e5d89c2a0de027f80e4516be2232cc968"
"Schlaf";"Schlafrhythmus & Abendroutine";"Handlungsfelder";"Detailtext";"Handlungsfeld · Schlaf · Detailtext";"Ihre innere Uhr liebt Regelmässigkeit – vor allem eine konstante Aufstehzeit (auch am Wochenende) stabilisiert den Schlaf.";"";"";"Marketing, Medizin";"Nicht geprüft";"";"";"";"recommendation.lever.lv_schlafrhythmus.detail";"recommendations";"2";"v1:53424b46c1243ee3e6505ed975f56a612b38e990c9f2c7b91045479aac9cf712";"2af986af4c02de98571808a9e525f06293d2eb50c8bd09df0475513cd996d873"
"Schlaf";"Schlafrhythmus & Abendroutine";"Empfehlungskarten";"Überschrift";"Empfehlungskarte · Schlaf · Titel";"Schlafrhythmus stabilisieren";"";"";"Marketing";"Nicht geprüft";"";"";"";"recommendation.catalog.sl_rhythmus.title";"recommendations";"2";"v1:53424b46c1243ee3e6505ed975f56a612b38e990c9f2c7b91045479aac9cf712";"f046a6bb8158402744abbb811d04fcf8a5fc3852a38c30002ef8c46a644bde2a"
"Schlaf";"Schlafrhythmus & Abendroutine";"Empfehlungskarten";"Begründung / Einordnung";"Empfehlungskarte · Schlaf · Begründung";"Unregelmässige Schlafenszeiten bringen die innere Uhr durcheinander und erschweren erholsamen Schlaf.";"";"";"Marketing, Medizin";"Nicht geprüft";"";"";"";"recommendation.catalog.sl_rhythmus.why";"recommendations";"2";"v1:53424b46c1243ee3e6505ed975f56a612b38e990c9f2c7b91045479aac9cf712";"f6b92125a10af55e87a374909552943694952649e3292e5100c33de006788f9d"
"Schlaf";"Schlafrhythmus & Abendroutine";"Empfehlungskarten";"Nächster Schritt";"Empfehlungskarte · Schlaf · konkreter nächster Schritt";"Stehen Sie möglichst zu ähnlichen Zeiten auf – auch am Wochenende – und holen Sie sich morgens etwas Tageslicht.";"";"";"Marketing, Medizin";"Nicht geprüft";"";"";"";"recommendation.catalog.sl_rhythmus.step";"recommendations";"2";"v1:53424b46c1243ee3e6505ed975f56a612b38e990c9f2c7b91045479aac9cf712";"49e56d1cf595a00e38f45dc90bf6099708b20f7a34249a77c5fe937db8063016"
"Schlaf";"Schlafrhythmus & Abendroutine";"Empfehlungskarten";"Erwarteter Nutzen";"Empfehlungskarte · Schlaf · erwarteter Nutzen";"Ein regelmässiger Rhythmus macht das Ein- und Durchschlafen leichter.";"";"";"Marketing, Medizin";"Nicht geprüft";"";"";"";"recommendation.catalog.sl_rhythmus.benefit";"recommendations";"2";"v1:53424b46c1243ee3e6505ed975f56a612b38e990c9f2c7b91045479aac9cf712";"cdf40d26a90e5b8ea5747f6898417fa135702e406f83b6c8facd80772087c2ca"
"Schlaf";"Schlafrhythmus & Abendroutine";"4-Wochen-Pläne";"4-Wochen-Plan";"4-Wochen-Plan · Diese Woche";"Legen Sie eine möglichst konstante Aufstehzeit fest, auch am Wochenende. Suchen Sie nach dem Aufstehen möglichst bald Tageslicht, idealerweise draussen: Morgenlicht unterstützt die Ausrichtung der inneren Uhr.";"";"";"Marketing, Medizin";"Prüfung erforderlich";"Starre 30-/10-Minuten-Vorgaben und unbelegten Überlegenheitsvergleich entfernt; durch Marketing und Medizin freigeben.";"";"";"recommendation.plan.sl_rhythmus.this_week";"recommendations";"2";"v1:53424b46c1243ee3e6505ed975f56a612b38e990c9f2c7b91045479aac9cf712";"e6f0b3bff2cd756efb5d296478cc8f73ce10edf1d788ce4199b6183177cb3173"
"Schlaf";"Schlafrhythmus & Abendroutine";"4-Wochen-Pläne";"4-Wochen-Plan";"4-Wochen-Plan · Woche 2–3";"Reduzieren Sie grosse Unterschiede zwischen Arbeits- und freien Tagen. Stark wechselnde Schlafzeiten werden als «sozialer Jetlag» bezeichnet und sind in Studien mit ungünstigen Schlaf- und Stoffwechselmerkmalen verbunden. Wählen Sie eine möglichst alltagstaugliche, regelmässige Aufstehzeit.";"";"";"Marketing, Medizin";"Prüfung erforderlich";"Kausale Zeitzonenmetapher und starre Ein-Stunden-Grenze durch eine beobachtungsbasierte Einordnung ersetzt; durch Marketing und Medizin freigeben.";"";"";"recommendation.plan.sl_rhythmus.weeks_2_3";"recommendations";"2";"v1:53424b46c1243ee3e6505ed975f56a612b38e990c9f2c7b91045479aac9cf712";"88f210bbb8e456b4e9e53f0410abc5bf73a2d236ca2627e3d7b1c7be56d9eace"
"Schlaf";"Schlafrhythmus & Abendroutine";"4-Wochen-Pläne";"4-Wochen-Plan";"4-Wochen-Plan · Woche 4";"Verankern Sie eine kurze, immer gleiche Abendsequenz (z. B. Licht dimmen, lüften, lesen). Nicht der Inhalt wirkt, sondern die Wiederholung: Der Körper lernt das Signal und beginnt vorzuschlafen.";"";"";"Marketing, Medizin";"Nicht geprüft";"";"";"";"recommendation.plan.sl_rhythmus.week_4";"recommendations";"2";"v1:53424b46c1243ee3e6505ed975f56a612b38e990c9f2c7b91045479aac9cf712";"5db9dc5a5a00a4478dbde32a2874f197fb1b3d2e8940389a2b67b1e48d8bfcb8"
"Schlaf";"Schlafrhythmus & Abendroutine";"Ergebnis-Einstieg";"Beschriftung";"Ergebnis-Zusammenfassung · Themenlabel «Schlafrhythmus & Abendroutine»";"Schlafrhythmus";"";"";"Marketing";"Nicht geprüft";"";"";"";"ui.hero.topic.schlafrhythmus";"ui";"2";"v1:53424b46c1243ee3e6505ed975f56a612b38e990c9f2c7b91045479aac9cf712";"467ac782d9993581ec6edfc957d073fc3afbe03c22eb175500d07db1495b030d"
"Mentales Wohlbefinden";"Allgemeines mentales Wohlbefinden";"Gemeinsame Bereichstexte (Fragebogen und Ergebnis)";"Beschriftung";"Gemeinsam in Fragebogen und Ergebnis · Mentales Wohlbefinden · Kurzlabel für Navigation und Ergebnisvisualisierung";"Mentales";"";"";"Marketing";"Nicht geprüft";"";"";"";"service.dimension.mental.short";"services";"2";"v1:53424b46c1243ee3e6505ed975f56a612b38e990c9f2c7b91045479aac9cf712";"219566b411de64f6dc7cb05420d5fb9ed11446fb0e1b46d1427be6100244f8e4"
"Mentales Wohlbefinden";"Allgemeines mentales Wohlbefinden";"Gemeinsame Bereichstexte (Fragebogen und Ergebnis)";"Überschrift";"Gemeinsam in Fragebogen und Ergebnis · Mentales Wohlbefinden · vollständiger Bereichstitel";"Mentale Gesundheit";"";"";"Marketing, Medizin";"Nicht geprüft";"";"";"";"service.dimension.mental.title";"services";"2";"v1:53424b46c1243ee3e6505ed975f56a612b38e990c9f2c7b91045479aac9cf712";"d832543e65955169f0113de539e0dde283533095e97f344ed6a6ac17ee5f169f"
"Mentales Wohlbefinden";"Allgemeines mentales Wohlbefinden";"Gemeinsame Bereichstexte (Fragebogen und Ergebnis)";"Begründung / Einordnung";"Gemeinsam in Fragebogen und Ergebnis · Mentales Wohlbefinden · Einleitung im Fragebogen und in den Ergebnisdetails";"Ihre mentale und emotionale Gesundheit ist genauso wichtig wie Ihre körperliche. Was Sie fühlen, denken und erleben, wirkt sich auf Ihren Körper aus und umgekehrt.";"";"";"Marketing, Medizin";"Nicht geprüft";"";"";"";"service.dimension.mental.intro";"services";"2";"v1:53424b46c1243ee3e6505ed975f56a612b38e990c9f2c7b91045479aac9cf712";"f459865e38a553917dbec67703dfdb3183ce288e6ab2e53eafca451c1b670e6b"
"Mentales Wohlbefinden";"Allgemeines mentales Wohlbefinden";"Positive Dimensionstexte";"Positive Rückmeldung";"Positive Verstärkung für die Dimension mental";"Sie verfügen über spürbare mentale Ressourcen. Pflegen Sie weiterhin Pausen, Beziehungen und Dinge, die Ihnen guttun.";"";"";"Marketing, Medizin";"Nicht geprüft";"";"";"";"recommendation.positive.mental";"recommendations";"2";"v1:53424b46c1243ee3e6505ed975f56a612b38e990c9f2c7b91045479aac9cf712";"b3158c7da505428ff7ccb9ca694d4781348756aac0729a95a1b474002af66d87"
"Mentales Wohlbefinden";"Allgemeines mentales Wohlbefinden";"Solide Dimensionstexte";"Solide Rückmeldung";"Zurückhaltende Rückmeldung für die Dimension mental im Status Solide";"Sie verfügen über mentale Ressourcen. Regelmässige Pausen, Beziehungen und hilfreiche Routinen können sie weiter stärken.";"";"";"Marketing, Medizin";"Prüfung erforderlich";"Neu vom positiven Feedback ab Score 80 getrennt; durch Marketing und Medizin freigeben.";"";"";"recommendation.solid.mental";"recommendations";"2";"v1:53424b46c1243ee3e6505ed975f56a612b38e990c9f2c7b91045479aac9cf712";"1d2a120ceedcbb2c61f280a75a9d3d1330f20da99e933c9a5715684b99b39eb7"
"Mentales Wohlbefinden";"Allgemeines mentales Wohlbefinden";"Stärken";"Beschriftung";"Stärke · Mentales Wohlbefinden · Kurzlabel";"Psychische Widerstandskraft";"";"";"Marketing";"Nicht geprüft";"";"";"";"recommendation.strength.st_resilienz.label";"recommendations";"2";"v1:53424b46c1243ee3e6505ed975f56a612b38e990c9f2c7b91045479aac9cf712";"9ab3bdbaca53b94186952e7d302247b55d7cb33f42cf6932f961e43d136a64de"
"Mentales Wohlbefinden";"Allgemeines mentales Wohlbefinden";"Stärken";"Detailtext";"Stärke · Mentales Wohlbefinden · Detailtext";"Sie behalten in schwierigen Situationen den Überblick und finden Wege, klarzukommen – eine belastbare Ressource.";"";"";"Marketing, Medizin";"Nicht geprüft";"";"";"";"recommendation.strength.st_resilienz.detail";"recommendations";"2";"v1:53424b46c1243ee3e6505ed975f56a612b38e990c9f2c7b91045479aac9cf712";"2fb6d40b9a554c28552ad576a4fce1c49b70f10c1f40e68c3841d2b03a2ae12c"
"Mentales Wohlbefinden";"Allgemeines mentales Wohlbefinden";"Ergebnis-Einstieg";"Beschriftung";"Hero-Zusammenfassung, Dimension mental im Nominativ";"Ihr mentales Wohlbefinden";"";"";"Marketing";"Nicht geprüft";"";"";"";"ui.hero.dimension.mental.nominative";"ui";"2";"v1:53424b46c1243ee3e6505ed975f56a612b38e990c9f2c7b91045479aac9cf712";"648acaf5fa94aa80bb43d6fa9790b624ce5101e18e4a851a3b565af509868028"
"Mentales Wohlbefinden";"Allgemeines mentales Wohlbefinden";"Ergebnis-Einstieg";"Beschriftung";"Hero-Zusammenfassung, Dimension mental nach «bei»";"bei Ihrem mentalen Wohlbefinden";"";"";"Marketing";"Nicht geprüft";"";"";"";"ui.hero.dimension.mental.prepositional";"ui";"2";"v1:53424b46c1243ee3e6505ed975f56a612b38e990c9f2c7b91045479aac9cf712";"05105eaedf0b282f470653232f8f7f4f1763f1b5d1e97a21895373d8fc42b7e3"
"Mentales Wohlbefinden";"Belastung & Stresskompetenz";"Dimensionsdetails";"Überschrift";"Dimensionsdetail · Titel";"Spürbarer Druck im Alltag";"";"";"Marketing, Medizin";"Nicht geprüft";"";"";"";"recommendation.signal.belastung.title";"recommendations";"2";"v1:53424b46c1243ee3e6505ed975f56a612b38e990c9f2c7b91045479aac9cf712";"f2976cbe9a5aab265d94ac97f825e599e1b7aff1152709022f5af132c0021da4"
"Mentales Wohlbefinden";"Belastung & Stresskompetenz";"Dimensionsdetails";"Persönliche Einordnung";"Dimensionsdetail · Einordnung";"Erholung entsteht nicht in der Restzeit, die übrig bleibt – sie muss geplant werden wie ein Termin. Schon wenige Minuten bewusste Pause senken die Stressreaktion messbar.";"";"";"Marketing, Medizin";"Nicht geprüft";"";"";"";"recommendation.signal.belastung.insight";"recommendations";"2";"v1:53424b46c1243ee3e6505ed975f56a612b38e990c9f2c7b91045479aac9cf712";"55a479a1e03d63d713c715947fd88ff4d7402bb7218c18497e89557ecd2ca0bb"
"Mentales Wohlbefinden";"Belastung & Stresskompetenz";"Dimensionsdetails";"Nächster Schritt";"Dimensionsdetail · konkreter nächster Schritt";"Zwei fixe 10-Minuten-Pausen pro Tag im Kalender blockieren – ohne Bildschirm.";"";"";"Marketing, Medizin";"Nicht geprüft";"";"";"";"recommendation.signal.belastung.action";"recommendations";"2";"v1:53424b46c1243ee3e6505ed975f56a612b38e990c9f2c7b91045479aac9cf712";"b4557a43aea56e63082c46157c7c1788c965ce1edacbb76f862dc3f9dd0ef78d"
"Mentales Wohlbefinden";"Belastung & Stresskompetenz";"Risikosignale";"Risikosignal";"Ergebnisseite, Lebensstil-Signal Belastung";"Sie stehen gerade spürbar unter Druck oder finden schwer zur Ruhe.";"";"";"Marketing, Medizin";"Nicht geprüft";"";"";"";"recommendation.risk_signal.belastung.label";"recommendations";"2";"v1:53424b46c1243ee3e6505ed975f56a612b38e990c9f2c7b91045479aac9cf712";"23af805fc1a6fac51bc6d9e9c2778acc37b4cd91f8da6399db9a5bd46c1bae88"
"Mentales Wohlbefinden";"Belastung & Stresskompetenz";"Coach-Antworten";"Begründung / Einordnung";"Demo-Coach-Antwort zu Stress, Entspannung oder Atemübung";"Probieren Sie die Atemübung etwas weiter oben auf dieser Seite (4s ein · 7s halten · 8s aus) – schon ein paar Minuten können die Anspannung senken. Hält die Belastung länger an, ist Helsana für Sie da: Gesundheitsberatung <b>058 340 15 69</b>. Bei einer akuten Krise: <b>143</b>.";"";"";"Marketing, Medizin";"Nicht geprüft";"";"";"058 340 15 69 | 143";"coach.answer.breathing";"coach";"2";"v1:53424b46c1243ee3e6505ed975f56a612b38e990c9f2c7b91045479aac9cf712";"69c09fa5fbccdf4557fd95670c93180ee03f47383d941d58b61297f224b0e53c"
"Mentales Wohlbefinden";"Belastung & Stresskompetenz";"Dimensionsdetails";"Überschrift";"Dimensionsdetail · Titel";"Erhöhte seelische Belastung";"";"";"Marketing, Medizin";"Nicht geprüft";"";"";"";"recommendation.signal.hohe_belastung.title";"recommendations";"2";"v1:53424b46c1243ee3e6505ed975f56a612b38e990c9f2c7b91045479aac9cf712";"95ce700449456c0670fbcafe8bb8cf84858fb7904b39fc9b3bbb292d12ab4256"
"Mentales Wohlbefinden";"Belastung & Stresskompetenz";"Dimensionsdetails";"Persönliche Einordnung";"Dimensionsdetail · Einordnung";"Anhaltende Belastung verändert nachweislich auch körperliche Prozesse – Schlaf, Blutdruck, Immunsystem. Sie ist behandelbar, und früh geholt wirkt Unterstützung schneller.";"";"";"Marketing, Medizin";"Nicht geprüft";"";"";"";"recommendation.signal.hohe_belastung.insight";"recommendations";"2";"v1:53424b46c1243ee3e6505ed975f56a612b38e990c9f2c7b91045479aac9cf712";"0331ecdde19c2e8514a013bec4514e0d1c40e2532b3f0132f96f9a5c485527f1"
"Mentales Wohlbefinden";"Belastung & Stresskompetenz";"Dimensionsdetails";"Medizinische Klärung";"Dimensionsdetail · medizinischer Klärungshinweis";"Eine Fachperson unterscheidet vorübergehende Belastung von einer behandlungsbedürftigen Störung und findet die passende Begleitung.";"";"";"Marketing, Medizin";"Nicht geprüft";"";"";"";"recommendation.signal.hohe_belastung.clarify";"recommendations";"2";"v1:53424b46c1243ee3e6505ed975f56a612b38e990c9f2c7b91045479aac9cf712";"95420bbcbfb75c3d0c2b359855e6fb33f9ce43e347d59ae3cbdbe081e6181f2f"
"Mentales Wohlbefinden";"Belastung & Stresskompetenz";"Zusatzhinweise bei abgedeckten Aktionsschritten";"Vertiefung";"Zusatzhinweis bei bereits abgedecktem Aktionsschritt";"Eine Hausarztpraxis kann eine erste Anlaufstelle sein und bei Bedarf an passende psychologische oder psychiatrische Unterstützung weitervermitteln. Früh Unterstützung zu suchen kann helfen, Belastungen einzuordnen und geeignete Schritte zu beginnen.";"";"";"Marketing, Medizin";"Prüfung erforderlich";"Unbelegte Aussage zur typischen Verkürzung und zum einzigen Versorgungsweg entfernt; durch Marketing und Medizin freigeben.";"";"";"recommendation.signal.hohe_belastung.deepen";"recommendations";"2";"v1:53424b46c1243ee3e6505ed975f56a612b38e990c9f2c7b91045479aac9cf712";"9fd0d65aa46ea99dc5695dec2333a7ad1812f1dc43454ca263f14c351ffd64a9"
"Mentales Wohlbefinden";"Belastung & Stresskompetenz";"Risikosignale";"Risikosignal";"Ergebnisseite, medizinisches Signal hohe seelische Belastung";"Einige Ihrer Angaben deuten auf eine erhöhte seelische Belastung hin – eine fachliche Begleitung kann entlasten.";"";"";"Marketing, Medizin";"Nicht geprüft";"";"";"";"recommendation.risk_signal.hohe_belastung.label";"recommendations";"2";"v1:53424b46c1243ee3e6505ed975f56a612b38e990c9f2c7b91045479aac9cf712";"66947a0bc568cfdda75ff8f1fc646b634c6b07b8b9a42565d8b8e7f52a549a89"
"Mentales Wohlbefinden";"Belastung & Stresskompetenz";"Handlungsfelder";"Beschriftung";"Handlungsfeld · Mentales Wohlbefinden · Kurzlabel";"Unterstützung annehmen – ein Gespräch mit einer Fachperson";"";"";"Marketing, Medizin";"Nicht geprüft";"";"";"";"recommendation.lever.lv_mental_support.label";"recommendations";"2";"v1:53424b46c1243ee3e6505ed975f56a612b38e990c9f2c7b91045479aac9cf712";"16c606dec5eed8fcfd28fce921145edb0b0d0a57d42ec3281dc535369aadfa55"
"Mentales Wohlbefinden";"Belastung & Stresskompetenz";"Handlungsfelder";"Detailtext";"Handlungsfeld · Mentales Wohlbefinden · Detailtext";"Ihre Antworten zeigen eine spürbare Belastung. Sich Unterstützung zu holen ist ein Zeichen von Stärke – und wirkt.";"";"";"Marketing, Medizin";"Nicht geprüft";"";"";"";"recommendation.lever.lv_mental_support.detail";"recommendations";"2";"v1:53424b46c1243ee3e6505ed975f56a612b38e990c9f2c7b91045479aac9cf712";"3b43812b1d8ad07c58dca0406ea356dac3708eaba5a453533b68685c0cff032a"
"Mentales Wohlbefinden";"Belastung & Stresskompetenz";"Handlungsfelder";"Beschriftung";"Handlungsfeld · Mentales Wohlbefinden · Kurzlabel";"Stresskompetenz gezielt stärken";"";"";"Marketing, Medizin";"Nicht geprüft";"";"";"";"recommendation.lever.lv_stresskompetenz.label";"recommendations";"2";"v1:53424b46c1243ee3e6505ed975f56a612b38e990c9f2c7b91045479aac9cf712";"cfd296bcac36cab116fdd23b670d2f7c7b15e1837223c3b6430001dee5d86802"
"Mentales Wohlbefinden";"Belastung & Stresskompetenz";"Handlungsfelder";"Detailtext";"Handlungsfeld · Mentales Wohlbefinden · Detailtext";"Umgang mit Druck ist lernbar – Atemübungen, kurze Pausen und klare Prioritäten sind wirksame erste Werkzeuge.";"";"";"Marketing, Medizin";"Nicht geprüft";"";"";"";"recommendation.lever.lv_stresskompetenz.detail";"recommendations";"2";"v1:53424b46c1243ee3e6505ed975f56a612b38e990c9f2c7b91045479aac9cf712";"02f4c2abd57e75114782fe72aa4554dabba3d2fb140d7ba93ffe748767bf5de1"
"Mentales Wohlbefinden";"Belastung & Stresskompetenz";"Empfehlungskarten";"Überschrift";"Empfehlungskarte · Mentales Wohlbefinden · Titel";"Belastung aktiv ausgleichen";"";"";"Marketing";"Nicht geprüft";"";"";"";"recommendation.catalog.me_belastung.title";"recommendations";"2";"v1:53424b46c1243ee3e6505ed975f56a612b38e990c9f2c7b91045479aac9cf712";"9762010014c7178eccda3a997c1c0b0bf05dc0f87d03b708f32b495d330a15ef"
"Mentales Wohlbefinden";"Belastung & Stresskompetenz";"Empfehlungskarten";"Begründung / Einordnung";"Empfehlungskarte · Mentales Wohlbefinden · Begründung";"Sie stehen gerade spürbar unter Druck oder finden schwer zur Ruhe. Dauerhafte Anspannung wirkt sich auf Schlaf, Herz, Stoffwechsel und Stimmung aus.";"";"";"Marketing, Medizin";"Nicht geprüft";"";"";"";"recommendation.catalog.me_belastung.why";"recommendations";"2";"v1:53424b46c1243ee3e6505ed975f56a612b38e990c9f2c7b91045479aac9cf712";"33d875134202c1c278b50f9809c0ed8e6b13e5b396b59dd7b2bdf31acdcb7f13"
"Mentales Wohlbefinden";"Belastung & Stresskompetenz";"Empfehlungskarten";"Nächster Schritt";"Empfehlungskarte · Mentales Wohlbefinden · konkreter nächster Schritt";"Planen Sie täglich eine kurze bewusste Pause: ein paar tiefe Atemzüge, ein Spaziergang oder ein paar Minuten ohne Bildschirm.";"";"";"Marketing, Medizin";"Nicht geprüft";"";"";"";"recommendation.catalog.me_belastung.step";"recommendations";"2";"v1:53424b46c1243ee3e6505ed975f56a612b38e990c9f2c7b91045479aac9cf712";"c7339bbf6137c27d57638804682bb72c9be945aaaaf24bea8a11222a80d840c9"
"Mentales Wohlbefinden";"Belastung & Stresskompetenz";"Empfehlungskarten";"Erwarteter Nutzen";"Empfehlungskarte · Mentales Wohlbefinden · erwarteter Nutzen";"Regelmässige Mini-Pausen senken die Anspannung und stärken Ihre Widerstandskraft.";"";"";"Marketing, Medizin";"Nicht geprüft";"";"";"";"recommendation.catalog.me_belastung.benefit";"recommendations";"2";"v1:53424b46c1243ee3e6505ed975f56a612b38e990c9f2c7b91045479aac9cf712";"68cd5de2b5272d3c2fbd9fd4790c308b834235cccb3741b70ea261c7e2f813df"
"Mentales Wohlbefinden";"Belastung & Stresskompetenz";"4-Wochen-Pläne";"4-Wochen-Plan";"4-Wochen-Plan · Diese Woche";"Planen Sie <b>zwei fixe 10-Minuten-Pausen pro Tag</b> fest in den Kalender – ohne Bildschirm. Erholung entsteht nicht in der Restzeit, sie muss wie ein Termin geplant werden.";"";"";"Marketing, Medizin";"Nicht geprüft";"";"";"";"recommendation.plan.me_belastung.this_week";"recommendations";"2";"v1:53424b46c1243ee3e6505ed975f56a612b38e990c9f2c7b91045479aac9cf712";"5241dbd3b60a6ac3e14349f2581d183488430bc1ceddc3f58a61cb3993692672"
"Mentales Wohlbefinden";"Belastung & Stresskompetenz";"4-Wochen-Pläne";"4-Wochen-Plan";"4-Wochen-Plan · Woche 2–3";"Bauen Sie eine kurze Technik ein, die nachweislich die Stressreaktion senkt: einige Minuten bewusste, langsame Atmung (z. B. 4 Sek. ein, 6 Sek. aus) oder ein Spaziergang in der Natur. Regelmässigkeit wirkt stärker als Dauer.";"";"";"Marketing, Medizin";"Nicht geprüft";"";"";"";"recommendation.plan.me_belastung.weeks_2_3";"recommendations";"2";"v1:53424b46c1243ee3e6505ed975f56a612b38e990c9f2c7b91045479aac9cf712";"2d513dc0bc4749c0c81b992419fc37fbc2119f9e8d56ebee4011164c273d063c"
"Mentales Wohlbefinden";"Belastung & Stresskompetenz";"4-Wochen-Pläne";"4-Wochen-Plan";"4-Wochen-Plan · Woche 4";"Machen Sie die wirksamste Pause zum festen täglichen Ritual. Bemerken Sie, dass die Belastung dauerhaft hoch bleibt, holen Sie sich zusätzlich Unterstützung – das ist ein Zeichen von Stärke.";"";"";"Marketing, Medizin";"Nicht geprüft";"";"";"";"recommendation.plan.me_belastung.week_4";"recommendations";"2";"v1:53424b46c1243ee3e6505ed975f56a612b38e990c9f2c7b91045479aac9cf712";"24490409b9b9cb97b9b930697cdc222103f2950f4627ba74e06c4a485254c540"
"Mentales Wohlbefinden";"Belastung & Stresskompetenz";"Empfehlungskarten";"Überschrift";"Empfehlungskarte · Mentales Wohlbefinden · Titel";"Unterstützung holen – Sie müssen das nicht allein tragen";"";"";"Marketing, Medizin";"Nicht geprüft";"";"";"";"recommendation.catalog.me_unterstuetzung.title";"recommendations";"2";"v1:53424b46c1243ee3e6505ed975f56a612b38e990c9f2c7b91045479aac9cf712";"0cdf5596225864db3cec7c0658cd6c997337b86ea696c9a9b0432fd41ddbc731"
"Mentales Wohlbefinden";"Belastung & Stresskompetenz";"Empfehlungskarten";"Begründung / Einordnung";"Empfehlungskarte · Mentales Wohlbefinden · Begründung";"Einige Ihrer Antworten deuten auf eine erhöhte seelische Belastung hin. Das kann jede und jeden treffen und ist kein Zeichen von Schwäche. Hilfe anzunehmen ist ein starker Schritt.";"";"";"Marketing, Medizin";"Nicht geprüft";"";"";"";"recommendation.catalog.me_unterstuetzung.why";"recommendations";"2";"v1:53424b46c1243ee3e6505ed975f56a612b38e990c9f2c7b91045479aac9cf712";"5ba52e2000aa1777b5f28f3918898e0fcd73d150e4cbc536d7528142b6393651"
"Mentales Wohlbefinden";"Belastung & Stresskompetenz";"Empfehlungskarten";"Nächster Schritt";"Empfehlungskarte · Mentales Wohlbefinden · konkreter nächster Schritt";"Sprechen Sie mit einer Vertrauensperson und ziehen Sie professionelle Unterstützung in Betracht. In einer akuten Krise wenden Sie sich sofort an eine Notfallstelle (z. B. Tel. 143, «Die Dargebotene Hand») oder den Notruf 144.";"";"";"Marketing, Medizin";"Nicht geprüft";"";"";"143 | 144";"recommendation.catalog.me_unterstuetzung.step";"recommendations";"2";"v1:53424b46c1243ee3e6505ed975f56a612b38e990c9f2c7b91045479aac9cf712";"cc73211871849d7fbcb70a6d54e8cef2a809d582735e7ce7843c45f80118db4a"
"Mentales Wohlbefinden";"Belastung & Stresskompetenz";"Empfehlungskarten";"Erwarteter Nutzen";"Empfehlungskarte · Mentales Wohlbefinden · erwarteter Nutzen";"Frühe Unterstützung entlastet spürbar und eröffnet neue Handlungsmöglichkeiten.";"";"";"Marketing, Medizin";"Nicht geprüft";"";"";"";"recommendation.catalog.me_unterstuetzung.benefit";"recommendations";"2";"v1:53424b46c1243ee3e6505ed975f56a612b38e990c9f2c7b91045479aac9cf712";"b701ee454de374afa48e78eb28a99a6207f517fabe9fc9ae2dd4596f203a84fb"
"Mentales Wohlbefinden";"Belastung & Stresskompetenz";"4-Wochen-Pläne";"4-Wochen-Plan";"4-Wochen-Plan · Diese Woche";"Machen Sie den ersten Schritt: Sprechen Sie mit Ihrer Hausärztin oder Ihrem Hausarzt – das ist der übliche und unkomplizierte Einstieg in psychologische Unterstützung. Wenn es akut wird, ist die <b>Dargebotene Hand: 143</b> rund um die Uhr erreichbar, kostenlos und anonym.";"";"";"Marketing, Medizin";"Nicht geprüft";"";"";"143";"recommendation.plan.me_unterstuetzung.this_week";"recommendations";"2";"v1:53424b46c1243ee3e6505ed975f56a612b38e990c9f2c7b91045479aac9cf712";"3a028d2ce32bc7cc31a6e8feccfcab3514fd033330595065bb2528a4e1fdc000"
"Mentales Wohlbefinden";"Belastung & Stresskompetenz";"4-Wochen-Pläne";"4-Wochen-Plan";"4-Wochen-Plan · Woche 2–3";"Bis zum Termin: Schreiben Sie täglich zwei Minuten auf, was belastet und was gut tat. Das klingt banal, verschafft aber Abstand – und Sie kommen mit konkretem Material ins Gespräch, statt es aus dem Moment heraus rekonstruieren zu müssen. Sagen Sie zusätzlich einer Person Ihres Vertrauens, wie es Ihnen geht.";"";"";"Marketing, Medizin";"Nicht geprüft";"";"";"";"recommendation.plan.me_unterstuetzung.weeks_2_3";"recommendations";"2";"v1:53424b46c1243ee3e6505ed975f56a612b38e990c9f2c7b91045479aac9cf712";"3d21534d002a6ab979963750d8e52047e04f4410704fcbe90e93281c24cd84c6"
"Mentales Wohlbefinden";"Belastung & Stresskompetenz";"4-Wochen-Pläne";"4-Wochen-Plan";"4-Wochen-Plan · Woche 4";"Dranbleiben ist hier das Ziel, nicht Leistung. Psychische Belastung ist behandelbar, und frühe Unterstützung verkürzt den Verlauf deutlich. Halten Sie den vereinbarten Termin – auch wenn es Ihnen zwischenzeitlich besser geht.";"";"";"Marketing, Medizin";"Nicht geprüft";"";"";"";"recommendation.plan.me_unterstuetzung.week_4";"recommendations";"2";"v1:53424b46c1243ee3e6505ed975f56a612b38e990c9f2c7b91045479aac9cf712";"d12830de92951657d7ac5a02c216f3fadf2c46ae795074b8771a5f260e4f9249"
"Mentales Wohlbefinden";"Belastung & Stresskompetenz";"Atemübung";"Beschriftung";"Atemübungs-Sektion, Rubrik";"Technik zum Sofort-Anwenden";"";"";"Marketing";"Nicht geprüft";"";"";"";"ui.breathing.eyebrow";"ui";"2";"v1:53424b46c1243ee3e6505ed975f56a612b38e990c9f2c7b91045479aac9cf712";"61e0aef9cf9186337d56712a76f01ac5b9c41d457eed63ecf0a67057d7dc03b7"
"Mentales Wohlbefinden";"Belastung & Stresskompetenz";"Atemübung";"Überschrift";"Atemübungs-Sektion, Überschrift";"Kurze Atemübung zum Runterkommen";"";"";"Marketing";"Nicht geprüft";"";"";"";"ui.breathing.title";"ui";"2";"v1:53424b46c1243ee3e6505ed975f56a612b38e990c9f2c7b91045479aac9cf712";"238ec52eb095e1d11aa8962b6761e77b08399b362755aabac8f6f0ed861146db"
"Mentales Wohlbefinden";"Belastung & Stresskompetenz";"Atemübung";"Begründung / Einordnung";"Kurzanleitung unter dem Atemkreis";"<b>4s</b> einatmen · <b>7s</b> halten · <b>8s</b> ausatmen. Sie können jederzeit abbrechen.";"";"";"Marketing, Medizin";"Nicht geprüft";"";"";"";"ui.breathing.instructions";"ui";"2";"v1:53424b46c1243ee3e6505ed975f56a612b38e990c9f2c7b91045479aac9cf712";"54fb2bd61ce1d297507e6e3bf0321c97670be8d4c7ffa60704afff743e9cd76a"
"Mentales Wohlbefinden";"Belastung & Stresskompetenz";"Atemübung";"Dynamischer Text";"Atemübungs-Sektion, Beschreibung mit optionalem Belastungshinweis";"Die 4-7-8-Atmung kann Anspannung in wenigen Minuten senken{{stressHint}}. Atmen Sie einfach mit dem Kreis.";"";"";"Marketing, Medizin";"Nicht geprüft";"";"{{stressHint}}";"";"ui.breathing.description";"ui";"2";"v1:53424b46c1243ee3e6505ed975f56a612b38e990c9f2c7b91045479aac9cf712";"8f9e7f319b784cc304c08e70f9cadd39af180c044a5c02cb3820e1f6605ab496"
"Mentales Wohlbefinden";"Belastung & Stresskompetenz";"Atemübung";"Dynamischer Text";"Dynamischer Zusatz bei aktivem Belastungssignal";" – gerade bei erhöhter Anspannung, wie sie Ihre Antworten andeuten";"";"";"Marketing, Medizin";"Nicht geprüft";"";"";"";"ui.breathing.stress_hint";"ui";"2";"v1:53424b46c1243ee3e6505ed975f56a612b38e990c9f2c7b91045479aac9cf712";"07fc8d9bd9d479cb4cdf1e05baa010c30030ed58bd43d4f769884b3ce558bccd"
"Mentales Wohlbefinden";"Belastung & Stresskompetenz";"Atemübung";"Nächster Schritt";"Button zum Beenden der Atemübung";"Übung beenden";"";"";"Marketing";"Nicht geprüft";"";"";"";"ui.breathing.button.stop";"ui";"2";"v1:53424b46c1243ee3e6505ed975f56a612b38e990c9f2c7b91045479aac9cf712";"c5d31b896c24940e71ce309b5880ea5205422130ab35d9cd9f5189b76d8b66b5"
"Mentales Wohlbefinden";"Belastung & Stresskompetenz";"Atemübung";"Nächster Schritt";"Button zum Starten der Atemübung";"Übung starten";"";"";"Marketing";"Nicht geprüft";"";"";"";"ui.breathing.button.start";"ui";"2";"v1:53424b46c1243ee3e6505ed975f56a612b38e990c9f2c7b91045479aac9cf712";"44abe3ac6bc1775b4b3c6185c067336322e37adabfadd27ce9db4f3543689e98"
"Mentales Wohlbefinden";"Belastung & Stresskompetenz";"Atemübung";"Beschriftung";"Atemkreis vor beziehungsweise nach der Übung";"Bereit?";"";"";"Marketing";"Nicht geprüft";"";"";"";"ui.breathing.cue.ready";"ui";"2";"v1:53424b46c1243ee3e6505ed975f56a612b38e990c9f2c7b91045479aac9cf712";"b20e9edbc321acf1781bb78b130890091c7a49dc3271e42ab81d57a3b3949d7d"
"Mentales Wohlbefinden";"Belastung & Stresskompetenz";"Atemübung";"Beschriftung";"Atemkreis, Ausatemphase";"Ausatmen";"";"";"Marketing";"Nicht geprüft";"";"";"";"ui.breathing.cue.exhale";"ui";"2";"v1:53424b46c1243ee3e6505ed975f56a612b38e990c9f2c7b91045479aac9cf712";"10edc41b9dbd9f39d34e6f335132370d9118b5258f0b93e015e719ca5138c5cb"
"Mentales Wohlbefinden";"Belastung & Stresskompetenz";"Atemübung";"Beschriftung";"Atemkreis, Einatemphase";"Einatmen";"";"";"Marketing";"Nicht geprüft";"";"";"";"ui.breathing.cue.inhale";"ui";"2";"v1:53424b46c1243ee3e6505ed975f56a612b38e990c9f2c7b91045479aac9cf712";"766efbd06d8af1a1c7881a6268cc07f6619569845b90eab606f407cdd2aaef05"
"Mentales Wohlbefinden";"Belastung & Stresskompetenz";"Atemübung";"Beschriftung";"Atemkreis, Haltephase";"Halten";"";"";"Marketing";"Nicht geprüft";"";"";"";"ui.breathing.cue.hold";"ui";"2";"v1:53424b46c1243ee3e6505ed975f56a612b38e990c9f2c7b91045479aac9cf712";"358ec373ba1e1027687a715b84ea2af652a2f78e7fd7b48b5d9222f842992a82"
"Mentales Wohlbefinden";"Belastung & Stresskompetenz";"Atemübung";"Beschriftung";"Zähler vor Beginn der Atemübung";"0 Zyklen";"";"";"Marketing";"Nicht geprüft";"";"";"";"ui.breathing.cycles.initial";"ui";"2";"v1:53424b46c1243ee3e6505ed975f56a612b38e990c9f2c7b91045479aac9cf712";"ad1b421dbe172f542d3fa2dc1178b6e621c42ae8e71bdac3c2c080d213100142"
"Mentales Wohlbefinden";"Belastung & Stresskompetenz";"Atemübung";"Dynamischer Text";"Zähler bei genau einem Atemzyklus";"{{cycleCount}} Zyklus";"";"";"Marketing";"Nicht geprüft";"";"{{cycleCount}}";"";"ui.breathing.cycles.one";"ui";"2";"v1:53424b46c1243ee3e6505ed975f56a612b38e990c9f2c7b91045479aac9cf712";"35a4afe22678b049cc2090fdca7e0ffe008df41b45394db9a14715f2e906c6a8"
"Mentales Wohlbefinden";"Belastung & Stresskompetenz";"Atemübung";"Dynamischer Text";"Zähler bei mehreren Atemzyklen";"{{cycleCount}} Zyklen";"";"";"Marketing";"Nicht geprüft";"";"{{cycleCount}}";"";"ui.breathing.cycles.multiple";"ui";"2";"v1:53424b46c1243ee3e6505ed975f56a612b38e990c9f2c7b91045479aac9cf712";"9cf478047724a9f6bd5954cb48dc5694a9a32c6af7ab977cdfb160ef3edd792f"
"Mentales Wohlbefinden";"Belastung & Stresskompetenz";"Ergebnis-Einstieg";"Beschriftung";"Ergebnis-Zusammenfassung · Themenlabel «Belastung & Stresskompetenz»";"Belastbarkeit";"";"";"Marketing";"Nicht geprüft";"";"";"";"ui.hero.topic.belastbarkeit";"ui";"2";"v1:53424b46c1243ee3e6505ed975f56a612b38e990c9f2c7b91045479aac9cf712";"9bae699c4cd691a38260f30683f1555244bc5303cc18500eca1b2c67011e49b7"
"Mentales Wohlbefinden";"Belastung & Stresskompetenz";"Ergebnis-Einstieg";"Beschriftung";"Ergebnis-Zusammenfassung · Themenlabel «Belastung & Stresskompetenz»";"Umgang mit Belastung";"";"";"Marketing";"Nicht geprüft";"";"";"";"ui.hero.topic.coping";"ui";"2";"v1:53424b46c1243ee3e6505ed975f56a612b38e990c9f2c7b91045479aac9cf712";"37e3ae912edd1df2def930ea7ed3d0f1ef312bc83b8288ec1ee180adfe6ea0dc"
"Mentales Wohlbefinden";"Selbstfürsorge & positive Emotionen";"Handlungsfelder";"Beschriftung";"Handlungsfeld · Mentales Wohlbefinden · Kurzlabel";"Feste Erholungsinseln im Alltag einplanen";"";"";"Marketing, Medizin";"Nicht geprüft";"";"";"";"recommendation.lever.lv_selbstfuersorge.label";"recommendations";"2";"v1:53424b46c1243ee3e6505ed975f56a612b38e990c9f2c7b91045479aac9cf712";"354f05508ff4b8dc93cc9bededafbb506ce5d578a238282bc35820a7627816d7"
"Mentales Wohlbefinden";"Selbstfürsorge & positive Emotionen";"Handlungsfelder";"Detailtext";"Handlungsfeld · Mentales Wohlbefinden · Detailtext";"Erholung passiert selten von allein – planen Sie kleine, fixe Momente der Ruhe wie einen Termin mit sich selbst.";"";"";"Marketing, Medizin";"Nicht geprüft";"";"";"";"recommendation.lever.lv_selbstfuersorge.detail";"recommendations";"2";"v1:53424b46c1243ee3e6505ed975f56a612b38e990c9f2c7b91045479aac9cf712";"ef1f15f90db30e582210f6abc3fbeeda7616edfa59247813a6dd2d4a09ddb72f"
"Mentales Wohlbefinden";"Selbstfürsorge & positive Emotionen";"Empfehlungskarten";"Überschrift";"Empfehlungskarte · Mentales Wohlbefinden · Titel";"Eine kleine Erholungsroutine etablieren";"";"";"Marketing";"Nicht geprüft";"";"";"";"recommendation.catalog.me_selbstfuersorge.title";"recommendations";"2";"v1:53424b46c1243ee3e6505ed975f56a612b38e990c9f2c7b91045479aac9cf712";"94faac8d11fe8d0bb0bab1f64131c8b036743f6f5919b4c26d5750ad8b396321"
"Mentales Wohlbefinden";"Selbstfürsorge & positive Emotionen";"Empfehlungskarten";"Begründung / Einordnung";"Empfehlungskarte · Mentales Wohlbefinden · Begründung";"Regelmässiges Auftanken hilft, Belastungen besser zu verarbeiten. Aktuell nehmen Sie sich dafür wenig bewusste Zeit.";"";"";"Marketing, Medizin";"Nicht geprüft";"";"";"";"recommendation.catalog.me_selbstfuersorge.why";"recommendations";"2";"v1:53424b46c1243ee3e6505ed975f56a612b38e990c9f2c7b91045479aac9cf712";"7a7f863da8d63e59e9f7a6a89f7dc7ccea16a9a69f96625fb0273e8b1dc47799"
"Mentales Wohlbefinden";"Selbstfürsorge & positive Emotionen";"Empfehlungskarten";"Nächster Schritt";"Empfehlungskarte · Mentales Wohlbefinden · konkreter nächster Schritt";"Wählen Sie eine Aktivität, die Ihnen guttut (Bewegung, Natur, Musik, Hobby), und reservieren Sie dafür diese Woche zwei feste Zeitfenster.";"";"";"Marketing, Medizin";"Nicht geprüft";"";"";"";"recommendation.catalog.me_selbstfuersorge.step";"recommendations";"2";"v1:53424b46c1243ee3e6505ed975f56a612b38e990c9f2c7b91045479aac9cf712";"1386e4950d7004d682167ef9e3630852a92aee2a19ee803dfe7cc6f44a9cf2dd"
"Mentales Wohlbefinden";"Selbstfürsorge & positive Emotionen";"Empfehlungskarten";"Erwarteter Nutzen";"Empfehlungskarte · Mentales Wohlbefinden · erwarteter Nutzen";"Bewusste Erholung stärkt Ihre mentale Widerstandskraft im Alltag.";"";"";"Marketing, Medizin";"Nicht geprüft";"";"";"";"recommendation.catalog.me_selbstfuersorge.benefit";"recommendations";"2";"v1:53424b46c1243ee3e6505ed975f56a612b38e990c9f2c7b91045479aac9cf712";"803ff6bf02f3fa4443f5b9c57dc11b81a00c4921d08cfdb6461c20fa9d7fddd6"
"Mentales Wohlbefinden";"Selbstfürsorge & positive Emotionen";"4-Wochen-Pläne";"4-Wochen-Plan";"4-Wochen-Plan · Diese Woche";"Planen Sie <b>eine feste kleine Erholungsinsel pro Tag</b> – wie einen Termin mit sich selbst (10 Minuten ohne Bildschirm, Spaziergang, Tee, Musik). Erholung entsteht selten von allein.";"";"";"Marketing, Medizin";"Nicht geprüft";"";"";"";"recommendation.plan.me_selbstfuersorge.this_week";"recommendations";"2";"v1:53424b46c1243ee3e6505ed975f56a612b38e990c9f2c7b91045479aac9cf712";"5738aad52b018b276bbc4fef702527d1a37dd01a3c97e0a99a643cdb3c05ea5b"
"Mentales Wohlbefinden";"Selbstfürsorge & positive Emotionen";"4-Wochen-Pläne";"4-Wochen-Plan";"4-Wochen-Plan · Woche 2–3";"Beobachten Sie, was Ihnen wirklich Energie gibt (nicht nur ablenkt), und bauen Sie davon mehr ein. Kurze, regelmässige Momente wirken stärker als seltene lange Auszeiten.";"";"";"Marketing, Medizin";"Nicht geprüft";"";"";"";"recommendation.plan.me_selbstfuersorge.weeks_2_3";"recommendations";"2";"v1:53424b46c1243ee3e6505ed975f56a612b38e990c9f2c7b91045479aac9cf712";"55fb7d931bf6790fdabba3e5f198b963245ce31136e00d214ff2ed2c2f8e81cb"
"Mentales Wohlbefinden";"Selbstfürsorge & positive Emotionen";"4-Wochen-Pläne";"4-Wochen-Plan";"4-Wochen-Plan · Woche 4";"Machen Sie die wirksamste Erholungsinsel zum festen täglichen Ritual, das nicht verhandelbar ist.";"";"";"Marketing, Medizin";"Nicht geprüft";"";"";"";"recommendation.plan.me_selbstfuersorge.week_4";"recommendations";"2";"v1:53424b46c1243ee3e6505ed975f56a612b38e990c9f2c7b91045479aac9cf712";"b628e7fe2184050cc6b3e1fdab6af25ada5e94f6b25ef701e00c1d93930566ff"
"Mentales Wohlbefinden";"Selbstfürsorge & positive Emotionen";"Ergebnis-Einstieg";"Beschriftung";"Ergebnis-Zusammenfassung · Themenlabel «Selbstfürsorge & positive Emotionen»";"positive Momente im Alltag";"";"";"Marketing";"Nicht geprüft";"";"";"";"ui.hero.topic.positive_emotionen";"ui";"2";"v1:53424b46c1243ee3e6505ed975f56a612b38e990c9f2c7b91045479aac9cf712";"8b721fe1eb7f9731b56bd454e70099554b3782b52c3b6d051fb1e75044bcf999"
"Mentales Wohlbefinden";"Selbstfürsorge & positive Emotionen";"Ergebnis-Einstieg";"Beschriftung";"Ergebnis-Zusammenfassung · Themenlabel «Selbstfürsorge & positive Emotionen»";"Selbstfürsorge";"";"";"Marketing";"Nicht geprüft";"";"";"";"ui.hero.topic.selbstfuersorge";"ui";"2";"v1:53424b46c1243ee3e6505ed975f56a612b38e990c9f2c7b91045479aac9cf712";"3288dee0f63add26f1652592af2004b2f22ed50eadcfca29a1826db0c424905b"
"Mentales Wohlbefinden";"Sinn & Selbstwirksamkeit";"Empfehlungskarten";"Überschrift";"Empfehlungskarte · Mentales Wohlbefinden · Titel";"Sinn und Zuversicht stärken";"";"";"Marketing";"Nicht geprüft";"";"";"";"recommendation.catalog.me_sinn.title";"recommendations";"2";"v1:53424b46c1243ee3e6505ed975f56a612b38e990c9f2c7b91045479aac9cf712";"5661a44056310e3f79c435a9e44a2b2fdb47c9e73e32a691b8da43b9fb860008"
"Mentales Wohlbefinden";"Sinn & Selbstwirksamkeit";"Empfehlungskarten";"Begründung / Einordnung";"Empfehlungskarte · Mentales Wohlbefinden · Begründung";"Sinn im Alltag und ein zuversichtlicher Blick nach vorn sind wichtige seelische Ressourcen. Beides erleben Sie gerade eher schwach.";"";"";"Marketing, Medizin";"Nicht geprüft";"";"";"";"recommendation.catalog.me_sinn.why";"recommendations";"2";"v1:53424b46c1243ee3e6505ed975f56a612b38e990c9f2c7b91045479aac9cf712";"163cabe1f86609baf1e652bfe0373567f823fe473c92c0677a48fb113753754a"
"Mentales Wohlbefinden";"Sinn & Selbstwirksamkeit";"Empfehlungskarten";"Nächster Schritt";"Empfehlungskarte · Mentales Wohlbefinden · konkreter nächster Schritt";"Überlegen Sie, welche Tätigkeit oder welcher Kontakt Ihnen Sinn gibt, und planen Sie diese Woche bewusst etwas davon ein.";"";"";"Marketing, Medizin";"Nicht geprüft";"";"";"";"recommendation.catalog.me_sinn.step";"recommendations";"2";"v1:53424b46c1243ee3e6505ed975f56a612b38e990c9f2c7b91045479aac9cf712";"35c2e1d26bf46da9f6eda20c66bb63ad549f02a2d78204f8aab2fb4e060c9d5e"
"Mentales Wohlbefinden";"Sinn & Selbstwirksamkeit";"Empfehlungskarten";"Erwarteter Nutzen";"Empfehlungskarte · Mentales Wohlbefinden · erwarteter Nutzen";"Mehr Sinnerleben und kleine Erfolge stärken Zuversicht und seelische Gesundheit.";"";"";"Marketing, Medizin";"Nicht geprüft";"";"";"";"recommendation.catalog.me_sinn.benefit";"recommendations";"2";"v1:53424b46c1243ee3e6505ed975f56a612b38e990c9f2c7b91045479aac9cf712";"8117c2bf8e017e7ec8a323f5163a25ca406ccaac8f76b330c77c65ec2ade4df2"
"Mentales Wohlbefinden";"Sinn & Selbstwirksamkeit";"4-Wochen-Pläne";"4-Wochen-Plan";"4-Wochen-Plan · Diese Woche";"Planen Sie bewusst <b>eine Tätigkeit ein, die Ihnen Sinn oder Freude gibt</b> – so klein sie auch scheint. Sinn entsteht selten von allein; er wird gemacht, oft in ganz alltäglichen Momenten.";"";"";"Marketing, Medizin";"Nicht geprüft";"";"";"";"recommendation.plan.me_sinn.this_week";"recommendations";"2";"v1:53424b46c1243ee3e6505ed975f56a612b38e990c9f2c7b91045479aac9cf712";"b1a7689e50f06977c6f81babac9890a4ea05ce3fdc11049674fe509bcd5d436e"
"Mentales Wohlbefinden";"Sinn & Selbstwirksamkeit";"4-Wochen-Pläne";"4-Wochen-Plan";"4-Wochen-Plan · Woche 2–3";"Probieren Sie eine einfache Dankbarkeits-Übung: notieren Sie abends drei Dinge, die heute gut waren. Das lenkt die Aufmerksamkeit nachweislich auf das Positive und stärkt den zuversichtlichen Blick nach vorn.";"";"";"Marketing, Medizin";"Nicht geprüft";"";"";"";"recommendation.plan.me_sinn.weeks_2_3";"recommendations";"2";"v1:53424b46c1243ee3e6505ed975f56a612b38e990c9f2c7b91045479aac9cf712";"ef5f77101ecb42b945dae29d53dcba79697072dbf848782f70e49e9e65ba029c"
"Mentales Wohlbefinden";"Sinn & Selbstwirksamkeit";"4-Wochen-Pläne";"4-Wochen-Plan";"4-Wochen-Plan · Woche 4";"Verankern Sie das, was Ihnen guttut, als festen Teil Ihrer Woche (Kontakt, Tätigkeit, Engagement). Hält die Sinnkrise oder Antriebslosigkeit an, ist das ein guter Grund, Unterstützung zu suchen – das ist ein Zeichen von Stärke.";"";"";"Marketing, Medizin";"Nicht geprüft";"";"";"";"recommendation.plan.me_sinn.week_4";"recommendations";"2";"v1:53424b46c1243ee3e6505ed975f56a612b38e990c9f2c7b91045479aac9cf712";"c95e92e910e09c152729b5ae9890a9c08412a86b755c0e6048d6d62fbc1190ce"
"Mentales Wohlbefinden";"Sinn & Selbstwirksamkeit";"Stärken";"Beschriftung";"Stärke · Mentales Wohlbefinden · Kurzlabel";"Sinn & Freude im Alltag";"";"";"Marketing";"Nicht geprüft";"";"";"";"recommendation.strength.st_sinn.label";"recommendations";"2";"v1:53424b46c1243ee3e6505ed975f56a612b38e990c9f2c7b91045479aac9cf712";"2ae57bd9e2147d298f7640837a23ae52d19492e315aeb318ea2120edcf380ca4"
"Mentales Wohlbefinden";"Sinn & Selbstwirksamkeit";"Stärken";"Detailtext";"Stärke · Mentales Wohlbefinden · Detailtext";"Sie erleben Ihr Leben als sinnvoll und finden regelmässig Momente der Freude – ein starker Schutz für die mentale Gesundheit.";"";"";"Marketing, Medizin";"Nicht geprüft";"";"";"";"recommendation.strength.st_sinn.detail";"recommendations";"2";"v1:53424b46c1243ee3e6505ed975f56a612b38e990c9f2c7b91045479aac9cf712";"d58775f0dafc5055ba1b7c591f2f5e213ebd335d63910a335c3ce3c017b2fcc2"
"Mentales Wohlbefinden";"Sinn & Selbstwirksamkeit";"Ergebnis-Einstieg";"Beschriftung";"Ergebnis-Zusammenfassung · Themenlabel «Sinn & Selbstwirksamkeit»";"Selbstwirksamkeit";"";"";"Marketing";"Nicht geprüft";"";"";"";"ui.hero.topic.selbstwirksamkeit";"ui";"2";"v1:53424b46c1243ee3e6505ed975f56a612b38e990c9f2c7b91045479aac9cf712";"adbcc82b06189acd551e005e7ff28a8c132febb49b8b529106e25fc37e8d5091"
"Mentales Wohlbefinden";"Sinn & Selbstwirksamkeit";"Ergebnis-Einstieg";"Beschriftung";"Ergebnis-Zusammenfassung · Themenlabel «Sinn & Selbstwirksamkeit»";"Sinnerleben";"";"";"Marketing";"Nicht geprüft";"";"";"";"ui.hero.topic.sinnhaftigkeit";"ui";"2";"v1:53424b46c1243ee3e6505ed975f56a612b38e990c9f2c7b91045479aac9cf712";"304e27106bc4d4e185954b5f38c18c5ff547a93b3c2dfa55bbf004a1d7c8523f"
"Mentales Wohlbefinden";"Sinn & Selbstwirksamkeit";"Ergebnis-Einstieg";"Beschriftung";"Ergebnis-Zusammenfassung · Themenlabel «Sinn & Selbstwirksamkeit»";"Zukunftszuversicht";"";"";"Marketing";"Nicht geprüft";"";"";"";"ui.hero.topic.zukunft";"ui";"2";"v1:53424b46c1243ee3e6505ed975f56a612b38e990c9f2c7b91045479aac9cf712";"77e91e7483c248c4804dc5b6ac169a0232f1279be3203cea8c78f0daf1bb0a03"
"Mentales Wohlbefinden";"Soziale Verbundenheit";"Dimensionsdetails";"Überschrift";"Dimensionsdetail · Titel";"Wenig soziale Verbundenheit";"";"";"Marketing, Medizin";"Nicht geprüft";"";"";"";"recommendation.signal.einsamkeit.title";"recommendations";"2";"v1:53424b46c1243ee3e6505ed975f56a612b38e990c9f2c7b91045479aac9cf712";"0e6d1ede1cdd05fc6255823effe66ded9a299e3b9bb7f0fafade29a422237e4c"
"Mentales Wohlbefinden";"Soziale Verbundenheit";"Dimensionsdetails";"Persönliche Einordnung";"Dimensionsdetail · Einordnung";"Soziale Verbundenheit gehört zu den stärksten bekannten Schutzfaktoren für Gesundheit und Lebenserwartung – vergleichbar mit klassischen Lebensstilfaktoren. Sie wird trotzdem selten aktiv gepflegt.";"";"";"Marketing, Medizin";"Nicht geprüft";"";"";"";"recommendation.signal.einsamkeit.insight";"recommendations";"2";"v1:53424b46c1243ee3e6505ed975f56a612b38e990c9f2c7b91045479aac9cf712";"2df648b3640eb1aa97a3fd50c5d4fe71c575390050e44f4f8c7500c720f8c3fc"
"Mentales Wohlbefinden";"Soziale Verbundenheit";"Dimensionsdetails";"Nächster Schritt";"Dimensionsdetail · konkreter nächster Schritt";"Diese Woche eine Person aktiv kontaktieren und etwas Konkretes verabreden – nicht «mal wieder treffen».";"";"";"Marketing, Medizin";"Nicht geprüft";"";"";"";"recommendation.signal.einsamkeit.action";"recommendations";"2";"v1:53424b46c1243ee3e6505ed975f56a612b38e990c9f2c7b91045479aac9cf712";"634d09a1b651d654247a9a29024ad2b96d00a6ad021b1f92c6b742ceded414d2"
"Mentales Wohlbefinden";"Soziale Verbundenheit";"Risikosignale";"Risikosignal";"Ergebnisseite, Lebensstil-Signal soziale Verbundenheit";"Sie fühlen sich aktuell wenig mit anderen Menschen verbunden.";"";"";"Marketing, Medizin";"Nicht geprüft";"";"";"";"recommendation.risk_signal.einsamkeit.label";"recommendations";"2";"v1:53424b46c1243ee3e6505ed975f56a612b38e990c9f2c7b91045479aac9cf712";"432cbeb5620a82d2618cd353b7d528e371932a2c86c3ec8b261c3533c1eb53a1"
"Mentales Wohlbefinden";"Soziale Verbundenheit";"Handlungsfelder";"Beschriftung";"Handlungsfeld · Mentales Wohlbefinden · Kurzlabel";"Soziale Kontakte aktiv pflegen";"";"";"Marketing, Medizin";"Nicht geprüft";"";"";"";"recommendation.lever.lv_verbundenheit.label";"recommendations";"2";"v1:53424b46c1243ee3e6505ed975f56a612b38e990c9f2c7b91045479aac9cf712";"b72f243243a4a3bf444c925a29339ac522c71feedfa45e98e672015ab0301558"
"Mentales Wohlbefinden";"Soziale Verbundenheit";"Handlungsfelder";"Detailtext";"Handlungsfeld · Mentales Wohlbefinden · Detailtext";"Verbundenheit ist einer der stärksten Schutzfaktoren für die Gesundheit – ein kleiner erster Schritt: eine Person diese Woche aktiv kontaktieren.";"";"";"Marketing, Medizin";"Nicht geprüft";"";"";"";"recommendation.lever.lv_verbundenheit.detail";"recommendations";"2";"v1:53424b46c1243ee3e6505ed975f56a612b38e990c9f2c7b91045479aac9cf712";"b11fd29ccb4364ed7b9b808f9f294c37ac95bd0762ac03c400a59847d7bc71d8"
"Mentales Wohlbefinden";"Soziale Verbundenheit";"Empfehlungskarten";"Überschrift";"Empfehlungskarte · Mentales Wohlbefinden · Titel";"Soziale Verbindungen stärken";"";"";"Marketing";"Nicht geprüft";"";"";"";"recommendation.catalog.me_sozial.title";"recommendations";"2";"v1:53424b46c1243ee3e6505ed975f56a612b38e990c9f2c7b91045479aac9cf712";"26f6cf3943826314f491e30db94457060eb0995f00139a4aef328233babbb7f9"
"Mentales Wohlbefinden";"Soziale Verbundenheit";"Empfehlungskarten";"Begründung / Einordnung";"Empfehlungskarte · Mentales Wohlbefinden · Begründung";"Tragfähige Beziehungen gehören zu den stärksten Schutzfaktoren für die Gesundheit. Aktuell fühlen Sie sich wenig verbunden oder wenig unterstützt.";"";"";"Marketing, Medizin";"Nicht geprüft";"";"";"";"recommendation.catalog.me_sozial.why";"recommendations";"2";"v1:53424b46c1243ee3e6505ed975f56a612b38e990c9f2c7b91045479aac9cf712";"8703a7cd346cb82c6faa4121332c910c94719fc425862229d4efdff874465945"
"Mentales Wohlbefinden";"Soziale Verbundenheit";"Empfehlungskarten";"Nächster Schritt";"Empfehlungskarte · Mentales Wohlbefinden · konkreter nächster Schritt";"Nehmen Sie diese Woche bewusst Kontakt zu einer Person auf, die Ihnen guttut – ein Anruf oder eine kurze Nachricht genügt für den Anfang.";"";"";"Marketing, Medizin";"Nicht geprüft";"";"";"";"recommendation.catalog.me_sozial.step";"recommendations";"2";"v1:53424b46c1243ee3e6505ed975f56a612b38e990c9f2c7b91045479aac9cf712";"cf988ded38cb609e1582239559c6c0ae57fedb06fa0d46fac917101a52cb6c5b"
"Mentales Wohlbefinden";"Soziale Verbundenheit";"Empfehlungskarten";"Erwarteter Nutzen";"Empfehlungskarte · Mentales Wohlbefinden · erwarteter Nutzen";"Mehr Verbundenheit wirkt sich positiv auf Stimmung, Stress und körperliche Gesundheit aus.";"";"";"Marketing, Medizin";"Nicht geprüft";"";"";"";"recommendation.catalog.me_sozial.benefit";"recommendations";"2";"v1:53424b46c1243ee3e6505ed975f56a612b38e990c9f2c7b91045479aac9cf712";"ca515d1fb23e2f6fa7df1a9180d40a40f80d77a31a2840738a7e76186c2ba505"
"Mentales Wohlbefinden";"Soziale Verbundenheit";"4-Wochen-Pläne";"4-Wochen-Plan";"4-Wochen-Plan · Diese Woche";"Nehmen Sie <b>zu einer Person aktiv Kontakt auf</b>, die Ihnen guttut – und verabreden Sie etwas Konkretes (nicht «mal wieder treffen», sondern Tag und Uhrzeit).";"";"";"Marketing, Medizin";"Nicht geprüft";"";"";"";"recommendation.plan.me_sozial.this_week";"recommendations";"2";"v1:53424b46c1243ee3e6505ed975f56a612b38e990c9f2c7b91045479aac9cf712";"0bc1e171fe46d6e973b5a622db74fecc357e4eda03320d7ee81a28737a835199"
"Mentales Wohlbefinden";"Soziale Verbundenheit";"4-Wochen-Pläne";"4-Wochen-Plan";"4-Wochen-Plan · Woche 2–3";"Bauen Sie einen wiederkehrenden Kontakt auf (fester Spaziergang, Anruf, gemeinsames Essen). Soziale Verbundenheit zählt zu den stärksten bekannten Schutzfaktoren für Gesundheit und Lebenserwartung.";"";"";"Marketing, Medizin";"Nicht geprüft";"";"";"";"recommendation.plan.me_sozial.weeks_2_3";"recommendations";"2";"v1:53424b46c1243ee3e6505ed975f56a612b38e990c9f2c7b91045479aac9cf712";"1e38c3888d6ccbd8868befd807f3211479ffc1165a6d52b4382373fa38b8318f"
"Mentales Wohlbefinden";"Soziale Verbundenheit";"4-Wochen-Pläne";"4-Wochen-Plan";"4-Wochen-Plan · Woche 4";"Verankern Sie mindestens einen regelmässigen sozialen Fixpunkt pro Woche. Auch ein Verein, Kurs oder Ehrenamt schafft verlässliche Begegnungen.";"";"";"Marketing, Medizin";"Nicht geprüft";"";"";"";"recommendation.plan.me_sozial.week_4";"recommendations";"2";"v1:53424b46c1243ee3e6505ed975f56a612b38e990c9f2c7b91045479aac9cf712";"39165c6ca0fdcf69215d3f61adb0e6d549b9d3e0ee8f14696e470e4a95ce3410"
"Mentales Wohlbefinden";"Soziale Verbundenheit";"Stärken";"Beschriftung";"Stärke · Mentales Wohlbefinden · Kurzlabel";"Starkes soziales Netz";"";"";"Marketing";"Nicht geprüft";"";"";"";"recommendation.strength.st_sozial.label";"recommendations";"2";"v1:53424b46c1243ee3e6505ed975f56a612b38e990c9f2c7b91045479aac9cf712";"36241a38bb66088504d0b59ccbc669fc775c3fe9965bb2aa45c72e6bb3e843e3"
"Mentales Wohlbefinden";"Soziale Verbundenheit";"Stärken";"Detailtext";"Stärke · Mentales Wohlbefinden · Detailtext";"Sie fühlen sich akzeptiert und eingebunden – soziale Verbundenheit ist einer der stärksten bekannten Schutzfaktoren.";"";"";"Marketing, Medizin";"Nicht geprüft";"";"";"";"recommendation.strength.st_sozial.detail";"recommendations";"2";"v1:53424b46c1243ee3e6505ed975f56a612b38e990c9f2c7b91045479aac9cf712";"72f39fd90198787a6f7b2ad0361eddf78f9a8541c95f57bf0322b518e4228d9f"
"Mentales Wohlbefinden";"Soziale Verbundenheit";"Ergebnis-Einstieg";"Beschriftung";"Ergebnis-Zusammenfassung · Themenlabel «Soziale Verbundenheit»";"soziale Verbundenheit";"";"";"Marketing";"Nicht geprüft";"";"";"";"ui.hero.topic.verbundenheit";"ui";"2";"v1:53424b46c1243ee3e6505ed975f56a612b38e990c9f2c7b91045479aac9cf712";"07632e69676d5cb43fcd7db3e7004c713816c4a787c3a6845c5457a52943ded8"
"Digital Coach";"Coach-Dialog & Übergabe";"Coach-Antworten";"Begründung / Einordnung";"Demo-Coach-Antwort zu Protein oder Eiweiss";"Für gesunde Erwachsene mit regelmässigem Krafttraining sind etwa <b>1,4–1,6 g/kg/Tag</b> eine praktische Orientierung. Die durchschnittlichen zusätzlichen Vorteile für den Aufbau fettfreier Masse flachen ab rund <b>1,6 g/kg/Tag</b> deutlich ab. Bis etwa <b>2,0 g/kg/Tag</b> können bei sehr hoher Trainingsbelastung oder einem gezielten Energiedefizit als individueller Spielraum sinnvoll sein; für die meisten Menschen ist das nicht nötig, und das Alter allein begründet dieses Ziel nicht. Für Personen unter 18 Jahren sowie bei einer Nierenerkrankung oder medizinisch verordneter Ernährung sollte die Menge fachlich geklärt werden.";"";"";"Marketing, Medizin";"Prüfung erforderlich";"Neue evidenzgebundene Proteinantwort mit klaren Anwendungs- und Sicherheitsgrenzen; durch Marketing und Medizin freigeben.";"";"1,4–1,6 g/kg/Tag | 1,6 g/kg/Tag | 2,0 g/kg/Tag";"coach.answer.protein";"coach";"2";"v1:53424b46c1243ee3e6505ed975f56a612b38e990c9f2c7b91045479aac9cf712";"a0d70d33c9b17f3334b97929efac2b971a7a32a3f4d7616f0b0b906e53e70249"
"Digital Coach";"Coach-Dialog & Übergabe";"Coach-Antworten";"Dynamischer Text";"Allgemeine Demo-Coach-Antwort, wenn keine speziellere Regel greift";"Ich bin eine Vorschau und antworte mit Beispielen zu Ihrer Auswertung. Am meisten Wirkung hat bei Ihnen gerade <b>{{weakestTitle}}</b> ({{weakestScore}}/100). Fragen Sie mich z. B. „Womit fange ich an?“ oder tippen Sie oben auf einen Vorschlag.";"";"";"Marketing";"Nicht geprüft";"";"{{weakestScore}} | {{weakestTitle}}";"";"coach.answer.fallback";"coach";"2";"v1:53424b46c1243ee3e6505ed975f56a612b38e990c9f2c7b91045479aac9cf712";"1d075e6ad06806d53cdf1e5e0678bd8ca21c4b1ab4377a571410a5dc8fc87d6e"
"Digital Coach";"Coach-Dialog & Übergabe";"Coach-Antworten";"Dynamischer Text";"Demo-Coach-Antwort zum Gesamtscore";"Ihr Gesamtscore liegt bei <b>{{overallScore}}/100</b> („{{statusLabel}}“). Am stärksten sind Sie bei <b>{{strongestTitle}}</b> ({{strongestScore}}/100), am meisten Hebel haben Sie bei <b>{{weakestTitle}}</b> ({{weakestScore}}/100). Das ist eine Momentaufnahme – kein medizinisches Urteil.";"";"";"Marketing, Medizin";"Nicht geprüft";"";"{{overallScore}} | {{statusLabel}} | {{strongestScore}} | {{strongestTitle}} | {{weakestScore}} | {{weakestTitle}}";"";"coach.answer.overall_score";"coach";"2";"v1:53424b46c1243ee3e6505ed975f56a612b38e990c9f2c7b91045479aac9cf712";"9f6fcec24c8f464eb2567cffb6d657a14a6822e641bd0c55c5debd5f8c905c7d"
"Digital Coach";"Coach-Dialog & Übergabe";"Coach-Antworten";"Nächster Schritt";"Demo-Coach-Antwort zum Einstieg ohne vorhandenen Aktionsschritt";"Aus Ihren Antworten lässt sich aktuell kein einzelner priorisierter Startschritt ableiten. Nutzen Sie die Dimensionswerte und Hinweise zur Einordnung und wählen Sie einen kleinen Schritt, der zu Ihrem Alltag passt.";"";"";"Marketing";"Prüfung erforderlich";"Leerzustand nicht mehr mit fehlendem Handlungsbedarf gleichgesetzt; durch Marketing freigeben.";"";"";"coach.answer.first_step.without_plan";"coach";"2";"v1:53424b46c1243ee3e6505ed975f56a612b38e990c9f2c7b91045479aac9cf712";"375518efe7ff08b8c5241b5edfb192630d63f76772d46de0b9e5fe2476e6b07e"
"Digital Coach";"Coach-Dialog & Übergabe";"Coach-Antworten";"Dynamischer Text";"Demo-Coach-Antwort zum Einstieg mit vorhandenem Aktionsschritt";"Fangen Sie am besten klein an: <b>{{recommendationTitle}}</b>. Ihr erster Schritt: {{recommendationStep}} Wählen Sie nur diesen einen Schritt für diese Woche.";"";"";"Marketing";"Nicht geprüft";"";"{{recommendationStep}} | {{recommendationTitle}}";"";"coach.answer.first_step.with_plan";"coach";"2";"v1:53424b46c1243ee3e6505ed975f56a612b38e990c9f2c7b91045479aac9cf712";"305555c15733410659e930ad113829005ceee71fad23fda2cf0ff250a7613159"
"Digital Coach";"Coach-Dialog & Übergabe";"Coach-Kontext";"Beschriftung";"Fallback-Titel, wenn keine schwächste Dimension vorliegt";"diesem Bereich";"";"";"Marketing";"Nicht geprüft";"";"";"";"coach.context.weakest_title_fallback";"coach";"2";"v1:53424b46c1243ee3e6505ed975f56a612b38e990c9f2c7b91045479aac9cf712";"ba7559defb474fd925f6501101a4391206ad40059a15206f33eb90d20062089a"
"Digital Coach";"Coach-Dialog & Übergabe";"Coach-Kontext";"Beschriftung";"Fallback-Titel, wenn keine stärkste Dimension vorliegt";"—";"";"";"Marketing";"Nicht geprüft";"";"";"";"coach.context.strongest_title_fallback";"coach";"2";"v1:53424b46c1243ee3e6505ed975f56a612b38e990c9f2c7b91045479aac9cf712";"4dc28b2709f2622b366dab152b67bc6193404fffe3f1aafbdbe779b9aa8a4e68"
"Digital Coach";"Coach-Dialog & Übergabe";"Coach-Kontext";"Beschriftung";"Fallback, wenn ein Dimensionsscore im Coach-Kontext fehlt";"noch nicht ermittelt";"";"";"Marketing";"Nicht geprüft";"";"";"";"coach.context.score_unknown";"coach";"2";"v1:53424b46c1243ee3e6505ed975f56a612b38e990c9f2c7b91045479aac9cf712";"e6bbe6d5ddd8be3980e69b7b69f5f3d8ae0d8d6802d86a8ed0c4668ddccc9511"
"Digital Coach";"Coach-Dialog & Übergabe";"Coach-Antworten";"Dynamischer Text";"Antwort zur Verbesserung einer Dimension mit passendem Top-Schritt";"Für <b>{{dimensionTitle}}</b> ist Ihr wirksamster Schritt: {{recommendationStep}} Klein anfangen und dranbleiben schlägt Perfektion.";"";"";"Marketing";"Nicht geprüft";"";"{{dimensionTitle}} | {{recommendationStep}}";"";"coach.improve_dimension.with_recommendation";"coach";"2";"v1:53424b46c1243ee3e6505ed975f56a612b38e990c9f2c7b91045479aac9cf712";"76564192ffc7ed4f013eed67510aa5071c91165d4048ef7b4e70ce62602fdefe"
"Digital Coach";"Coach-Dialog & Übergabe";"Coach-Antworten";"Dynamischer Text";"Antwort zur Verbesserung einer Dimension ohne passenden Top-Schritt";"Für <b>{{dimensionTitle}}</b> ({{dimensionScore}}/100) lässt sich aus den aktuellen Antworten keine einzelne spezifische Empfehlung ableiten. Nutzen Sie die Einordnung im Detailbereich und wählen Sie bei Bedarf eine kleine, alltagstaugliche Anpassung.";"";"";"Marketing";"Prüfung erforderlich";"Funktioniert bei niedrigen wie hohen Scores ohne nicht vorhandene Empfehlungen zu versprechen; durch Marketing freigeben.";"{{dimensionScore}} | {{dimensionTitle}}";"";"coach.improve_dimension.without_recommendation";"coach";"2";"v1:53424b46c1243ee3e6505ed975f56a612b38e990c9f2c7b91045479aac9cf712";"a230ee5ac91c0db79c92fb2742c53ad27a88abac26b04242c0b8a8a61f19bdb9"
"Digital Coach";"Coach-Dialog & Übergabe";"Vorschlagsfragen";"Nächster Schritt";"Immer sichtbarer Vorschlags-Chip zum Gesamtscore";"Was bedeutet mein Gesamtscore?";"";"";"Marketing";"Nicht geprüft";"";"";"";"coach.prompt.overall_score";"coach";"2";"v1:53424b46c1243ee3e6505ed975f56a612b38e990c9f2c7b91045479aac9cf712";"e04e08ba1342106387b597521e7012f38fb8e412c45ed8df91b11e22763f8e43"
"Digital Coach";"Coach-Dialog & Übergabe";"Vorschlagsfragen";"Nächster Schritt";"Vorschlags-Chip bei Belastungssignal";"Zeigen Sie mir eine Atemübung";"";"";"Marketing";"Nicht geprüft";"";"";"";"coach.prompt.breathing";"coach";"2";"v1:53424b46c1243ee3e6505ed975f56a612b38e990c9f2c7b91045479aac9cf712";"d9ff26467ab4dc952e58c50915f7b736329a06cfb4ef473116bb2c18d143e567"
"Digital Coach";"Coach-Dialog & Übergabe";"Vorschlagsfragen";"Nächster Schritt";"Vorschlags-Chip zur Coach App";"Was kann die Coach App für mich tun?";"";"";"Marketing";"Nicht geprüft";"";"";"";"coach.prompt.coach_app";"coach";"2";"v1:53424b46c1243ee3e6505ed975f56a612b38e990c9f2c7b91045479aac9cf712";"b8e4399ad0fc6181a59f1959be9291f6c97ec0df13d2d453497f40cd48e4723f"
"Digital Coach";"Coach-Dialog & Übergabe";"Vorschlagsfragen";"Nächster Schritt";"Vorschlags-Chip, wenn ein Aktionsschritt vorhanden ist";"Womit fange ich am besten an?";"";"";"Marketing";"Nicht geprüft";"";"";"";"coach.prompt.first_step";"coach";"2";"v1:53424b46c1243ee3e6505ed975f56a612b38e990c9f2c7b91045479aac9cf712";"efd55a3c2b49f22ff0ba7bbcc827e4a675d5ea594d6ec23ce63515e788fda291"
"Digital Coach";"Coach-Dialog & Übergabe";"Vorschlagsfragen";"Dynamischer Text";"Vorschlags-Chip für die schwächste Dimension";"Wie verbessere ich „{{dimensionTitle}}“?";"";"";"Marketing";"Nicht geprüft";"";"{{dimensionTitle}}";"";"coach.prompt.improve_dimension";"coach";"2";"v1:53424b46c1243ee3e6505ed975f56a612b38e990c9f2c7b91045479aac9cf712";"3b30ed072c3ad7953eb145057f5b7ada53a4b02d5d4f830cd2ea45c663274c3f"
"Digital Coach";"Coach-Dialog & Übergabe";"Defensiver Ersatzplan";"Beschriftung";"Defensiver 4-Wochen-Plan ohne eigenen Plan, erster Zeitraum";"Diese Woche";"";"";"Marketing";"Nicht geprüft";"";"";"";"coach.week_plan.fallback.label.this_week";"coach";"2";"v1:53424b46c1243ee3e6505ed975f56a612b38e990c9f2c7b91045479aac9cf712";"b318e8d748aca9ff171bae8480bfef257a4d871cdd29e0bb7780f679ce27001c"
"Digital Coach";"Coach-Dialog & Übergabe";"Defensiver Ersatzplan";"Beschriftung";"Defensiver 4-Wochen-Plan ohne eigenen Plan, letzter Zeitraum";"Woche 4";"";"";"Marketing";"Nicht geprüft";"";"";"";"coach.week_plan.fallback.label.week_four";"coach";"2";"v1:53424b46c1243ee3e6505ed975f56a612b38e990c9f2c7b91045479aac9cf712";"cfd1eb13f46f87ea9ab599c93e86f2c33b3d65ba7e49c212baab99cc01f96430"
"Digital Coach";"Coach-Dialog & Übergabe";"Defensiver Ersatzplan";"Beschriftung";"Defensiver 4-Wochen-Plan ohne eigenen Plan, mittlerer Zeitraum";"Woche 2–3";"";"";"Marketing";"Nicht geprüft";"";"";"";"coach.week_plan.fallback.label.weeks_two_three";"coach";"2";"v1:53424b46c1243ee3e6505ed975f56a612b38e990c9f2c7b91045479aac9cf712";"bf9be200b3090597efb97570e3b33125ec93e0bdbbf77d6185651b3b75d05420"
"Digital Coach";"Coach-Dialog & Übergabe";"Defensiver Ersatzplan";"Nächster Schritt";"Defensiver erster Planschritt, wenn auch kein Empfehlungsschritt vorhanden ist";"Wählen Sie einen einzigen, kleinen Startschritt.";"";"";"Marketing";"Nicht geprüft";"";"";"";"coach.week_plan.fallback.step.this_week";"coach";"2";"v1:53424b46c1243ee3e6505ed975f56a612b38e990c9f2c7b91045479aac9cf712";"7c33f5c13ae348bb9e715f17b6b53131ae401c7feab33c0078164390368e28af"
"Digital Coach";"Coach-Dialog & Übergabe";"Defensiver Ersatzplan";"Nächster Schritt";"Defensiver letzter Planschritt";"Machen Sie den Schritt zu einer festen Gewohnheit.";"";"";"Marketing";"Nicht geprüft";"";"";"";"coach.week_plan.fallback.step.week_four";"coach";"2";"v1:53424b46c1243ee3e6505ed975f56a612b38e990c9f2c7b91045479aac9cf712";"d07d85146a8151e293c671bdd62cebdeabf21b67bf8976bdcb8d51603101102b"
"Digital Coach";"Coach-Dialog & Übergabe";"Defensiver Ersatzplan";"Nächster Schritt";"Defensiver mittlerer Planschritt";"Wiederholen Sie den Schritt regelmässig und steigern Sie sich langsam.";"";"";"Marketing";"Nicht geprüft";"";"";"";"coach.week_plan.fallback.step.weeks_two_three";"coach";"2";"v1:53424b46c1243ee3e6505ed975f56a612b38e990c9f2c7b91045479aac9cf712";"e65ad5f3bf547fbaa0f551d51bbcefae4f342ad0ebcb5cf5900a333597cf0a8d"
"Digital Coach";"Coach-Dialog & Übergabe";"Coach-Dialog";"Beschriftung";"Barrierefreie Beschriftung des Senden-Buttons";"Senden";"";"";"Marketing";"Nicht geprüft";"";"";"";"ui.chat.send_aria";"ui";"2";"v1:53424b46c1243ee3e6505ed975f56a612b38e990c9f2c7b91045479aac9cf712";"b129d70959da2a8531dd0f61a46dc438a46640d6fa4f697f7a071f572f9b4c57"
"Digital Coach";"Coach-Dialog & Übergabe";"Coach-Dialog";"Beschriftung";"Chat-Sektion, Demo-Badge";"Vorschau · Demo";"";"";"Marketing";"Nicht geprüft";"";"";"";"ui.chat.badge";"ui";"2";"v1:53424b46c1243ee3e6505ed975f56a612b38e990c9f2c7b91045479aac9cf712";"d223894fb93a890f78afedc03011019a778e424deeeac013a11a58e95a9a8b79"
"Digital Coach";"Coach-Dialog & Übergabe";"Coach-Dialog";"Beschriftung";"Chat-Sektion, Rubrik";"Ihr Gesundheits-Coach";"";"";"Marketing";"Nicht geprüft";"";"";"";"ui.chat.eyebrow";"ui";"2";"v1:53424b46c1243ee3e6505ed975f56a612b38e990c9f2c7b91045479aac9cf712";"287cedc37197c417168460e07443166d010156341d6c040c1d9c9c9f8ab8e12e"
"Digital Coach";"Coach-Dialog & Übergabe";"Coach-Dialog";"Überschrift";"Chat-Sektion, Überschrift";"Haben Sie Fragen? Der Helsana Digital Coach ist für Sie da.";"";"";"Marketing";"Prüfung erforderlich";"Neue Chat-Überschrift durch Marketing freigeben.";"";"";"ui.chat.title";"ui";"2";"v1:53424b46c1243ee3e6505ed975f56a612b38e990c9f2c7b91045479aac9cf712";"b273c3ff50d53819c473c2faef5ca3dab1562bd8ff96f04a2823eb04a7f5fccf"
"Digital Coach";"Coach-Dialog & Übergabe";"Coach-Dialog";"Beschriftung";"Sichtbarer Platzhalter im Eingabefeld";"Fragen Sie Ihren Coach …";"";"";"Marketing";"Nicht geprüft";"";"";"";"ui.chat.input_placeholder";"ui";"2";"v1:53424b46c1243ee3e6505ed975f56a612b38e990c9f2c7b91045479aac9cf712";"9c6ca7f0aa4c5ca20ba38aa579d69eccb92cafb0354f16b5007d1ce0e9f4ab42"
"Digital Coach";"Coach-Dialog & Übergabe";"Coach-Dialog";"Begründung / Einordnung";"Chat-Sektion, Funktionsbeschreibung";"Der Coach kennt Ihre Auswertung (Score, Bereiche, Empfehlungen). In dieser Vorschau sehen Sie Beispielantworten – es werden keine Daten gesendet, alles bleibt auf Ihrem Gerät.";"";"";"Marketing, Recht";"Prüfung erforderlich";"Aussage zur lokalen Datenverarbeitung vor Go-live durch Legal/Datenschutz freigeben.";"";"";"ui.chat.description";"ui";"2";"v1:53424b46c1243ee3e6505ed975f56a612b38e990c9f2c7b91045479aac9cf712";"f0713904168e80957df466f82273aa1e77fc264cedab573dad47739a55abdf37"
"Digital Coach";"Coach-Dialog & Übergabe";"Coach-Dialog";"Begründung / Einordnung";"Hinweis unter dem Demo-Chat";"Konzept-Vorschau mit Beispielantworten. Ein echter Coach würde ein EU/CH-gehostetes KI-Modell nutzen – erst nach Ihrer ausdrücklichen Zustimmung. Keine medizinische Beratung; im Notfall <b>144</b>.";"";"";"Marketing, Medizin, Recht";"Prüfung erforderlich";"KI-Hosting-, Einwilligungs- und medizinischen Hinweis vor Go-live fachlich und rechtlich freigeben.";"";"144";"ui.chat.disclaimer";"ui";"2";"v1:53424b46c1243ee3e6505ed975f56a612b38e990c9f2c7b91045479aac9cf712";"03b6cee71a50c93275dce1e8062f337492841538b20159067ea287d2b9bd1314"
"Digital Coach";"Coach-Dialog & Übergabe";"Coach-Dialog";"Dynamischer Text";"Erste sichtbare Nachricht des Demo-Coachs mit priorisiertem Aktionsplan";"Hallo! Ich kenne Ihre Auswertung: Gesamtscore <b>{{overallScore}}/100</b> („{{statusLabel}}“). Fragen Sie mich, wie Sie Ihre nächsten Schritte angehen – oder tippen Sie unten auf einen Vorschlag.";"";"";"Marketing";"Nicht geprüft";"";"{{overallScore}} | {{statusLabel}}";"";"ui.chat.greeting";"ui";"2";"v1:53424b46c1243ee3e6505ed975f56a612b38e990c9f2c7b91045479aac9cf712";"9fa350573885151e7f33b5ffec6ad82b8e62a7d1d471d3d636f8945e579bb455"
"Digital Coach";"Coach-Dialog & Übergabe";"Coach-Dialog";"Dynamischer Text";"Erste sichtbare Nachricht des Demo-Coachs ohne priorisierten Handlungsbedarf";"Hallo! Ich kenne Ihre Auswertung: Gesamtscore <b>{{overallScore}}/100</b> („{{statusLabel}}“). Fragen Sie mich, wie Sie das Ergebnis einordnen oder einen passenden nächsten Schritt finden – oder tippen Sie unten auf einen Vorschlag.";"";"";"Marketing";"Prüfung erforderlich";"Leerzustand behauptet weder einen guten Kurs noch fehlenden Handlungsbedarf; durch Marketing freigeben.";"{{overallScore}} | {{statusLabel}}";"";"ui.chat.greeting.empty";"ui";"2";"v1:53424b46c1243ee3e6505ed975f56a612b38e990c9f2c7b91045479aac9cf712";"cee647e017818a2e7b6b4da71ee2d3eb105075b018f6cb88c95acc6e6a59c2ce"
"Digital Coach";"Coach-Dialog & Übergabe";"Coach-Übergabe";"Beschriftung";"Coach-App-Karte, Rubrik";"Weiter mit Begleitung";"";"";"Marketing";"Nicht geprüft";"";"";"";"ui.coach_handoff.eyebrow";"ui";"2";"v1:53424b46c1243ee3e6505ed975f56a612b38e990c9f2c7b91045479aac9cf712";"64d0fd5b00350a154d41b04f8b3e3d8bc2d997e97de37bf3276a0b0923b9ed72"
"Digital Coach";"Coach-Dialog & Übergabe";"Coach-Übergabe";"Überschrift";"Coach-App-Karte, Überschrift";"Nehmen Sie Ihre Ergebnisse mit in die Coach App";"";"";"Marketing";"Nicht geprüft";"";"";"";"ui.coach_handoff.title";"ui";"2";"v1:53424b46c1243ee3e6505ed975f56a612b38e990c9f2c7b91045479aac9cf712";"39601edcd0f09f32c81a94335e2bd343fc815827b2da5417be1f075ef9d39cf9"
"Digital Coach";"Coach-Dialog & Übergabe";"Coach-Übergabe";"Beschriftung";"Fallback, wenn keine Fokus-Bereiche benannt werden";"werden aus Ihrer Auswertung abgeleitet";"";"";"Marketing";"Nicht geprüft";"";"";"";"ui.coach_handoff.focus_fallback";"ui";"2";"v1:53424b46c1243ee3e6505ed975f56a612b38e990c9f2c7b91045479aac9cf712";"fd19d6d45e6a96463372bba20399a5c14d44f99fa0d6054dd499cca6b5b48976"
"Digital Coach";"Coach-Dialog & Übergabe";"Coach-Übergabe";"Begründung / Einordnung";"Coach-App-Karte, Beschreibung";"Die Helsana Coach App begleitet Sie täglich beim Dranbleiben – mit persönlichen Plänen, Erinnerungen und Übungen. Ihr Gesundheitscheck kann Ihnen dort den Start abnehmen.";"";"";"Marketing";"Nicht geprüft";"";"";"";"ui.coach_handoff.description";"ui";"2";"v1:53424b46c1243ee3e6505ed975f56a612b38e990c9f2c7b91045479aac9cf712";"733b4c9983a687c7a05897d31b634c9def7611fb71d7b67b5f4662bd30ffaec5"
"Digital Coach";"Coach-Dialog & Übergabe";"Coach-Übergabe";"Nächster Schritt";"CTA zur Helsana Coach App";"Helsana Coach öffnen";"";"";"Marketing";"Nicht geprüft";"";"";"";"ui.coach_handoff.cta";"ui";"2";"v1:53424b46c1243ee3e6505ed975f56a612b38e990c9f2c7b91045479aac9cf712";"2e0d5b82d3e3000f6fc8692e0d12a2f80c2569db2faa4b1270f52cdd15769529"
"Digital Coach";"Coach-Dialog & Übergabe";"Coach-Übergabe";"Dynamischer Text";"Coach-App-Karte, Fokus-Bereiche-Zeile";"Ihre Fokus-Bereiche: {{focusTitles}}";"";"";"Marketing";"Nicht geprüft";"";"{{focusTitles}}";"";"ui.coach_handoff.focus";"ui";"2";"v1:53424b46c1243ee3e6505ed975f56a612b38e990c9f2c7b91045479aac9cf712";"7d95a7bc000ed3d1101155b1bed4d6487fde2ff5962f4c21506ede9fdfa665ac"
"Digital Coach";"Coach-Dialog & Übergabe";"Coach-Übergabe";"Dynamischer Text";"Coach-App-Karte, Gesamtprofil-Zeile";"Ihr Gesamtprofil: <b>{{overallScore}}/100</b> ({{statusLabel}})";"";"";"Marketing";"Nicht geprüft";"";"{{overallScore}} | {{statusLabel}}";"";"ui.coach_handoff.profile";"ui";"2";"v1:53424b46c1243ee3e6505ed975f56a612b38e990c9f2c7b91045479aac9cf712";"ed3eee26a3172965610d8b412406dc67ece6a985c3285f2a58a11f004d347c6e"
"Digital Coach";"Coach-Dialog & Übergabe";"Coach-Übergabe";"Beschriftung";"Coach-App-Karte mit drei Startschritten";"Ihre nächsten drei Schritte als fertiger Startplan";"";"";"Marketing";"Nicht geprüft";"";"";"";"ui.coach_handoff.plan.three";"ui";"2";"v1:53424b46c1243ee3e6505ed975f56a612b38e990c9f2c7b91045479aac9cf712";"d59cc91b78eb267be2240ef4932dc679ff2e2df34900608accdd87712583782b"
"Digital Coach";"Coach-Dialog & Übergabe";"Coach-Übergabe";"Beschriftung";"Coach-App-Karte mit genau einem Startschritt";"Ihr nächster Schritt als fertiger Startplan";"";"";"Marketing";"Nicht geprüft";"";"";"";"ui.coach_handoff.plan.one";"ui";"2";"v1:53424b46c1243ee3e6505ed975f56a612b38e990c9f2c7b91045479aac9cf712";"81d5d930cedc32a409859f62c4092f73e8766180eb025011963b198fe7b6300c"
"Digital Coach";"Coach-Dialog & Übergabe";"Coach-Übergabe";"Beschriftung";"Coach-App-Karte mit zwei Startschritten";"Ihre nächsten zwei Schritte als fertiger Startplan";"";"";"Marketing";"Nicht geprüft";"";"";"";"ui.coach_handoff.plan.two";"ui";"2";"v1:53424b46c1243ee3e6505ed975f56a612b38e990c9f2c7b91045479aac9cf712";"f84b42c60eb8ae0b0ee291c4d6ac0f97d818b3c57ed14e20b465d49b33d385b2"
"Digital Coach";"Coach-Dialog & Übergabe";"Coach-Übergabe";"Begründung / Einordnung";"Coach-App-Karte ohne eindeutig priorisierten Aktionsschritt";"Kein einzelner priorisierter Schritt; Fokus anhand der fünf Dimensionen gemeinsam festlegen";"";"";"Marketing";"Prüfung erforderlich";"Neutraler Leerzustand ohne unzulässigen Rückschluss auf eine starke Ausgangslage; durch Marketing freigeben.";"";"";"ui.coach_handoff.plan.empty";"ui";"2";"v1:53424b46c1243ee3e6505ed975f56a612b38e990c9f2c7b91045479aac9cf712";"fdb8e319e3191a81288847e83107dd53361d009ecedfa15a140849dc6cf55bd8"
"Digital Coach";"Coach-Dialog & Übergabe";"Gesundheitsberatung";"Überschrift";"Kontaktkarte, Überschrift";"Unsere Gesundheitsberatung ist gerne für Sie da";"";"";"Marketing";"Nicht geprüft";"";"";"";"ui.contact.title";"ui";"2";"v1:53424b46c1243ee3e6505ed975f56a612b38e990c9f2c7b91045479aac9cf712";"538dbfcc0d5095358d11d091b676ea062c6313a89ce23543be109e413459fe21"
"Digital Coach";"Coach-Dialog & Übergabe";"Gesundheitsberatung";"Beschriftung";"Sichtbare Telefonnummer der Gesundheitsberatung; die technische tel-URL bleibt ausserhalb des Textkatalogs";"058 340 15 69";"";"";"Marketing";"Nicht geprüft";"";"";"058 340 15 69";"ui.contact.phone";"ui";"2";"v1:53424b46c1243ee3e6505ed975f56a612b38e990c9f2c7b91045479aac9cf712";"f1f0b51b5b9a5e91971b91ab3caca086815daefdeafbd4b3e2b82b6f15007bbe"
"Digital Coach";"Coach-Dialog & Übergabe";"Gesundheitsberatung";"Nächster Schritt";"Kontaktkarte, Anruf-CTA";"Jetzt anrufen";"";"";"Marketing";"Nicht geprüft";"";"";"";"ui.contact.cta";"ui";"2";"v1:53424b46c1243ee3e6505ed975f56a612b38e990c9f2c7b91045479aac9cf712";"8815ea9f49d3e5bb7a20aa248cb8d539eb7f86f3a4555b4f2faaaff8d1653e7c"
"Helsana-Angebote & Versicherung";"Angebote: Bewegung";"Helsana-Angebote";"Beschriftung";"Helsana-Angebot · sichtbarer Platzhalter solange keine echte URL hinterlegt ist";"[Helsana Bewegungsangebot verlinken]";"";"";"Marketing";"Nicht geprüft";"";"";"";"service.offer.bewegung.placeholder";"services";"2";"v1:53424b46c1243ee3e6505ed975f56a612b38e990c9f2c7b91045479aac9cf712";"98fa4bd4444ded9d4f84b44b9c7a18a65ac778f83046474826f229e3f3d3da08"
"Helsana-Angebote & Versicherung";"Angebote: Bewegung";"Helsana-Angebote";"Beschriftung";"Helsana-Angebot · sichtbares Linklabel; leere fit-Felder werden nicht katalogisiert, weil sie keinen sichtbaren Text erzeugen";"Bewegungsangebote & Ratgeber Bewegung";"";"";"Marketing";"Nicht geprüft";"";"";"";"service.offer.bewegung.label";"services";"2";"v1:53424b46c1243ee3e6505ed975f56a612b38e990c9f2c7b91045479aac9cf712";"a9d6f750c1c4b32e0415a4e278f390458429f8be3f47f66b1b4e5dca42496d31"
"Helsana-Angebote & Versicherung";"Angebote: Bewegung";"Helsana-Angebote";"Begründung / Einordnung";"Helsana-Angebot · sichtbare Einordnung der Angebots-Passung";"Niederschwellige Impulse, um mehr Bewegung in den Alltag zu bringen.";"";"";"Marketing";"Nicht geprüft";"";"";"";"service.offer.bewegung.fit";"services";"2";"v1:53424b46c1243ee3e6505ed975f56a612b38e990c9f2c7b91045479aac9cf712";"ab4bba014f07fcc1f4185b75059b797be8fbcab840c2f8af770d42f544d17023"
"Helsana-Angebote & Versicherung";"Angebote: Bewegung";"Helsana-Angebote";"Beschriftung";"Helsana-Angebot · sichtbarer Platzhalter solange keine echte URL hinterlegt ist";"[Helsana Wissensinhalt zu Bewegung verlinken – z. B. warum der Einstieg den grössten Gewinn bringt, Konzept kurzer intensiver Alltags-Einheiten (VILPA: Treppe/steilen Weg 1–2 Min.), Fitness als starker Prädiktor für Lebenserwartung]";"";"";"Marketing";"Nicht geprüft";"";"";"";"service.offer.wissen_bewegung.placeholder";"services";"2";"v1:53424b46c1243ee3e6505ed975f56a612b38e990c9f2c7b91045479aac9cf712";"3baafb55d460260962f5c5a2d25e6c987093ee545fd1bdb6ed1903caf09a2468"
"Helsana-Angebote & Versicherung";"Angebote: Bewegung";"Helsana-Angebote";"Beschriftung";"Helsana-Angebot · sichtbares Linklabel; leere fit-Felder werden nicht katalogisiert, weil sie keinen sichtbaren Text erzeugen";"Verständlich erklärt: Warum schon kurze, intensive Bewegung so viel bewirkt";"";"";"Marketing";"Nicht geprüft";"";"";"";"service.offer.wissen_bewegung.label";"services";"2";"v1:53424b46c1243ee3e6505ed975f56a612b38e990c9f2c7b91045479aac9cf712";"5dfca4130840459304d554db7d526b8307d100f1766ca2df0c2bb1defd89a21b"
"Helsana-Angebote & Versicherung";"Angebote: Bewegung";"Helsana-Angebote";"Begründung / Einordnung";"Helsana-Angebot · sichtbare Einordnung der Angebots-Passung";"Warum der Einstieg am meisten bringt und kurze intensive Einheiten besonders wirksam sind.";"";"";"Marketing";"Nicht geprüft";"";"";"";"service.offer.wissen_bewegung.fit";"services";"2";"v1:53424b46c1243ee3e6505ed975f56a612b38e990c9f2c7b91045479aac9cf712";"f45137959a677d059ac2600f2e1addb3e5f675ee1cbea12823088af1c5e0eadc"
"Helsana-Angebote & Versicherung";"Angebote: Ernährung & Stoffwechsel";"Helsana-Angebote";"Beschriftung";"Helsana-Angebot · sichtbarer Platzhalter solange keine echte URL hinterlegt ist";"[Helsana Ernährungsberatung verlinken]";"";"";"Marketing";"Nicht geprüft";"";"";"";"service.offer.ernaehrung.placeholder";"services";"2";"v1:53424b46c1243ee3e6505ed975f56a612b38e990c9f2c7b91045479aac9cf712";"4d44acdf95feb9f8c33f53a667030b431661ea9faa99fa22ae667cf3a2ac1915"
"Helsana-Angebote & Versicherung";"Angebote: Ernährung & Stoffwechsel";"Helsana-Angebote";"Beschriftung";"Helsana-Angebot · sichtbares Linklabel; leere fit-Felder werden nicht katalogisiert, weil sie keinen sichtbaren Text erzeugen";"Ernährungsberatung & Ratgeber Ernährung";"";"";"Marketing";"Nicht geprüft";"";"";"";"service.offer.ernaehrung.label";"services";"2";"v1:53424b46c1243ee3e6505ed975f56a612b38e990c9f2c7b91045479aac9cf712";"6d92ae52423150306bf688ff74c9ccdd0900da1a230e2e8f2c63352d08888c06"
"Helsana-Angebote & Versicherung";"Angebote: Ernährung & Stoffwechsel";"Helsana-Angebote";"Begründung / Einordnung";"Helsana-Angebot · sichtbare Einordnung der Angebots-Passung";"Persönliche Begleitung für eine alltagstaugliche, gesunde Ernährung.";"";"";"Marketing";"Nicht geprüft";"";"";"";"service.offer.ernaehrung.fit";"services";"2";"v1:53424b46c1243ee3e6505ed975f56a612b38e990c9f2c7b91045479aac9cf712";"8d7026827a2bef6b325e0467f73b9f04ba2b32885f88d0195e4317202413b212"
"Helsana-Angebote & Versicherung";"Angebote: Ernährung & Stoffwechsel";"Helsana-Angebote";"Beschriftung";"Helsana-Angebot · sichtbarer Platzhalter solange keine echte URL hinterlegt ist";"[Helsana Angebot metabolische Gesundheit verlinken]";"";"";"Marketing";"Nicht geprüft";"";"";"";"service.offer.metabolisch.placeholder";"services";"2";"v1:53424b46c1243ee3e6505ed975f56a612b38e990c9f2c7b91045479aac9cf712";"6d964582cceb4c6d3571d24c8e386e19d906b15e423425b1c430b60bd9ee60c8"
"Helsana-Angebote & Versicherung";"Angebote: Ernährung & Stoffwechsel";"Helsana-Angebote";"Beschriftung";"Helsana-Angebot · sichtbares Linklabel; leere fit-Felder werden nicht katalogisiert, weil sie keinen sichtbaren Text erzeugen";"Inhalte zu Stoffwechsel & gesundem Gewicht";"";"";"Marketing";"Nicht geprüft";"";"";"";"service.offer.metabolisch.label";"services";"2";"v1:53424b46c1243ee3e6505ed975f56a612b38e990c9f2c7b91045479aac9cf712";"42f77e3382d812a7b08aa55add8e95c6466758a41c9fd771fe356bede94337e3"
"Helsana-Angebote & Versicherung";"Angebote: Ernährung & Stoffwechsel";"Helsana-Angebote";"Begründung / Einordnung";"Helsana-Angebot · sichtbare Einordnung der Angebots-Passung";"Unterstützt Sie rund um Blutzucker, Gewicht und Energie.";"";"";"Marketing";"Nicht geprüft";"";"";"";"service.offer.metabolisch.fit";"services";"2";"v1:53424b46c1243ee3e6505ed975f56a612b38e990c9f2c7b91045479aac9cf712";"35e41eaefeb3e634fe620e91ec64a56fdf80d5eeed49b16900498eac5cb89005"
"Helsana-Angebote & Versicherung";"Angebote: Krafttraining";"Helsana-Angebote";"Beschriftung";"Helsana-Angebot · sichtbarer Platzhalter solange keine echte URL hinterlegt ist";"[Helsana Krafttraining-/Trainingsangebot verlinken]";"";"";"Marketing";"Nicht geprüft";"";"";"";"service.offer.kraft.placeholder";"services";"2";"v1:53424b46c1243ee3e6505ed975f56a612b38e990c9f2c7b91045479aac9cf712";"0cdf09fdafe7534f16ef889dfb6b32ee4346acba3968c7e4bab29bb8b651cc89"
"Helsana-Angebote & Versicherung";"Angebote: Krafttraining";"Helsana-Angebote";"Beschriftung";"Helsana-Angebot · sichtbares Linklabel; leere fit-Felder werden nicht katalogisiert, weil sie keinen sichtbaren Text erzeugen";"Krafttraining-Einstieg & Trainingspläne";"";"";"Marketing";"Nicht geprüft";"";"";"";"service.offer.kraft.label";"services";"2";"v1:53424b46c1243ee3e6505ed975f56a612b38e990c9f2c7b91045479aac9cf712";"220f459015fc3cdffe7771780f14511ea9d413dae291a97e1db5bdfbedebae90"
"Helsana-Angebote & Versicherung";"Angebote: Krafttraining";"Helsana-Angebote";"Begründung / Einordnung";"Helsana-Angebot · sichtbare Einordnung der Angebots-Passung";"Hilft Ihnen, gezielt und sicher mit Krafttraining zu starten.";"";"";"Marketing";"Nicht geprüft";"";"";"";"service.offer.kraft.fit";"services";"2";"v1:53424b46c1243ee3e6505ed975f56a612b38e990c9f2c7b91045479aac9cf712";"05085d92d62b67062b846bb1f5530b9e08f0226b425280d046e8b6faeb49811a"
"Helsana-Angebote & Versicherung";"Angebote: Mentales Wohlbefinden";"Helsana-Angebote";"Beschriftung";"Helsana-Angebot · sichtbarer Platzhalter solange keine echte URL hinterlegt ist";"[Helsana Angebot psychische Gesundheit / Beratung verlinken]";"";"";"Marketing";"Nicht geprüft";"";"";"";"service.offer.mentale_hilfe.placeholder";"services";"2";"v1:53424b46c1243ee3e6505ed975f56a612b38e990c9f2c7b91045479aac9cf712";"8f80671cb4f4193e22872ba6a47f688238fe8fa894d2967435f44a7f60f44c2f"
"Helsana-Angebote & Versicherung";"Angebote: Mentales Wohlbefinden";"Helsana-Angebote";"Beschriftung";"Helsana-Angebot · sichtbares Linklabel; leere fit-Felder werden nicht katalogisiert, weil sie keinen sichtbaren Text erzeugen";"Unterstützungsangebote bei psychischer Belastung";"";"";"Marketing";"Nicht geprüft";"";"";"";"service.offer.mentale_hilfe.label";"services";"2";"v1:53424b46c1243ee3e6505ed975f56a612b38e990c9f2c7b91045479aac9cf712";"c7d3af608c72fa11ed513cad3bfe85f0e2c4cdaef7521fb83f2578d97ded6aa3"
"Helsana-Angebote & Versicherung";"Angebote: Mentales Wohlbefinden";"Helsana-Angebote";"Begründung / Einordnung";"Helsana-Angebot · sichtbare Einordnung der Angebots-Passung";"Vertrauliche Hilfe, wenn die Belastung gross wird.";"";"";"Marketing";"Nicht geprüft";"";"";"";"service.offer.mentale_hilfe.fit";"services";"2";"v1:53424b46c1243ee3e6505ed975f56a612b38e990c9f2c7b91045479aac9cf712";"7114cf8566a5c9930896bf0b4b43740060f4954dbac207a1748871ad27e822ac"
"Helsana-Angebote & Versicherung";"Angebote: Mentales Wohlbefinden";"Helsana-Angebote";"Beschriftung";"Helsana-Angebot · sichtbarer Platzhalter solange keine echte URL hinterlegt ist";"[Helsana Stressmanagement-Angebot verlinken]";"";"";"Marketing";"Nicht geprüft";"";"";"";"service.offer.stress.placeholder";"services";"2";"v1:53424b46c1243ee3e6505ed975f56a612b38e990c9f2c7b91045479aac9cf712";"8224d88767a333cbf3113d704b443ea7e60466368fa9ee27eae6421c42e29838"
"Helsana-Angebote & Versicherung";"Angebote: Mentales Wohlbefinden";"Helsana-Angebote";"Beschriftung";"Helsana-Angebot · sichtbares Linklabel; leere fit-Felder werden nicht katalogisiert, weil sie keinen sichtbaren Text erzeugen";"Stressmanagement & mentale Gesundheit";"";"";"Marketing";"Nicht geprüft";"";"";"";"service.offer.stress.label";"services";"2";"v1:53424b46c1243ee3e6505ed975f56a612b38e990c9f2c7b91045479aac9cf712";"f6ba51851903b26c9cb542ed67fb6f12244686287832b9e0b34828bb0715aae6"
"Helsana-Angebote & Versicherung";"Angebote: Mentales Wohlbefinden";"Helsana-Angebote";"Begründung / Einordnung";"Helsana-Angebot · sichtbare Einordnung der Angebots-Passung";"Begleitung und Übungen, um Belastung zu reduzieren und aufzutanken.";"";"";"Marketing";"Nicht geprüft";"";"";"";"service.offer.stress.fit";"services";"2";"v1:53424b46c1243ee3e6505ed975f56a612b38e990c9f2c7b91045479aac9cf712";"1d385d78860963e24939fdfaaf3a44b4a88c8d8952ecb55aca26e0e7333668a6"
"Helsana-Angebote & Versicherung";"Angebote: Rauchstopp";"Helsana-Angebote";"Beschriftung";"Helsana-Angebot · sichtbarer Platzhalter solange keine echte URL hinterlegt ist";"[Helsana Rauchstopp-Angebot verlinken]";"";"";"Marketing";"Nicht geprüft";"";"";"";"service.offer.rauchstopp.placeholder";"services";"2";"v1:53424b46c1243ee3e6505ed975f56a612b38e990c9f2c7b91045479aac9cf712";"ee0a3e4bcb202d1a15799ba0ccf3ae19ab39f28d0c00b8bf1a7d38534a06d066"
"Helsana-Angebote & Versicherung";"Angebote: Rauchstopp";"Helsana-Angebote";"Beschriftung";"Helsana-Angebot · sichtbares Linklabel; leere fit-Felder werden nicht katalogisiert, weil sie keinen sichtbaren Text erzeugen";"Rauchstopp-Angebote & Beratung";"";"";"Marketing";"Nicht geprüft";"";"";"";"service.offer.rauchstopp.label";"services";"2";"v1:53424b46c1243ee3e6505ed975f56a612b38e990c9f2c7b91045479aac9cf712";"ced02000c2702e2e62e8c30683859d9f918e1ca4f6b5032fe73002264d0f82ab"
"Helsana-Angebote & Versicherung";"Angebote: Rauchstopp";"Helsana-Angebote";"Begründung / Einordnung";"Helsana-Angebot · sichtbare Einordnung der Angebots-Passung";"Begleitung und Methoden für einen erfolgreichen Rauchstopp.";"";"";"Marketing";"Nicht geprüft";"";"";"";"service.offer.rauchstopp.fit";"services";"2";"v1:53424b46c1243ee3e6505ed975f56a612b38e990c9f2c7b91045479aac9cf712";"51caf045a0636cc23c6b588570a0af82c6081b1ae1b7e1a594d1d6a479842cfb"
"Helsana-Angebote & Versicherung";"Angebote: Rauchstopp";"Helsana-Angebote";"Beschriftung";"Helsana-Angebot · sichtbarer Platzhalter solange keine echte URL hinterlegt ist";"[Helsana Wissensinhalt zum Rauchstopp verlinken – z. B. Erholungs-Zeitleiste (20 Min. bis 15 Jahre), Umgang mit Entzug und Rückfällen, warum Begleitung + Nikotinersatz die Erfolgschance vervielfacht]";"";"";"Marketing";"Nicht geprüft";"";"";"";"service.offer.wissen_rauchstopp.placeholder";"services";"2";"v1:53424b46c1243ee3e6505ed975f56a612b38e990c9f2c7b91045479aac9cf712";"482a11c579125e586d73af963313d8103205c7abcdadad5facb59d8936291477"
"Helsana-Angebote & Versicherung";"Angebote: Rauchstopp";"Helsana-Angebote";"Beschriftung";"Helsana-Angebot · sichtbares Linklabel; leere fit-Felder werden nicht katalogisiert, weil sie keinen sichtbaren Text erzeugen";"Verständlich erklärt: Was im Körper nach dem Rauchstopp passiert";"";"";"Marketing";"Nicht geprüft";"";"";"";"service.offer.wissen_rauchstopp.label";"services";"2";"v1:53424b46c1243ee3e6505ed975f56a612b38e990c9f2c7b91045479aac9cf712";"d846e8b0fd17443fdd3335b460d091e12bf79ba56ebe34b89384610fbd7614d5"
"Helsana-Angebote & Versicherung";"Angebote: Rauchstopp";"Helsana-Angebote";"Begründung / Einordnung";"Helsana-Angebot · sichtbare Einordnung der Angebots-Passung";"Die Erholungs-Zeitleiste und warum professionelle Begleitung den Unterschied macht.";"";"";"Marketing";"Nicht geprüft";"";"";"";"service.offer.wissen_rauchstopp.fit";"services";"2";"v1:53424b46c1243ee3e6505ed975f56a612b38e990c9f2c7b91045479aac9cf712";"9da92ab9d4bb3846cc695db9ec41169ad6f95d5b541a471473af40da3c326e5c"
"Helsana-Angebote & Versicherung";"Angebote: Schlaf";"Helsana-Angebote";"Beschriftung";"Helsana-Angebot · sichtbarer Platzhalter solange keine echte URL hinterlegt ist";"[Helsana Schlafratgeber verlinken]";"";"";"Marketing";"Nicht geprüft";"";"";"";"service.offer.schlaf.placeholder";"services";"2";"v1:53424b46c1243ee3e6505ed975f56a612b38e990c9f2c7b91045479aac9cf712";"3ad668af5b6966d222c3580f76dc2513fa5847a9b05550f06ba280b153a593e1"
"Helsana-Angebote & Versicherung";"Angebote: Schlaf";"Helsana-Angebote";"Beschriftung";"Helsana-Angebot · sichtbares Linklabel; leere fit-Felder werden nicht katalogisiert, weil sie keinen sichtbaren Text erzeugen";"Schlafratgeber & Regeneration";"";"";"Marketing";"Nicht geprüft";"";"";"";"service.offer.schlaf.label";"services";"2";"v1:53424b46c1243ee3e6505ed975f56a612b38e990c9f2c7b91045479aac9cf712";"b3760a490f005ff41458570def72931a72dafcd42904eb243cad802d18aaaa9c"
"Helsana-Angebote & Versicherung";"Angebote: Schlaf";"Helsana-Angebote";"Begründung / Einordnung";"Helsana-Angebot · sichtbare Einordnung der Angebots-Passung";"Praktische Tipps für besseren, erholsameren Schlaf.";"";"";"Marketing";"Nicht geprüft";"";"";"";"service.offer.schlaf.fit";"services";"2";"v1:53424b46c1243ee3e6505ed975f56a612b38e990c9f2c7b91045479aac9cf712";"0920769d9e12dcdea07ff10f4b7a2fa830ba88774fbade8fccb99bc607c4895e"
"Helsana-Angebote & Versicherung";"Angebote: Vorsorge";"Helsana-Angebote";"Beschriftung";"Helsana-Angebot · sichtbarer Platzhalter solange keine echte URL hinterlegt ist";"[Helsana Blutdruck-/Herzgesundheit-Angebot verlinken]";"";"";"Marketing";"Nicht geprüft";"";"";"";"service.offer.blutdruck.placeholder";"services";"2";"v1:53424b46c1243ee3e6505ed975f56a612b38e990c9f2c7b91045479aac9cf712";"3f2839caf436550c68604e87c0168abb857f0414c75d65a1b3c736f2c96253d4"
"Helsana-Angebote & Versicherung";"Angebote: Vorsorge";"Helsana-Angebote";"Beschriftung";"Helsana-Angebot · sichtbares Linklabel; leere fit-Felder werden nicht katalogisiert, weil sie keinen sichtbaren Text erzeugen";"Inhalte zu Blutdruck & Herzgesundheit";"";"";"Marketing";"Nicht geprüft";"";"";"";"service.offer.blutdruck.label";"services";"2";"v1:53424b46c1243ee3e6505ed975f56a612b38e990c9f2c7b91045479aac9cf712";"1e717632dcfe5d3ad9c2f68ebb26036b32656683964437bb36329962b1b16706"
"Helsana-Angebote & Versicherung";"Angebote: Vorsorge";"Helsana-Angebote";"Begründung / Einordnung";"Helsana-Angebot · sichtbare Einordnung der Angebots-Passung";"Wissen und Impulse rund um Blutdruck und Herz-Kreislauf.";"";"";"Marketing";"Nicht geprüft";"";"";"";"service.offer.blutdruck.fit";"services";"2";"v1:53424b46c1243ee3e6505ed975f56a612b38e990c9f2c7b91045479aac9cf712";"39402b6dc6e704b07f97d2fa920aaa66578a3b1468dbfa4fe79b7a8eac972dae"
"Helsana-Angebote & Versicherung";"Angebote: Vorsorge";"Helsana-Angebote";"Beschriftung";"Helsana-Angebot · sichtbarer Platzhalter solange keine echte URL hinterlegt ist";"[Helsana Vorsorgeangebot verlinken]";"";"";"Marketing";"Nicht geprüft";"";"";"";"service.offer.vorsorge.placeholder";"services";"2";"v1:53424b46c1243ee3e6505ed975f56a612b38e990c9f2c7b91045479aac9cf712";"a2e225fb85e89d6ca6125cb9804af75898046a37951290398bca860c20d6ae69"
"Helsana-Angebote & Versicherung";"Angebote: Vorsorge";"Helsana-Angebote";"Beschriftung";"Helsana-Angebot · sichtbares Linklabel; leere fit-Felder werden nicht katalogisiert, weil sie keinen sichtbaren Text erzeugen";"Vorsorge- & Check-up-Informationen";"";"";"Marketing";"Nicht geprüft";"";"";"";"service.offer.vorsorge.label";"services";"2";"v1:53424b46c1243ee3e6505ed975f56a612b38e990c9f2c7b91045479aac9cf712";"3f1968e5b5df758eebead1d597bf9babfd094544586b3cf6136c3d6ab2b89504"
"Helsana-Angebote & Versicherung";"Angebote: Vorsorge";"Helsana-Angebote";"Begründung / Einordnung";"Helsana-Angebot · sichtbare Einordnung der Angebots-Passung";"Orientierung zu sinnvollen Vorsorge- und Kontrolluntersuchungen.";"";"";"Marketing";"Nicht geprüft";"";"";"";"service.offer.vorsorge.fit";"services";"2";"v1:53424b46c1243ee3e6505ed975f56a612b38e990c9f2c7b91045479aac9cf712";"0e13f94ca018ebceba5182dfc659d023ff82c217805087f9ddbb7b6d54ab11aa"
"Helsana-Angebote & Versicherung";"Angebote: Vorsorge";"Helsana-Angebote";"Beschriftung";"Helsana-Angebot · sichtbarer Platzhalter solange keine echte URL hinterlegt ist";"[Helsana Wissensinhalt zu kardiovaskulären Markern & Prävention verlinken – z. B. erklärender Artikel/Video dazu, wie LDL-C, ApoB und Lp(a) unterschiedliche Aspekte des Herz-Kreislauf-Risikos abbilden und wann zusätzliche Messungen sinnvoll sind]";"";"";"Marketing";"Prüfung erforderlich";"LDL-C ergänzt und ApoB/Lp(a) nicht als pauschal aussagekräftigste Marker bezeichnet; durch Marketing freigeben.";"";"";"service.offer.wissen_kardio.placeholder";"services";"2";"v1:53424b46c1243ee3e6505ed975f56a612b38e990c9f2c7b91045479aac9cf712";"0627e2e78129ab19968c40892184ba8e639b5ebaf56bfedca1fb1150d7bbdebe"
"Helsana-Angebote & Versicherung";"Angebote: Vorsorge";"Helsana-Angebote";"Beschriftung";"Helsana-Angebot · sichtbares Linklabel; leere fit-Felder werden nicht katalogisiert, weil sie keinen sichtbaren Text erzeugen";"Verständlich erklärt: ApoB, Lp(a) & moderne Herz-Kreislauf-Vorsorge";"";"";"Marketing";"Nicht geprüft";"";"";"";"service.offer.wissen_kardio.label";"services";"2";"v1:53424b46c1243ee3e6505ed975f56a612b38e990c9f2c7b91045479aac9cf712";"44609cdb8b1df86558a2d1034851155dfcb5cdca5c5b42a4d243c783c38782e5"
"Helsana-Angebote & Versicherung";"Angebote: Vorsorge";"Helsana-Angebote";"Begründung / Einordnung";"Helsana-Angebot · sichtbare Einordnung der Angebots-Passung";"Einfach erklärt, warum diese Werte zählen und warum frühes Handeln so wirksam ist.";"";"";"Marketing";"Nicht geprüft";"";"";"";"service.offer.wissen_kardio.fit";"services";"2";"v1:53424b46c1243ee3e6505ed975f56a612b38e990c9f2c7b91045479aac9cf712";"bd93a6d4a54d3f5b2ca2e36147fa7dacb5b71ea0a9e5e46fbd2c5b2c3e0f75ed"
"Helsana-Angebote & Versicherung";"Datenschutz & Einwilligung";"Coach-Antworten";"Begründung / Einordnung";"Demo-Coach-Antwort zur Helsana Coach App";"Die Helsana Coach App begleitet Sie täglich beim Dranbleiben – mit Plänen, Erinnerungen und Übungen. Mit Ihrer Zustimmung könnten Sie Ihr Profil (Score, Fokus-Bereiche, nächste Schritte) direkt übernehmen. Den Absprung finden Sie weiter unten auf dieser Seite.";"";"";"Marketing, Recht";"Prüfung erforderlich";"Aussage zu Einwilligung und möglicher Profilübernahme vor Go-live durch Legal/Datenschutz freigeben.";"";"";"coach.answer.coach_app";"coach";"2";"v1:53424b46c1243ee3e6505ed975f56a612b38e990c9f2c7b91045479aac9cf712";"c94c92544b62bafb671526ef8a31692979b23bf66850afa5a87b13c9c6d84db2"
"Helsana-Angebote & Versicherung";"Datenschutz & Einwilligung";"Coach-Übergabe";"Überschrift";"Coach-App-Karte, Überschrift der übergebenen Daten";"Das würde übergeben – nur mit Ihrer Zustimmung:";"";"";"Marketing, Recht";"Prüfung erforderlich";"Einwilligungsformulierung vor Umsetzung und Go-live durch Legal/Datenschutz freigeben.";"";"";"ui.coach_handoff.consent_title";"ui";"2";"v1:53424b46c1243ee3e6505ed975f56a612b38e990c9f2c7b91045479aac9cf712";"a8fab8ed3ba5418b3f9b1141e341f60a0cfcf417b3739ac969082f0d04b969e3"
"Helsana-Angebote & Versicherung";"Datenschutz & Einwilligung";"Coach-Übergabe";"Begründung / Einordnung";"Technischer Datenschutz-Hinweis zur Übergabe";"Konzept: Die Übergabe erfolgt über einen kurzlebigen, einmaligen Token – Ihre Antworten liegen nicht offen im Link.";"";"";"Marketing, Recht";"Prüfung erforderlich";"Technische Datenschutzbehauptung erst nach bestätigter Zielarchitektur durch Legal/Datenschutz freigeben.";"";"";"ui.coach_handoff.note";"ui";"2";"v1:53424b46c1243ee3e6505ed975f56a612b38e990c9f2c7b91045479aac9cf712";"110969d1dbb7acb6686aadfc0318bdf3810fb0d70750bb982b9a696b75bc281d"
"Helsana-Angebote & Versicherung";"Datenschutz & Einwilligung";"Gesundheitsberatung";"Begründung / Einordnung";"Kontaktkarte, Öffnungszeiten und Einwilligungshinweis";"Montag bis Freitag, 8.00 Uhr bis 18.00 Uhr (Lokaltarif). Mit Ihrem Anruf erklären Sie sich mit den Nutzungsbestimmungen und der Datenschutzerklärung der Helsana-Gesundheitsberatung einverstanden.";"";"";"Marketing, Recht";"Prüfung erforderlich";"Öffnungszeiten, Tarif- und Einwilligungshinweis vor Go-live durch Legal und den Service-Fachbereich freigeben.";"";"";"ui.contact.availability_legal";"ui";"2";"v1:53424b46c1243ee3e6505ed975f56a612b38e990c9f2c7b91045479aac9cf712";"f80106fbcddf1c09bdf8463bdad828640533fa073b2dfb51f31ab37028d2bc02"
"Helsana-Angebote & Versicherung";"Datenschutz & Einwilligung";"Angebote & Kundenkontext";"Beschriftung";"Ergebnisseite, Ersatzname im Kundenkontext-Chip ohne Anzeigenamen";"Angemeldet";"";"";"Marketing";"Nicht geprüft";"";"";"";"ui.customer_context.fallback_name";"ui";"2";"v1:53424b46c1243ee3e6505ed975f56a612b38e990c9f2c7b91045479aac9cf712";"9501ae333b78f7ae024b9ff9e850720019253c37852776337e262b0a40676cd0"
"Helsana-Angebote & Versicherung";"Datenschutz & Einwilligung";"Angebote & Kundenkontext";"Dynamischer Text";"Ergebnisseite, Kundenkontext-Chip für angemeldete Personen";"<b>{{displayName}}</b> – passende Angebote werden mit Blick auf Ihre Versicherungsprodukte eingeordnet.";"";"";"Marketing, Recht";"Prüfung erforderlich";"Versicherungsbezogene Einordnung und Sichtbarkeit des Login-Chips vor Go-live durch Legal und den zuständigen Fachbereich freigeben.";"{{displayName}}";"";"ui.customer_context.chip";"ui";"2";"v1:53424b46c1243ee3e6505ed975f56a612b38e990c9f2c7b91045479aac9cf712";"4df90f333e4b2cbbfb09e846422ef1a63d789ce52f61fde8a648ee8765d8cd89"
"Helsana-Angebote & Versicherung";"Datenschutz & Einwilligung";"Ergebnislink-Dialog";"Rechtlicher Hinweis";"Datenschutzhinweis bei bewusst aktivierter Ergebnis-Link-Funktion";"Dieser Link enthält Ihre Antworten codiert, aber nicht verschlüsselt. Teilen Sie ihn nur mit Personen, denen Sie diese Gesundheitsangaben anvertrauen.";"";"";"Marketing, Recht";"Prüfung erforderlich";"Vor Aktivierung der Ergebnis-Link-Funktion durch Datenschutz/Legal freigeben.";"";"";"ui.share_modal.privacy_warning";"ui";"2";"v1:53424b46c1243ee3e6505ed975f56a612b38e990c9f2c7b91045479aac9cf712";"1c9d1d11f4401770f13d5942856c330f136e12e13a6159f490719c29516f79ab"
"Helsana-Angebote & Versicherung";"Leistungs- und Deckungshinweise";"Versicherungs-Hinweise";"Begründung / Einordnung";"COVERAGE_HINTS.bewegung, unverbindlicher Hinweis für passende Produktkategorien";"Präventionsangebote wie dieses können je nach Zusatzversicherung unterstützt werden.";"";"";"Marketing, Recht";"Prüfung erforderlich";"Deckungsnahe Formulierung vor Go-live durch Legal und den zuständigen Fachbereich freigeben.";"";"";"service.coverage.bewegung.hint";"services";"2";"v1:53424b46c1243ee3e6505ed975f56a612b38e990c9f2c7b91045479aac9cf712";"640fd7edf1a2c15d566e2acf0e4db42add2944bd0c13c43a97c738912e2700dc"
"Helsana-Angebote & Versicherung";"Leistungs- und Deckungshinweise";"Versicherungs-Hinweise";"Begründung / Einordnung";"COVERAGE_HINTS.ernaehrung, unverbindlicher Hinweis für passende Produktkategorien";"Mit Ihrer Zusatzversicherung potenziell relevant – ob und in welchem Umfang Kosten unterstützt werden, hängt von Ihrem konkreten Produkt ab.";"";"";"Marketing, Recht";"Prüfung erforderlich";"Deckungsnahe Formulierung vor Go-live durch Legal und den zuständigen Fachbereich freigeben.";"";"";"service.coverage.ernaehrung.hint";"services";"2";"v1:53424b46c1243ee3e6505ed975f56a612b38e990c9f2c7b91045479aac9cf712";"457aeec5437dc54943658a3f79ed740f0f0ca4d989d3cb45a04b8cb6fb8c462e"
"Helsana-Angebote & Versicherung";"Leistungs- und Deckungshinweise";"Versicherungs-Hinweise";"Begründung / Einordnung";"COVERAGE_HINTS.kraft, unverbindlicher Hinweis für passende Produktkategorien";"Trainings- und Präventionsangebote können je nach Zusatzversicherung unterstützt werden.";"";"";"Marketing, Recht";"Prüfung erforderlich";"Deckungsnahe Formulierung vor Go-live durch Legal und den zuständigen Fachbereich freigeben.";"";"";"service.coverage.kraft.hint";"services";"2";"v1:53424b46c1243ee3e6505ed975f56a612b38e990c9f2c7b91045479aac9cf712";"b0d974b66b20579257f49d9c2d6005709d75c1cda603a09220448526a203d795"
"Helsana-Angebote & Versicherung";"Leistungs- und Deckungshinweise";"Versicherungs-Hinweise";"Begründung / Einordnung";"COVERAGE_HINTS.mentaleHilfe, unverbindlicher Hinweis für passende Produktkategorien";"Mit Ihrer Zusatzversicherung potenziell relevant – ob und in welchem Umfang Kosten unterstützt werden, hängt von Ihrem konkreten Produkt ab.";"";"";"Marketing, Recht";"Prüfung erforderlich";"Deckungsnahe Formulierung vor Go-live durch Legal und den zuständigen Fachbereich freigeben.";"";"";"service.coverage.mentale_hilfe.hint";"services";"2";"v1:53424b46c1243ee3e6505ed975f56a612b38e990c9f2c7b91045479aac9cf712";"9451c529a0fcdc8586bcb5fae7cf8ffc142fd3d0722c15a9f0765c7690167758"
"Helsana-Angebote & Versicherung";"Leistungs- und Deckungshinweise";"Versicherungs-Hinweise";"Begründung / Einordnung";"COVERAGE_HINTS.rauchstopp, unverbindlicher Hinweis für passende Produktkategorien";"Mit Ihrer Zusatzversicherung potenziell relevant – ob und in welchem Umfang Kosten unterstützt werden, hängt von Ihrem konkreten Produkt ab.";"";"";"Marketing, Recht";"Prüfung erforderlich";"Deckungsnahe Formulierung vor Go-live durch Legal und den zuständigen Fachbereich freigeben.";"";"";"service.coverage.rauchstopp.hint";"services";"2";"v1:53424b46c1243ee3e6505ed975f56a612b38e990c9f2c7b91045479aac9cf712";"660454e15522ca8fe03d8842ddcf9f8629cdc558ac5f4a474c90ef8149e59843"
"Helsana-Angebote & Versicherung";"Leistungs- und Deckungshinweise";"Versicherungs-Hinweise";"Begründung / Einordnung";"COVERAGE_HINTS.stress, unverbindlicher Hinweis für passende Produktkategorien";"Mit Ihrer Zusatzversicherung potenziell relevant – ob und in welchem Umfang Kosten unterstützt werden, hängt von Ihrem konkreten Produkt ab.";"";"";"Marketing, Recht";"Prüfung erforderlich";"Deckungsnahe Formulierung vor Go-live durch Legal und den zuständigen Fachbereich freigeben.";"";"";"service.coverage.stress.hint";"services";"2";"v1:53424b46c1243ee3e6505ed975f56a612b38e990c9f2c7b91045479aac9cf712";"d6c570e4e39ff5bf1135743fb269d2f1610afef610985c230497d4a388144da7"
"Helsana-Angebote & Versicherung";"Leistungs- und Deckungshinweise";"Versicherungs-Hinweise";"Begründung / Einordnung";"COVERAGE_HINTS.vorsorge, unverbindlicher Hinweis für passende Produktkategorien";"Je nach Zusatzversicherung können Vorsorgeuntersuchungen unterstützt werden – Details klären Sie am besten direkt mit Helsana.";"";"";"Marketing, Recht";"Prüfung erforderlich";"Deckungsnahe Formulierung vor Go-live durch Legal und den zuständigen Fachbereich freigeben.";"";"";"service.coverage.vorsorge.hint";"services";"2";"v1:53424b46c1243ee3e6505ed975f56a612b38e990c9f2c7b91045479aac9cf712";"8dc75d6c23c8add913c3e29684b9a49d5b68297b50ee4677152e669c85d89e0f"
"Helsana-Angebote & Versicherung";"Service- und Angebotskommunikation";"Gemeinsame Bereichstexte (Fragebogen und Ergebnis)";"Beschriftung";"Gemeinsam in Fragebogen und Ergebnis · Grundversicherung · Kurzlabel für Navigation und Ergebnisvisualisierung";"Grundinfo";"";"";"Marketing";"Nicht geprüft";"";"";"";"service.dimension.grund.short";"services";"2";"v1:53424b46c1243ee3e6505ed975f56a612b38e990c9f2c7b91045479aac9cf712";"9322b3619a6adee239f18c0ac0b70f1c4f28e7d8262f309695eefc3d933299c7"
"Helsana-Angebote & Versicherung";"Service- und Angebotskommunikation";"Gemeinsame Bereichstexte (Fragebogen und Ergebnis)";"Überschrift";"Gemeinsam in Fragebogen und Ergebnis · Grundversicherung · vollständiger Bereichstitel";"Persönliche Angaben";"";"";"Marketing, Medizin";"Nicht geprüft";"";"";"";"service.dimension.grund.title";"services";"2";"v1:53424b46c1243ee3e6505ed975f56a612b38e990c9f2c7b91045479aac9cf712";"2d0803256b178feaccb0918cb7a8a1365dffba33e771fa60cfeaf5e97c4918bd"
"Helsana-Angebote & Versicherung";"Service- und Angebotskommunikation";"Gemeinsame Bereichstexte (Fragebogen und Ergebnis)";"Begründung / Einordnung";"Gemeinsam in Fragebogen und Ergebnis · Grundversicherung · Einleitung im Fragebogen und in den Ergebnisdetails";"Ihre persönlichen Angaben bilden ein Antwortprofil für diese Orientierung und die individuellen Empfehlungen. Ihre Angaben werden vertraulich behandelt und bleiben anonym.";"";"";"Marketing, Medizin, Recht";"Prüfung erforderlich";"Datenschutz- und Anonymitätsaussage vor Go-live durch Legal/Datenschutz freigeben.";"";"";"service.dimension.grund.intro";"services";"2";"v1:53424b46c1243ee3e6505ed975f56a612b38e990c9f2c7b91045479aac9cf712";"7660d9bb9978dc5c23b3ae6c6aa23fd46f8867bb3392bbcac8b35f594b59af8f"
"Helsana-Angebote & Versicherung";"Service- und Angebotskommunikation";"Demo-Kundenkontext";"Beschriftung";"Demo-Kundenprofil, nur Grundversicherung";"Demo-Profil «Nur Grundversicherung»";"";"";"Marketing";"Nicht geprüft";"Nur im expliziten Mock-Modus sichtbar.";"";"";"service.demo_profile.basic.display_name";"services";"2";"v1:53424b46c1243ee3e6505ed975f56a612b38e990c9f2c7b91045479aac9cf712";"a36926c86bcf94c75161c7bab548e45aef6cb2a609bccbafcb6093b9147e1fcf"
"Helsana-Angebote & Versicherung";"Service- und Angebotskommunikation";"Demo-Kundenkontext";"Beschriftung";"Demo-Kundenprofil, vollständiger Zusatzversicherungs-Mix";"Demo-Profil «Grund + Zusatz ambulant/Spital/Prävention»";"";"";"Marketing";"Nicht geprüft";"Nur im expliziten Mock-Modus sichtbar.";"";"";"service.demo_profile.complete.display_name";"services";"2";"v1:53424b46c1243ee3e6505ed975f56a612b38e990c9f2c7b91045479aac9cf712";"587edba3b37fc0d4657d0e5726463649962b25461da0f19dc94b8ca252272769"
"Helsana-Angebote & Versicherung";"Service- und Angebotskommunikation";"Demo-Kundenkontext";"Beschriftung";"Demo-Kundenprofil, Grundversicherung und Prävention";"Demo-Profil «Grund + Prävention»";"";"";"Marketing";"Nicht geprüft";"Nur im expliziten Mock-Modus sichtbar.";"";"";"service.demo_profile.prevention.display_name";"services";"2";"v1:53424b46c1243ee3e6505ed975f56a612b38e990c9f2c7b91045479aac9cf712";"21ae98373687e494eca2b60f849b540b98f5931b6b637b3a3986bcc8d9054a36"
"Helsana-Angebote & Versicherung";"Service- und Angebotskommunikation";"Demo-Kundenkontext";"Beschriftung";"Demo-Produkt, ambulanter Zusatz";"Zusatzversicherung ambulant (Demo)";"";"";"Marketing";"Nicht geprüft";"Nur im expliziten Mock-Modus sichtbar.";"";"";"service.demo_profile.product.ambulant";"services";"2";"v1:53424b46c1243ee3e6505ed975f56a612b38e990c9f2c7b91045479aac9cf712";"7bd036b36979bb6ce25e2766f5bc474a64828e71a4a01219afddac2aeba13881"
"Helsana-Angebote & Versicherung";"Service- und Angebotskommunikation";"Demo-Kundenkontext";"Beschriftung";"Demo-Produkt, Grundversicherung";"Grundversicherung (Demo)";"";"";"Marketing";"Nicht geprüft";"Nur im expliziten Mock-Modus sichtbar.";"";"";"service.demo_profile.product.basic";"services";"2";"v1:53424b46c1243ee3e6505ed975f56a612b38e990c9f2c7b91045479aac9cf712";"935ecf6bb3690034174bb40881ea7b9bf07143b35f80cb8653d9a4b27a30b934"
"Helsana-Angebote & Versicherung";"Service- und Angebotskommunikation";"Demo-Kundenkontext";"Beschriftung";"Demo-Produkt, Präventionszusatz";"Zusatzversicherung Prävention (Demo)";"";"";"Marketing";"Nicht geprüft";"Nur im expliziten Mock-Modus sichtbar.";"";"";"service.demo_profile.product.prevention";"services";"2";"v1:53424b46c1243ee3e6505ed975f56a612b38e990c9f2c7b91045479aac9cf712";"b54edacfdc93effb3129d041c1b578a976d3266e9680abb47cc6843d1ef01c5e"
"Helsana-Angebote & Versicherung";"Service- und Angebotskommunikation";"Demo-Kundenkontext";"Beschriftung";"Demo-Produkt, Spitalzusatz";"Spital-Zusatzversicherung (Demo)";"";"";"Marketing";"Nicht geprüft";"Nur im expliziten Mock-Modus sichtbar.";"";"";"service.demo_profile.product.hospital";"services";"2";"v1:53424b46c1243ee3e6505ed975f56a612b38e990c9f2c7b91045479aac9cf712";"90d4f673c365284a3ffc3c6e741322b8f4b3f9c8e81f33b09cff22a954256f27"
"Helsana-Angebote & Versicherung";"Service- und Angebotskommunikation";"Statusbänder";"Beschriftung";"Scoring STATUS_BANDS, sichtbares Label für aufmerksam";"Erhöhte Aufmerksamkeit";"";"";"Marketing, Medizin";"Nicht geprüft";"";"";"";"service.status_band.aufmerksam.label";"services";"2";"v1:53424b46c1243ee3e6505ed975f56a612b38e990c9f2c7b91045479aac9cf712";"b45b22c8639dfae44c07da691d17bc4908b0bf4c40b266c5c7eee4492d9e6bbd"
"Helsana-Angebote & Versicherung";"Service- und Angebotskommunikation";"Statusbänder";"Beschriftung";"Scoring STATUS_BANDS, sichtbares Label für ausbau";"Ausbaufähig";"";"";"Marketing, Medizin";"Nicht geprüft";"";"";"";"service.status_band.ausbau.label";"services";"2";"v1:53424b46c1243ee3e6505ed975f56a612b38e990c9f2c7b91045479aac9cf712";"a7a86339b11b03acfbba9f38abe27870ddab670cbe8423c182e5e3f48259fc71"
"Helsana-Angebote & Versicherung";"Service- und Angebotskommunikation";"Statusbänder";"Beschriftung";"Scoring STATUS_BANDS, sichtbares Label für solide";"Solide Basis";"";"";"Marketing, Medizin";"Nicht geprüft";"";"";"";"service.status_band.solide.label";"services";"2";"v1:53424b46c1243ee3e6505ed975f56a612b38e990c9f2c7b91045479aac9cf712";"3f095c6f8396d4968d0bc7330eac3663dffb7e6316ba497f4b41ec458696f3e7"
"Helsana-Angebote & Versicherung";"Service- und Angebotskommunikation";"Statusbänder";"Beschriftung";"Scoring STATUS_BANDS, sichtbares Label für stark";"Stark";"";"";"Marketing, Medizin";"Nicht geprüft";"";"";"";"service.status_band.stark.label";"services";"2";"v1:53424b46c1243ee3e6505ed975f56a612b38e990c9f2c7b91045479aac9cf712";"ba57a76d1d8eea3898193cc9d1feef1363e1f4cff65dbdf3405ccd5d131f2151"
"Helsana-Angebote & Versicherung";"Weitere Angebote";"Helsana-Angebote";"Beschriftung";"Helsana-Angebot · sichtbarer Platzhalter solange keine echte URL hinterlegt ist";"[Helsana Coach App / Deep-Link verlinken]";"";"";"Marketing";"Nicht geprüft";"";"";"";"service.offer.coach_app.placeholder";"services";"2";"v1:53424b46c1243ee3e6505ed975f56a612b38e990c9f2c7b91045479aac9cf712";"f3eaa668f559d8d78497793db40de4aa2a509cf042b736c022f61bf71ced2f38"
"Helsana-Angebote & Versicherung";"Weitere Angebote";"Helsana-Angebote";"Beschriftung";"Helsana-Angebot · sichtbares Linklabel; leere fit-Felder werden nicht katalogisiert, weil sie keinen sichtbaren Text erzeugen";"Helsana Coach öffnen";"";"";"Marketing";"Nicht geprüft";"";"";"";"service.offer.coach_app.label";"services";"2";"v1:53424b46c1243ee3e6505ed975f56a612b38e990c9f2c7b91045479aac9cf712";"3a9390a92a395c04f89c6a17f7a8de6f7be9f75e687eec9f482c3cbd4854af55"
"Helsana-Angebote & Versicherung";"Weitere Angebote";"Helsana-Angebote";"Beschriftung";"Helsana-Angebot · sichtbarer Platzhalter solange keine echte URL hinterlegt ist";"[Feedback-Formular verlinken]";"";"";"Marketing";"Nicht geprüft";"";"";"";"service.offer.feedback.placeholder";"services";"2";"v1:53424b46c1243ee3e6505ed975f56a612b38e990c9f2c7b91045479aac9cf712";"f42bd430f6e0037ed028a9caa039e89837bc34cc7a70b0c5e925d200ae8624fc"
"Helsana-Angebote & Versicherung";"Weitere Angebote";"Helsana-Angebote";"Beschriftung";"Helsana-Angebot · sichtbares Linklabel; leere fit-Felder werden nicht katalogisiert, weil sie keinen sichtbaren Text erzeugen";"Zum Formular";"";"";"Marketing";"Nicht geprüft";"";"";"";"service.offer.feedback.label";"services";"2";"v1:53424b46c1243ee3e6505ed975f56a612b38e990c9f2c7b91045479aac9cf712";"ce8488eaffd97fde96c42ebf8edbe60737dbee1f1e5a4cfd4b5ff93402a91362"
"Helsana-Angebote & Versicherung";"Weitere Angebote";"Helsana-Angebote";"Beschriftung";"Helsana-Angebot · sichtbarer Platzhalter solange keine echte URL hinterlegt ist";"[Helsana+ passendes Partnerangebot verlinken]";"";"";"Marketing";"Nicht geprüft";"";"";"";"service.offer.plus.placeholder";"services";"2";"v1:53424b46c1243ee3e6505ed975f56a612b38e990c9f2c7b91045479aac9cf712";"d9cc11bd0cfcdf3829d66ef9b4bfbe14d26954644780e571851d128575436745"
"Helsana-Angebote & Versicherung";"Weitere Angebote";"Helsana-Angebote";"Beschriftung";"Helsana-Angebot · sichtbares Linklabel; leere fit-Felder werden nicht katalogisiert, weil sie keinen sichtbaren Text erzeugen";"Helsana+ Partnerangebote";"";"";"Marketing";"Nicht geprüft";"";"";"";"service.offer.plus.label";"services";"2";"v1:53424b46c1243ee3e6505ed975f56a612b38e990c9f2c7b91045479aac9cf712";"1b2796500aeba51484085d9f3e0b068fe43b058422ddf45ba7110a770fb4ad0c"
"Helsana-Angebote & Versicherung";"Weitere Angebote";"Helsana-Angebote";"Begründung / Einordnung";"Helsana-Angebot · sichtbare Einordnung der Angebots-Passung";"Belohnt aktive Schritte und macht das Dranbleiben leichter.";"";"";"Marketing";"Nicht geprüft";"";"";"";"service.offer.plus.fit";"services";"2";"v1:53424b46c1243ee3e6505ed975f56a612b38e990c9f2c7b91045479aac9cf712";"3eb2564691ce2c613fcf34469fec6541c7d91139109e0eaaeb19dade25d63628"
"Helsana-Angebote & Versicherung";"Weitere Angebote";"Helsana-Angebote";"Beschriftung";"Helsana-Angebot · sichtbarer Platzhalter solange keine echte URL hinterlegt ist";"[Helsana+ Programmseite verlinken]";"";"";"Marketing";"Nicht geprüft";"";"";"";"service.offer.plus_entdecken.placeholder";"services";"2";"v1:53424b46c1243ee3e6505ed975f56a612b38e990c9f2c7b91045479aac9cf712";"2135310af4e9ef380451a42161b4c3bd5e1c274052ae97f34cff65dc9bc4c8ae"
"Helsana-Angebote & Versicherung";"Weitere Angebote";"Helsana-Angebote";"Beschriftung";"Helsana-Angebot · sichtbares Linklabel; leere fit-Felder werden nicht katalogisiert, weil sie keinen sichtbaren Text erzeugen";"Helsana+ entdecken";"";"";"Marketing";"Nicht geprüft";"";"";"";"service.offer.plus_entdecken.label";"services";"2";"v1:53424b46c1243ee3e6505ed975f56a612b38e990c9f2c7b91045479aac9cf712";"3796738ef36d44ec985f7c33dcd89d27e8679ecd86e5414979ab644daee22b48"
"Medizin & Sicherheit";"Medizinische Hinweise & Notfallrouting";"Coach-Antworten";"Dynamischer Text";"Demo-Coach-Antwort bei Notfall- oder Krisenbegriffen";"Wenn es akut ist, zögern Sie nicht: Bei starken oder plötzlichen Beschwerden wählen Sie den Notruf <b>144</b>, in seelischen Krisen die Dargebotene Hand <b>143</b>. Ich bin nur eine Vorschau und kann keine medizinische Hilfe leisten.";"";"";"Marketing, Medizin";"Nicht geprüft";"";"";"144 | 143";"coach.answer.emergency";"coach";"2";"v1:53424b46c1243ee3e6505ed975f56a612b38e990c9f2c7b91045479aac9cf712";"34153a101fde087d02db83413dbaffcbe01e815e5aab92698e3c93cd7a9a4a61"
"Medizin & Sicherheit";"Medizinische Hinweise & Notfallrouting";"Medizinischer Hinweis";"Überschrift";"Medizinischer Abschlussblock, Überschrift";"Medizinischer Hinweis & nächste Schritte";"";"";"Marketing, Medizin";"Nicht geprüft";"";"";"";"ui.medical_notice.title";"ui";"2";"v1:53424b46c1243ee3e6505ed975f56a612b38e990c9f2c7b91045479aac9cf712";"43cfc9c9372ae2affba3895ab856f2d726ca5bc8744b41b146dcd83eb23ceaf8"
"Medizin & Sicherheit";"Medizinische Hinweise & Notfallrouting";"Medizinischer Hinweis";"Überschrift";"Medizinischer Abschlussblock, Zwischenüberschrift";"Sinnvolle nächste Schritte:";"";"";"Marketing, Medizin";"Nicht geprüft";"";"";"";"ui.medical_notice.steps_title";"ui";"2";"v1:53424b46c1243ee3e6505ed975f56a612b38e990c9f2c7b91045479aac9cf712";"825ea9ef1c35b27828f36419d1df07a6566356a83e07b1b831b2520ff0a4e9a2"
"Medizin & Sicherheit";"Medizinische Hinweise & Notfallrouting";"Medizinischer Hinweis";"Begründung / Einordnung";"Medizinischer Abschlussblock, Disclaimer";"Dieser Check ersetzt keine Diagnose, Untersuchung oder Behandlung. Er kann und soll keine medizinische Fachperson ersetzen. Nutzen Sie die Ergebnisse als Gesprächsgrundlage – nicht als abschliessende Beurteilung.";"";"";"Marketing, Medizin";"Nicht geprüft";"";"";"";"ui.medical_notice.disclaimer";"ui";"2";"v1:53424b46c1243ee3e6505ed975f56a612b38e990c9f2c7b91045479aac9cf712";"5abb8d200dbfeca676dd3f63370e5d39f6ef19628463dbb395a3e1bd1ce5c84b"
"Medizin & Sicherheit";"Medizinische Hinweise & Notfallrouting";"Medizinischer Hinweis";"Nächster Schritt";"Medizinischer Abschlussblock, dritter Listenpunkt";"Wählen Sie aus Ihrem Aktionsplan einen einzigen, kleinen Schritt für diese Woche.";"";"";"Marketing";"Nicht geprüft";"";"";"";"ui.medical_notice.step.choose";"ui";"2";"v1:53424b46c1243ee3e6505ed975f56a612b38e990c9f2c7b91045479aac9cf712";"e713f2f934c6c8bfb6cb40318dd1c0b5d1d25b4eb35bcc86335a30d43cef6aab"
"Medizin & Sicherheit";"Medizinische Hinweise & Notfallrouting";"Medizinischer Hinweis";"Nächster Schritt";"Medizinischer Abschlussblock, erster Listenpunkt";"Besprechen Sie auffällige Werte, bestehende Diagnosen oder familiäre Vorbelastung mit einer medizinischen Fachperson.";"";"";"Marketing, Medizin";"Nicht geprüft";"";"";"";"ui.medical_notice.step.discuss";"ui";"2";"v1:53424b46c1243ee3e6505ed975f56a612b38e990c9f2c7b91045479aac9cf712";"3c7f3cf6f34f1613157b4272c28ed361346bf3f906fb9fcd837b5a44336354c2"
"Medizin & Sicherheit";"Medizinische Hinweise & Notfallrouting";"Medizinischer Hinweis";"Nächster Schritt";"Medizinischer Abschlussblock, Notfall-Listenpunkt";"Bei akuten, starken oder plötzlichen Beschwerden: Notruf <b>144</b>. In seelischen Krisen: Dargebotene Hand <b>143</b>.";"";"";"Marketing, Medizin";"Nicht geprüft";"";"";"144 | 143";"ui.medical_notice.step.emergency";"ui";"2";"v1:53424b46c1243ee3e6505ed975f56a612b38e990c9f2c7b91045479aac9cf712";"ccdac03814f031020dba992617668c822cc19894238d2f01183ec91da730f683"
"Medizin & Sicherheit";"Medizinische Hinweise & Notfallrouting";"Medizinischer Hinweis";"Nächster Schritt";"Medizinischer Abschlussblock, zweiter Listenpunkt";"Lassen Sie unbekannte Basiswerte (z. B. Blutdruck, Blutzucker/HbA1c, Blutfette) bei Gelegenheit bestimmen.";"";"";"Marketing, Medizin";"Nicht geprüft";"";"";"";"ui.medical_notice.step.measure";"ui";"2";"v1:53424b46c1243ee3e6505ed975f56a612b38e990c9f2c7b91045479aac9cf712";"faa049b723317bf6886bdcb02b6dbc44e320810a5561bbf9e73ea81517665abf"
"Medizin & Sicherheit";"Medizinische Hinweise & Notfallrouting";"Warnhinweis";"Überschrift";"Warnbanner bei dringendem beziehungsweise hohem mentalem Signal";"Bitte zeitnah ärztlich abklären";"";"";"Marketing, Medizin";"Nicht geprüft";"";"";"";"ui.urgent.title";"ui";"2";"v1:53424b46c1243ee3e6505ed975f56a612b38e990c9f2c7b91045479aac9cf712";"3cfb4099f02a646484447f10cd14988c1f66aad65c6eac1700d345069506790b"
"Medizin & Sicherheit";"Medizinische Hinweise & Notfallrouting";"Warnhinweis";"Begründung / Einordnung";"Warnbanner bei dringendem beziehungsweise hohem mentalem Signal";"Einige Ihrer Angaben sollten zeitnah mit einer medizinischen Fachperson besprochen werden. Bei akuten, starken Beschwerden wählen Sie den Notruf <b>144</b>; in seelischen Krisen die Dargebotene Hand <b>143</b>.";"";"";"Marketing, Medizin";"Nicht geprüft";"";"";"144 | 143";"ui.urgent.body";"ui";"2";"v1:53424b46c1243ee3e6505ed975f56a612b38e990c9f2c7b91045479aac9cf712";"9c8d139c5a6f41dee5a2b315d36bb58778206505df648c2a7d61d2708d4ce88b"
"Globale Navigation";"Navigation, Sprache & Installation";"Barrierefreiheit";"Barrierefreie Beschriftung";"Sprunglink zum Hauptinhalt";"Zum Inhalt springen";"";"";"Marketing";"Nicht geprüft";"";"";"";"shell.skip_to_content";"shell";"2";"v1:53424b46c1243ee3e6505ed975f56a612b38e990c9f2c7b91045479aac9cf712";"51b5ce4a82a0c8178636ea1c8bbde3ae8c95615b14b28668817568e088d448dd"
"Globale Navigation";"Navigation, Sprache & Installation";"Fusszeile";"Beschriftung";"Link zur Helsana-Gruppe";"Helsana Gruppe";"";"";"Marketing";"Nicht geprüft";"";"";"";"shell.footer.helsana_group";"shell";"2";"v1:53424b46c1243ee3e6505ed975f56a612b38e990c9f2c7b91045479aac9cf712";"e4df0fcb5f73d72989a5c531b9b0e099e5c3032694340bae96a220262dc1bc52"
"Globale Navigation";"Navigation, Sprache & Installation";"Fusszeile";"Beschriftung";"Platzhalter für den Newsletter";"Newsletter";"";"";"Marketing";"Prüfung erforderlich";"Ziel-Link vor Go-live ergänzen.";"";"";"shell.footer.newsletter";"shell";"2";"v1:53424b46c1243ee3e6505ed975f56a612b38e990c9f2c7b91045479aac9cf712";"525829f660d2420aedc889240d3e8495e5be277cec015ea423915d668d32440d"
"Globale Navigation";"Navigation, Sprache & Installation";"Fusszeile";"Beschriftung";"Platzhalter für den Prämienrechner";"Prämienrechner";"";"";"Marketing";"Prüfung erforderlich";"Ziel-Link vor Go-live ergänzen.";"";"";"shell.footer.premium_calculator";"shell";"2";"v1:53424b46c1243ee3e6505ed975f56a612b38e990c9f2c7b91045479aac9cf712";"ebb4e0d5e00b906d0a687d84c4b28473296ece7a0e0fe432cc6a1067f288918d"
"Globale Navigation";"Navigation, Sprache & Installation";"Fusszeile";"Beschriftung";"Platzhalter für Jobs und Karriere";"Jobs & Karriere";"";"";"Marketing";"Prüfung erforderlich";"Ziel-Link vor Go-live ergänzen.";"";"";"shell.footer.jobs";"shell";"2";"v1:53424b46c1243ee3e6505ed975f56a612b38e990c9f2c7b91045479aac9cf712";"704722023445e50daa345afc64edcc5b49bd03284010e5ea8c1a31a3af81a8c2"
"Globale Navigation";"Navigation, Sprache & Installation";"Fusszeile";"Beschriftung";"Platzhalter für Medien und Publikationen";"Medien & Publikationen";"";"";"Marketing";"Prüfung erforderlich";"Ziel-Link vor Go-live ergänzen.";"";"";"shell.footer.media";"shell";"2";"v1:53424b46c1243ee3e6505ed975f56a612b38e990c9f2c7b91045479aac9cf712";"bc0b4327472b4d5f09e75471de0f41e7cb31e0cd560ae6b8339fb45057a20442"
"Globale Navigation";"Navigation, Sprache & Installation";"Fusszeile";"Beschriftung";"Platzhalter für Service Adresse ändern";"Adresse ändern";"";"";"Marketing";"Prüfung erforderlich";"Ziel-Link vor Go-live ergänzen.";"";"";"shell.footer.change_address";"shell";"2";"v1:53424b46c1243ee3e6505ed975f56a612b38e990c9f2c7b91045479aac9cf712";"1e0488ecf1b0af936c114dfc6206fc38b34417f4706df0f1d422c426ae55e107"
"Globale Navigation";"Navigation, Sprache & Installation";"Fusszeile";"Beschriftung";"Platzhalter für Service Rechnung einsenden";"Rechnung einsenden";"";"";"Marketing";"Prüfung erforderlich";"Ziel-Link vor Go-live ergänzen.";"";"";"shell.footer.submit_invoice";"shell";"2";"v1:53424b46c1243ee3e6505ed975f56a612b38e990c9f2c7b91045479aac9cf712";"ac579505dd186a9e1f3cc4228f17f5b9b3cbec6a8dfda9b50c4afeec85194805"
"Globale Navigation";"Navigation, Sprache & Installation";"Fusszeile";"Beschriftung";"Platzhalter für Über uns";"Über uns";"";"";"Marketing";"Prüfung erforderlich";"Ziel-Link vor Go-live ergänzen.";"";"";"shell.footer.about";"shell";"2";"v1:53424b46c1243ee3e6505ed975f56a612b38e990c9f2c7b91045479aac9cf712";"4f777a9e069ac52e71ba11aa65cba82c8205166458567f9994f9c8483e4e256d"
"Globale Navigation";"Navigation, Sprache & Installation";"Fusszeile";"Beschriftung";"Platzhalter für Übersicht aller Services";"Alle Services";"";"";"Marketing";"Prüfung erforderlich";"Ziel-Link vor Go-live ergänzen.";"";"";"shell.footer.all_services";"shell";"2";"v1:53424b46c1243ee3e6505ed975f56a612b38e990c9f2c7b91045479aac9cf712";"2c9db11d0f34a53ad2c84d3ca367542acc6068538e586fbdcab5ad5e02b3f67d"
"Globale Navigation";"Navigation, Sprache & Installation";"Fusszeile";"Überschrift";"Spaltenüberschrift Bereiche";"Bereiche";"";"";"Marketing";"Nicht geprüft";"";"";"";"shell.footer.areas_heading";"shell";"2";"v1:53424b46c1243ee3e6505ed975f56a612b38e990c9f2c7b91045479aac9cf712";"690d5f21cb8f849a25d3c7c043d5c598d1bb5d07170be39f562f10ebfd13f4be"
"Globale Navigation";"Navigation, Sprache & Installation";"Fusszeile";"Überschrift";"Spaltenüberschrift Helsana";"Helsana";"";"";"Marketing";"Nicht geprüft";"Markenname nicht übersetzen.";"";"";"shell.footer.helsana_heading";"shell";"2";"v1:53424b46c1243ee3e6505ed975f56a612b38e990c9f2c7b91045479aac9cf712";"f5270d66d1db03b3dd304e9b87994f5ba8a6384a986298c344f0aa766ce754e6"
"Globale Navigation";"Navigation, Sprache & Installation";"Fusszeile";"Überschrift";"Spaltenüberschrift Services";"Services";"";"";"Marketing";"Nicht geprüft";"";"";"";"shell.footer.services_heading";"shell";"2";"v1:53424b46c1243ee3e6505ed975f56a612b38e990c9f2c7b91045479aac9cf712";"bbbc58092dbd2f49e01d168054f8b096b9a0fa1ebace668bd3741a7bf5bae180"
"Globale Navigation";"Navigation, Sprache & Installation";"Barrierefreiheit";"Barrierefreie Beschriftung";"Fusszeile, barrierefreie Bezeichnung der Linknavigation";"Weitere Helsana-Links";"";"";"Marketing";"Nicht geprüft";"";"";"";"shell.footer.nav_aria";"shell";"2";"v1:53424b46c1243ee3e6505ed975f56a612b38e990c9f2c7b91045479aac9cf712";"56702040306f66a6101f264a49f7f75e2d0c2333ef6db4ce01a2b9b95f9e29c9"
"Globale Navigation";"Navigation, Sprache & Installation";"Fusszeile";"Detailtext";"Erklärung der grau markierten Platzhalter";"Grau markierte Links sind Platzhalter und werden vor Go-live final verlinkt.";"";"";"Marketing";"Prüfung erforderlich";"Vor Go-live zusammen mit den Platzhaltern entfernen oder aktualisieren.";"";"";"shell.footer.placeholder_note";"shell";"2";"v1:53424b46c1243ee3e6505ed975f56a612b38e990c9f2c7b91045479aac9cf712";"0fc8b1119a94016f7ddd1c5e8e33ed828002d20efb4de369636b177d675dea08"
"Globale Navigation";"Navigation, Sprache & Installation";"Kopfzeile";"Beschriftung";"Bezeichnung des Gesundheitschecks neben dem Logo";"Ihr Gesundheitscheck";"";"";"Marketing";"Nicht geprüft";"";"";"";"shell.header.tagline";"shell";"2";"v1:53424b46c1243ee3e6505ed975f56a612b38e990c9f2c7b91045479aac9cf712";"ffff3c8ce5f714252218bdb7254a6f210c39135bfc713e77b3584d355f9f542b"
"Globale Navigation";"Navigation, Sprache & Installation";"Barrierefreiheit";"Barrierefreie Beschriftung";"Alternativtext des Helsana-Logos";"Helsana";"";"";"Marketing";"Nicht geprüft";"Markenname nicht übersetzen.";"";"";"shell.header.logo_alt";"shell";"2";"v1:53424b46c1243ee3e6505ed975f56a612b38e990c9f2c7b91045479aac9cf712";"d75ab388c82089c5575208b09304303cc28052bf31a451f85f409e29db3c88ce"
"Globale Navigation";"Navigation, Sprache & Installation";"Barrierefreiheit";"Barrierefreie Beschriftung";"Helsana-Logo als Link zum Gesundheitscheck";"Helsana – Gesundheitscheck";"";"";"Marketing";"Nicht geprüft";"";"";"";"shell.header.brand_aria";"shell";"2";"v1:53424b46c1243ee3e6505ed975f56a612b38e990c9f2c7b91045479aac9cf712";"3dbaeecf29e5b3ebf6d060de9110a8bf757fb8bce7e4f94e3a46fb4e8b441bab"
"Globale Navigation";"Navigation, Sprache & Installation";"Sprachwahl";"Beschriftung";"Kurzbezeichnung Deutsch";"DE";"";"";"Marketing";"Nicht geprüft";"Nicht übersetzen.";"";"";"shell.language.de_short";"shell";"2";"v1:53424b46c1243ee3e6505ed975f56a612b38e990c9f2c7b91045479aac9cf712";"97caa779bd02c27dd61518bb25489f5e5edc038fb96b38d9567bf87840d0ce6b"
"Globale Navigation";"Navigation, Sprache & Installation";"Sprachwahl";"Beschriftung";"Kurzbezeichnung Englisch";"EN";"";"";"Marketing";"Nicht geprüft";"Nicht übersetzen.";"";"";"shell.language.en_short";"shell";"2";"v1:53424b46c1243ee3e6505ed975f56a612b38e990c9f2c7b91045479aac9cf712";"1adffb88351134094769616c9e44a173b571f4c8bf453929d6376de4f301969d"
"Globale Navigation";"Navigation, Sprache & Installation";"Sprachwahl";"Beschriftung";"Kurzbezeichnung Französisch";"FR";"";"";"Marketing";"Nicht geprüft";"Nicht übersetzen.";"";"";"shell.language.fr_short";"shell";"2";"v1:53424b46c1243ee3e6505ed975f56a612b38e990c9f2c7b91045479aac9cf712";"641cfb583149d14ceb50a94be5a90ae8f7c05df12a42135757e9c6f0341b02c8"
"Globale Navigation";"Navigation, Sprache & Installation";"Sprachwahl";"Beschriftung";"Kurzbezeichnung Italienisch";"IT";"";"";"Marketing";"Nicht geprüft";"Nicht übersetzen.";"";"";"shell.language.it_short";"shell";"2";"v1:53424b46c1243ee3e6505ed975f56a612b38e990c9f2c7b91045479aac9cf712";"347a8224cbd30c920e6c15b60fc87c4639d15833fdd43a0637c970031997d913"
"Globale Navigation";"Navigation, Sprache & Installation";"Sprachwahl";"Barrierefreie Beschriftung";"Barrierefreie Bezeichnung der Sprachwahl";"Sprache wählen";"";"";"Marketing";"Nicht geprüft";"";"";"";"shell.language.group_aria";"shell";"2";"v1:53424b46c1243ee3e6505ed975f56a612b38e990c9f2c7b91045479aac9cf712";"dbec1f50ad6d95758e212f53afe6d6aa010eeaf99690e3e7bd87d9bd8e521fd6"
"Globale Navigation";"Navigation, Sprache & Installation";"Sprachwahl";"Barrierefreie Beschriftung";"Barrierefreie Bezeichnung Deutsch";"Deutsch";"";"";"Marketing";"Nicht geprüft";"";"";"";"shell.language.de_label";"shell";"2";"v1:53424b46c1243ee3e6505ed975f56a612b38e990c9f2c7b91045479aac9cf712";"e00c9265089f1caf6907b09a67e4f85958c025a699eb339c2b3c2e002b5f3612"
"Globale Navigation";"Navigation, Sprache & Installation";"Sprachwahl";"Barrierefreie Beschriftung";"Barrierefreie Bezeichnung Englisch";"English";"";"";"Marketing";"Nicht geprüft";"Eigenbezeichnung beibehalten.";"";"";"shell.language.en_label";"shell";"2";"v1:53424b46c1243ee3e6505ed975f56a612b38e990c9f2c7b91045479aac9cf712";"2d3340f1d59f72b115f160c414ac45ddd53463b09447dc269f84bea48197730a"
"Globale Navigation";"Navigation, Sprache & Installation";"Sprachwahl";"Barrierefreie Beschriftung";"Barrierefreie Bezeichnung Französisch";"Français";"";"";"Marketing";"Nicht geprüft";"Eigenbezeichnung beibehalten.";"";"";"shell.language.fr_label";"shell";"2";"v1:53424b46c1243ee3e6505ed975f56a612b38e990c9f2c7b91045479aac9cf712";"7dcc1fdb34211ce4d6f9f94783319df12fdf476605e7a38fbe1c6a751ee7b42d"
"Globale Navigation";"Navigation, Sprache & Installation";"Sprachwahl";"Barrierefreie Beschriftung";"Barrierefreie Bezeichnung Italienisch";"Italiano";"";"";"Marketing";"Nicht geprüft";"Eigenbezeichnung beibehalten.";"";"";"shell.language.it_label";"shell";"2";"v1:53424b46c1243ee3e6505ed975f56a612b38e990c9f2c7b91045479aac9cf712";"72ca54ff863a94fa9738c6895087fc42f2280e1909a8640a416b6da49074b59e"
"Globale Navigation";"Navigation, Sprache & Installation";"Fusszeile";"Rechtlicher Hinweis";"Platzhalter für Cookie-Einstellungen";"Cookie-Einstellungen";"";"";"Marketing, Recht";"Prüfung erforderlich";"Ziel-Link vor Go-live ergänzen.";"";"";"shell.legal.cookies";"shell";"2";"v1:53424b46c1243ee3e6505ed975f56a612b38e990c9f2c7b91045479aac9cf712";"f8449cf5f0780415c7c021f728344320b76a398635e9f67b62de2a1027f37b42"
"Globale Navigation";"Navigation, Sprache & Installation";"Fusszeile";"Rechtlicher Hinweis";"Platzhalter für Datenschutz";"Datenschutz";"";"";"Marketing, Recht";"Prüfung erforderlich";"Ziel-Link vor Go-live ergänzen.";"";"";"shell.legal.privacy";"shell";"2";"v1:53424b46c1243ee3e6505ed975f56a612b38e990c9f2c7b91045479aac9cf712";"2aa87f456af6636a4304069badb3dbf3759dc8a5eaae730a05a0d1a63a33b181"
"Globale Navigation";"Navigation, Sprache & Installation";"Fusszeile";"Rechtlicher Hinweis";"Platzhalter für Impressum";"Impressum";"";"";"Marketing, Recht";"Prüfung erforderlich";"Ziel-Link vor Go-live ergänzen.";"";"";"shell.legal.imprint";"shell";"2";"v1:53424b46c1243ee3e6505ed975f56a612b38e990c9f2c7b91045479aac9cf712";"5fe68d4b4d6c5ca7ab6a023cc667a8618cdb1bde792190d0d5bca98e9c0c66f4"
"Globale Navigation";"Navigation, Sprache & Installation";"Fusszeile";"Rechtlicher Hinweis";"Platzhalter für Nutzungsbedingungen";"Nutzungsbedingungen";"";"";"Marketing, Recht";"Prüfung erforderlich";"Ziel-Link vor Go-live ergänzen.";"";"";"shell.legal.terms";"shell";"2";"v1:53424b46c1243ee3e6505ed975f56a612b38e990c9f2c7b91045479aac9cf712";"85bf9ba08df07a646b97ff78d32736db6a616fb1846e25af2f54ba4767988faa"
"Globale Navigation";"Navigation, Sprache & Installation";"Fusszeile";"Rechtlicher Hinweis";"Platzhalter für rechtliche Hinweise";"Rechtliche Hinweise";"";"";"Marketing, Recht";"Prüfung erforderlich";"Ziel-Link vor Go-live ergänzen.";"";"";"shell.legal.legal_notice";"shell";"2";"v1:53424b46c1243ee3e6505ed975f56a612b38e990c9f2c7b91045479aac9cf712";"6f0db5ff65f47beb06d7129a46ee8b242aba42410f2db0a740177abaa91d8730"
"Globale Navigation";"Navigation, Sprache & Installation";"Mobile Installation";"Überschrift";"Vollständiger App-Name auf dem Startbildschirm und in der Installationsansicht";"Helsana Gesundheitscheck";"";"";"Marketing";"Prüfung erforderlich";"Wird beim Build automatisch in das sprachspezifische Web-App-Manifest übernommen.";"";"";"shell.manifest.name";"shell";"2";"v1:53424b46c1243ee3e6505ed975f56a612b38e990c9f2c7b91045479aac9cf712";"960282fecba63dc4d24219ca8d404e5574d9db46dcf186762eb5d11f0d379619"
"Globale Navigation";"Navigation, Sprache & Installation";"Mobile Installation";"Detailtext";"Kurzbeschreibung der installierbaren Web-App";"Ihr persönlicher Gesundheitscheck von Helsana.";"";"";"Marketing, Recht";"Prüfung erforderlich";"Wird beim Build automatisch in das sprachspezifische Web-App-Manifest übernommen.";"";"";"shell.manifest.description";"shell";"2";"v1:53424b46c1243ee3e6505ed975f56a612b38e990c9f2c7b91045479aac9cf712";"140ea97df10e91f45af5b4d89b4f3dc7b54e01a6af60e73c62dfa2650f067d2a"
"Globale Navigation";"Navigation, Sprache & Installation";"Seitengerüst";"Überschrift";"Installierte Web-App, Titel auf dem Startbildschirm";"Gesundheitscheck";"";"";"Marketing";"Nicht geprüft";"";"";"";"shell.meta.app_title";"shell";"2";"v1:53424b46c1243ee3e6505ed975f56a612b38e990c9f2c7b91045479aac9cf712";"bcddc40ac9c706ab6cdf2560d5c0b85cdf41f84a531c5e5d279eb09e9d759441"
"Globale Navigation";"Navigation, Sprache & Installation";"Seitengerüst";"Überschrift";"Startseite, Browser-Titel";"Gesundheitscheck";"";"";"Marketing";"Nicht geprüft";"";"";"";"shell.meta.index_title";"shell";"2";"v1:53424b46c1243ee3e6505ed975f56a612b38e990c9f2c7b91045479aac9cf712";"da16dbcf7580a3fbd857cfc0da04ceaa5fe7e43740d60d0cb6bb05d935d7e8f4"
"Globale Navigation";"Navigation, Sprache & Installation";"Seitengerüst";"Detailtext";"Startseite, Meta-Beschreibung";"Digitaler Gesundheitscheck: Ihr persönlicher Healthspan- und Präventions-Check. Keine Diagnose, sondern eine motivierende Standortbestimmung.";"";"";"Marketing, Recht";"Prüfung erforderlich";"Meta-Text vor Go-live sprachlich und rechtlich freigeben.";"";"";"shell.meta.index_description";"shell";"2";"v1:53424b46c1243ee3e6505ed975f56a612b38e990c9f2c7b91045479aac9cf712";"9d9ce9a4a276b1a6fac03aca5a58ae703b219ca35621ccd6330acf8cda3c963a"
"Globale Navigation";"Navigation, Sprache & Installation";"Fusszeile";"Barrierefreie Beschriftung";"Hinweistitel eines noch nicht verlinkten Platzhalters";"Platzhalter – echten Link ergänzen";"";"";"Marketing";"Prüfung erforderlich";"Wird entfernt, sobald der jeweilige Link produktiv ist.";"";"";"shell.placeholder.link_title";"shell";"2";"v1:53424b46c1243ee3e6505ed975f56a612b38e990c9f2c7b91045479aac9cf712";"75b34b47c4f7876af1c4f2c48e9cc096e70567aeb90ed6ff48b1035fd03155fa"
"Globale Navigation";"Navigation, Sprache & Installation";"Barrierefreiheit";"Barrierefreie Beschriftung";"Facebook-Platzhalter in der Fusszeile";"Facebook (Platzhalter)";"";"";"Marketing";"Prüfung erforderlich";"Ziel-Link vor Go-live ergänzen.";"";"";"shell.social.facebook_aria";"shell";"2";"v1:53424b46c1243ee3e6505ed975f56a612b38e990c9f2c7b91045479aac9cf712";"1a16e3a190530226174f906cc1080f900d1b7d61170ee9476328ddca858ce1ba"
"Globale Navigation";"Navigation, Sprache & Installation";"Barrierefreiheit";"Barrierefreie Beschriftung";"Instagram-Platzhalter in der Fusszeile";"Instagram (Platzhalter)";"";"";"Marketing";"Prüfung erforderlich";"Ziel-Link vor Go-live ergänzen.";"";"";"shell.social.instagram_aria";"shell";"2";"v1:53424b46c1243ee3e6505ed975f56a612b38e990c9f2c7b91045479aac9cf712";"44cf9eb21c0c47104a4a390f8fbaa4db9d16903660d103d09d65979f70e0ed33"
"Globale Navigation";"Navigation, Sprache & Installation";"Barrierefreiheit";"Barrierefreie Beschriftung";"LinkedIn-Platzhalter in der Fusszeile";"LinkedIn (Platzhalter)";"";"";"Marketing";"Prüfung erforderlich";"Ziel-Link vor Go-live ergänzen.";"";"";"shell.social.linkedin_aria";"shell";"2";"v1:53424b46c1243ee3e6505ed975f56a612b38e990c9f2c7b91045479aac9cf712";"313e66f9649b13196fa64c8dbb849ca1d466759c8c71c20e9100b265a084c819"
"Globale Navigation";"Navigation, Sprache & Installation";"Barrierefreiheit";"Barrierefreie Beschriftung";"YouTube-Platzhalter in der Fusszeile";"YouTube (Platzhalter)";"";"";"Marketing";"Prüfung erforderlich";"Ziel-Link vor Go-live ergänzen.";"";"";"shell.social.youtube_aria";"shell";"2";"v1:53424b46c1243ee3e6505ed975f56a612b38e990c9f2c7b91045479aac9cf712";"67c015f5b2088849bba5617bcf5ea7ecc03d32caf58a2e77669485c3d491c772"
"Globale Navigation";"Navigation, Sprache & Installation";"Kopf- und Fusszeile";"Beschriftung";"Link zu myHelsana";"myHelsana";"";"";"Marketing";"Nicht geprüft";"Markenname nicht übersetzen.";"";"";"shell.utility.myhelsana";"shell";"2";"v1:53424b46c1243ee3e6505ed975f56a612b38e990c9f2c7b91045479aac9cf712";"628d4392f4313ff34ab5534d0d4fb1aebdbfe5d5f3787a905613bd5721ec457f"
"Globale Navigation";"Navigation, Sprache & Installation";"Kopf- und Fusszeile";"Beschriftung";"Link zum Bereich für Privatpersonen";"Für Private";"";"";"Marketing";"Nicht geprüft";"";"";"";"shell.utility.private";"shell";"2";"v1:53424b46c1243ee3e6505ed975f56a612b38e990c9f2c7b91045479aac9cf712";"a525654fe2199dbaf7d80a8cbc88c9df483e9e4a59d5d28c0a1a44bbe4c31334"
"Globale Navigation";"Navigation, Sprache & Installation";"Kopf- und Fusszeile";"Beschriftung";"Link zum Bereich für Unternehmen";"Für Unternehmen";"";"";"Marketing";"Nicht geprüft";"";"";"";"shell.utility.business";"shell";"2";"v1:53424b46c1243ee3e6505ed975f56a612b38e990c9f2c7b91045479aac9cf712";"40c5c7bdb181834c6a2f71a4a96e20c140fef6f9463adffb326d3f86a3176cb7"
"Globale Navigation";"Navigation, Sprache & Installation";"Kopfzeile";"Beschriftung";"Helsana-Gruppenmenü";"Helsana-Gruppe";"";"";"Marketing";"Nicht geprüft";"";"";"";"shell.utility.group";"shell";"2";"v1:53424b46c1243ee3e6505ed975f56a612b38e990c9f2c7b91045479aac9cf712";"32f14b4259327d404867ed8f4ef8c360e3e019b2d2d6288222a5da3b95aa6a05"
"Globale Navigation";"Navigation, Sprache & Installation";"Kopfzeile";"Beschriftung";"Link zum Helsana-Blog";"Blog";"";"";"Marketing";"Nicht geprüft";"";"";"";"shell.utility.blog";"shell";"2";"v1:53424b46c1243ee3e6505ed975f56a612b38e990c9f2c7b91045479aac9cf712";"6910a7d53bef0a2912819675897340d71f1714533a3668a2ae0135345553bb22"
"Globale Navigation";"Navigation, Sprache & Installation";"Barrierefreiheit";"Barrierefreie Beschriftung";"Kopfzeile, barrierefreie Bezeichnung der Helsana-Verweise";"Helsana Verweise";"";"";"Marketing";"Nicht geprüft";"";"";"";"shell.utility.nav_aria";"shell";"2";"v1:53424b46c1243ee3e6505ed975f56a612b38e990c9f2c7b91045479aac9cf712";"a21a3f6041a61be304a40ceb37654e3f4941a2a0974c2c1d3b28c3148891e0e0"
"Quellen & Transparenz";"Fachquellen & Quellenverzeichnis";"Quellenlinks";"Beschriftung";"Quellenseite, Trennzeichen zwischen mehreren Fachquellen";"·";"";"";"Marketing, Medizin";"Prüfung erforderlich";"Typografisches Trennzeichen; in allen Sprachen unverändert.";"";"";"sources.separator";"sources";"2";"v1:53424b46c1243ee3e6505ed975f56a612b38e990c9f2c7b91045479aac9cf712";"1e32d6494ae6da180b41140345414289d362e3c80ab1ba69191023eedd51b359"
"Quellen & Transparenz";"Fachquellen & Quellenverzeichnis";"Fachliche Freigabe";"Medizinischer Hinweis";"Allgemeine Quellenseite · Prüfhinweis";"Vor produktivem Einsatz sollten die fachlichen Inhalte und Orientierungswerte durch medizinische Fachpersonen von Helsana final geprüft und freigegeben werden.";"";"";"Marketing, Medizin";"Prüfung erforderlich";"";"";"";"sources.review_disclaimer";"sources";"2";"v1:53424b46c1243ee3e6505ed975f56a612b38e990c9f2c7b91045479aac9cf712";"a676137009f8b47fd410261f31aab3d4036fba273cf7181e1bfd4e584ec7d609"
"Quellen & Transparenz";"Fachquellen & Quellenverzeichnis";"Navigation";"Detailtext";"Allgemeine Quellenseite · Zurück-Navigation";"← Zurück zum Check";"";"";"Marketing, Medizin";"Prüfung erforderlich";"";"";"";"sources.back_to_check";"sources";"2";"v1:53424b46c1243ee3e6505ed975f56a612b38e990c9f2c7b91045479aac9cf712";"8eb72f9bac40e16cadb81eb17083f70233f3d88af7c5214c370bd32a223c791e"
"Quellen & Transparenz";"Fachquellen & Quellenverzeichnis";"Blutdruck und Herz-Kreislauf-Prävention";"Überschrift";"Blutdruck · Überschrift";"Blutdruck & Herz-Kreislauf-Prävention";"";"";"Marketing, Medizin";"Prüfung erforderlich";"";"";"";"sources.blood_pressure.title";"sources";"2";"v1:53424b46c1243ee3e6505ed975f56a612b38e990c9f2c7b91045479aac9cf712";"2507f13fe496c9979457073789c672d11b8bddbbad845fa248c2933a3cbc3ea0"
"Quellen & Transparenz";"Fachquellen & Quellenverzeichnis";"Blutdruck und Herz-Kreislauf-Prävention";"Quellenbezeichnung";"Blutdruck · Quellenangabe";"WHO – Hypertension";"";"";"Marketing, Medizin";"Prüfung erforderlich";"";"";"";"sources.blood_pressure.reference";"sources";"2";"v1:53424b46c1243ee3e6505ed975f56a612b38e990c9f2c7b91045479aac9cf712";"d81c566268535df6bd580afee4546c1d87586435b4c1be6e6194577a467d6138"
"Quellen & Transparenz";"Fachquellen & Quellenverzeichnis";"Blutdruck und Herz-Kreislauf-Prävention";"Detailtext";"Blutdruck · Fachlicher Punkt";"Bluthochdruck ab 140/90 mmHg (an zwei Tagen gemessen).";"";"";"Marketing, Medizin";"Prüfung erforderlich";"";"";"";"sources.blood_pressure.point.1";"sources";"2";"v1:53424b46c1243ee3e6505ed975f56a612b38e990c9f2c7b91045479aac9cf712";"29cd9a474983a6f31513ed09f8b756a7cabb58d0d0ac85d76de1cceb55efa890"
"Quellen & Transparenz";"Fachquellen & Quellenverzeichnis";"Blutdruck und Herz-Kreislauf-Prävention";"Detailtext";"Blutdruck · Fachlicher Punkt";"Sehr hohe Werte (~180/120 mmHg) → zeitnahe ärztliche Abklärung.";"";"";"Marketing, Medizin";"Prüfung erforderlich";"";"";"";"sources.blood_pressure.point.2";"sources";"2";"v1:53424b46c1243ee3e6505ed975f56a612b38e990c9f2c7b91045479aac9cf712";"601f7bab8708b7e9e738864e744402fadeae131a194368862e89871ba1351998"
"Quellen & Transparenz";"Fachquellen & Quellenverzeichnis";"Blutdruck und Herz-Kreislauf-Prävention";"Detailtext";"Blutdruck · Fachlicher Punkt";"Zielwert oft unter 130/80 mmHg bei erhöhtem Risiko, sonst unter 140/90.";"";"";"Marketing, Medizin";"Prüfung erforderlich";"";"";"";"sources.blood_pressure.point.3";"sources";"2";"v1:53424b46c1243ee3e6505ed975f56a612b38e990c9f2c7b91045479aac9cf712";"a4006133b55fa8fea5694913000f91ddf290df843ee4fa2b24a56c0424ce3572"
"Quellen & Transparenz";"Fachquellen & Quellenverzeichnis";"Blutdruck und Herz-Kreislauf-Prävention";"Detailtext";"Blutdruck · Fachlicher Punkt";"Lebensstil senkt Blutdruck; Alkohol max. 1 (Frauen) bzw. 2 (Männer) Glas/Tag.";"";"";"Marketing, Medizin";"Prüfung erforderlich";"";"";"";"sources.blood_pressure.point.4";"sources";"2";"v1:53424b46c1243ee3e6505ed975f56a612b38e990c9f2c7b91045479aac9cf712";"eed2cd2d5bd40becc3b2e70d7bdf931aa34d9156e8a396a658714f36c4d38074"
"Quellen & Transparenz";"Fachquellen & Quellenverzeichnis";"Bereichsnummern";"Überschrift";"Quellenkarte · Inhalt";"1";"";"";"Marketing, Medizin";"Prüfung erforderlich";"";"";"";"sources.card.1.number";"sources";"2";"v1:53424b46c1243ee3e6505ed975f56a612b38e990c9f2c7b91045479aac9cf712";"a80687ab0c94dc809da08e67129921d6626178824e8042909c094ebbb1801a4f"
"Quellen & Transparenz";"Fachquellen & Quellenverzeichnis";"Bereichsnummern";"Überschrift";"Quellenkarte · Inhalt";"10";"";"";"Marketing, Medizin";"Prüfung erforderlich";"";"";"";"sources.card.10.number";"sources";"2";"v1:53424b46c1243ee3e6505ed975f56a612b38e990c9f2c7b91045479aac9cf712";"6220e2bb0471605f66d111c1137604b86adf8894bd3e40159a98e6d10a57bfa9"
"Quellen & Transparenz";"Fachquellen & Quellenverzeichnis";"Bereichsnummern";"Überschrift";"Quellenkarte · Inhalt";"2";"";"";"Marketing, Medizin";"Prüfung erforderlich";"";"";"";"sources.card.2.number";"sources";"2";"v1:53424b46c1243ee3e6505ed975f56a612b38e990c9f2c7b91045479aac9cf712";"add2adbf1c92111dba87134586cb7c44466f10d24b0d0255518811f78f5233f5"
"Quellen & Transparenz";"Fachquellen & Quellenverzeichnis";"Bereichsnummern";"Überschrift";"Quellenkarte · Inhalt";"3";"";"";"Marketing, Medizin";"Prüfung erforderlich";"";"";"";"sources.card.3.number";"sources";"2";"v1:53424b46c1243ee3e6505ed975f56a612b38e990c9f2c7b91045479aac9cf712";"bd8deddaf523bab39778de4c9b444a108604278249a3af0ef653d83de75a0ab1"
"Quellen & Transparenz";"Fachquellen & Quellenverzeichnis";"Bereichsnummern";"Überschrift";"Quellenkarte · Inhalt";"4";"";"";"Marketing, Medizin";"Prüfung erforderlich";"";"";"";"sources.card.4.number";"sources";"2";"v1:53424b46c1243ee3e6505ed975f56a612b38e990c9f2c7b91045479aac9cf712";"efc61c835655b420115e65b799c9204d4936d019e4411e04e451fc02ff42486e"
"Quellen & Transparenz";"Fachquellen & Quellenverzeichnis";"Bereichsnummern";"Überschrift";"Quellenkarte · Inhalt";"5";"";"";"Marketing, Medizin";"Prüfung erforderlich";"";"";"";"sources.card.5.number";"sources";"2";"v1:53424b46c1243ee3e6505ed975f56a612b38e990c9f2c7b91045479aac9cf712";"057df759acd1b97e12b8f5dc8d759923b795a0b7ea062e7e910dcc9c33664f42"
"Quellen & Transparenz";"Fachquellen & Quellenverzeichnis";"Bereichsnummern";"Überschrift";"Quellenkarte · Inhalt";"6";"";"";"Marketing, Medizin";"Prüfung erforderlich";"";"";"";"sources.card.6.number";"sources";"2";"v1:53424b46c1243ee3e6505ed975f56a612b38e990c9f2c7b91045479aac9cf712";"b4eb6bde5673e46f59f50265f4654210739a5c8df7c6bac2344376a9b8616b31"
"Quellen & Transparenz";"Fachquellen & Quellenverzeichnis";"Bereichsnummern";"Überschrift";"Quellenkarte · Inhalt";"7";"";"";"Marketing, Medizin";"Prüfung erforderlich";"";"";"";"sources.card.7.number";"sources";"2";"v1:53424b46c1243ee3e6505ed975f56a612b38e990c9f2c7b91045479aac9cf712";"80e3e641ef9f138bda98e69d543049b2df7d4448b4af3b7086235f7aef52dcc8"
"Quellen & Transparenz";"Fachquellen & Quellenverzeichnis";"Bereichsnummern";"Überschrift";"Quellenkarte · Inhalt";"8";"";"";"Marketing, Medizin";"Prüfung erforderlich";"";"";"";"sources.card.8.number";"sources";"2";"v1:53424b46c1243ee3e6505ed975f56a612b38e990c9f2c7b91045479aac9cf712";"972d5f684aac25adf576224b3d05ccbd4c9b4152f91cf1c7b103fcd26f33b9f1"
"Quellen & Transparenz";"Fachquellen & Quellenverzeichnis";"Bereichsnummern";"Überschrift";"Quellenkarte · Inhalt";"9";"";"";"Marketing, Medizin";"Prüfung erforderlich";"";"";"";"sources.card.9.number";"sources";"2";"v1:53424b46c1243ee3e6505ed975f56a612b38e990c9f2c7b91045479aac9cf712";"5038f6787c43615fa37d63a76a0f0577d37145ac2db8f6848144cceffc2b01bd"
"Quellen & Transparenz";"Fachquellen & Quellenverzeichnis";"Einstieg";"Überschrift";"Einstieg · Überschrift";"Wissenschaftliche Quellen & Grundlagen";"";"";"Marketing, Medizin";"Prüfung erforderlich";"";"";"";"sources.hero.title";"sources";"2";"v1:53424b46c1243ee3e6505ed975f56a612b38e990c9f2c7b91045479aac9cf712";"7269610f0c5fbb91206468cf4e1c1fe116d8dac929f71213e4afd19c452f086b"
"Quellen & Transparenz";"Fachquellen & Quellenverzeichnis";"Einstieg";"Detailtext";"Einstieg · Inhalt";"Transparenz & Evidenz";"";"";"Marketing, Medizin";"Prüfung erforderlich";"";"";"";"sources.hero.eyebrow";"sources";"2";"v1:53424b46c1243ee3e6505ed975f56a612b38e990c9f2c7b91045479aac9cf712";"49e3acf344744b621ea946b420f19420d8f410a88eaa5f6867cf540b0b02a5af"
"Quellen & Transparenz";"Fachquellen & Quellenverzeichnis";"Einstieg";"Detailtext";"Einstieg · Inhalt";"Die Empfehlungen des Gesundheitschecks orientieren sich an anerkannten Public-Health-Institutionen und medizinischen Fachgesellschaften. Hier finden Sie die fachlichen Grundlagen je Themenbereich.";"";"";"Marketing, Medizin";"Prüfung erforderlich";"";"";"";"sources.hero.lead";"sources";"2";"v1:53424b46c1243ee3e6505ed975f56a612b38e990c9f2c7b91045479aac9cf712";"a790b90fee53248dc655d65fa1007d6e102b050ce5094c2034103ddce4ee43a5"
"Quellen & Transparenz";"Fachquellen & Quellenverzeichnis";"Einstieg";"Detailtext";"Einstieg · Stand der Recherche";"Stand der Recherche: Juli 2026";"";"";"Marketing, Medizin";"Prüfung erforderlich";"";"";"";"sources.hero.research_date";"sources";"2";"v1:53424b46c1243ee3e6505ed975f56a612b38e990c9f2c7b91045479aac9cf712";"e3c8c3aa4278fc203f9750da0a08ad3c7c88628779c4f1b27d78d933b02c3831"
"Quellen & Transparenz";"Fachquellen & Quellenverzeichnis";"Quellenlinks";"Quellenbezeichnung";"Externer Quellenlink · Linkbeschriftung";"cdc.gov";"";"";"Marketing, Medizin";"Prüfung erforderlich";"";"";"";"sources.link.cdc";"sources";"2";"v1:53424b46c1243ee3e6505ed975f56a612b38e990c9f2c7b91045479aac9cf712";"a30ac1600172b456411ee8e68d658d4e24b5d66b6925e3004855abb0dfe0cd5b"
"Quellen & Transparenz";"Fachquellen & Quellenverzeichnis";"Quellenlinks";"Quellenbezeichnung";"Externer Quellenlink · Linkbeschriftung";"espen.org";"";"";"Marketing, Medizin";"Prüfung erforderlich";"";"";"";"sources.link.espen";"sources";"2";"v1:53424b46c1243ee3e6505ed975f56a612b38e990c9f2c7b91045479aac9cf712";"67ca23e894b6669fbe9914ed47e3f506840e65da61f4e3b4e19ff2f9d426aa36"
"Quellen & Transparenz";"Fachquellen & Quellenverzeichnis";"Quellenlinks";"Quellenbezeichnung";"Externer Quellenlink · Linkbeschriftung";"jissn.biomedcentral.com";"";"";"Marketing, Medizin";"Prüfung erforderlich";"";"";"";"sources.link.jissn";"sources";"2";"v1:53424b46c1243ee3e6505ed975f56a612b38e990c9f2c7b91045479aac9cf712";"9050f8328385e664f2ce43f239951948affebd1038b1322f7616073b89377cb4"
"Quellen & Transparenz";"Fachquellen & Quellenverzeichnis";"Quellenlinks";"Quellenbezeichnung";"Externer Quellenlink · Linkbeschriftung";"pubmed.ncbi.nlm.nih.gov";"";"";"Marketing, Medizin";"Prüfung erforderlich";"";"";"";"sources.link.pubmed";"sources";"2";"v1:53424b46c1243ee3e6505ed975f56a612b38e990c9f2c7b91045479aac9cf712";"7b0cdfab2eae7252fb2d388db7de83b64e18719f759e1580393a130725f8459e"
"Quellen & Transparenz";"Fachquellen & Quellenverzeichnis";"Quellenlinks";"Quellenbezeichnung";"Externer Quellenlink · Linkbeschriftung";"who.int";"";"";"Marketing, Medizin";"Prüfung erforderlich";"";"";"";"sources.link.who";"sources";"2";"v1:53424b46c1243ee3e6505ed975f56a612b38e990c9f2c7b91045479aac9cf712";"bb6f033dc0d7b23c5849a5fc695470d70ce1658031f051645368b93d79582487"
"Quellen & Transparenz";"Fachquellen & Quellenverzeichnis";"Blutfette";"Überschrift";"Blutfette · Überschrift";"Blutfette, ApoB, LDL, Non-HDL & Lp(a)";"";"";"Marketing, Medizin";"Prüfung erforderlich";"";"";"";"sources.lipids.title";"sources";"2";"v1:53424b46c1243ee3e6505ed975f56a612b38e990c9f2c7b91045479aac9cf712";"5eb5a59abe10352d8538d4281459eb32073cf754b7dc69c25e5a9ececd1d9826"
"Quellen & Transparenz";"Fachquellen & Quellenverzeichnis";"Blutfette";"Quellenbezeichnung";"Blutfette · Linkbeschriftung";"Diese Werte müssen Sie kennen";"";"";"Marketing, Medizin";"Prüfung erforderlich";"";"";"";"sources.lipids.link_label";"sources";"2";"v1:53424b46c1243ee3e6505ed975f56a612b38e990c9f2c7b91045479aac9cf712";"0cfe0cf0ac2e83df242f5e3c4aa2d17c4f4c80cc7347d2e192741388ba92c9f2"
"Quellen & Transparenz";"Fachquellen & Quellenverzeichnis";"Blutfette";"Quellenbezeichnung";"Blutfette · Quellenangabe";"Konsens medizinischer Fachgesellschaften (u. a. ESC/EAS-Leitlinien zur Dyslipidämie) · Schweizerische Herzstiftung –";"";"";"Marketing, Medizin";"Prüfung erforderlich";"";"";"";"sources.lipids.reference";"sources";"2";"v1:53424b46c1243ee3e6505ed975f56a612b38e990c9f2c7b91045479aac9cf712";"84c25e5aacbe4e475bc839521e719d547dbfaf9626ccd8656e8ef9a0e6f8132b"
"Quellen & Transparenz";"Fachquellen & Quellenverzeichnis";"Blutfette";"Detailtext";"Blutfette · Fachlicher Punkt";"ApoB ≈ Anzahl gefässschädigender Partikel; bildet Risiko oft genauer ab als LDL allein.";"";"";"Marketing, Medizin";"Prüfung erforderlich";"";"";"";"sources.lipids.point.1";"sources";"2";"v1:53424b46c1243ee3e6505ed975f56a612b38e990c9f2c7b91045479aac9cf712";"1db9f93af2b98b99eafd564c52a88fa67c1ae3929fea0c679e5468e0902f071a"
"Quellen & Transparenz";"Fachquellen & Quellenverzeichnis";"Blutfette";"Detailtext";"Blutfette · Fachlicher Punkt";"LDL-Cholesterin: zentraler Faktor der Atherosklerose; Non-HDL als einfacher Kombinationswert.";"";"";"Marketing, Medizin";"Prüfung erforderlich";"";"";"";"sources.lipids.point.2";"sources";"2";"v1:53424b46c1243ee3e6505ed975f56a612b38e990c9f2c7b91045479aac9cf712";"cb8f4973f08bcca62dbd54a7734b6216cd697a03f678223f0d77f04cea5f33c6"
"Quellen & Transparenz";"Fachquellen & Quellenverzeichnis";"Blutfette";"Detailtext";"Blutfette · Fachlicher Punkt";"ApoB wünschenswert ca. unter 90–100 mg/dL (grobe Einordnung).";"";"";"Marketing, Medizin";"Prüfung erforderlich";"";"";"";"sources.lipids.point.3";"sources";"2";"v1:53424b46c1243ee3e6505ed975f56a612b38e990c9f2c7b91045479aac9cf712";"d91273cfb3ef815b2e96739da3fc1aa9850df527dd744213497fa0e801f4ace2"
"Quellen & Transparenz";"Fachquellen & Quellenverzeichnis";"Blutfette";"Detailtext";"Blutfette · Fachlicher Punkt";"Lp(a) genetisch bestimmt, einmalige Messung; erhöht über 50 mg/dL bzw. über 125 nmol/L.";"";"";"Marketing, Medizin";"Prüfung erforderlich";"";"";"";"sources.lipids.point.4";"sources";"2";"v1:53424b46c1243ee3e6505ed975f56a612b38e990c9f2c7b91045479aac9cf712";"51eacf835f57fdddb87f7ad7ada28edb8e1ad564a9e31cf8e1357e5e14e2629a"
"Quellen & Transparenz";"Fachquellen & Quellenverzeichnis";"Mentale Gesundheit";"Überschrift";"Mentale Gesundheit · Überschrift";"Mentale Gesundheit, Stress & soziale Ressourcen";"";"";"Marketing, Medizin";"Prüfung erforderlich";"";"";"";"sources.mental.title";"sources";"2";"v1:53424b46c1243ee3e6505ed975f56a612b38e990c9f2c7b91045479aac9cf712";"cf391dd29d26f1549101219e1140ef9ea187fa5707b2a1dd759aed452e386ccf"
"Quellen & Transparenz";"Fachquellen & Quellenverzeichnis";"Mentale Gesundheit";"Quellenbezeichnung";"Mentale Gesundheit · Quellenangabe";"WHO zu mentaler Gesundheit · Evidenz zu sozialer Verbundenheit";"";"";"Marketing, Medizin";"Prüfung erforderlich";"";"";"";"sources.mental.reference";"sources";"2";"v1:53424b46c1243ee3e6505ed975f56a612b38e990c9f2c7b91045479aac9cf712";"bf3b48487e3742f7d67be265aa1acab97cada190ad31d1fe6296358964b416e2"
"Quellen & Transparenz";"Fachquellen & Quellenverzeichnis";"Mentale Gesundheit";"Detailtext";"Mentale Gesundheit · Fachlicher Punkt";"Chronischer Stress wirkt auf Schlaf, Blutdruck, Stoffwechsel, Stimmung.";"";"";"Marketing, Medizin";"Prüfung erforderlich";"";"";"";"sources.mental.point.1";"sources";"2";"v1:53424b46c1243ee3e6505ed975f56a612b38e990c9f2c7b91045479aac9cf712";"82d94f53eec973eb819e25984a022384cd565c33aeca591996992f14d6ff7485"
"Quellen & Transparenz";"Fachquellen & Quellenverzeichnis";"Mentale Gesundheit";"Detailtext";"Mentale Gesundheit · Fachlicher Punkt";"Soziale Verbundenheit schützt; Einsamkeit ist ein Risikofaktor.";"";"";"Marketing, Medizin";"Prüfung erforderlich";"";"";"";"sources.mental.point.2";"sources";"2";"v1:53424b46c1243ee3e6505ed975f56a612b38e990c9f2c7b91045479aac9cf712";"d95c34694a006deb33322c49f16df60e56d03202a7828b320c1235bf5ad19ba6"
"Quellen & Transparenz";"Fachquellen & Quellenverzeichnis";"Mentale Gesundheit";"Detailtext";"Mentale Gesundheit · Fachlicher Punkt";"Akute Krise: CH Tel. 143 (Dargebotene Hand), Notruf 144.";"";"";"Marketing, Medizin";"Prüfung erforderlich";"";"";"";"sources.mental.point.3";"sources";"2";"v1:53424b46c1243ee3e6505ed975f56a612b38e990c9f2c7b91045479aac9cf712";"e5defadcfc8078fe09b5c8aeb099ac8beb3868555f7fc0e4ec5d9977acbeffbc"
"Quellen & Transparenz";"Fachquellen & Quellenverzeichnis";"Seitenmetadaten";"Überschrift";"Seitendaten · Überschrift";"Wissenschaftliche Quellen & Grundlagen – Gesundheitscheck";"";"";"Marketing, Medizin";"Prüfung erforderlich";"";"";"";"sources.meta.title";"sources";"2";"v1:53424b46c1243ee3e6505ed975f56a612b38e990c9f2c7b91045479aac9cf712";"05787d4d490832bec19680dc220f05bdb1facacf14def6cb9a0c9090e48a8d1e"
"Quellen & Transparenz";"Fachquellen & Quellenverzeichnis";"Seitenmetadaten";"Detailtext";"Seitendaten · Inhalt";"Wissenschaftliche Quellen und fachliche Grundlagen des Gesundheitschecks: Empfehlungen von WHO, CDC und medizinischen Fachgesellschaften.";"";"";"Marketing, Medizin";"Prüfung erforderlich";"";"";"";"sources.meta.description";"sources";"2";"v1:53424b46c1243ee3e6505ed975f56a612b38e990c9f2c7b91045479aac9cf712";"7d449bc1b647530bcc4bf281eba04a9b23702df2b85012924e4d0f8c0180b36d"
"Quellen & Transparenz";"Fachquellen & Quellenverzeichnis";"Metabolische Gesundheit";"Überschrift";"Stoffwechsel · Überschrift";"Metabolische Gesundheit, Blutzucker & HbA1c";"";"";"Marketing, Medizin";"Prüfung erforderlich";"";"";"";"sources.metabolic.title";"sources";"2";"v1:53424b46c1243ee3e6505ed975f56a612b38e990c9f2c7b91045479aac9cf712";"ddf47c7ca997dcd8df9cd2ec7161ee655f5c25b0993a6b6894d51c5828dab9b5"
"Quellen & Transparenz";"Fachquellen & Quellenverzeichnis";"Metabolische Gesundheit";"Quellenbezeichnung";"Stoffwechsel · Quellenangabe";"WHO/ADA-Kriterien zu (Prä-)Diabetes";"";"";"Marketing, Medizin";"Prüfung erforderlich";"";"";"";"sources.metabolic.reference";"sources";"2";"v1:53424b46c1243ee3e6505ed975f56a612b38e990c9f2c7b91045479aac9cf712";"ca33948d56c96ec7a2c30f62cf6b4a8cc996409cdcb058f5e0ba79dea7391c78"
"Quellen & Transparenz";"Fachquellen & Quellenverzeichnis";"Metabolische Gesundheit";"Detailtext";"Stoffwechsel · Fachlicher Punkt";"HbA1c: normal unter 5,7 %; Prädiabetes 5,7–6,4 %; Diabetes ab 6,5 %.";"";"";"Marketing, Medizin";"Prüfung erforderlich";"";"";"";"sources.metabolic.point.1";"sources";"2";"v1:53424b46c1243ee3e6505ed975f56a612b38e990c9f2c7b91045479aac9cf712";"c1559fe3c1b8e97255c3c7d24dfbef274b36765e6d9077b4ebab09b96523ee8d"
"Quellen & Transparenz";"Fachquellen & Quellenverzeichnis";"Metabolische Gesundheit";"Detailtext";"Stoffwechsel · Fachlicher Punkt";"Nüchternblutzucker: normal unter 5,6; Prädiabetes 5,6–6,9; Diabetes ab 7,0 mmol/L.";"";"";"Marketing, Medizin";"Prüfung erforderlich";"";"";"";"sources.metabolic.point.2";"sources";"2";"v1:53424b46c1243ee3e6505ed975f56a612b38e990c9f2c7b91045479aac9cf712";"abf7809c353a370fe56bb259d08e322f9effc3cde91165d827105841968e82e2"
"Quellen & Transparenz";"Fachquellen & Quellenverzeichnis";"Metabolische Gesundheit";"Detailtext";"Stoffwechsel · Fachlicher Punkt";"Triglyceride: normal unter 1,7 mmol/L (unter 150 mg/dL).";"";"";"Marketing, Medizin";"Prüfung erforderlich";"";"";"";"sources.metabolic.point.3";"sources";"2";"v1:53424b46c1243ee3e6505ed975f56a612b38e990c9f2c7b91045479aac9cf712";"5a4063a5ef7e608a3025e3129314853f822a72fb07db1f99ce7afc6bd9bca5a4"
"Quellen & Transparenz";"Fachquellen & Quellenverzeichnis";"Metabolische Gesundheit";"Detailtext";"Stoffwechsel · Fachlicher Punkt";"Prädiabetes oft reversibel durch Bewegung, Gewichtsmanagement, Ernährung.";"";"";"Marketing, Medizin";"Prüfung erforderlich";"";"";"";"sources.metabolic.point.4";"sources";"2";"v1:53424b46c1243ee3e6505ed975f56a612b38e990c9f2c7b91045479aac9cf712";"cbe40d8177346ba7c8da26e864db7ff93ab52242ce82d2834946605ce873a8e4"
"Quellen & Transparenz";"Fachquellen & Quellenverzeichnis";"Medizinischer Hinweis";"Medizinischer Hinweis";"Hinweis · Inhalt";"Hinweis:";"";"";"Marketing, Medizin";"Prüfung erforderlich";"";"";"";"sources.notice.label";"sources";"2";"v1:53424b46c1243ee3e6505ed975f56a612b38e990c9f2c7b91045479aac9cf712";"0e50cbebf821f6433d9c4aeab52520de61ff34f335505c8e06e3c75c5b6fb249"
"Quellen & Transparenz";"Fachquellen & Quellenverzeichnis";"Medizinischer Hinweis";"Medizinischer Hinweis";"Hinweis · Inhalt";"Die Inhalte sind präventiv formuliert und stellen keine Diagnose, Therapie oder medizinische Beratung dar. Orientierungswerte sind grobe Richtwerte, keine Diagnosegrenzen.";"";"";"Marketing, Medizin";"Prüfung erforderlich";"";"";"";"sources.notice.text";"sources";"2";"v1:53424b46c1243ee3e6505ed975f56a612b38e990c9f2c7b91045479aac9cf712";"909cc210a4676860255e6857ffbf79c5037e01093612039260260a50637e79a5"
"Quellen & Transparenz";"Fachquellen & Quellenverzeichnis";"Ernährung";"Überschrift";"Ernährung · Überschrift";"Ernährung";"";"";"Marketing, Medizin";"Prüfung erforderlich";"";"";"";"sources.nutrition.title";"sources";"2";"v1:53424b46c1243ee3e6505ed975f56a612b38e990c9f2c7b91045479aac9cf712";"5ddd7ccdb2df0e7c7cb6af2219c3f7e69163c26140f20cc3f01a9a58fe7265fb"
"Quellen & Transparenz";"Fachquellen & Quellenverzeichnis";"Ernährung";"Detailtext";"Ernährung · Fachlicher Punkt";"≥ 400 g Gemüse & Früchte/Tag (rund fünf Portionen).";"";"";"Marketing, Medizin";"Prüfung erforderlich";"";"";"";"sources.nutrition.point.1";"sources";"2";"v1:53424b46c1243ee3e6505ed975f56a612b38e990c9f2c7b91045479aac9cf712";"4215f93d07335b8805e0b62fb2bbe628fadedb05c540c572d1c784a5bf2848bb"
"Quellen & Transparenz";"Fachquellen & Quellenverzeichnis";"Ernährung";"Detailtext";"Ernährung · Fachlicher Punkt";"≥ 25 g Ballaststoffe/Tag (Hülsenfrüchte, Vollkorn).";"";"";"Marketing, Medizin";"Prüfung erforderlich";"";"";"";"sources.nutrition.point.2";"sources";"2";"v1:53424b46c1243ee3e6505ed975f56a612b38e990c9f2c7b91045479aac9cf712";"ddd34ff92a1a54da7fe37fb4d76ca27afbdf6391c3c338feb083c6e3733cd1a6"
"Quellen & Transparenz";"Fachquellen & Quellenverzeichnis";"Ernährung";"Detailtext";"Ernährung · Fachlicher Punkt";"Freie Zucker unter 10 % der Energie (~50 g), idealerweise unter 5 %.";"";"";"Marketing, Medizin";"Prüfung erforderlich";"";"";"";"sources.nutrition.point.3";"sources";"2";"v1:53424b46c1243ee3e6505ed975f56a612b38e990c9f2c7b91045479aac9cf712";"60636949a6da12e417a42604a89ca93a3eb4f8b41e8545d0d2b0d4f4faf1a502"
"Quellen & Transparenz";"Fachquellen & Quellenverzeichnis";"Ernährung";"Detailtext";"Ernährung · Fachlicher Punkt";"Salz unter 5 g/Tag; gesättigte Fette unter 10 % der Energie.";"";"";"Marketing, Medizin";"Prüfung erforderlich";"";"";"";"sources.nutrition.point.4";"sources";"2";"v1:53424b46c1243ee3e6505ed975f56a612b38e990c9f2c7b91045479aac9cf712";"c9a04999ac66e471010be897c3e342e849f8cb25b4e02d09ada3f3de016631c2"
"Quellen & Transparenz";"Fachquellen & Quellenverzeichnis";"Ernährung";"Detailtext";"Ernährung · Fachlicher Punkt";"Bei regelmässigem Krafttraining sind für gesunde Erwachsene 1,4–1,6 g Protein/kg/Tag eine praktische Orientierung; zusätzliche Vorteile flachen im Mittel ab rund 1,6 g/kg/Tag deutlich ab.";"";"";"Marketing, Medizin";"Prüfung erforderlich";"";"";"";"sources.nutrition.point.5";"sources";"2";"v1:53424b46c1243ee3e6505ed975f56a612b38e990c9f2c7b91045479aac9cf712";"31e1bbc8e31f485a1986583669b1b656c5fad7b989b69b86ce9e157fce60da55"
"Quellen & Transparenz";"Fachquellen & Quellenverzeichnis";"Ernährung";"Detailtext";"Ernährung · Fachlicher Punkt";"Bis etwa 2,0 g/kg/Tag sind nur ein möglicher individueller Spielraum bei sehr hoher Trainingsbelastung oder gezieltem Energiedefizit – kein allgemeines Ziel und nicht allein durch das Alter begründet.";"";"";"Marketing, Medizin";"Prüfung erforderlich";"";"";"";"sources.nutrition.point.6";"sources";"2";"v1:53424b46c1243ee3e6505ed975f56a612b38e990c9f2c7b91045479aac9cf712";"3d0e31b30a777af2596122413dede2c6f0aa17e639111eccc30d0ed50a90f58a"
"Quellen & Transparenz";"Fachquellen & Quellenverzeichnis";"Ernährung";"Detailtext";"Ernährung · Fachlicher Punkt";"Die Proteinfrage misst die Regelmässigkeit von Proteinquellen, nicht die tatsächliche Tagesmenge.";"";"";"Marketing, Medizin";"Prüfung erforderlich";"";"";"";"sources.nutrition.point.7";"sources";"2";"v1:53424b46c1243ee3e6505ed975f56a612b38e990c9f2c7b91045479aac9cf712";"9a63c5780c8a45d9e3ba7647a269cdd872e9f6cd1502b6fa2751a6df7d0f9e3a"
"Quellen & Transparenz";"Fachquellen & Quellenverzeichnis";"Ernährung";"Detailtext";"Ernährung · Fachlicher Punkt";"Mehr pflanzliche und weniger stark verarbeitete Lebensmittel.";"";"";"Marketing, Medizin";"Prüfung erforderlich";"";"";"";"sources.nutrition.point.8";"sources";"2";"v1:53424b46c1243ee3e6505ed975f56a612b38e990c9f2c7b91045479aac9cf712";"f5a02b8c81d38d7aa4d87b4038fbd000163cb04b112b88a6a105d1a415d5c9ab"
"Quellen & Transparenz";"Fachquellen & Quellenverzeichnis";"Ernährung";"Quellenbezeichnung";"Ernährung · Inhalt";"Protein im Alter – ESPEN Practical Guideline";"";"";"Marketing, Medizin";"Prüfung erforderlich";"";"";"";"sources.nutrition.reference.espen";"sources";"2";"v1:53424b46c1243ee3e6505ed975f56a612b38e990c9f2c7b91045479aac9cf712";"a9272836432861b0befa387f0ca4221d96ebddc8db2828fe744314b59b6afede"
"Quellen & Transparenz";"Fachquellen & Quellenverzeichnis";"Ernährung";"Quellenbezeichnung";"Ernährung · Inhalt";"Protein & Training – ISSN Position Stand";"";"";"Marketing, Medizin";"Prüfung erforderlich";"";"";"";"sources.nutrition.reference.issn";"sources";"2";"v1:53424b46c1243ee3e6505ed975f56a612b38e990c9f2c7b91045479aac9cf712";"b06c1326ef72890625feb2443394aa450fcd880a9d0a508b099387e7397b8c61"
"Quellen & Transparenz";"Fachquellen & Quellenverzeichnis";"Ernährung";"Quellenbezeichnung";"Ernährung · Inhalt";"Protein & Krafttraining – Morton et al., Meta-Analyse";"";"";"Marketing, Medizin";"Prüfung erforderlich";"";"";"";"sources.nutrition.reference.morton";"sources";"2";"v1:53424b46c1243ee3e6505ed975f56a612b38e990c9f2c7b91045479aac9cf712";"c1cd9d10f2f2ccc4d7cd26eeffca285b3a7d19e94b374af86b64f8d6923f2691"
"Quellen & Transparenz";"Fachquellen & Quellenverzeichnis";"Ernährung";"Quellenbezeichnung";"Ernährung · Inhalt";"WHO – Healthy diet";"";"";"Marketing, Medizin";"Prüfung erforderlich";"";"";"";"sources.nutrition.reference.who";"sources";"2";"v1:53424b46c1243ee3e6505ed975f56a612b38e990c9f2c7b91045479aac9cf712";"bb7704ccbcab8614f24867a8c089eb31f7034dc125c7041ba4b23d4026357d05"
"Quellen & Transparenz";"Fachquellen & Quellenverzeichnis";"Bewegung und körperliche Leistungsfähigkeit";"Überschrift";"Körperliche Aktivität · Überschrift";"Bewegung & körperliche Leistungsfähigkeit";"";"";"Marketing, Medizin";"Prüfung erforderlich";"";"";"";"sources.physical.title";"sources";"2";"v1:53424b46c1243ee3e6505ed975f56a612b38e990c9f2c7b91045479aac9cf712";"c4425b31e77c53f968de02862200351473d4da13c5e8624b4c0cbf10c3cbf6a5"
"Quellen & Transparenz";"Fachquellen & Quellenverzeichnis";"Bewegung und körperliche Leistungsfähigkeit";"Quellenbezeichnung";"Körperliche Aktivität · Quellenangabe";"WHO – Physical activity · WHO Guidelines on physical activity and sedentary behaviour (2020)";"";"";"Marketing, Medizin";"Prüfung erforderlich";"";"";"";"sources.physical.reference";"sources";"2";"v1:53424b46c1243ee3e6505ed975f56a612b38e990c9f2c7b91045479aac9cf712";"0cec3101a7c90b61fd73cb2405ad42066ef38cd49e50be92df6ca191083c29e6"
"Quellen & Transparenz";"Fachquellen & Quellenverzeichnis";"Bewegung und körperliche Leistungsfähigkeit";"Detailtext";"Körperliche Aktivität · Fachlicher Punkt";"150–300 Min./Woche moderate oder 75–150 Min./Woche intensive Ausdaueraktivität.";"";"";"Marketing, Medizin";"Prüfung erforderlich";"";"";"";"sources.physical.point.1";"sources";"2";"v1:53424b46c1243ee3e6505ed975f56a612b38e990c9f2c7b91045479aac9cf712";"70b73b7af25773999d07dcc3aa1dbad28a9347d2cb79ad7996daef821d2ee09a"
"Quellen & Transparenz";"Fachquellen & Quellenverzeichnis";"Bewegung und körperliche Leistungsfähigkeit";"Detailtext";"Körperliche Aktivität · Fachlicher Punkt";"Muskelkräftigung an ≥ 2 Tagen/Woche.";"";"";"Marketing, Medizin";"Prüfung erforderlich";"";"";"";"sources.physical.point.2";"sources";"2";"v1:53424b46c1243ee3e6505ed975f56a612b38e990c9f2c7b91045479aac9cf712";"e1fd841b7f74b090e85128e12558d031211fbfe94e22c17c38b3af2b3dd2a53e"
"Quellen & Transparenz";"Fachquellen & Quellenverzeichnis";"Bewegung und körperliche Leistungsfähigkeit";"Detailtext";"Körperliche Aktivität · Fachlicher Punkt";"Sitzzeit reduzieren – jede Bewegung zählt.";"";"";"Marketing, Medizin";"Prüfung erforderlich";"";"";"";"sources.physical.point.3";"sources";"2";"v1:53424b46c1243ee3e6505ed975f56a612b38e990c9f2c7b91045479aac9cf712";"bf21665f56a98a21ed1402f92c870b2b77531b5806ed8382b1be00d0b1d7748a"
"Quellen & Transparenz";"Fachquellen & Quellenverzeichnis";"Bewegung und körperliche Leistungsfähigkeit";"Detailtext";"Körperliche Aktivität · Fachlicher Punkt";"Senkt Risiko für Herz-Kreislauf-Erkrankungen, Typ-2-Diabetes, einige Krebsarten, Stürze; verbessert mentale Gesundheit, Schlaf, Körperzusammensetzung.";"";"";"Marketing, Medizin";"Prüfung erforderlich";"";"";"";"sources.physical.point.4";"sources";"2";"v1:53424b46c1243ee3e6505ed975f56a612b38e990c9f2c7b91045479aac9cf712";"ad6413c03953f3a04feab22f3c06a2e4528a7479dfbc75ea0a3f32e5db531ccb"
"Quellen & Transparenz";"Fachquellen & Quellenverzeichnis";"Scoring";"Überschrift";"Scoring · Überschrift";"Umsetzung im Scoring";"";"";"Marketing, Medizin";"Prüfung erforderlich";"";"";"";"sources.scoring.title";"sources";"2";"v1:53424b46c1243ee3e6505ed975f56a612b38e990c9f2c7b91045479aac9cf712";"89bafea65e68c193850ac0b3ca8fc205822474b483aab8cbe7505af1062f4371"
"Quellen & Transparenz";"Fachquellen & Quellenverzeichnis";"Scoring";"Detailtext";"Scoring · Fachlicher Punkt";"Jede Dimension erhält einen Score 0–100 (gewichteter Mittelwert der beantworteten Items).";"";"";"Marketing, Medizin";"Prüfung erforderlich";"";"";"";"sources.scoring.point.1";"sources";"2";"v1:53424b46c1243ee3e6505ed975f56a612b38e990c9f2c7b91045479aac9cf712";"d7a475a50fad57252cb4a1dda3f4dd34dfadb135c8b4d29212957b3ac7197343"
"Quellen & Transparenz";"Fachquellen & Quellenverzeichnis";"Scoring";"Detailtext";"Scoring · Fachlicher Punkt";"Optionale Fitness-Kurztests ergänzen den jeweils passenden Fitness-Teilbereich. Die medizinisch freigegebene Zuordnung bleibt: Liegestütz und Wandsitz bilden gemeinsam die Testhälfte der Muskulatur; der Einbeinstand die Testhälfte von Balance/Beweglichkeit. Beim Liegestütz gilt für Frauen und Männer dieselbe Standard-Ausführung von den Zehen. Männerwerte bis 69 stammen aus einer direkten Referenz. Bei Frauen basiert 18–24 auf einer kleinen direkten Studie und 25–65 auf einer praktischen Orientierung; die höheren Altersbänder bis 94 sind modelliert. Nicht direkt validierte Werte sowie die Wandsitz-Einordnung sind Trainingsorientierungen, keine klinischen Normen oder Diagnosegrenzen.";"";"";"Marketing, Medizin";"Prüfung erforderlich";"";"";"";"sources.scoring.point.2";"sources";"2";"v1:53424b46c1243ee3e6505ed975f56a612b38e990c9f2c7b91045479aac9cf712";"1801b245c3298450c7bdc9a5052807ddb491ed5e9ab91b43cd0d78abab4c8a6d"
"Quellen & Transparenz";"Fachquellen & Quellenverzeichnis";"Scoring";"Detailtext";"Scoring · Fachlicher Punkt";"Statusstufen: 80–100 Stark, 60–79 Solide Basis, 40–59 Ausbaufähig, 0–39 Erhöhte Aufmerksamkeit.";"";"";"Marketing, Medizin";"Prüfung erforderlich";"";"";"";"sources.scoring.point.3";"sources";"2";"v1:53424b46c1243ee3e6505ed975f56a612b38e990c9f2c7b91045479aac9cf712";"11440a6fee7f10dc2e5b222dd17c7700dac5252978c6528e1e92434c03db88a0"
"Quellen & Transparenz";"Fachquellen & Quellenverzeichnis";"Scoring";"Detailtext";"Scoring · Fachlicher Punkt";"Risikosignale werden in Lebensstilpotenzial vs. medizinische Abklärungsrelevanz unterschieden.";"";"";"Marketing, Medizin";"Prüfung erforderlich";"";"";"";"sources.scoring.point.4";"sources";"2";"v1:53424b46c1243ee3e6505ed975f56a612b38e990c9f2c7b91045479aac9cf712";"861e23f7e9ea8bca941420079607d17817e2320bf8330614f5d86d74acf68364"
"Quellen & Transparenz";"Fachquellen & Quellenverzeichnis";"Scoring";"Detailtext";"Scoring · Fachlicher Punkt";"Stärken, Handlungsfelder und die Top-3-Schritte werden aus denselben antwortbasierten Hebeln abgeleitet (inkl. dimensionsübergreifender Risikomuster, z. B. kardiovaskulär); kritische Signale sind immer vorrangig.";"";"";"Marketing, Medizin";"Prüfung erforderlich";"";"";"";"sources.scoring.point.5";"sources";"2";"v1:53424b46c1243ee3e6505ed975f56a612b38e990c9f2c7b91045479aac9cf712";"388534555062db05d581b0a506e58e51542380355ac07ea82410e9fe850655d4"
"Quellen & Transparenz";"Fachquellen & Quellenverzeichnis";"Schlaf und Regeneration";"Überschrift";"Schlaf · Überschrift";"Schlaf & Regeneration";"";"";"Marketing, Medizin";"Prüfung erforderlich";"";"";"";"sources.sleep.title";"sources";"2";"v1:53424b46c1243ee3e6505ed975f56a612b38e990c9f2c7b91045479aac9cf712";"864c3d5193ff0536e3aa896456ffaf7434a3709ca511194ce7947bf8afa56afa"
"Quellen & Transparenz";"Fachquellen & Quellenverzeichnis";"Schlaf und Regeneration";"Quellenbezeichnung";"Schlaf · Quellenangabe";"CDC – About Sleep";"";"";"Marketing, Medizin";"Prüfung erforderlich";"";"";"";"sources.sleep.reference";"sources";"2";"v1:53424b46c1243ee3e6505ed975f56a612b38e990c9f2c7b91045479aac9cf712";"9c8f8c45a5cb8817c7a6ad39403e4772d92f27b375aef10740b8791a77b1de67"
"Quellen & Transparenz";"Fachquellen & Quellenverzeichnis";"Schlaf und Regeneration";"Detailtext";"Schlaf · Fachlicher Punkt";"Erwachsene: ≥ 7 Stunden (Orientierung 7–9 Stunden).";"";"";"Marketing, Medizin";"Prüfung erforderlich";"";"";"";"sources.sleep.point.1";"sources";"2";"v1:53424b46c1243ee3e6505ed975f56a612b38e990c9f2c7b91045479aac9cf712";"8b2374335228ffc0f9fc35dd126c810fd5e9e341569314c881945023bdfb0524"
"Quellen & Transparenz";"Fachquellen & Quellenverzeichnis";"Schlaf und Regeneration";"Detailtext";"Schlaf · Fachlicher Punkt";"Schlafhygiene: feste Zeiten, kühl/dunkel/ruhig, Bildschirme ~30 Min. vorher aus.";"";"";"Marketing, Medizin";"Prüfung erforderlich";"";"";"";"sources.sleep.point.2";"sources";"2";"v1:53424b46c1243ee3e6505ed975f56a612b38e990c9f2c7b91045479aac9cf712";"4dc04f932934a662e2023e8ac0d7c90ea99fa7d74684efe20940254d4b677222"
"Quellen & Transparenz";"Fachquellen & Quellenverzeichnis";"Schlaf und Regeneration";"Detailtext";"Schlaf · Fachlicher Punkt";"Anhaltende Probleme, Schnarchen oder Atemaussetzer ärztlich abklären.";"";"";"Marketing, Medizin";"Prüfung erforderlich";"";"";"";"sources.sleep.point.3";"sources";"2";"v1:53424b46c1243ee3e6505ed975f56a612b38e990c9f2c7b91045479aac9cf712";"6b33446c1df2703c059f001e459447ae33c7a89ba1243a9353c0f675e827196f"
"Quellen & Transparenz";"Fachquellen & Quellenverzeichnis";"Rauchen und Nikotin";"Überschrift";"Rauchen · Überschrift";"Rauchen / Nikotin";"";"";"Marketing, Medizin";"Prüfung erforderlich";"";"";"";"sources.smoking.title";"sources";"2";"v1:53424b46c1243ee3e6505ed975f56a612b38e990c9f2c7b91045479aac9cf712";"8e3ab7814636ba245875f1d6713b3be5579b6839ae846fed2c6921fd663de9f6"
"Quellen & Transparenz";"Fachquellen & Quellenverzeichnis";"Rauchen und Nikotin";"Quellenbezeichnung";"Rauchen · Quellenangabe";"WHO – Herz-Kreislauf-Erkrankungen & Hypertension";"";"";"Marketing, Medizin";"Prüfung erforderlich";"";"";"";"sources.smoking.reference";"sources";"2";"v1:53424b46c1243ee3e6505ed975f56a612b38e990c9f2c7b91045479aac9cf712";"c83345b849fe45952ee0066ec26eb7500fd7d3761e96e93f119aa95ea8f6e4a3"
"Quellen & Transparenz";"Fachquellen & Quellenverzeichnis";"Rauchen und Nikotin";"Detailtext";"Rauchen · Fachlicher Punkt";"Tabak/Nikotin ist ein zentraler, gut beeinflussbarer Risikofaktor.";"";"";"Marketing, Medizin";"Prüfung erforderlich";"";"";"";"sources.smoking.point.1";"sources";"2";"v1:53424b46c1243ee3e6505ed975f56a612b38e990c9f2c7b91045479aac9cf712";"bfa2f605f3fafbcb2a8ff951296bfc0c0a6ea57f7e8c6e572e7ebbbbf1a1650a"
"Quellen & Transparenz";"Fachquellen & Quellenverzeichnis";"Rauchen und Nikotin";"Detailtext";"Rauchen · Fachlicher Punkt";"Rauchstopp senkt das kardiovaskuläre Risiko bereits nach kurzer Zeit.";"";"";"Marketing, Medizin";"Prüfung erforderlich";"";"";"";"sources.smoking.point.2";"sources";"2";"v1:53424b46c1243ee3e6505ed975f56a612b38e990c9f2c7b91045479aac9cf712";"774a8c9a59cc33a16115dc3d657fd7fd22c1d79be3bf2584f747cac3590e23bb"
"Quellen & Transparenz";"Fachquellen & Quellenverzeichnis";"Krafttraining und gesundes Altern";"Überschrift";"Muskelkraft · Überschrift";"Krafttraining, Muskelmasse & gesundes Altern";"";"";"Marketing, Medizin";"Prüfung erforderlich";"";"";"";"sources.strength.title";"sources";"2";"v1:53424b46c1243ee3e6505ed975f56a612b38e990c9f2c7b91045479aac9cf712";"bd48c4b86f8c09d6614c70a5b0a98275fcd72b8de47e5c9c21bab66df0e6b6aa"
"Quellen & Transparenz";"Fachquellen & Quellenverzeichnis";"Krafttraining und gesundes Altern";"Quellenbezeichnung";"Muskelkraft · Linkbeschriftung";"EWGSOP2";"";"";"Marketing, Medizin";"Prüfung erforderlich";"";"";"";"sources.strength.link_ewgsop";"sources";"2";"v1:53424b46c1243ee3e6505ed975f56a612b38e990c9f2c7b91045479aac9cf712";"73b9d8cdc65578ad71a1a346c2a9ec9aed47b586224e33ba2b0f7082fd3ab28a"
"Quellen & Transparenz";"Fachquellen & Quellenverzeichnis";"Krafttraining und gesundes Altern";"Quellenbezeichnung";"Muskelkraft · Linkbeschriftung";"Liegestütz-Kohorte";"";"";"Marketing, Medizin";"Prüfung erforderlich";"Beobachtungsstudie bei männlichen Feuerwehrleuten; keine Quelle der Referenzbänder.";"";"";"sources.strength.link_pushup";"sources";"2";"v1:53424b46c1243ee3e6505ed975f56a612b38e990c9f2c7b91045479aac9cf712";"3c8a1382c3d37f0ae86f7bd4b73bf618603a458c1151084b048247def4adc40a"
"Quellen & Transparenz";"Fachquellen & Quellenverzeichnis";"Krafttraining und gesundes Altern";"Quellenbezeichnung";"Muskelkraft · Linkbeschriftung";"Wandsitz-Sicherheit";"";"";"Marketing, Medizin";"Prüfung erforderlich";"";"";"";"sources.strength.link_wall_sit";"sources";"2";"v1:53424b46c1243ee3e6505ed975f56a612b38e990c9f2c7b91045479aac9cf712";"5094b2ff582e5917160469e11eb01fd123b600fa75c3fe6a5e9244f4d54811ab"
"Quellen & Transparenz";"Fachquellen & Quellenverzeichnis";"Krafttraining und gesundes Altern";"Quellenbezeichnung";"Muskelkraft · Quellenangabe";"WHO-Bewegungsleitlinie · EWGSOP2 zu Muskelkraft und Sarkopenie · Studien zu funktionellen Kurztests";"";"";"Marketing, Medizin";"Prüfung erforderlich";"";"";"";"sources.strength.reference";"sources";"2";"v1:53424b46c1243ee3e6505ed975f56a612b38e990c9f2c7b91045479aac9cf712";"90da1f786cd1b94c164f25d2179f767659f6859c8f8c1f1b6cd699c690ea669f"
"Quellen & Transparenz";"Fachquellen & Quellenverzeichnis";"Krafttraining und gesundes Altern";"Quellenbezeichnung";"Quellenseite, Alterungsgradient für modellierte Bänder bis 94";"Rikli/Jones: Altersgradient bis 94";"";"";"Marketing, Medizin";"Prüfung erforderlich";"Arm-Curl-Altersentwicklung dient nur zur Modellierung, nicht als direkte Liegestütz-Norm.";"";"";"sources.strength.link_pushup_rikli";"sources";"2";"v1:53424b46c1243ee3e6505ed975f56a612b38e990c9f2c7b91045479aac9cf712";"079704868bf08baacea86dc97b24d2c5f80f23276a66c183a376a7a0492ddc07"
"Quellen & Transparenz";"Fachquellen & Quellenverzeichnis";"Krafttraining und gesundes Altern";"Quellenbezeichnung";"Quellenseite, direkte Referenzgrundlage der Männerbänder bis 69";"Payne/CSEP: Männer bis 69";"";"";"Marketing, Medizin";"Prüfung erforderlich";"Direkte Referenzgrundlage für die Männerbänder 20 bis 69.";"";"";"sources.strength.link_pushup_payne";"sources";"2";"v1:53424b46c1243ee3e6505ed975f56a612b38e990c9f2c7b91045479aac9cf712";"94ca5f7e1bd75e9b7d8ab6c1204f5dfe251811fb09af92b900e3b7f65d245916"
"Quellen & Transparenz";"Fachquellen & Quellenverzeichnis";"Krafttraining und gesundes Altern";"Quellenbezeichnung";"Quellenseite, praktische Standard-Liegestütz-Orientierung für Frauen 25 bis 65";"Topend: praktische Frauentabelle";"";"";"Marketing, Medizin";"Prüfung erforderlich";"Originalquelle unbekannt; keine validierte populationsbezogene Norm.";"";"";"sources.strength.link_pushup_topend";"sources";"2";"v1:53424b46c1243ee3e6505ed975f56a612b38e990c9f2c7b91045479aac9cf712";"bfdd76328092b9f582c02b65e6b8630ff87c2abe8f402a5bfe300fb8a13b85ce"
"Quellen & Transparenz";"Fachquellen & Quellenverzeichnis";"Krafttraining und gesundes Altern";"Quellenbezeichnung";"Quellenseite, Primärquelle der Standard-Liegestütz-Skala für Frauen 18 bis 24";"Adams: Frauen 18–24";"";"";"Marketing, Medizin";"Prüfung erforderlich";"Kleine direkte Stichprobe; Skala noch nicht extern validiert.";"";"";"sources.strength.link_pushup_adams";"sources";"2";"v1:53424b46c1243ee3e6505ed975f56a612b38e990c9f2c7b91045479aac9cf712";"909f9090bae3251273c21cc669f634aefaf6f97f60df0e0640f2430dd5b84a47"
"Quellen & Transparenz";"Fachquellen & Quellenverzeichnis";"Krafttraining und gesundes Altern";"Detailtext";"Muskelkraft · Fachlicher Punkt";"Muskelkraft und körperliche Funktion sind wichtige Bausteine für Belastbarkeit und Selbstständigkeit.";"";"";"Marketing, Medizin";"Prüfung erforderlich";"";"";"";"sources.strength.point.1";"sources";"2";"v1:53424b46c1243ee3e6505ed975f56a612b38e990c9f2c7b91045479aac9cf712";"09e56be3de192b1f717d57cb838c9ed305f547d785e8cc0e21e6aba4e4823e64"
"Quellen & Transparenz";"Fachquellen & Quellenverzeichnis";"Krafttraining und gesundes Altern";"Detailtext";"Muskelkraft · Fachlicher Punkt";"Einstieg auch mit Körpergewichtsübungen möglich.";"";"";"Marketing, Medizin";"Prüfung erforderlich";"";"";"";"sources.strength.point.2";"sources";"2";"v1:53424b46c1243ee3e6505ed975f56a612b38e990c9f2c7b91045479aac9cf712";"3f2d7b62a0f2d90ef6ffb6d7c481ed286efa3ded1d4994cdb7093edbea65dbf3"
"Quellen & Transparenz";"Fachquellen & Quellenverzeichnis";"Krafttraining und gesundes Altern";"Detailtext";"Muskelkraft · Fachlicher Punkt";"Einbeinstand, Liegestütze und Wandsitz zeigen nur Teilbereiche der Leistungsfähigkeit; sie sind keine persönlichen Krankheitsrisiko-Tests.";"";"";"Marketing, Medizin";"Prüfung erforderlich";"";"";"";"sources.strength.point.3";"sources";"2";"v1:53424b46c1243ee3e6505ed975f56a612b38e990c9f2c7b91045479aac9cf712";"5504b516d988879a4e96abd1611a67b845c66e642ffe76b8158dd0e94814a1f2"
"Quellen & Transparenz";"Fachquellen & Quellenverzeichnis";"Krafttraining und gesundes Altern";"Detailtext";"Muskelkraft · Fachlicher Punkt";"Für den beidbeinigen Wandsitz wird ab 18 Jahren eine harmonisierte Trainingsorientierung verwendet; sie ist keine klinische Norm oder Diagnosegrenze. Ein maximaler Test kann den Blutdruck akut stark erhöhen.";"";"";"Marketing, Medizin";"Prüfung erforderlich";"";"";"";"sources.strength.point.4";"sources";"2";"v1:53424b46c1243ee3e6505ed975f56a612b38e990c9f2c7b91045479aac9cf712";"756f35210e57794641ffba02867989d17788b1685087bba6b7634f1c477e27c0"
"Quellen & Transparenz";"Fachquellen & Quellenverzeichnis";"Bauchfett und Taillenumfang";"Überschrift";"Taillenumfang · Überschrift";"Bauchfett & Taille-Grösse-Verhältnis";"";"";"Marketing, Medizin";"Prüfung erforderlich";"";"";"";"sources.waist.title";"sources";"2";"v1:53424b46c1243ee3e6505ed975f56a612b38e990c9f2c7b91045479aac9cf712";"8b47ba1234dd83f36e91b88a6e41eace3b21a5d7125ee8b904c7ccd8297a8423"
"Quellen & Transparenz";"Fachquellen & Quellenverzeichnis";"Bauchfett und Taillenumfang";"Quellenbezeichnung";"Taillenumfang · Linkbeschriftung";"NICE NG246";"";"";"Marketing, Medizin";"Prüfung erforderlich";"";"";"";"sources.waist.link_nice";"sources";"2";"v1:53424b46c1243ee3e6505ed975f56a612b38e990c9f2c7b91045479aac9cf712";"75bf4fe4bd4a1d1eccb9305ea67896dfa8c73df774c9d11d881e617a75c64d97"
"Quellen & Transparenz";"Fachquellen & Quellenverzeichnis";"Bauchfett und Taillenumfang";"Quellenbezeichnung";"Taillenumfang · Linkbeschriftung";"WHO-Expert Consultation";"";"";"Marketing, Medizin";"Prüfung erforderlich";"";"";"";"sources.waist.link_who";"sources";"2";"v1:53424b46c1243ee3e6505ed975f56a612b38e990c9f2c7b91045479aac9cf712";"2cc44037b6e77dc627c7107b19153baff6fee2e0552233f7f4af7d6d5d55f718"
"Quellen & Transparenz";"Fachquellen & Quellenverzeichnis";"Bauchfett und Taillenumfang";"Quellenbezeichnung";"Taillenumfang · Quellenangabe";"NICE-Einordnung des Taille-Grösse-Verhältnisses ·";"";"";"Marketing, Medizin";"Prüfung erforderlich";"";"";"";"sources.waist.reference";"sources";"2";"v1:53424b46c1243ee3e6505ed975f56a612b38e990c9f2c7b91045479aac9cf712";"11259332e07c8f35c9a0c47397a20a9f3b3d6b8bce0808531572ef960ff80fa8"
"Quellen & Transparenz";"Fachquellen & Quellenverzeichnis";"Bauchfett und Taillenumfang";"Detailtext";"Taillenumfang · Fachlicher Punkt";"Berechnung: Taillenumfang geteilt durch Körpergrösse; beide Werte müssen in derselben Einheit vorliegen.";"";"";"Marketing, Medizin";"Prüfung erforderlich";"";"";"";"sources.waist.point.1";"sources";"2";"v1:53424b46c1243ee3e6505ed975f56a612b38e990c9f2c7b91045479aac9cf712";"c1a1476ee7d3567f071c41489ddb8585240b1d1979e7ebe1877a463c43418b4a"
"Quellen & Transparenz";"Fachquellen & Quellenverzeichnis";"Bauchfett und Taillenumfang";"Detailtext";"Taillenumfang · Fachlicher Punkt";"0,40 bis unter 0,50: günstiger Bereich. Werte unter 0,40 werden nicht als «noch besser» belohnt; mögliches Untergewicht wird separat eingeordnet.";"";"";"Marketing, Medizin";"Prüfung erforderlich";"";"";"";"sources.waist.point.2";"sources";"2";"v1:53424b46c1243ee3e6505ed975f56a612b38e990c9f2c7b91045479aac9cf712";"71ef8879a015096aef601bbaee8290f27ec2a0ae50c8983d6cfe61f95d287a2e"
"Quellen & Transparenz";"Fachquellen & Quellenverzeichnis";"Bauchfett und Taillenumfang";"Detailtext";"Taillenumfang · Fachlicher Punkt";"0,50 bis unter 0,60: erhöhte zentrale Fettverteilung. Ab 0,60: deutlich erhöhte zentrale Fettverteilung.";"";"";"Marketing, Medizin";"Prüfung erforderlich";"";"";"";"sources.waist.point.3";"sources";"2";"v1:53424b46c1243ee3e6505ed975f56a612b38e990c9f2c7b91045479aac9cf712";"9f359704767cc72b45deacd0ac6676522de4c3bc6049df30e565ccd40d81e0b1"
"Quellen & Transparenz";"Fachquellen & Quellenverzeichnis";"Bauchfett und Taillenumfang";"Detailtext";"Taillenumfang · Fachlicher Punkt";"Im Score ersetzt WHtR die bisherigen geschlechtsspezifischen Zentimetergrenzen. Bei Erwachsenen ab BMI 35 bleibt der BMI trotz Taillenangabe die Bewertungsgrundlage; ohne Taillenangabe gilt der BMI ebenfalls als Fallback. WHtR ist ein Screeningmarker, keine Diagnose.";"";"";"Marketing, Medizin";"Prüfung erforderlich";"";"";"";"sources.waist.point.4";"sources";"2";"v1:53424b46c1243ee3e6505ed975f56a612b38e990c9f2c7b91045479aac9cf712";"4f95f9750a191cecb60bffd34adf0c8a7877acaa744a29ee424822e18d9bbabc"
"Übergreifende Ergebnisdarstellung";"Navigation, Ergebnis & Bedienung";"Aktionsplan";"Überschrift";"Aufklappbarer 4-Wochen-Plan einer Aktionskarte";"Mein 4-Wochen-Plan";"";"";"Marketing";"Nicht geprüft";"";"";"";"ui.action_card.plan_title";"ui";"2";"v1:53424b46c1243ee3e6505ed975f56a612b38e990c9f2c7b91045479aac9cf712";"6378a1648908f15bae375402147c733fbd1578dd25edf2599604ffe05b5aa11d"
"Übergreifende Ergebnisdarstellung";"Navigation, Ergebnis & Bedienung";"Aktionsplan";"Dynamischer Text";"Fortschritt innerhalb eines 4-Wochen-Plans";"{{done}}/{{total}}";"";"";"Marketing";"Nicht geprüft";"";"{{done}} | {{total}}";"";"ui.action_card.progress";"ui";"2";"v1:53424b46c1243ee3e6505ed975f56a612b38e990c9f2c7b91045479aac9cf712";"7a5eb0658584ae790f4ce36e29ba60cafcf9722b9ad1458edbd70727aea6f28d"
"Übergreifende Ergebnisdarstellung";"Navigation, Ergebnis & Bedienung";"Aktionsplan";"Beschriftung";"Aktionskarte, Kurzlabel der Begründung";"Warum:";"";"";"Marketing";"Nicht geprüft";"";"";"";"ui.action_card.label.why";"ui";"2";"v1:53424b46c1243ee3e6505ed975f56a612b38e990c9f2c7b91045479aac9cf712";"490eefc3fc50719da801a4d59bd206d5a97a2ee484a3e124b1b100490075f39d"
"Übergreifende Ergebnisdarstellung";"Navigation, Ergebnis & Bedienung";"Aktionsplan";"Beschriftung";"Aktionskarte, Kurzlabel des Nutzens";"Das bringt es:";"";"";"Marketing";"Nicht geprüft";"";"";"";"ui.action_card.label.benefit";"ui";"2";"v1:53424b46c1243ee3e6505ed975f56a612b38e990c9f2c7b91045479aac9cf712";"0cc81d05a9d83f9154a9b9b56361335de71f386ad671d001ff85bede7a1f6cf7"
"Übergreifende Ergebnisdarstellung";"Navigation, Ergebnis & Bedienung";"Aktionsplan";"Beschriftung";"Aktionskarte, Kurzlabel des Startschritts";"Ihr Startschritt:";"";"";"Marketing";"Nicht geprüft";"";"";"";"ui.action_card.label.step";"ui";"2";"v1:53424b46c1243ee3e6505ed975f56a612b38e990c9f2c7b91045479aac9cf712";"5b867c925786cbc1c8adad0015fc30b755a0d056c9ea69c0a05e1b0850414077"
"Übergreifende Ergebnisdarstellung";"Navigation, Ergebnis & Bedienung";"Ergebnisbereiche";"Beschriftung";"Aktionsplan-Sektion, Rubrik";"Ihr Aktionsplan";"";"";"Marketing";"Nicht geprüft";"";"";"";"ui.action_plan.eyebrow";"ui";"2";"v1:53424b46c1243ee3e6505ed975f56a612b38e990c9f2c7b91045479aac9cf712";"16950905df43b33f90c51f6a964a12120c69a6bd1415349d7317ad95245005a3"
"Übergreifende Ergebnisdarstellung";"Navigation, Ergebnis & Bedienung";"Aktionsplan";"Dynamischer Text";"Gesamtfortschritt über alle abgehakten Planschritte";"{{done}} von {{total}} Schritten erledigt – dranbleiben lohnt sich!";"";"";"Marketing";"Nicht geprüft";"";"{{done}} | {{total}}";"";"ui.action_plan.total_progress";"ui";"2";"v1:53424b46c1243ee3e6505ed975f56a612b38e990c9f2c7b91045479aac9cf712";"b81809a113b4b116602ee1373aaca35729e2e1cc076fa267465a86ad4a5a1625"
"Übergreifende Ergebnisdarstellung";"Navigation, Ergebnis & Bedienung";"Aktionsplan";"Begründung / Einordnung";"Hinweiskarte bei einem sichtbaren Klärungshinweis ohne standardisierten 4-Wochen-Plan";"Nutzen Sie den Hinweis oben für eine medizinische oder ernährungsfachliche Einordnung. Konkrete Schritte richten sich nach Verlauf, Beschwerden und möglichen Ursachen.";"";"";"Marketing, Medizin";"Prüfung erforderlich";"Sichere Weiterleitung ohne Diagnose oder pauschale Therapie; durch Marketing und Medizin freigeben.";"";"";"ui.action_plan.clarification.body";"ui";"2";"v1:53424b46c1243ee3e6505ed975f56a612b38e990c9f2c7b91045479aac9cf712";"7e9f917c77cc8f3660bc6179794e6a4364d5468c351bdb3945d561908de14d37"
"Übergreifende Ergebnisdarstellung";"Navigation, Ergebnis & Bedienung";"Aktionsplan";"Überschrift";"Neutrale Karte ohne eindeutig priorisierten Aktionsschritt, Titel";"Kein eindeutiger Top-Schritt";"";"";"Marketing";"Prüfung erforderlich";"Neutraler Leerzustand ohne unzulässigen Rückschluss auf eine starke Ausgangslage; durch Marketing freigeben.";"";"";"ui.action_plan.empty.title";"ui";"2";"v1:53424b46c1243ee3e6505ed975f56a612b38e990c9f2c7b91045479aac9cf712";"3590c9e8cf7ca676a7ee521fbaf700d33e930d666ff29c6c0b8090b85a264acc"
"Übergreifende Ergebnisdarstellung";"Navigation, Ergebnis & Bedienung";"Aktionsplan";"Begründung / Einordnung";"Neutrale Karte ohne eindeutig priorisierten Aktionsschritt, Text";"Ihre Angaben ergeben derzeit keinen einzelnen klar priorisierten Schritt. Behalten Sie Bewährtes bei; wenn Sie etwas verändern möchten, helfen die Dimensionsdetails und der Digital Coach bei der Auswahl.";"";"";"Marketing";"Prüfung erforderlich";"Neutraler Leerzustand ohne unzulässigen Rückschluss auf eine starke Ausgangslage; durch Marketing freigeben.";"";"";"ui.action_plan.empty.body";"ui";"2";"v1:53424b46c1243ee3e6505ed975f56a612b38e990c9f2c7b91045479aac9cf712";"6aedeb84d8cae6cce5b8f03a87ef9c5cae34d75562d317d1ae78c1fb9a1ad669"
"Übergreifende Ergebnisdarstellung";"Navigation, Ergebnis & Bedienung";"Aktionsplan";"Überschrift";"Sektionsüberschrift bei drei priorisierten Schritten";"Ihre nächsten drei Schritte";"";"";"Marketing";"Nicht geprüft";"";"";"";"ui.action_plan.heading.three";"ui";"2";"v1:53424b46c1243ee3e6505ed975f56a612b38e990c9f2c7b91045479aac9cf712";"2c796052212b08d19d4784cfc7e69a95c929fc192c745f5675892dad5807f3cd"
"Übergreifende Ergebnisdarstellung";"Navigation, Ergebnis & Bedienung";"Aktionsplan";"Überschrift";"Sektionsüberschrift bei einem sichtbaren medizinischen oder ernährungsfachlichen Klärungshinweis ohne standardisierten Plan";"Fachliche Einordnung als nächster Schritt";"";"";"Marketing, Medizin";"Prüfung erforderlich";"Eigener Zustand für Summary-only-Hinweise ohne widersprüchlichen Aktionsplan-Leertext; durch Marketing und Medizin freigeben.";"";"";"ui.action_plan.heading.clarification";"ui";"2";"v1:53424b46c1243ee3e6505ed975f56a612b38e990c9f2c7b91045479aac9cf712";"c6e443439afd54eae8009a89e68ea959153498bd93f0047b0701a8395c693f88"
"Übergreifende Ergebnisdarstellung";"Navigation, Ergebnis & Bedienung";"Aktionsplan";"Überschrift";"Sektionsüberschrift bei genau einem priorisierten Schritt";"Ihr nächster Schritt";"";"";"Marketing";"Nicht geprüft";"";"";"";"ui.action_plan.heading.one";"ui";"2";"v1:53424b46c1243ee3e6505ed975f56a612b38e990c9f2c7b91045479aac9cf712";"e9fed823d60fbe2150c6f28f1816bd6cec1e75e1e95a79d00fa043995e75cf9b"
"Übergreifende Ergebnisdarstellung";"Navigation, Ergebnis & Bedienung";"Aktionsplan";"Überschrift";"Sektionsüberschrift bei genau zwei priorisierten Schritten";"Ihre nächsten zwei Schritte";"";"";"Marketing";"Nicht geprüft";"";"";"";"ui.action_plan.heading.two";"ui";"2";"v1:53424b46c1243ee3e6505ed975f56a612b38e990c9f2c7b91045479aac9cf712";"a957975aacea24e9d00a2649177da296a5d27e486538f8d85d3eee77c6e0db4f"
"Übergreifende Ergebnisdarstellung";"Navigation, Ergebnis & Bedienung";"Aktionsplan";"Überschrift";"Sektionsüberschrift ohne vordringliches Handlungsfeld";"Ihr persönlicher Startpunkt";"";"";"Marketing";"Prüfung erforderlich";"Neutraler Leerzustand ohne unzulässigen Rückschluss auf eine starke Ausgangslage; durch Marketing freigeben.";"";"";"ui.action_plan.heading.empty";"ui";"2";"v1:53424b46c1243ee3e6505ed975f56a612b38e990c9f2c7b91045479aac9cf712";"d230215d14c4c77fc3e823e882b1248228ee63d7ace9a808af3c7dad5607b603"
"Übergreifende Ergebnisdarstellung";"Navigation, Ergebnis & Bedienung";"Aktionsplan";"Begründung / Einordnung";"Beschreibung bei einem sichtbaren Klärungshinweis ohne standardisierten 4-Wochen-Plan";"Dieses Handlungsfeld ist wichtig, lässt sich aus den vorhandenen Angaben aber nicht sicher in einen standardisierten 4-Wochen-Plan übersetzen.";"";"";"Marketing, Medizin";"Prüfung erforderlich";"Verhindert eine pauschale Anleitung aus Einzelwerten; durch Marketing und Medizin freigeben.";"";"";"ui.action_plan.intro.clarification";"ui";"2";"v1:53424b46c1243ee3e6505ed975f56a612b38e990c9f2c7b91045479aac9cf712";"12a3a7c26c0856e940a99203a26e3196c2503c9a7b1dcda25af3b988afcea0f8"
"Übergreifende Ergebnisdarstellung";"Navigation, Ergebnis & Bedienung";"Aktionsplan";"Begründung / Einordnung";"Beschreibung bei genau einem priorisierten Schritt";"Klein anfangen, dranbleiben: Dieser Hebel hat für Sie gerade besonders viel Wirkung. Öffnen Sie pro Schritt Ihren 4-Wochen-Plan und haken Sie ab, was Sie geschafft haben.";"";"";"Marketing";"Nicht geprüft";"";"";"";"ui.action_plan.intro.one";"ui";"2";"v1:53424b46c1243ee3e6505ed975f56a612b38e990c9f2c7b91045479aac9cf712";"72fdaba0c83b6304b3157e0a63887598d62762b13aa2abef2bf493f9694b3e5e"
"Übergreifende Ergebnisdarstellung";"Navigation, Ergebnis & Bedienung";"Aktionsplan";"Begründung / Einordnung";"Beschreibung bei zwei oder drei priorisierten Schritten";"Klein anfangen, dranbleiben: Diese Hebel haben für Sie gerade besonders viel Wirkung. Öffnen Sie pro Schritt Ihren 4-Wochen-Plan und haken Sie ab, was Sie geschafft haben.";"";"";"Marketing";"Nicht geprüft";"";"";"";"ui.action_plan.intro.multiple";"ui";"2";"v1:53424b46c1243ee3e6505ed975f56a612b38e990c9f2c7b91045479aac9cf712";"138c5fed5bdd84fd47832c9881c78a8ae1e72942e9f0a1e4c96bf4eb9e4abc6f"
"Übergreifende Ergebnisdarstellung";"Navigation, Ergebnis & Bedienung";"Aktionsplan";"Begründung / Einordnung";"Neutrale Beschreibung ohne eindeutig priorisierten Aktionsschritt";"Aktuell hebt sich kein einzelnes Handlungsfeld klar ab. Die fünf Dimensionen unten zeigen, wo Sie Bewährtes erhalten oder einen passenden kleinen Schritt wählen können.";"";"";"Marketing";"Prüfung erforderlich";"Neutraler Leerzustand ohne unzulässigen Rückschluss auf eine starke Ausgangslage; durch Marketing freigeben.";"";"";"ui.action_plan.intro.empty";"ui";"2";"v1:53424b46c1243ee3e6505ed975f56a612b38e990c9f2c7b91045479aac9cf712";"bbf4b6dc23be1bc79e72806542d636b43602ccc9167dd95671f7995901694db9"
"Übergreifende Ergebnisdarstellung";"Navigation, Ergebnis & Bedienung";"Ergebnisbereiche";"Beschriftung";"Dimensionsdetails-Sektion, Rubrik";"Im Detail";"";"";"Marketing";"Nicht geprüft";"";"";"";"ui.details.eyebrow";"ui";"2";"v1:53424b46c1243ee3e6505ed975f56a612b38e990c9f2c7b91045479aac9cf712";"222bced91c3b79ddc83ae09115b733ddfd1970abe34bef2890bcb39a2ec8d947"
"Übergreifende Ergebnisdarstellung";"Navigation, Ergebnis & Bedienung";"Ergebnisbereiche";"Überschrift";"Dimensionsdetails-Sektion, Überschrift";"Ihre fünf Dimensionen";"";"";"Marketing";"Nicht geprüft";"";"";"";"ui.details.title";"ui";"2";"v1:53424b46c1243ee3e6505ed975f56a612b38e990c9f2c7b91045479aac9cf712";"ae49190ecba84d8f8843b1b3dbbf7ea08505bdb41442eb5557f4ed8170931151"
"Übergreifende Ergebnisdarstellung";"Navigation, Ergebnis & Bedienung";"Ergebnisbereiche";"Begründung / Einordnung";"Dimensionsdetails-Sektion, Bedienhinweis";"Tippen Sie auf einen Bereich, um die Einordnung, persönliche Empfehlungen und weitere konkrete Schritte oder medizinische Klärungshinweise zu sehen.";"";"";"Marketing";"Prüfung erforderlich";"Bedienhinweis an die einheitlich strukturierten Dimensionshinweise angepasst; durch Marketing freigeben.";"";"";"ui.details.description";"ui";"2";"v1:53424b46c1243ee3e6505ed975f56a612b38e990c9f2c7b91045479aac9cf712";"4d55500c737ce8bb3b752a4cb32132bba5361eb153444a0c01a454362c41139c"
"Übergreifende Ergebnisdarstellung";"Navigation, Ergebnis & Bedienung";"Einordnung & Metriken";"Begründung / Einordnung";"Dimensionsdetail mit zusätzlichem Risiko- oder Abklärungssignal, unabhängig vom Scorestatus";"Zu diesem Bereich liegt zusätzlich ein Hinweis vor, der bei der Einordnung Vorrang hat.";"";"";"Marketing, Medizin";"Prüfung erforderlich";"Verhindert eine Erfolgseinordnung bei hohem Score und gleichzeitig offenem Signal; durch Marketing und Medizin freigeben.";"";"";"ui.dimension.classification.open_signal";"ui";"2";"v1:53424b46c1243ee3e6505ed975f56a612b38e990c9f2c7b91045479aac9cf712";"c2e1a0bb7bfafef59ad61d66526bc005a5de9bb07f485dbd5c69cde11ad1b924"
"Übergreifende Ergebnisdarstellung";"Navigation, Ergebnis & Bedienung";"Einordnung & Metriken";"Begründung / Einordnung";"Dimensionsdetail, Einordnung für Status aufmerksam";"Dieser Bereich verdient gerade etwas mehr Aufmerksamkeit.";"";"";"Marketing, Medizin";"Nicht geprüft";"";"";"";"ui.dimension.classification.aufmerksam";"ui";"2";"v1:53424b46c1243ee3e6505ed975f56a612b38e990c9f2c7b91045479aac9cf712";"2902a234fb73cc790ad0db55f5deee822657f531be246c4e7c8bcee82ad3831d"
"Übergreifende Ergebnisdarstellung";"Navigation, Ergebnis & Bedienung";"Einordnung & Metriken";"Begründung / Einordnung";"Dimensionsdetail, Einordnung für Status ausbau";"Ausbaufähig – in diesem Bereich gibt es Entwicklungspotenzial.";"";"";"Marketing, Medizin";"Prüfung erforderlich";"Einordnung verspricht keine spezifische Empfehlung, wenn die Regel-Engine keinen eindeutigen Hebel ableitet; durch Marketing und Medizin freigeben.";"";"";"ui.dimension.classification.ausbau";"ui";"2";"v1:53424b46c1243ee3e6505ed975f56a612b38e990c9f2c7b91045479aac9cf712";"9df1b1c2b1c6bc98bddaecf84144674769246bc3283c0f847b22ac556f532ae0"
"Übergreifende Ergebnisdarstellung";"Navigation, Ergebnis & Bedienung";"Einordnung & Metriken";"Begründung / Einordnung";"Dimensionsdetail, Einordnung für Status solide";"Hier sind Sie insgesamt solide aufgestellt.";"";"";"Marketing, Medizin";"Prüfung erforderlich";"Redaktionell von der dimensionsspezifischen Nutzenbotschaft entkoppeln und durch Marketing und Medizin freigeben.";"";"";"ui.dimension.classification.solide";"ui";"2";"v1:53424b46c1243ee3e6505ed975f56a612b38e990c9f2c7b91045479aac9cf712";"5a2744aee1796ff90729c1b36ba186c014eb54bc96af2b6b3aec18ba70865e2a"
"Übergreifende Ergebnisdarstellung";"Navigation, Ergebnis & Bedienung";"Einordnung & Metriken";"Begründung / Einordnung";"Dimensionsdetail, Einordnung für Status stark";"Hier zeigt sich eine klare Stärke – schön, das zu sehen.";"";"";"Marketing, Medizin";"Prüfung erforderlich";"Redaktionell von der dimensionsspezifischen Nutzenbotschaft entkoppeln und durch Marketing und Medizin freigeben.";"";"";"ui.dimension.classification.stark";"ui";"2";"v1:53424b46c1243ee3e6505ed975f56a612b38e990c9f2c7b91045479aac9cf712";"55fc6218fbf14d960e223efda8574d7c92fda8ae010095950b3887117a6c8a21"
"Übergreifende Ergebnisdarstellung";"Navigation, Ergebnis & Bedienung";"Dimensionsdetails";"Begründung / Einordnung";"Dimensionsdetail ohne spezifische Empfehlung und ohne soliden Score";"Aus den aktuellen Antworten ergibt sich hier kein einzelner priorisierter Schritt. Nutzen Sie den Orientierungswert als Ausgangspunkt und beobachten Sie, was sich im Alltag verändert.";"";"";"Marketing";"Prüfung erforderlich";"Neutraler Fallback ohne räumlich falschen Verweis; durch Marketing freigeben.";"";"";"ui.dimension.empty.neutral";"ui";"2";"v1:53424b46c1243ee3e6505ed975f56a612b38e990c9f2c7b91045479aac9cf712";"0af835bd798877df286d6404aca51b27cac71b0407e3cd92dcd84a5b72d51179"
"Übergreifende Ergebnisdarstellung";"Navigation, Ergebnis & Bedienung";"Dimensionsdetails";"Begründung / Einordnung";"Dimensionsdetail ohne spezifische Empfehlung, aber mit offenem Risiko- oder Abklärungssignal";"Der Orientierungswert bildet nur die bewerteten Antworten ab. Beziehen Sie den zugehörigen Hinweis in der Ergebnisübersicht zusätzlich ein.";"";"";"Marketing, Medizin";"Prüfung erforderlich";"Eigener Fallback für offene Signale statt einer positiven oder pauschal neutralen Aussage; durch Marketing und Medizin freigeben.";"";"";"ui.dimension.empty.open_signal";"ui";"2";"v1:53424b46c1243ee3e6505ed975f56a612b38e990c9f2c7b91045479aac9cf712";"4d971dab8f462acd61db8974226c625d5334c103a76db2f75e3ca8759b3889ef"
"Übergreifende Ergebnisdarstellung";"Navigation, Ergebnis & Bedienung";"Promo & Feedback";"Beschriftung";"Feedback-Sektion, Rubrik";"Ihr Feedback ist uns wichtig";"";"";"Marketing";"Nicht geprüft";"";"";"";"ui.feedback.eyebrow";"ui";"2";"v1:53424b46c1243ee3e6505ed975f56a612b38e990c9f2c7b91045479aac9cf712";"8c9c9323d5d81f0e195e148318757e57d86d42e6b134a1d03e93fc63710f0bee"
"Übergreifende Ergebnisdarstellung";"Navigation, Ergebnis & Bedienung";"Promo & Feedback";"Überschrift";"Feedback-Sektion, Überschrift";"Wie war Ihr Gesundheitscheck?";"";"";"Marketing";"Nicht geprüft";"";"";"";"ui.feedback.title";"ui";"2";"v1:53424b46c1243ee3e6505ed975f56a612b38e990c9f2c7b91045479aac9cf712";"84eda48c0778a143a2bcca46ac10d3df759bfdd803d1d9c812680f1470cad9bf"
"Übergreifende Ergebnisdarstellung";"Navigation, Ergebnis & Bedienung";"Promo & Feedback";"Begründung / Einordnung";"Feedback-Sektion, Beschreibung";"Ihre Rückmeldung hilft uns, den Check laufend zu verbessern – das Ausfüllen dauert nur zwei Minuten.";"";"";"Marketing";"Nicht geprüft";"";"";"";"ui.feedback.description";"ui";"2";"v1:53424b46c1243ee3e6505ed975f56a612b38e990c9f2c7b91045479aac9cf712";"f42a000250cb42ddfc3867abd3061703e4f4eeb37fcfc97c5d164f095d85aeb9"
"Übergreifende Ergebnisdarstellung";"Navigation, Ergebnis & Bedienung";"Ergebnis-Einstieg";"Beschriftung";"Verweis auf die Detailauswertung, wenn kein Aktionsschritt priorisiert wurde";"die Detailauswertung";"";"";"Marketing";"Prüfung erforderlich";"Verhindert einen falschen Verweis auf drei nicht vorhandene Aktionsschritte; durch Marketing freigeben.";"";"";"ui.hero.action_plan_reference.empty";"ui";"2";"v1:53424b46c1243ee3e6505ed975f56a612b38e990c9f2c7b91045479aac9cf712";"f1b78f273bb1488279d8b8720d5a85f36b8488f265618fd10b1ffd70e69f1239"
"Übergreifende Ergebnisdarstellung";"Navigation, Ergebnis & Bedienung";"Ergebnis-Einstieg";"Beschriftung";"Verbform beim Verweis auf genau einen priorisierten Schritt";"setzt";"";"";"Marketing";"Nicht geprüft";"";"";"";"ui.hero.action_plan_verb.singular";"ui";"2";"v1:53424b46c1243ee3e6505ed975f56a612b38e990c9f2c7b91045479aac9cf712";"e81f2341e037236c861e79f7e76e55c0c4049b4747a9a82bc9c90492e2b7b31e"
"Übergreifende Ergebnisdarstellung";"Navigation, Ergebnis & Bedienung";"Ergebnis-Einstieg";"Beschriftung";"Verbform beim Verweis auf mehrere priorisierte Schritte";"setzen";"";"";"Marketing";"Nicht geprüft";"";"";"";"ui.hero.action_plan_verb.plural";"ui";"2";"v1:53424b46c1243ee3e6505ed975f56a612b38e990c9f2c7b91045479aac9cf712";"a0796f093c33c3f6c989ccd18d34ac41b7f82ce54726d337cf46b8eca8ee4bea"
"Übergreifende Ergebnisdarstellung";"Navigation, Ergebnis & Bedienung";"Ergebnis-Einstieg";"Beschriftung";"Hero-Zusammenfassung, Fallback für eine unbekannte Dimension im Nominativ";"diese Dimension";"";"";"Marketing";"Nicht geprüft";"";"";"";"ui.hero.dimension.fallback.nominative";"ui";"2";"v1:53424b46c1243ee3e6505ed975f56a612b38e990c9f2c7b91045479aac9cf712";"73306f0365635af1cc9907cd6459735837cbc3e0e0affb2e6bd2ccadb19ff9ea"
"Übergreifende Ergebnisdarstellung";"Navigation, Ergebnis & Bedienung";"Ergebnis-Einstieg";"Beschriftung";"Hero-Zusammenfassung, Fallback für eine unbekannte Dimension mit Präposition";"in dieser Dimension";"";"";"Marketing";"Nicht geprüft";"";"";"";"ui.hero.dimension.fallback.prepositional";"ui";"2";"v1:53424b46c1243ee3e6505ed975f56a612b38e990c9f2c7b91045479aac9cf712";"9cb1e6219814231130137b7d93826b6e95ea2c764bb0e5f0858dbcda7bfd87ac"
"Übergreifende Ergebnisdarstellung";"Navigation, Ergebnis & Bedienung";"Ergebnis-Einstieg";"Dynamischer Text";"Ausgeglichenes Profil, Status ausbaufähig";"«Ausbaufähig» heisst bei Ihnen: ein ausgeglichenes Profil mit Luft nach oben in allen fünf Dimensionen. Wählen Sie den Einstieg, der Sie am meisten motiviert – zum Beispiel <b>{{weakestPrepositional}}</b> ({{weakestScore}} von 100){{topicSuffix}}.";"";"";"Marketing, Medizin";"Nicht geprüft";"";"{{topicSuffix}} | {{weakestPrepositional}} | {{weakestScore}}";"";"ui.hero.lead.balanced.ausbau";"ui";"2";"v1:53424b46c1243ee3e6505ed975f56a612b38e990c9f2c7b91045479aac9cf712";"d110e038f0ad28bb330c33f9fbd4d9da29da5a079c7ca7335885ef946f10131b"
"Übergreifende Ergebnisdarstellung";"Navigation, Ergebnis & Bedienung";"Ergebnis-Einstieg";"Dynamischer Text";"Ausgeglichenes Profil, Status erhöhte Aufmerksamkeit";"Ihr Ergebnis verdient jetzt Aufmerksamkeit – über alle Dimensionen hinweg. Verstehen Sie es als Startpunkt, nicht als Urteil. Wählen Sie den Einstieg, der Sie am meisten motiviert – zum Beispiel <b>{{weakestPrepositional}}</b> ({{weakestScore}} von 100){{topicSuffix}}.";"";"";"Marketing, Medizin";"Nicht geprüft";"";"{{topicSuffix}} | {{weakestPrepositional}} | {{weakestScore}}";"";"ui.hero.lead.balanced.aufmerksam";"ui";"2";"v1:53424b46c1243ee3e6505ed975f56a612b38e990c9f2c7b91045479aac9cf712";"690e1b8ede9bd43493ff96d2eec9510f16c365aa3553d5d6cd52838d59a70c93"
"Übergreifende Ergebnisdarstellung";"Navigation, Ergebnis & Bedienung";"Ergebnis-Einstieg";"Dynamischer Text";"Ausgeglichenes Profil, Status solide";"«Solide Basis» heisst bei Ihnen: ein bemerkenswert ausgeglichenes Profil, in dem kein Bereich abfällt. Wählen Sie den Einstieg, der Sie am meisten motiviert – zum Beispiel <b>{{weakestPrepositional}}</b> ({{weakestScore}} von 100){{topicSuffix}}.";"";"";"Marketing, Medizin";"Nicht geprüft";"";"{{topicSuffix}} | {{weakestPrepositional}} | {{weakestScore}}";"";"ui.hero.lead.balanced.solide";"ui";"2";"v1:53424b46c1243ee3e6505ed975f56a612b38e990c9f2c7b91045479aac9cf712";"0ac4f56ca6642e9b5cbb0c2571cdd90bd7c3a8fa81d7c22b5d2791ad688e176f"
"Übergreifende Ergebnisdarstellung";"Navigation, Ergebnis & Bedienung";"Ergebnis-Einstieg";"Dynamischer Text";"Ausgeglichenes Profil, Status stark; globale Header/Footer aus index.html sind ausgeschlossen, weil sie nicht resultatspezifisch sind";"Stark unterwegs: Ihre Antworten zeichnen über alle fünf Dimensionen ein sehr gutes, auffallend ausgeglichenes Bild. Halten Sie Ihren Kurs – wenn Sie feilen möchten, dann <b>{{weakestPrepositional}}</b> ({{weakestScore}} von 100){{topicSuffix}}.";"";"";"Marketing, Medizin";"Nicht geprüft";"";"{{topicSuffix}} | {{weakestPrepositional}} | {{weakestScore}}";"";"ui.hero.lead.balanced.stark";"ui";"2";"v1:53424b46c1243ee3e6505ed975f56a612b38e990c9f2c7b91045479aac9cf712";"a3c6ce90a245c454d6e6049ca53c2c9ff9046afe80e5efaeb98ed6e12f3849ed"
"Übergreifende Ergebnisdarstellung";"Navigation, Ergebnis & Bedienung";"Ergebnis-Einstieg";"Dynamischer Text";"Profil mit deutlichem Unterschied zwischen Dimensionen, Status solide";"«Solide Basis» heisst bei Ihnen: Vieles ist bereits gut aufgestellt – allen voran <b>{{strongestNominative}}</b> ({{strongestScore}}). Den grössten Unterschied machen jetzt die nächsten Schritte <b>{{weakestPrepositional}}</b> ({{weakestScore}} von 100){{topicSuffix}}.";"";"";"Marketing, Medizin";"Nicht geprüft";"";"{{strongestNominative}} | {{strongestScore}} | {{topicSuffix}} | {{weakestPrepositional}} | {{weakestScore}}";"";"ui.hero.lead.spread.solide";"ui";"2";"v1:53424b46c1243ee3e6505ed975f56a612b38e990c9f2c7b91045479aac9cf712";"3e47bb5ee9b8b86a1fc5a45328f01b2586b3bfe8f22e6ef8c68af60522c5dc2a"
"Übergreifende Ergebnisdarstellung";"Navigation, Ergebnis & Bedienung";"Ergebnis-Einstieg";"Dynamischer Text";"Profil mit deutlichem Unterschied zwischen Dimensionen, Status stark";"Stark unterwegs: Ihre Antworten zeichnen ein sehr gutes Gesamtbild – allen voran <b>{{strongestNominative}}</b> ({{strongestScore}}). Ihre grösste Reserve liegt <b>{{weakestPrepositional}}</b> ({{weakestScore}} von 100){{topicSuffix}}.";"";"";"Marketing, Medizin";"Nicht geprüft";"";"{{strongestNominative}} | {{strongestScore}} | {{topicSuffix}} | {{weakestPrepositional}} | {{weakestScore}}";"";"ui.hero.lead.spread.stark";"ui";"2";"v1:53424b46c1243ee3e6505ed975f56a612b38e990c9f2c7b91045479aac9cf712";"3adabc3084defd94d52b4de1096e83dc4c5fbd14c09d5ad3a7e97ebfc353e4e2"
"Übergreifende Ergebnisdarstellung";"Navigation, Ergebnis & Bedienung";"Ergebnis-Einstieg";"Dynamischer Text";"Profil mit erhöhter Aufmerksamkeit ohne ausreichend starke Ankerdimension";"Ihr Ergebnis verdient jetzt etwas Aufmerksamkeit – verstehen Sie es als Startpunkt, nicht als Urteil. Beginnen Sie <b>{{weakestPrepositional}}</b> ({{weakestScore}} von 100){{topicSuffix}}; {{actionPlanReference}} unten {{actionPlanVerb}} genau dort an.";"";"";"Marketing, Medizin";"Nicht geprüft";"";"{{actionPlanReference}} | {{actionPlanVerb}} | {{topicSuffix}} | {{weakestPrepositional}} | {{weakestScore}}";"";"ui.hero.lead.spread.aufmerksam.no_wind";"ui";"2";"v1:53424b46c1243ee3e6505ed975f56a612b38e990c9f2c7b91045479aac9cf712";"04289c2ee143c9b18f9dc222d5584553eba04d0fec14b4ec99b2d042dd58ed57"
"Übergreifende Ergebnisdarstellung";"Navigation, Ergebnis & Bedienung";"Ergebnis-Einstieg";"Dynamischer Text";"Profil mit erhöhter Aufmerksamkeit und grammatisch pluraler Ankerdimension";"Ihr Ergebnis verdient jetzt etwas Aufmerksamkeit – verstehen Sie es als Startpunkt, nicht als Urteil. Beginnen Sie <b>{{weakestPrepositional}}</b> ({{weakestScore}} von 100){{topicSuffix}}; {{actionPlanReference}} unten {{actionPlanVerb}} genau dort an. <b>{{strongestNominative}}</b> ({{strongestScore}}) geben Ihnen dabei Rückenwind.";"";"";"Marketing, Medizin";"Nicht geprüft";"";"{{actionPlanReference}} | {{actionPlanVerb}} | {{strongestNominative}} | {{strongestScore}} | {{topicSuffix}} | {{weakestPrepositional}} | {{weakestScore}}";"";"ui.hero.lead.spread.aufmerksam.with_wind.plural";"ui";"2";"v1:53424b46c1243ee3e6505ed975f56a612b38e990c9f2c7b91045479aac9cf712";"e426e5ed7eda1fed7543ef261aa373862171c8c8000cba77ca68b60e5c2dd12b"
"Übergreifende Ergebnisdarstellung";"Navigation, Ergebnis & Bedienung";"Ergebnis-Einstieg";"Dynamischer Text";"Profil mit erhöhter Aufmerksamkeit und grammatisch singulärer Ankerdimension";"Ihr Ergebnis verdient jetzt etwas Aufmerksamkeit – verstehen Sie es als Startpunkt, nicht als Urteil. Beginnen Sie <b>{{weakestPrepositional}}</b> ({{weakestScore}} von 100){{topicSuffix}}; {{actionPlanReference}} unten {{actionPlanVerb}} genau dort an. <b>{{strongestNominative}}</b> ({{strongestScore}}) gibt Ihnen dabei Rückenwind.";"";"";"Marketing, Medizin";"Nicht geprüft";"";"{{actionPlanReference}} | {{actionPlanVerb}} | {{strongestNominative}} | {{strongestScore}} | {{topicSuffix}} | {{weakestPrepositional}} | {{weakestScore}}";"";"ui.hero.lead.spread.aufmerksam.with_wind.singular";"ui";"2";"v1:53424b46c1243ee3e6505ed975f56a612b38e990c9f2c7b91045479aac9cf712";"d76c7c2c62790d56d344dd0f4bf840525883b5e18ac8e6dbb19e9b7b8d84d98d"
"Übergreifende Ergebnisdarstellung";"Navigation, Ergebnis & Bedienung";"Ergebnis-Einstieg";"Dynamischer Text";"Profil ausbaufähig; stärkste Dimension unter solide und grammatisch plural";"«Ausbaufähig» heisst bei Ihnen: Das Fundament ist da, und es gibt klare Hebel. Am meisten bewirken Sie aktuell <b>{{weakestPrepositional}}</b> ({{weakestScore}} von 100){{topicSuffix}}. Am stabilsten zeigen sich <b>{{strongestNominative}}</b> ({{strongestScore}}) – darauf lässt sich aufbauen.";"";"";"Marketing, Medizin";"Nicht geprüft";"";"{{strongestNominative}} | {{strongestScore}} | {{topicSuffix}} | {{weakestPrepositional}} | {{weakestScore}}";"";"ui.hero.lead.spread.ausbau.anchor_stable.plural";"ui";"2";"v1:53424b46c1243ee3e6505ed975f56a612b38e990c9f2c7b91045479aac9cf712";"6d04f599a5bbf7525129d26294ceacc696275afc01030be4db8a666d29a055dd"
"Übergreifende Ergebnisdarstellung";"Navigation, Ergebnis & Bedienung";"Ergebnis-Einstieg";"Dynamischer Text";"Profil ausbaufähig; stärkste Dimension unter solide und grammatisch singular";"«Ausbaufähig» heisst bei Ihnen: Das Fundament ist da, und es gibt klare Hebel. Am meisten bewirken Sie aktuell <b>{{weakestPrepositional}}</b> ({{weakestScore}} von 100){{topicSuffix}}. Am stabilsten zeigt sich <b>{{strongestNominative}}</b> ({{strongestScore}}) – darauf lässt sich aufbauen.";"";"";"Marketing, Medizin";"Nicht geprüft";"";"{{strongestNominative}} | {{strongestScore}} | {{topicSuffix}} | {{weakestPrepositional}} | {{weakestScore}}";"";"ui.hero.lead.spread.ausbau.anchor_stable.singular";"ui";"2";"v1:53424b46c1243ee3e6505ed975f56a612b38e990c9f2c7b91045479aac9cf712";"d541732964913f440de78393b6da02510c3f4ae1747ff8a1a6160dcaf1f3aac7"
"Übergreifende Ergebnisdarstellung";"Navigation, Ergebnis & Bedienung";"Ergebnis-Einstieg";"Dynamischer Text";"Profil ausbaufähig; stärkste Dimension mindestens solide und grammatisch plural";"«Ausbaufähig» heisst bei Ihnen: Das Fundament ist da, und es gibt klare Hebel. Am meisten bewirken Sie aktuell <b>{{weakestPrepositional}}</b> ({{weakestScore}} von 100){{topicSuffix}}. Gut zu sehen: <b>{{strongestNominative}}</b> ({{strongestScore}}) stützen Sie dabei bereits.";"";"";"Marketing, Medizin";"Nicht geprüft";"";"{{strongestNominative}} | {{strongestScore}} | {{topicSuffix}} | {{weakestPrepositional}} | {{weakestScore}}";"";"ui.hero.lead.spread.ausbau.anchor_strong.plural";"ui";"2";"v1:53424b46c1243ee3e6505ed975f56a612b38e990c9f2c7b91045479aac9cf712";"0a20d3ba9e5a895b49100dd6cb0d69e1c483146dd73ac678921b1fad9831fd8f"
"Übergreifende Ergebnisdarstellung";"Navigation, Ergebnis & Bedienung";"Ergebnis-Einstieg";"Dynamischer Text";"Profil ausbaufähig; stärkste Dimension mindestens solide und grammatisch singular";"«Ausbaufähig» heisst bei Ihnen: Das Fundament ist da, und es gibt klare Hebel. Am meisten bewirken Sie aktuell <b>{{weakestPrepositional}}</b> ({{weakestScore}} von 100){{topicSuffix}}. Gut zu sehen: <b>{{strongestNominative}}</b> ({{strongestScore}}) stützt Sie dabei bereits.";"";"";"Marketing, Medizin";"Nicht geprüft";"";"{{strongestNominative}} | {{strongestScore}} | {{topicSuffix}} | {{weakestPrepositional}} | {{weakestScore}}";"";"ui.hero.lead.spread.ausbau.anchor_strong.singular";"ui";"2";"v1:53424b46c1243ee3e6505ed975f56a612b38e990c9f2c7b91045479aac9cf712";"cf1fb6a2b0ac0d4dae9cfdce71aaf7b2d8694e5a7761c0e05dd681950590ceda"
"Übergreifende Ergebnisdarstellung";"Navigation, Ergebnis & Bedienung";"Ergebnis-Einstieg";"Dynamischer Text";"Hero-Zusammenfassung mit genau einem konkreten Defizitthema";" – Stichwort: {{topicOne}}";"";"";"Marketing";"Nicht geprüft";"";"{{topicOne}}";"";"ui.hero.topic_suffix.one";"ui";"2";"v1:53424b46c1243ee3e6505ed975f56a612b38e990c9f2c7b91045479aac9cf712";"b2af79544da4f21b7a5038a78034fd7f9213cf0a293ed808059d6a449660c90e"
"Übergreifende Ergebnisdarstellung";"Navigation, Ergebnis & Bedienung";"Ergebnis-Einstieg";"Dynamischer Text";"Hero-Zusammenfassung mit zwei konkreten Defizitthemen";" – Stichworte: {{topicOne}} und {{topicTwo}}";"";"";"Marketing";"Nicht geprüft";"";"{{topicOne}} | {{topicTwo}}";"";"ui.hero.topic_suffix.two";"ui";"2";"v1:53424b46c1243ee3e6505ed975f56a612b38e990c9f2c7b91045479aac9cf712";"8e0125a1c14339503a0f80c8c0f4b2013ea42f8aa02a97b00b825c5fafa61cff"
"Übergreifende Ergebnisdarstellung";"Navigation, Ergebnis & Bedienung";"Angebote & Kundenkontext";"Beschriftung";"Ergebnisseite, Präfix vor einem noch nicht verlinkten Helsana-Angebot";"Platzhalter: {{placeholder}}";"";"";"Marketing";"Nicht geprüft";"";"{{placeholder}}";"";"ui.offer.placeholder_prefix";"ui";"2";"v1:53424b46c1243ee3e6505ed975f56a612b38e990c9f2c7b91045479aac9cf712";"10ec8c9329668d3428c2a6c85138bbad527d1dab79821f651fa026f40437c284"
"Übergreifende Ergebnisdarstellung";"Navigation, Ergebnis & Bedienung";"Ergebnisbereiche";"Überschrift";"Handlungsfelder-Karte, Überschrift";"Grösste Handlungsfelder";"";"";"Marketing";"Nicht geprüft";"";"";"";"ui.overview.fields_title";"ui";"2";"v1:53424b46c1243ee3e6505ed975f56a612b38e990c9f2c7b91045479aac9cf712";"4ef2d272d7193e6acdd2700bd56e7d2e97b4d360bc4a61c1a8de3531021c73f3"
"Übergreifende Ergebnisdarstellung";"Navigation, Ergebnis & Bedienung";"Ergebnisbereiche";"Beschriftung";"Stärken-und-Handlungsfelder-Sektion, Rubrik";"Auf einen Blick";"";"";"Marketing";"Nicht geprüft";"";"";"";"ui.overview.eyebrow";"ui";"2";"v1:53424b46c1243ee3e6505ed975f56a612b38e990c9f2c7b91045479aac9cf712";"6389008664cf884aa2c108478fd39b0cf740e8795df77ef2d183da8c7eec9e64"
"Übergreifende Ergebnisdarstellung";"Navigation, Ergebnis & Bedienung";"Ergebnisbereiche";"Überschrift";"Stärken-und-Handlungsfelder-Sektion, Überschrift";"Ihre Stärken & Handlungsfelder";"";"";"Marketing";"Nicht geprüft";"";"";"";"ui.overview.title";"ui";"2";"v1:53424b46c1243ee3e6505ed975f56a612b38e990c9f2c7b91045479aac9cf712";"d5509acdac859ab1c917f9e07e8d89c927b50622fb6e0c4edf9a2b576a3830f8"
"Übergreifende Ergebnisdarstellung";"Navigation, Ergebnis & Bedienung";"Ergebnisbereiche";"Überschrift";"Stärkenkarte, Überschrift";"Ihre Stärken";"";"";"Marketing";"Nicht geprüft";"";"";"";"ui.overview.strengths_title";"ui";"2";"v1:53424b46c1243ee3e6505ed975f56a612b38e990c9f2c7b91045479aac9cf712";"f7dffe14e5118d72d1ecd9583bdf70455ec3d8e1c6491a239e09ac7b79634441"
"Übergreifende Ergebnisdarstellung";"Navigation, Ergebnis & Bedienung";"Ergebnisbereiche";"Positive Rückmeldung";"Handlungsfelder-Karte ohne dringendes Feld";"Aktuell kein dringendes Handlungsfeld – halten Sie Ihren Kurs.";"";"";"Marketing";"Nicht geprüft";"";"";"";"ui.overview.fields_empty";"ui";"2";"v1:53424b46c1243ee3e6505ed975f56a612b38e990c9f2c7b91045479aac9cf712";"f59cfd050655c3b017fc88efbd32b278c2397a789f24ac8b165e93aa8056a157"
"Übergreifende Ergebnisdarstellung";"Navigation, Ergebnis & Bedienung";"Ergebnisbereiche";"Positive Rückmeldung";"Stärkenkarte ohne konkrete Stärke";"Jeder Bereich bietet gerade Potenzial – ein guter Startpunkt.";"";"";"Marketing";"Nicht geprüft";"";"";"";"ui.overview.strengths_empty";"ui";"2";"v1:53424b46c1243ee3e6505ed975f56a612b38e990c9f2c7b91045479aac9cf712";"e75c424b7c7a49184b82bcef48751d6e251c6112088eeb76c826b5ddda54fb27"
"Übergreifende Ergebnisdarstellung";"Navigation, Ergebnis & Bedienung";"Gemeinsame Oberflächentexte";"Beschriftung";"Gemeinsames Periodenlabel aller 4-Wochen-Pläne";"Diese Woche";"";"";"Marketing";"Nicht geprüft";"";"";"";"ui.plan.period.this_week";"recommendations";"2";"v1:53424b46c1243ee3e6505ed975f56a612b38e990c9f2c7b91045479aac9cf712";"71f32c838af4f8d616fe336136f28388ec76a196931d50a04d2a457bba19d9d0"
"Übergreifende Ergebnisdarstellung";"Navigation, Ergebnis & Bedienung";"Gemeinsame Oberflächentexte";"Beschriftung";"Gemeinsames Periodenlabel aller 4-Wochen-Pläne";"Woche 4";"";"";"Marketing";"Nicht geprüft";"";"";"";"ui.plan.period.week_4";"recommendations";"2";"v1:53424b46c1243ee3e6505ed975f56a612b38e990c9f2c7b91045479aac9cf712";"d112035fb74f1822b0f737bba1790b6133c35b99e6c1c1761c18fa87ccb29fe0"
"Übergreifende Ergebnisdarstellung";"Navigation, Ergebnis & Bedienung";"Gemeinsame Oberflächentexte";"Beschriftung";"Gemeinsames Periodenlabel aller 4-Wochen-Pläne";"Woche 2–3";"";"";"Marketing";"Nicht geprüft";"";"";"";"ui.plan.period.weeks_2_3";"recommendations";"2";"v1:53424b46c1243ee3e6505ed975f56a612b38e990c9f2c7b91045479aac9cf712";"e25c17730963d68c31c08eece4ed08eafd475153e752b5849dc1a6152c33cdba"
"Übergreifende Ergebnisdarstellung";"Navigation, Ergebnis & Bedienung";"Promo & Feedback";"Überschrift";"Helsana-Plus-Promokarte, Überschrift";"Punkte sammeln";"";"";"Marketing";"Nicht geprüft";"";"";"";"ui.promo.title";"ui";"2";"v1:53424b46c1243ee3e6505ed975f56a612b38e990c9f2c7b91045479aac9cf712";"4fa26206ce8a085b69816aab899eccce847fa5696c0a5420f0ae4e618c03dcc2"
"Übergreifende Ergebnisdarstellung";"Navigation, Ergebnis & Bedienung";"Promo & Feedback";"Begründung / Einordnung";"Helsana-Plus-Promokarte, Beschreibung";"Sammeln Sie mit Ihrem gesundheitsbewussten Lebensstil Pluspunkte und profitieren Sie von attraktiven Rabatten und Barauszahlungen.";"";"";"Marketing";"Nicht geprüft";"";"";"";"ui.promo.description";"ui";"2";"v1:53424b46c1243ee3e6505ed975f56a612b38e990c9f2c7b91045479aac9cf712";"a2b2a15c61707a7e3293e79aaa27e1f5703994d18bae76ffcaf262117ac2c5a0"
"Übergreifende Ergebnisdarstellung";"Navigation, Ergebnis & Bedienung";"Fragebogen";"Beschriftung";"Fragebogen, Ersatztitel für eine Hilfe ohne eigenen Titel";"Was bedeutet das?";"";"";"Marketing";"Nicht geprüft";"";"";"";"ui.quiz.help_fallback";"ui";"2";"v1:53424b46c1243ee3e6505ed975f56a612b38e990c9f2c7b91045479aac9cf712";"793361d40eada64271df39e1112afe0e6aadf03dafa1a7e7434ab3d6f7aa791f"
"Übergreifende Ergebnisdarstellung";"Navigation, Ergebnis & Bedienung";"Fragebogen";"Dynamischer Text";"Fragebogen, Screenreader-Label eines Fortschrittsschritts";"Bereich {{current}} von {{total}}: {{dimensionShort}}{{stateLabel}}";"";"";"Marketing";"Nicht geprüft";"";"{{current}} | {{dimensionShort}} | {{stateLabel}} | {{total}}";"";"ui.quiz.step_aria";"ui";"2";"v1:53424b46c1243ee3e6505ed975f56a612b38e990c9f2c7b91045479aac9cf712";"8c0a07b53141bf1aa674567f2607429e92f6001753f9f9165927564214ebff91"
"Übergreifende Ergebnisdarstellung";"Navigation, Ergebnis & Bedienung";"Fragebogen";"Hint";"Fragebogen, Hinweis bei optionalem Zahlenfeld";"Optional – Sie können das Feld auch leer lassen.";"";"";"Marketing";"Nicht geprüft";"";"";"";"ui.quiz.optional_hint";"ui";"2";"v1:53424b46c1243ee3e6505ed975f56a612b38e990c9f2c7b91045479aac9cf712";"e22df4d7567efc85e3115c320bfdbacfe1da35e277b10f464b49ebd470b8f633"
"Übergreifende Ergebnisdarstellung";"Navigation, Ergebnis & Bedienung";"Fragebogen";"Validation";"Fragebogen, Pflichtfeldvalidierung beim Bereichswechsel";"Bitte beantworten Sie alle nicht optionalen Fragen in diesem Bereich, um fortzufahren.";"";"";"Marketing";"Nicht geprüft";"";"";"";"ui.quiz.incomplete_hint";"ui";"2";"v1:53424b46c1243ee3e6505ed975f56a612b38e990c9f2c7b91045479aac9cf712";"f0b0dc72275d406bd4d1c94cb90032ab848f98d410bdf269a756059d52c283e0"
"Übergreifende Ergebnisdarstellung";"Navigation, Ergebnis & Bedienung";"Fragebogen";"Aria label";"Fragebogen, Screenreader-Label der Bereichsnavigation";"Fortschritt";"";"";"Marketing";"Nicht geprüft";"";"";"";"ui.quiz.progress_aria";"ui";"2";"v1:53424b46c1243ee3e6505ed975f56a612b38e990c9f2c7b91045479aac9cf712";"1068db60bda11f7a01b469e71f190bc19f5dbac34dd179ea7449780bd64c963e"
"Übergreifende Ergebnisdarstellung";"Navigation, Ergebnis & Bedienung";"Fragebogen";"Dynamischer Text";"Fragebogen, sichtbare Bereichsnummer";"Bereich {{current}} von {{total}}";"";"";"Marketing";"Nicht geprüft";"";"{{current}} | {{total}}";"";"ui.quiz.dimension_count";"ui";"2";"v1:53424b46c1243ee3e6505ed975f56a612b38e990c9f2c7b91045479aac9cf712";"4d7ee26f413bd97f0da71554b8ca4a2907807b121a055f2d9772aa0e2800f661"
"Übergreifende Ergebnisdarstellung";"Navigation, Ergebnis & Bedienung";"Fragebogen";"Button";"Fragebogen, Ergebnisse anzeigen";"Auswertung anzeigen";"";"";"Marketing";"Nicht geprüft";"";"";"";"ui.quiz.button.results";"ui";"2";"v1:53424b46c1243ee3e6505ed975f56a612b38e990c9f2c7b91045479aac9cf712";"4abc80c32022110c9f773e40b5019bdf31a0acaa9a97520337333fe94b89d059"
"Übergreifende Ergebnisdarstellung";"Navigation, Ergebnis & Bedienung";"Fragebogen";"Button";"Fragebogen, zum nächsten Bereich";"Weiter";"";"";"Marketing";"Nicht geprüft";"";"";"";"ui.quiz.button.continue";"ui";"2";"v1:53424b46c1243ee3e6505ed975f56a612b38e990c9f2c7b91045479aac9cf712";"98bd5db447219c72925a50ac6673d777ec882dd59a52c00340e3b2edbabecebd"
"Übergreifende Ergebnisdarstellung";"Navigation, Ergebnis & Bedienung";"Fragebogen";"Button";"Fragebogen, zum vorherigen Bereich";"Zurück";"";"";"Marketing";"Nicht geprüft";"";"";"";"ui.quiz.button.back";"ui";"2";"v1:53424b46c1243ee3e6505ed975f56a612b38e990c9f2c7b91045479aac9cf712";"abe79ddb394d99227ef519e19d2357598e56345e65858a0d7b5b38e15e6424d0"
"Übergreifende Ergebnisdarstellung";"Navigation, Ergebnis & Bedienung";"Fragebogen";"Dynamischer Text";"Fragebogen, ungültiger Zahlenwert mit Höchstwert";"Bitte geben Sie einen gültigen Wert bis {{max}}{{unit}} ein.";"";"";"Marketing";"Nicht geprüft";"";"{{max}} | {{unit}}";"";"ui.quiz.number_error.maximum";"ui";"2";"v1:53424b46c1243ee3e6505ed975f56a612b38e990c9f2c7b91045479aac9cf712";"6765cb764dd44998d550a8e73fb957fa8eb7471c3c38f4bf412a61d1f7e6c00d"
"Übergreifende Ergebnisdarstellung";"Navigation, Ergebnis & Bedienung";"Fragebogen";"Dynamischer Text";"Fragebogen, ungültiger Zahlenwert mit Mindest- und Höchstwert";"Bitte geben Sie einen gültigen Wert zwischen {{min}} und {{max}}{{unit}} ein.";"";"";"Marketing";"Nicht geprüft";"";"{{max}} | {{min}} | {{unit}}";"";"ui.quiz.number_error.between";"ui";"2";"v1:53424b46c1243ee3e6505ed975f56a612b38e990c9f2c7b91045479aac9cf712";"541b6589f7a33ce9226bc175ac3f625d5880d41e1349f6813f35b3f1720c390b"
"Übergreifende Ergebnisdarstellung";"Navigation, Ergebnis & Bedienung";"Fragebogen";"Dynamischer Text";"Fragebogen, ungültiger Zahlenwert mit Mindestwert";"Bitte geben Sie einen gültigen Wert ab {{min}}{{unit}} ein.";"";"";"Marketing";"Nicht geprüft";"";"{{min}} | {{unit}}";"";"ui.quiz.number_error.minimum";"ui";"2";"v1:53424b46c1243ee3e6505ed975f56a612b38e990c9f2c7b91045479aac9cf712";"f8bb2bcf41d3c2b4941a513eba961f7ce4a34a78035aaa8d423da141e013d4e1"
"Übergreifende Ergebnisdarstellung";"Navigation, Ergebnis & Bedienung";"Fragebogen";"Aria label";"Fragebogen, Screenreader-Zusatz für aktuellen Bereich";" (aktuell)";"";"";"Marketing";"Nicht geprüft";"";"";"";"ui.quiz.step_state.current";"ui";"2";"v1:53424b46c1243ee3e6505ed975f56a612b38e990c9f2c7b91045479aac9cf712";"8d0915629f13069aa2f3a1c440fb06cdb8539dc38d585b0ca7049b24c231a743"
"Übergreifende Ergebnisdarstellung";"Navigation, Ergebnis & Bedienung";"Fragebogen";"Aria label";"Fragebogen, Screenreader-Zusatz für erledigten Bereich";" (erledigt)";"";"";"Marketing";"Nicht geprüft";"";"";"";"ui.quiz.step_state.done";"ui";"2";"v1:53424b46c1243ee3e6505ed975f56a612b38e990c9f2c7b91045479aac9cf712";"abf6562ff6959b88ed5f96f8ac72095e1f948b79245fa3864fbdf4cde41ff8cd"
"Übergreifende Ergebnisdarstellung";"Navigation, Ergebnis & Bedienung";"Gesundheitsprofil";"Barrierefreie Beschriftung";"Barrierefreie Beschreibung des Radardiagramms auf der Ergebnisseite";"Radardiagramm Ihres Gesundheitsprofils über die bewerteten Dimensionen";"";"";"Marketing";"Nicht geprüft";"";"";"";"ui.radar.aria_label";"ui";"2";"v1:53424b46c1243ee3e6505ed975f56a612b38e990c9f2c7b91045479aac9cf712";"b5b9cd1c85f8a66e709f5ec55a7f53be6d43f414f48876128cafd62baafbd61d"
"Übergreifende Ergebnisdarstellung";"Navigation, Ergebnis & Bedienung";"Gesundheitsprofil";"Dynamischer Text";"Barrierefreie Beschriftung einer anklickbaren Dimensionsachse im Radardiagramm";"Zur Detailansicht {{dimensionShort}}";"";"";"Marketing";"Nicht geprüft";"";"{{dimensionShort}}";"";"ui.radar.dimension_detail_aria";"ui";"2";"v1:53424b46c1243ee3e6505ed975f56a612b38e990c9f2c7b91045479aac9cf712";"ca674a241a01f370b35807e7a5cddaefae991e18ba4a1e0cccf0aed5913107cb"
"Übergreifende Ergebnisdarstellung";"Navigation, Ergebnis & Bedienung";"Dimensionsdetails";"Dynamischer Text";"Badge an einer Empfehlung, die identisch im priorisierten Aktionsplan erscheint";"Schritt {{planStep}} in Ihrem Aktionsplan";"";"";"Marketing";"Prüfung erforderlich";"Neue Orientierung zwischen Aktionsplan und Dimensionsdetails durch Marketing freigeben.";"{{planStep}}";"";"ui.recommendation.action_plan_badge";"ui";"2";"v1:53424b46c1243ee3e6505ed975f56a612b38e990c9f2c7b91045479aac9cf712";"da76476ae3931c435c7f9be38bf3d5edf65b3d5c1214cc40cdf36bdf624fbb0e"
"Übergreifende Ergebnisdarstellung";"Navigation, Ergebnis & Bedienung";"Empfehlungsdarstellung";"Beschriftung";"Detailkarte einer Empfehlung, Label vor dem dimensionsübergreifenden Körperprofil-Bezug";"Zusätzlicher Bezug zu Ihrem Körperprofil:";"";"";"Marketing, Medizin";"Prüfung erforderlich";"Erscheint nur bei bereits ausgelösten passenden Empfehlungen; erzeugt aus BMI oder WHtR kein neues Dimensionsdefizit.";"";"";"ui.recommendation.label.body_context";"ui";"2";"v1:53424b46c1243ee3e6505ed975f56a612b38e990c9f2c7b91045479aac9cf712";"1d8d225e0cffec7d7a6da50529be900cee7888e8ead5f9f2807c38ec3956dd39"
"Übergreifende Ergebnisdarstellung";"Navigation, Ergebnis & Bedienung";"Empfehlungsdarstellung";"Beschriftung";"Detailkarte einer Empfehlung, Label vor dem nächsten Schritt";"Konkreter nächster Schritt:";"";"";"Marketing";"Nicht geprüft";"";"";"";"ui.recommendation.label.step";"ui";"2";"v1:53424b46c1243ee3e6505ed975f56a612b38e990c9f2c7b91045479aac9cf712";"98acc4d62d6bbab427940f74b018b73c8bfc0345a87f9b54b05af7fb384b87dc"
"Übergreifende Ergebnisdarstellung";"Navigation, Ergebnis & Bedienung";"Empfehlungsdarstellung";"Beschriftung";"Detailkarte einer Empfehlung, Label vor dem Nutzen";"Erwarteter Nutzen:";"";"";"Marketing";"Nicht geprüft";"";"";"";"ui.recommendation.label.benefit";"ui";"2";"v1:53424b46c1243ee3e6505ed975f56a612b38e990c9f2c7b91045479aac9cf712";"bdd6b21edb1f1ef1d5b5b2ec0b11ed4d08321fbf389f2169799b805e15a7696c"
"Übergreifende Ergebnisdarstellung";"Navigation, Ergebnis & Bedienung";"Empfehlungsdarstellung";"Beschriftung";"Detailkarte einer Empfehlung, Label vor der Begründung";"Warum das für Sie relevant ist:";"";"";"Marketing";"Nicht geprüft";"";"";"";"ui.recommendation.label.why";"ui";"2";"v1:53424b46c1243ee3e6505ed975f56a612b38e990c9f2c7b91045479aac9cf712";"e096e26cc2255dcb69d2bd03ff611244b7a9eff3d70e6be9798e41390115cd41"
"Übergreifende Ergebnisdarstellung";"Navigation, Ergebnis & Bedienung";"Ergebnisbereiche";"Beschriftung";"Ergebnis-Hero, Rubrik";"Ergebnis";"";"";"Marketing";"Nicht geprüft";"";"";"";"ui.result.eyebrow";"ui";"2";"v1:53424b46c1243ee3e6505ed975f56a612b38e990c9f2c7b91045479aac9cf712";"c4571e063356933426eb268d24670a99e37814aa83bd810f9766cb186d7d21dc"
"Übergreifende Ergebnisdarstellung";"Navigation, Ergebnis & Bedienung";"Ergebnisbereiche";"Überschrift";"Ergebnis-Hero, Überschrift";"Ihre Standortbestimmung";"";"";"Marketing";"Nicht geprüft";"";"";"";"ui.result.title";"ui";"2";"v1:53424b46c1243ee3e6505ed975f56a612b38e990c9f2c7b91045479aac9cf712";"e7ac03a091f91836513f723308e78e230bc1e06d23153e2460983a912955e5df"
"Übergreifende Ergebnisdarstellung";"Navigation, Ergebnis & Bedienung";"Ergebnisbereiche";"Beschriftung";"Score-Ring, Nenner";"von 100";"";"";"Marketing";"Nicht geprüft";"";"";"";"ui.result.score_max";"ui";"2";"v1:53424b46c1243ee3e6505ed975f56a612b38e990c9f2c7b91045479aac9cf712";"016dd99c82cf5cf1f1c4c5c24d3c05b4cac461d36c40e985e5cbf1d54ce8c9d0"
"Übergreifende Ergebnisdarstellung";"Navigation, Ergebnis & Bedienung";"Ergebnis-Einstieg";"Dynamischer Text";"Barrierefreie Beschreibung des Gesamtscores";"Gesamtscore {{overallScore}} von 100";"";"";"Marketing";"Nicht geprüft";"";"{{overallScore}}";"";"ui.result.score_aria";"ui";"2";"v1:53424b46c1243ee3e6505ed975f56a612b38e990c9f2c7b91045479aac9cf712";"f0132a8110fb963335c1bfd8185fff5a08e2ea145efc15a9a74353dd256c41a7"
"Übergreifende Ergebnisdarstellung";"Navigation, Ergebnis & Bedienung";"Ergebnisbereiche";"Dynamischer Text";"Radar-Legende, Statusband mit Mindestwert";"{{statusLabel}} ({{minimumScore}}+)";"";"";"Marketing";"Nicht geprüft";"";"{{minimumScore}} | {{statusLabel}}";"";"ui.result.legend_item";"ui";"2";"v1:53424b46c1243ee3e6505ed975f56a612b38e990c9f2c7b91045479aac9cf712";"94ac987115cf6ca53931bf72974b761833652f14fbbf428b600a4c209f89bd7c"
"Übergreifende Ergebnisdarstellung";"Navigation, Ergebnis & Bedienung";"Ergebnisaktionen";"Begründung / Einordnung";"Bestätigungsdialog vor dem Löschen der bisherigen Antworten";"Möchten Sie den Check wirklich neu beginnen? Ihre bisherigen Antworten werden gelöscht.";"";"";"Marketing";"Nicht geprüft";"";"";"";"ui.result_action.restart_confirm";"ui";"2";"v1:53424b46c1243ee3e6505ed975f56a612b38e990c9f2c7b91045479aac9cf712";"d6c64a40868db2ba6879dc42f84e109a4196a8971c3f13d422dcbec75cbe596d"
"Übergreifende Ergebnisdarstellung";"Navigation, Ergebnis & Bedienung";"Ergebnisaktionen";"Nächster Schritt";"Button für einen neuen Check";"Neuer Check";"";"";"Marketing";"Nicht geprüft";"";"";"";"ui.result_action.restart";"ui";"2";"v1:53424b46c1243ee3e6505ed975f56a612b38e990c9f2c7b91045479aac9cf712";"b51647fce7dbfe29404d4171508805deba66908ca2c0a465ef3756f8ff544ba6"
"Übergreifende Ergebnisdarstellung";"Navigation, Ergebnis & Bedienung";"Ergebnisaktionen";"Nächster Schritt";"Button zum Anpassen der Antworten";"Antworten anpassen";"";"";"Marketing";"Nicht geprüft";"";"";"";"ui.result_action.edit";"ui";"2";"v1:53424b46c1243ee3e6505ed975f56a612b38e990c9f2c7b91045479aac9cf712";"b21ce26f85c958effeacdd32eb50c8b7634c019168099a1612ebd20d560cb8dc"
"Übergreifende Ergebnisdarstellung";"Navigation, Ergebnis & Bedienung";"Ergebnisaktionen";"Nächster Schritt";"Button zum Speichern des Ergebnis-Links";"Ergebnisse als Link speichern";"";"";"Marketing";"Nicht geprüft";"";"";"";"ui.result_action.save_link";"ui";"2";"v1:53424b46c1243ee3e6505ed975f56a612b38e990c9f2c7b91045479aac9cf712";"400d3863802acdf7e140ee95e809f53eea2937f5e4d4a8fb01af0051c9dc64e9"
"Übergreifende Ergebnisdarstellung";"Navigation, Ergebnis & Bedienung";"Ergebnisaktionen";"Überschrift";"Dialog beim Klick auf die Marke während eines laufenden Checks, Titel";"Zurück zur Startseite";"";"";"Marketing";"Nicht geprüft";"";"";"";"ui.result_action.home_modal.title";"ui";"2";"v1:53424b46c1243ee3e6505ed975f56a612b38e990c9f2c7b91045479aac9cf712";"ec61435f297403e84760bca7df0401d4296d1bdbd51707654e7f9ddd6eb6a960"
"Übergreifende Ergebnisdarstellung";"Navigation, Ergebnis & Bedienung";"Ergebnisaktionen";"Begründung / Einordnung";"Dialog beim Klick auf die Marke während eines laufenden Checks, Text";"Möchten Sie Ihre bisherigen Eingaben behalten oder den Check von vorne beginnen?";"";"";"Marketing";"Nicht geprüft";"";"";"";"ui.result_action.home_modal.message";"ui";"2";"v1:53424b46c1243ee3e6505ed975f56a612b38e990c9f2c7b91045479aac9cf712";"dd4d4deecb92c6e873f709dd0763e6a4faffa7251192de82b26f65475ad71bd2"
"Übergreifende Ergebnisdarstellung";"Navigation, Ergebnis & Bedienung";"Ergebnisaktionen";"Nächster Schritt";"Dialog beim Klick auf die Marke, Eingaben behalten";"Eingaben behalten";"";"";"Marketing";"Nicht geprüft";"";"";"";"ui.result_action.home_modal.keep";"ui";"2";"v1:53424b46c1243ee3e6505ed975f56a612b38e990c9f2c7b91045479aac9cf712";"ef2eb8d98b3ea50186fad9bebb17cae9eefcf722a71d3c77b06c085068e0e1bd"
"Übergreifende Ergebnisdarstellung";"Navigation, Ergebnis & Bedienung";"Ergebnisaktionen";"Nächster Schritt";"Dialoge zum Verlassen oder Neustarten eines laufenden Checks, neu beginnen";"Neu beginnen";"";"";"Marketing";"Nicht geprüft";"";"";"";"ui.result_action.home_modal.restart";"ui";"2";"v1:53424b46c1243ee3e6505ed975f56a612b38e990c9f2c7b91045479aac9cf712";"5edb111098c6ea2b5af83fd0fd36edd11bdc3c91b94d9d83a16f3a624db62593"
"Übergreifende Ergebnisdarstellung";"Navigation, Ergebnis & Bedienung";"Ergebnisaktionen";"Überschrift";"Dialog nach «Neu beginnen» auf der Startseite, Titel";"Check neu beginnen?";"";"";"Marketing";"Nicht geprüft";"";"";"";"ui.result_action.restart_modal.title";"ui";"2";"v1:53424b46c1243ee3e6505ed975f56a612b38e990c9f2c7b91045479aac9cf712";"93fd3b54bf49ec67eab9d424d1f8c4eaac9601bedd09bd74580a9603d2fce529"
"Übergreifende Ergebnisdarstellung";"Navigation, Ergebnis & Bedienung";"Ergebnisaktionen";"Nächster Schritt";"Dialog nach «Neu beginnen» auf der Startseite, Fortschritt behalten";"Check fortsetzen";"";"";"Marketing";"Nicht geprüft";"";"";"";"ui.result_action.restart_modal.continue";"ui";"2";"v1:53424b46c1243ee3e6505ed975f56a612b38e990c9f2c7b91045479aac9cf712";"bc636f617cf820931b7c26c3747c9f71f12d30b15015f04770c747b2593b6634"
"Übergreifende Ergebnisdarstellung";"Navigation, Ergebnis & Bedienung";"Ergebnislink-Dialog";"Beschriftung";"Barrierefreie Beschriftung des Ergebnis-Link-Feldes";"Ergebnis-Link";"";"";"Marketing";"Nicht geprüft";"";"";"";"ui.share_modal.input_aria";"ui";"2";"v1:53424b46c1243ee3e6505ed975f56a612b38e990c9f2c7b91045479aac9cf712";"210fd16d946bdc969a67b3168d862688eac7af660497ae37bdf4a76aa61696ec"
"Übergreifende Ergebnisdarstellung";"Navigation, Ergebnis & Bedienung";"Ergebnislink-Dialog";"Überschrift";"Ergebnis-Link-Dialog, Überschrift";"Ihr persönlicher Ergebnis-Link";"";"";"Marketing";"Nicht geprüft";"";"";"";"ui.share_modal.title";"ui";"2";"v1:53424b46c1243ee3e6505ed975f56a612b38e990c9f2c7b91045479aac9cf712";"d5db2211d6b2097b0b03c5a04903cdf9e73855a73957e5a75e9df6ac26e1cd06"
"Übergreifende Ergebnisdarstellung";"Navigation, Ergebnis & Bedienung";"Ergebnislink-Dialog";"Begründung / Einordnung";"Ergebnis-Link-Dialog, Beschreibung";"Speichern oder teilen Sie diesen Link. Sie können Ihr Ergebnis später wieder öffnen, Ihre Antworten anpassen oder einen neuen Check starten.";"";"";"Marketing";"Nicht geprüft";"";"";"";"ui.share_modal.description";"ui";"2";"v1:53424b46c1243ee3e6505ed975f56a612b38e990c9f2c7b91045479aac9cf712";"1261c3ce5f97702445dcc99c2302258022493e5cf525bf32347aa99fadd46c77"
"Übergreifende Ergebnisdarstellung";"Navigation, Ergebnis & Bedienung";"Ergebnislink-Dialog";"Nächster Schritt";"Ergebnis-Link-Dialog, Kopierbutton";"Kopieren";"";"";"Marketing";"Nicht geprüft";"";"";"";"ui.share_modal.copy";"ui";"2";"v1:53424b46c1243ee3e6505ed975f56a612b38e990c9f2c7b91045479aac9cf712";"da5ffbc94eef430c1cd729190b2b2af724d2ee5820a8adf67ac553e17387c50d"
"Übergreifende Ergebnisdarstellung";"Navigation, Ergebnis & Bedienung";"Ergebnislink-Dialog";"Nächster Schritt";"Ergebnis-Link-Dialog, Schliessen-Button";"Schliessen";"";"";"Marketing";"Nicht geprüft";"";"";"";"ui.share_modal.close";"ui";"2";"v1:53424b46c1243ee3e6505ed975f56a612b38e990c9f2c7b91045479aac9cf712";"74ad3780f95cc84b76ec28cf9a4a5782ad1b710ec7296a48ef9e6b03b7f63da4"
"Übergreifende Ergebnisdarstellung";"Navigation, Ergebnis & Bedienung";"Ergebnislink-Dialog";"Rechtlicher Hinweis";"Ergebnis-Link-Dialog, Hinweis bei lokaler Doppelklick-Nutzung";"Hinweis zur lokalen Nutzung: Der Link enthält den lokalen Dateipfad. Er funktioniert nur auf diesem Gerät und solange die Anwendung am selben Speicherort bleibt.";"";"";"Marketing, Recht";"Prüfung erforderlich";"Technischer Hinweis für den bewusst aktivierten Standalone-Fallback; vor produktiver Nutzung durch Marketing und Datenschutz/Legal freigeben.";"";"";"ui.share_modal.local_file_warning";"ui";"2";"v1:53424b46c1243ee3e6505ed975f56a612b38e990c9f2c7b91045479aac9cf712";"ea5c2508b632dce44a64f539f44b42b9ec1f100b4ddc61f8cc3cf06d079c64c5"
"Übergreifende Ergebnisdarstellung";"Navigation, Ergebnis & Bedienung";"Ergebnislink-Dialog";"Begründung / Einordnung";"Ergebnis-Link-Dialog, Fallback bei fehlgeschlagenem Kopieren";"Bitte den markierten Link manuell kopieren (Strg/Cmd + C).";"";"";"Marketing";"Nicht geprüft";"";"";"";"ui.share_modal.status.manual";"ui";"2";"v1:53424b46c1243ee3e6505ed975f56a612b38e990c9f2c7b91045479aac9cf712";"23c6a21a9c07da7005b0415a9c8cf5e75eb361c80aa4473c3347be1b2b1d7ee8"
"Übergreifende Ergebnisdarstellung";"Navigation, Ergebnis & Bedienung";"Ergebnislink-Dialog";"Positive Rückmeldung";"Ergebnis-Link-Dialog, Status nach erfolgreichem Kopieren";"Link in die Zwischenablage kopiert.";"";"";"Marketing";"Nicht geprüft";"";"";"";"ui.share_modal.status.copied";"ui";"2";"v1:53424b46c1243ee3e6505ed975f56a612b38e990c9f2c7b91045479aac9cf712";"9647a818987aa0960917652eefc3907f6a354b410d0801a2e2516e0ad21bf26b"
"Übergreifende Ergebnisdarstellung";"Navigation, Ergebnis & Bedienung";"Ergebnislink-Dialog";"Begründung / Einordnung";"Ergebnis-Link-Dialog, Status vor dem Kopieren";"Tippen Sie auf „Kopieren“, um den Link zu sichern.";"";"";"Marketing";"Nicht geprüft";"";"";"";"ui.share_modal.status.prompt";"ui";"2";"v1:53424b46c1243ee3e6505ed975f56a612b38e990c9f2c7b91045479aac9cf712";"5f6c88c8049a10d6cfda5527f011b5622b7e141086117fa47980c65a7ca4b196"
"Übergreifende Ergebnisdarstellung";"Navigation, Ergebnis & Bedienung";"Startseite";"Beschriftung";"Startseite, Einleitung";"Ihr persönlicher Gesundheitscheck";"";"";"Marketing";"Nicht geprüft";"";"";"";"ui.start.eyebrow";"ui";"2";"v1:53424b46c1243ee3e6505ed975f56a612b38e990c9f2c7b91045479aac9cf712";"39a55669a56bdd1e713c36ae54206250de364eabf9c7a461b6e04dd2c628c31b"
"Übergreifende Ergebnisdarstellung";"Navigation, Ergebnis & Bedienung";"Startseite";"Überschrift";"Startseite, Haupttitel";"Verstehen Sie Ihren Gesundheitszustand – und erkennen Sie, wo sich Handeln am meisten lohnt.";"";"";"Marketing";"Nicht geprüft";"";"";"";"ui.start.title";"ui";"2";"v1:53424b46c1243ee3e6505ed975f56a612b38e990c9f2c7b91045479aac9cf712";"feb3589dd65f4b483c51dfbcf0f182144d080db163cb9e059299cd045fd1098b"
"Übergreifende Ergebnisdarstellung";"Navigation, Ergebnis & Bedienung";"Startseite";"Begründung / Einordnung";"Startseite, Einleitungstext";"In wenigen Minuten erhalten Sie eine motivierende Standortbestimmung über fünf Gesundheitsdimensionen, persönliche Empfehlungen und Ihre wirkungsvollsten nächsten Schritte.";"";"";"Marketing";"Nicht geprüft";"";"";"";"ui.start.lead";"ui";"2";"v1:53424b46c1243ee3e6505ed975f56a612b38e990c9f2c7b91045479aac9cf712";"c95ca4a0d8a20a8e1d2b21b82d8975ea178d56ce23ce05e3e082ccd50ca14c47"
"Übergreifende Ergebnisdarstellung";"Navigation, Ergebnis & Bedienung";"Startseite";"Link label";"Startseite, Link zur Quellenseite";"Wissenschaftliche Grundlagen anzeigen";"";"";"Marketing";"Nicht geprüft";"";"";"";"ui.start.sources_link";"ui";"2";"v1:53424b46c1243ee3e6505ed975f56a612b38e990c9f2c7b91045479aac9cf712";"b0bc81985091bfe73ebc59bbf5a58dd48a0b6db25739e18ebf3d3c88f458eb68"
"Übergreifende Ergebnisdarstellung";"Navigation, Ergebnis & Bedienung";"Startseite";"Button";"Startseite, Check mit vorhandenem Fortschritt fortsetzen";"Check fortsetzen";"";"";"Marketing";"Nicht geprüft";"";"";"";"ui.start.button.continue";"ui";"2";"v1:53424b46c1243ee3e6505ed975f56a612b38e990c9f2c7b91045479aac9cf712";"5a564f706a019bbb0371f2a721ce933283ab7c7255e67f7e88402d42561ffdf9"
"Übergreifende Ergebnisdarstellung";"Navigation, Ergebnis & Bedienung";"Startseite";"Button";"Startseite, neuen Check starten";"Check starten";"";"";"Marketing";"Nicht geprüft";"";"";"";"ui.start.button.begin";"ui";"2";"v1:53424b46c1243ee3e6505ed975f56a612b38e990c9f2c7b91045479aac9cf712";"87aa1707bbe50d4da08553de2911c00b6d4a9163c97192a3c02a92a67b0d4201"
"Übergreifende Ergebnisdarstellung";"Navigation, Ergebnis & Bedienung";"Startseite";"Button";"Startseite, vorhandenen Check neu beginnen";"Neu beginnen";"";"";"Marketing";"Nicht geprüft";"";"";"";"ui.start.button.restart";"ui";"2";"v1:53424b46c1243ee3e6505ed975f56a612b38e990c9f2c7b91045479aac9cf712";"50d6137175483134bc9a78bed22bc06d2030db5f51413afc007b17681a0e403b"
"Übergreifende Ergebnisdarstellung";"Navigation, Ergebnis & Bedienung";"Startseite";"Beschriftung";"Startseite, medizinischer Hinweis, Label";"Wichtig:";"";"";"Marketing";"Nicht geprüft";"";"";"";"ui.start.disclaimer.title";"ui";"2";"v1:53424b46c1243ee3e6505ed975f56a612b38e990c9f2c7b91045479aac9cf712";"7579912808b451abcabdb914b4b195947a268d9eca4251808c562efbe3d81856"
"Übergreifende Ergebnisdarstellung";"Navigation, Ergebnis & Bedienung";"Startseite";"Disclaimer";"Startseite, medizinischer Hinweis";"Dieser Check ist keine medizinische Diagnose und ersetzt keine ärztliche Beratung. Er hilft Ihnen, Stärken und Handlungsfelder zu erkennen. Bei auffälligen Werten empfehlen wir, eine medizinische Fachperson einzubeziehen.";"";"";"Marketing, Medizin, Recht";"Nicht geprüft";"";"";"";"ui.start.disclaimer.body";"ui";"2";"v1:53424b46c1243ee3e6505ed975f56a612b38e990c9f2c7b91045479aac9cf712";"fe5c734029d4679cabf671f961ed2b5cde9e37a77d0538256bbfda2123703002"
"Übergreifende Ergebnisdarstellung";"Navigation, Ergebnis & Bedienung";"Startseite";"Beschriftung";"Startseite, Vorteil evidenzbasiert";"Evidenzbasiert";"";"";"Marketing";"Nicht geprüft";"";"";"";"ui.start.point.evidence.title";"ui";"2";"v1:53424b46c1243ee3e6505ed975f56a612b38e990c9f2c7b91045479aac9cf712";"3ce257ebc3ce06e8a8ee190f6ef0f7424c29a67e45aa85bae5376263ea90e665"
"Übergreifende Ergebnisdarstellung";"Navigation, Ergebnis & Bedienung";"Startseite";"Beschriftung";"Startseite, Vorteil evidenzbasiert, Erläuterung";"Orientiert an anerkannten Empfehlungen";"";"";"Marketing";"Nicht geprüft";"";"";"";"ui.start.point.evidence.detail";"ui";"2";"v1:53424b46c1243ee3e6505ed975f56a612b38e990c9f2c7b91045479aac9cf712";"719618686600e36b28cca377b3a6a2152d1180433279c6f6968322d314c63eaa"
"Übergreifende Ergebnisdarstellung";"Navigation, Ergebnis & Bedienung";"Startseite";"Beschriftung";"Startseite, Vorteil persönlich";"Persönlich";"";"";"Marketing";"Nicht geprüft";"";"";"";"ui.start.point.personal.title";"ui";"2";"v1:53424b46c1243ee3e6505ed975f56a612b38e990c9f2c7b91045479aac9cf712";"94671c36408f60e240a0c5da59141ea7eaf567685de7c032bd4b53e8d06de365"
"Übergreifende Ergebnisdarstellung";"Navigation, Ergebnis & Bedienung";"Startseite";"Beschriftung";"Startseite, Vorteil persönlich, Erläuterung";"Auswertung auf Basis Ihrer Antworten";"";"";"Marketing";"Nicht geprüft";"";"";"";"ui.start.point.personal.detail";"ui";"2";"v1:53424b46c1243ee3e6505ed975f56a612b38e990c9f2c7b91045479aac9cf712";"bd16cc85641c9a8f65ef86df0ffeb501d49143394b73d419a8f2384829fd9e7b"
"Übergreifende Ergebnisdarstellung";"Navigation, Ergebnis & Bedienung";"Startseite";"Beschriftung";"Startseite, Vorteil Datenschutz";"Privat";"";"";"Marketing";"Nicht geprüft";"";"";"";"ui.start.point.private.title";"ui";"2";"v1:53424b46c1243ee3e6505ed975f56a612b38e990c9f2c7b91045479aac9cf712";"5981ef299fdd16155fe77e50bcfc770c8a5e9336b044d3c1bd095dcfb5e92dd7"
"Übergreifende Ergebnisdarstellung";"Navigation, Ergebnis & Bedienung";"Startseite";"Beschriftung";"Startseite, Vorteil Datenschutz, Erläuterung";"Antworten bleiben auf Ihrem Gerät";"";"";"Marketing";"Nicht geprüft";"";"";"";"ui.start.point.private.detail";"ui";"2";"v1:53424b46c1243ee3e6505ed975f56a612b38e990c9f2c7b91045479aac9cf712";"f2e2a2372f04690778b6ec8711959436fb5a1fcaae91c2817183ea05277ead8d"
"Übergreifende Ergebnisdarstellung";"Weitere Empfehlungen";"Stärken";"Detailtext";"Fallback, wenn keine konkrete Stärke ausgewählt werden kann";"Auch wenn gerade vieles Aufmerksamkeit braucht: Hier haben Sie die solideste Grundlage, auf der sich aufbauen lässt.";"";"";"Marketing, Medizin";"Nicht geprüft";"";"";"";"recommendation.strength.fallback.detail";"recommendations";"2";"v1:53424b46c1243ee3e6505ed975f56a612b38e990c9f2c7b91045479aac9cf712";"e55f460f52f63659f698db3ede4da5c94a7a9bf308a494abd00f4f5bd0f17b4d"
"Übergreifende Ergebnisdarstellung";"Weitere Empfehlungen";"Stärken";"Dynamischer Text";"Fallback, wenn keine konkrete Stärke ausgewählt werden kann";"{{dimensionTitle}} ist Ihr stabilster Bereich";"";"";"Marketing";"Nicht geprüft";"";"{{dimensionTitle}}";"";"recommendation.strength.fallback.label";"recommendations";"2";"v1:53424b46c1243ee3e6505ed975f56a612b38e990c9f2c7b91045479aac9cf712";"e13f966dab2e77da107247dffa15441e032e924e8de19b67458c963da32ca1cb"
"Übergreifende Ergebnisdarstellung";"Weitere Empfehlungen";"Empfehlungsdarstellung";"Detailtext";"Zusatzsatz in der ersten ohnehin ausgelösten passenden Ernährungs-Empfehlung bei auffälligem Körperprofil";"Der hier bereits erkennbare Ernährungshebel kann zusätzlich Stoffwechselwerte und eine günstige Körperzusammensetzung unterstützen. Der Körperwert allein sagt jedoch nicht, dass Sie sich generell falsch ernähren.";"";"";"Marketing, Medizin";"Prüfung erforderlich";"Nicht stigmatisierend; nur bei einem unabhängig aus Antworten abgeleiteten Ernährungshebel.";"";"";"recommendation.body_context.ernaehrung";"recommendations";"2";"v1:53424b46c1243ee3e6505ed975f56a612b38e990c9f2c7b91045479aac9cf712";"bee88536aa7a40870db8b0f368762c961b758029a41761b4da1c2a5770856e70"
"Übergreifende Ergebnisdarstellung";"Weitere Empfehlungen";"Empfehlungsdarstellung";"Detailtext";"Zusatzsatz in der ersten ohnehin ausgelösten passenden Fitness-Empfehlung bei auffälligem Körperprofil";"Die hier bereits erkennbare Bewegungs- oder Kraftkomponente ist zusätzlich für Stoffwechsel und Körperzusammensetzung relevant. Gesundheitliche Vorteile entstehen auch dann, wenn sich Gewicht oder Taillenumfang nur langsam verändern.";"";"";"Marketing, Medizin";"Prüfung erforderlich";"WHtR/BMI erzeugen keine Fitnessempfehlung; der Satz ergänzt nur ein unabhängig erkanntes Fitness-Handlungsfeld.";"";"";"recommendation.body_context.fitness";"recommendations";"2";"v1:53424b46c1243ee3e6505ed975f56a612b38e990c9f2c7b91045479aac9cf712";"54ae94bf4f3e9aecd9c78e9953c95dc83a82be8e89664488f85aee085dadc370"
"Übergreifende Ergebnisdarstellung";"Weitere Empfehlungen";"Empfehlungsdarstellung";"Detailtext";"Zusatzsatz in der ersten ohnehin ausgelösten passenden Mental-Empfehlung bei auffälligem Körperprofil";"Der hier bereits erkennbare Umgang mit Belastung oder Selbstfürsorge kann nachhaltige Gesundheitsveränderungen erleichtern. Er ist keine direkte Behandlung des Körperwerts, und der Wert erlaubt keine Aussage über Ihre psychische Gesundheit.";"";"";"Marketing, Medizin";"Prüfung erforderlich";"Keine Kausalität, Schuldzuweisung oder Mental-Score-Änderung aus Körpermassen.";"";"";"recommendation.body_context.mental";"recommendations";"2";"v1:53424b46c1243ee3e6505ed975f56a612b38e990c9f2c7b91045479aac9cf712";"a533155b3339a5db0479c8472a480c04d4c76e646e98a3e89c711fff6eb23386"
"Übergreifende Ergebnisdarstellung";"Weitere Empfehlungen";"Empfehlungsdarstellung";"Detailtext";"Zusatzsatz in der ersten ohnehin ausgelösten Schlaf-Empfehlung bei auffälligem Körperprofil";"Das hier bereits erkennbare Schlafthema kann auch für Erholung, Appetit- und Gewichtsregulation relevant sein. Ein auffälliger Körperwert beweist aber weder eine Schlafstörung noch eine bestimmte Ursache.";"";"";"Marketing, Medizin";"Prüfung erforderlich";"Keine Schlafapnoe- oder Kausalitätsbehauptung; nur bei unabhängig erkanntem Schlaf-Handlungsfeld.";"";"";"recommendation.body_context.schlaf";"recommendations";"2";"v1:53424b46c1243ee3e6505ed975f56a612b38e990c9f2c7b91045479aac9cf712";"6a148810f2deaa89e8702a859a6000c6db7c744c98c76bfaa60c448663b9bba4"
