"Gesundheitsbereich";"Thema";"Seitenelement";"Textfunktion";"Kontext / Variante";"Deutscher Ausgangstext";"Aktueller Text";"Neuer Text";"Review-Kommentar";"Freigabe durch";"Freigabestatus";"Prüfhinweis";"Platzhalter";"Geschützte Begriffe";"ID (technisch)";"Domain (technisch)";"Sprache (technisch)";"Austauschformat (technisch)";"Quellversion (technisch)";"Zeilen-Hash (technisch)"
"Fragebogen";"Fragebogen";"Fragebogen";"Antwortoption";"Allgemeine Antwortoption für unterstützte Fragen";"Weiss ich nicht";"Non lo so";"";"";"Marketing";"Prüfung erforderlich";"";"";"";"questionnaire.common.dont_know";"questionnaire";"it-CH";"3";"v1:4c57ada7d55b51436b17bda45c5831ce8e05df24ae9d5f359035e7ea924ebe4f";"05f06875af1b777995daa7f98e77b6861000a837459d8f374cc726dab519bf01"
"Fragebogen";"Fragebogen";"Fragebogen";"Sicherheitshinweis";"Optionale Fitness-Kurztests, Sicherheitshinweis";"Bei körperlichen Einschränkungen oder Verletzungsrisiken sollte dieser Test nicht durchgeführt werden.";"In presenza di limitazioni fisiche o rischio di infortunio, questo test non dovrebbe essere eseguito.";"";"";"Marketing, Medizin";"Prüfung erforderlich";"";"";"";"questionnaire.common.fitness_test_safety_note";"questionnaire";"it-CH";"3";"v1:4c57ada7d55b51436b17bda45c5831ce8e05df24ae9d5f359035e7ea924ebe4f";"1ca3cd09ccdb67e15ef9ef9563c0b57c483539992453524547e38c46dd7bf890"
"Fragebogen";"Fragebogen";"Fragebogen";"Antwortoption";"Mentale Gesundheit, gemeinsame Zustimmungsskala";"Stimme völlig zu";"Pienamente d’accordo";"";"";"Marketing";"Prüfung erforderlich";"";"";"";"questionnaire.common.agreement.fully";"questionnaire";"it-CH";"3";"v1:4c57ada7d55b51436b17bda45c5831ce8e05df24ae9d5f359035e7ea924ebe4f";"245e7634cb4068f109f8d8526e849df5506645e91526961fa50973c217df5a9c"
"Fragebogen";"Fragebogen";"Fragebogen";"Antwortoption";"Mentale Gesundheit, gemeinsame Zustimmungsskala";"Stimme eher zu";"Piuttosto d’accordo";"";"";"Marketing";"Prüfung erforderlich";"";"";"";"questionnaire.common.agreement.mostly";"questionnaire";"it-CH";"3";"v1:4c57ada7d55b51436b17bda45c5831ce8e05df24ae9d5f359035e7ea924ebe4f";"927832ca7e39dc90bbccc7e35c85b8c32995aa43d2a44d053f3d1b30050953d5"
"Fragebogen";"Fragebogen";"Fragebogen";"Antwortoption";"Mentale Gesundheit, gemeinsame Zustimmungsskala";"Stimme eher nicht zu";"Piuttosto in disaccordo";"";"";"Marketing";"Prüfung erforderlich";"";"";"";"questionnaire.common.agreement.mostly_not";"questionnaire";"it-CH";"3";"v1:4c57ada7d55b51436b17bda45c5831ce8e05df24ae9d5f359035e7ea924ebe4f";"9ef22e8cffc05dfe0ee770c73f1b7e5ebe199534083bd3649bb65486c3ff133b"
"Fragebogen";"Fragebogen";"Fragebogen";"Antwortoption";"Mentale Gesundheit, gemeinsame Zustimmungsskala";"Weder noch";"Né d’accordo né in disaccordo";"";"";"Marketing";"Prüfung erforderlich";"";"";"";"questionnaire.common.agreement.neutral";"questionnaire";"it-CH";"3";"v1:4c57ada7d55b51436b17bda45c5831ce8e05df24ae9d5f359035e7ea924ebe4f";"808de77f42ccadb22837293594961df114c1a2c80fb315085c458e4992f80ed5"
"Fragebogen";"Fragebogen";"Fragebogen";"Antwortoption";"Mentale Gesundheit, gemeinsame Zustimmungsskala";"Stimme gar nicht zu";"Per niente d’accordo";"";"";"Marketing";"Prüfung erforderlich";"";"";"";"questionnaire.common.agreement.not_at_all";"questionnaire";"it-CH";"3";"v1:4c57ada7d55b51436b17bda45c5831ce8e05df24ae9d5f359035e7ea924ebe4f";"c36425957afa0ea57657361c3ef82abc99c22422095bf03d8b8029ac97df5710"
"Fragebogen";"Fragebogen";"Fragebogen";"Frage";"Frage «Alkohol» · Fragetext";"Wie häufig haben Sie im letzten Monat alkoholische Getränke konsumiert?";"Con quale frequenza ha consumato bevande alcoliche nell’ultimo mese?";"";"";"Marketing, Medizin";"Prüfung erforderlich";"";"";"";"questionnaire.question.alkohol.text";"questionnaire";"it-CH";"3";"v1:4c57ada7d55b51436b17bda45c5831ce8e05df24ae9d5f359035e7ea924ebe4f";"d07416d90500afe67ebfa70a9681b9991af708702ef9855c0a8f7a8d9820a4e5"
"Fragebogen";"Fragebogen";"Fragebogen";"Hilfetext";"Frage «Alkohol» · Hilfetext";"Die Vorstellung, dass ein Glas Wein pro Tag gesund sei, ist ein Mythos, der auf fehlerhaften Studien beruht. Bereits in geringen Mengen erhöht Alkohol das Risiko für Krebs und Herz-Kreislauf-Erkrankungen. Auch das Suchtpotential von Alkohol, selbst bei geringen Mengen und regelmässigem Konsum, wird stark unterschätzt.";"L’idea che un bicchiere di vino al giorno faccia bene alla salute è un mito basato su studi errati. Anche in piccole quantità, l’alcol aumenta il rischio di cancro e malattie cardiovascolari. Anche il potenziale di dipendenza dell’alcol, persino con piccole quantità e un consumo regolare, viene fortemente sottovalutato.";"";"";"Marketing, Medizin";"Prüfung erforderlich";"";"";"";"questionnaire.question.alkohol.help";"questionnaire";"it-CH";"3";"v1:4c57ada7d55b51436b17bda45c5831ce8e05df24ae9d5f359035e7ea924ebe4f";"33f17fce541802ece0a19ba10ad2fef2d0519b5f666a4c295ec3985afedb10a4"
"Fragebogen";"Fragebogen";"Fragebogen";"Titel des Hilfetexts";"Frage «Alkohol» · Titel des Hilfetexts";"Haben Sie gewusst?";"Lo sapeva?";"";"";"Marketing";"Prüfung erforderlich";"";"";"";"questionnaire.question.alkohol.help_title";"questionnaire";"it-CH";"3";"v1:4c57ada7d55b51436b17bda45c5831ce8e05df24ae9d5f359035e7ea924ebe4f";"bb6df1b0c13a97f5b65a1da185bd71e2bd7d01c10e269a762cc2778152f7a83f"
"Fragebogen";"Fragebogen";"Fragebogen";"Antwortoption";"Frage «Alkohol» · Antwortoption";"Keine Angaben";"Nessuna indicazione";"";"";"Marketing";"Prüfung erforderlich";"";"";"";"questionnaire.question.alkohol.option.keine_angabe";"questionnaire";"it-CH";"3";"v1:4c57ada7d55b51436b17bda45c5831ce8e05df24ae9d5f359035e7ea924ebe4f";"2f57ecf794759f3d6f01ad4061ebd9b4128f7b31143f05ac2ae6d5a7f78bca52"
"Fragebogen";"Fragebogen";"Fragebogen";"Antwortoption";"Frage «Alkohol» · Antwortoption";"2–4 x pro Monat";"2–4 volte al mese";"";"";"Marketing";"Prüfung erforderlich";"";"";"";"questionnaire.question.alkohol.option.m1_4";"questionnaire";"it-CH";"3";"v1:4c57ada7d55b51436b17bda45c5831ce8e05df24ae9d5f359035e7ea924ebe4f";"2f8b0f97746e31d1bcf9a20b731af66ed6379b81ca327543a9cfb6533d193243"
"Fragebogen";"Fragebogen";"Fragebogen";"Antwortoption";"Frage «Alkohol» · Antwortoption";"Nie oder selten";"Mai o raramente";"";"";"Marketing";"Prüfung erforderlich";"";"";"";"questionnaire.question.alkohol.option.nie_selten";"questionnaire";"it-CH";"3";"v1:4c57ada7d55b51436b17bda45c5831ce8e05df24ae9d5f359035e7ea924ebe4f";"d3c6b4d6bc4913a0b8f8cc387df60bee630e4d44f7fdd44d8eee29376ddf70fa"
"Fragebogen";"Fragebogen";"Fragebogen";"Antwortoption";"Frage «Alkohol» · Antwortoption";"2–3 x pro Woche";"2–3 volte alla settimana";"";"";"Marketing";"Prüfung erforderlich";"";"";"";"questionnaire.question.alkohol.option.w2_3";"questionnaire";"it-CH";"3";"v1:4c57ada7d55b51436b17bda45c5831ce8e05df24ae9d5f359035e7ea924ebe4f";"8a58e9b3a0c03098d6ada3099e5b050e84fe15abb379697e8c91e4cea69f8aa4"
"Fragebogen";"Fragebogen";"Fragebogen";"Antwortoption";"Frage «Alkohol» · Antwortoption";"4 x oder öfter pro Woche";"4 volte o più alla settimana";"";"";"Marketing";"Prüfung erforderlich";"";"";"";"questionnaire.question.alkohol.option.w4plus";"questionnaire";"it-CH";"3";"v1:4c57ada7d55b51436b17bda45c5831ce8e05df24ae9d5f359035e7ea924ebe4f";"058580d19c57b5e5a3b46a87e23e2a5658c2d98b0151dc8cf42956120c7b9292"
"Fragebogen";"Fragebogen";"Fragebogen";"Eingabehinweis";"Frage «Alter» · Eingabehinweis";"z. B. 45";"ad es. 45";"";"";"Marketing";"Prüfung erforderlich";"";"";"";"questionnaire.question.alter.placeholder";"questionnaire";"it-CH";"3";"v1:4c57ada7d55b51436b17bda45c5831ce8e05df24ae9d5f359035e7ea924ebe4f";"672717762c604f3abe0190a2175c3b7945dc7b9f9e743103bdb997945307f55b"
"Fragebogen";"Fragebogen";"Fragebogen";"Einheit";"Frage «Alter» · Einheit";"Jahre";"anni";"";"";"Marketing";"Prüfung erforderlich";"";"";"";"questionnaire.question.alter.unit";"questionnaire";"it-CH";"3";"v1:4c57ada7d55b51436b17bda45c5831ce8e05df24ae9d5f359035e7ea924ebe4f";"51a2fbad58db57c1148664d065f56f4d8a831493c1c672d441b729b728b98ebd"
"Fragebogen";"Fragebogen";"Fragebogen";"Frage";"Frage «Alter» · Fragetext";"Bitte geben Sie Ihr Alter in Jahren an.";"Indichi la Sua età in anni.";"";"";"Marketing, Medizin";"Prüfung erforderlich";"";"";"";"questionnaire.question.alter.text";"questionnaire";"it-CH";"3";"v1:4c57ada7d55b51436b17bda45c5831ce8e05df24ae9d5f359035e7ea924ebe4f";"ce19880d543de2c8f8a69f27b2fc6cccac6c97a6fc40da6ada0cdcd7165f469d"
"Fragebogen";"Fragebogen";"Fragebogen";"Frage";"Frage «Ausdauer intensiv» · Fragetext";"Wie viele Stunden intensive Ausdaueraktivität machen Sie pro Woche?";"Quante ore di attività aerobica intensa svolge alla settimana?";"";"";"Marketing, Medizin";"Prüfung erforderlich";"";"";"";"questionnaire.question.ausdauer_intensiv.text";"questionnaire";"it-CH";"3";"v1:4c57ada7d55b51436b17bda45c5831ce8e05df24ae9d5f359035e7ea924ebe4f";"828d3d54a2919a7fc590dd00fd2de69848cd1faf79d2c82dbebe63a33d06d5f6"
"Fragebogen";"Fragebogen";"Fragebogen";"Hilfetext";"Frage «Ausdauer intensiv» · Hilfetext";"Sie geraten ins Schwitzen und können nur noch wenige Worte oder gar nicht mehr sprechen (z. B. Joggen, schnelles Radfahren, intensives Schwimmen).

<b>WHO-Empfehlung:</b> Mindestens 75 Minuten intensive Aktivität pro Woche, wobei jede Aktivitätsdauer zählt.";"Suda e riesce a pronunciare solo poche parole o non riesce più a parlare (ad es. jogging, ciclismo veloce, nuoto intenso).

<b>Raccomandazione dell’OMS:</b> almeno 75 minuti di attività intensa alla settimana; ogni durata dell’attività conta.";"";"";"Marketing, Medizin";"Prüfung erforderlich";"";"";"";"questionnaire.question.ausdauer_intensiv.help";"questionnaire";"it-CH";"3";"v1:4c57ada7d55b51436b17bda45c5831ce8e05df24ae9d5f359035e7ea924ebe4f";"a171e18d39154cc027d2240c33b017242b999947b7e7716e9caf9e4ae6e18f7c"
"Fragebogen";"Fragebogen";"Fragebogen";"Titel des Hilfetexts";"Frage «Ausdauer intensiv» · Titel des Hilfetexts";"Was bedeutet intensive Ausdaueraktivität?";"Che cosa si intende per attività aerobica intensa?";"";"";"Marketing";"Prüfung erforderlich";"";"";"";"questionnaire.question.ausdauer_intensiv.help_title";"questionnaire";"it-CH";"3";"v1:4c57ada7d55b51436b17bda45c5831ce8e05df24ae9d5f359035e7ea924ebe4f";"b8ba6f09415723c6d267f802a6d7c98e1ed0211e2fc3ee16a7513b612e915911"
"Fragebogen";"Fragebogen";"Fragebogen";"Antwortoption";"Frage «Ausdauer intensiv» · Antwortoption";"Keine";"Nessuna";"";"";"Marketing";"Prüfung erforderlich";"";"";"";"questionnaire.question.ausdauer_intensiv.option.keine";"questionnaire";"it-CH";"3";"v1:4c57ada7d55b51436b17bda45c5831ce8e05df24ae9d5f359035e7ea924ebe4f";"46a34022754da5298fe8b582eced2db7a72febd0b789dfd2274665fb5872b4c7"
"Fragebogen";"Fragebogen";"Fragebogen";"Antwortoption";"Frage «Ausdauer intensiv» · Antwortoption";"30 min – 1 h 15 min";"30 min – 1 h 15 min";"";"";"Marketing";"Prüfung erforderlich";"";"";"";"questionnaire.question.ausdauer_intensiv.option.m30_75";"questionnaire";"it-CH";"3";"v1:4c57ada7d55b51436b17bda45c5831ce8e05df24ae9d5f359035e7ea924ebe4f";"98fe6108eadc78216ef96ba55d228090e9222dde2914fd62fc57d9356bbaf6fc"
"Fragebogen";"Fragebogen";"Fragebogen";"Antwortoption";"Frage «Ausdauer intensiv» · Antwortoption";"1 h 15 min – 2 h 30 min";"1 h 15 min – 2 h 30 min";"";"";"Marketing";"Prüfung erforderlich";"";"";"";"questionnaire.question.ausdauer_intensiv.option.m75_150";"questionnaire";"it-CH";"3";"v1:4c57ada7d55b51436b17bda45c5831ce8e05df24ae9d5f359035e7ea924ebe4f";"c6610985fa7fc37278a8430b41c1c4102c071f40a3326e996fb6644835712456"
"Fragebogen";"Fragebogen";"Fragebogen";"Antwortoption";"Frage «Ausdauer intensiv» · Antwortoption";"Weniger als 30 min";"Meno di 30 min";"";"";"Marketing";"Prüfung erforderlich";"";"";"";"questionnaire.question.ausdauer_intensiv.option.u30";"questionnaire";"it-CH";"3";"v1:4c57ada7d55b51436b17bda45c5831ce8e05df24ae9d5f359035e7ea924ebe4f";"1fba3d9aedcda6b6f96a4218a9659d6f0f5eafdec504477a3f5eddb07d366db5"
"Fragebogen";"Fragebogen";"Fragebogen";"Antwortoption";"Frage «Ausdauer intensiv» · Antwortoption";"2 h 30 min oder mehr";"2 h 30 min o più";"";"";"Marketing";"Prüfung erforderlich";"";"";"";"questionnaire.question.ausdauer_intensiv.option.ue150";"questionnaire";"it-CH";"3";"v1:4c57ada7d55b51436b17bda45c5831ce8e05df24ae9d5f359035e7ea924ebe4f";"a605bca78cb10649cc17c96b7bbdfd47a049e751068bfdf6fd1ab84e88ed5e3c"
"Fragebogen";"Fragebogen";"Fragebogen";"Frage";"Frage «Ausdauer moderat» · Fragetext";"Wie viele Stunden moderate Ausdaueraktivität machen Sie pro Woche?";"Quante ore di attività aerobica moderata svolge alla settimana?";"";"";"Marketing, Medizin";"Prüfung erforderlich";"";"";"";"questionnaire.question.ausdauer_moderat.text";"questionnaire";"it-CH";"3";"v1:4c57ada7d55b51436b17bda45c5831ce8e05df24ae9d5f359035e7ea924ebe4f";"e3be3a3ed41fc37ac54803104c626e767ab3ee14253e63ade77898d6486848af"
"Fragebogen";"Fragebogen";"Fragebogen";"Hilfetext";"Frage «Ausdauer moderat» · Hilfetext";"Sie atmen schneller als normal, können sich aber noch unterhalten (z. B. zügiges Gehen, langsames Radfahren, Schwimmen in mässigem Tempo).

<b>WHO-Empfehlung:</b> Mindestens 150 Minuten moderate Aktivität pro Woche, wobei jede Aktivitätsdauer zählt.";"Respira più velocemente del normale, ma riesce ancora a conversare (ad es. camminata a passo sostenuto, ciclismo lento, nuoto a ritmo moderato).

<b>Raccomandazione dell’OMS:</b> almeno 150 minuti di attività moderata alla settimana; ogni durata dell’attività conta.";"";"";"Marketing, Medizin";"Prüfung erforderlich";"";"";"";"questionnaire.question.ausdauer_moderat.help";"questionnaire";"it-CH";"3";"v1:4c57ada7d55b51436b17bda45c5831ce8e05df24ae9d5f359035e7ea924ebe4f";"24d69c318957d2b766b2295279e20b128cae4c4d7753783ab5b7835370c10303"
"Fragebogen";"Fragebogen";"Fragebogen";"Titel des Hilfetexts";"Frage «Ausdauer moderat» · Titel des Hilfetexts";"Was bedeutet moderate Ausdaueraktivität?";"Che cosa si intende per attività aerobica moderata?";"";"";"Marketing";"Prüfung erforderlich";"";"";"";"questionnaire.question.ausdauer_moderat.help_title";"questionnaire";"it-CH";"3";"v1:4c57ada7d55b51436b17bda45c5831ce8e05df24ae9d5f359035e7ea924ebe4f";"32787cf7c64d7b3903f9b806fbe914677bef5a953e764ca792aef42c4176c227"
"Fragebogen";"Fragebogen";"Fragebogen";"Antwortoption";"Frage «Ausdauer moderat» · Antwortoption";"2 h 30 min – 5 h";"2 h 30 min – 5 h";"";"";"Marketing";"Prüfung erforderlich";"";"";"";"questionnaire.question.ausdauer_moderat.option.m150_300";"questionnaire";"it-CH";"3";"v1:4c57ada7d55b51436b17bda45c5831ce8e05df24ae9d5f359035e7ea924ebe4f";"50606083d713f318735acb2dfd80496cda31ceedd15658c1932b590b0ad56198"
"Fragebogen";"Fragebogen";"Fragebogen";"Antwortoption";"Frage «Ausdauer moderat» · Antwortoption";"30 min – 1 h 15 min";"30 min – 1 h 15 min";"";"";"Marketing";"Prüfung erforderlich";"";"";"";"questionnaire.question.ausdauer_moderat.option.m30_75";"questionnaire";"it-CH";"3";"v1:4c57ada7d55b51436b17bda45c5831ce8e05df24ae9d5f359035e7ea924ebe4f";"6e5a907aacda3164eba08d12a4a9ee142328b24be3172578b90c649aeaddf6e4"
"Fragebogen";"Fragebogen";"Fragebogen";"Antwortoption";"Frage «Ausdauer moderat» · Antwortoption";"1 h 15 min – 2 h 30 min";"1 h 15 min – 2 h 30 min";"";"";"Marketing";"Prüfung erforderlich";"";"";"";"questionnaire.question.ausdauer_moderat.option.m75_150";"questionnaire";"it-CH";"3";"v1:4c57ada7d55b51436b17bda45c5831ce8e05df24ae9d5f359035e7ea924ebe4f";"7af3a597c59bb804705b811e9c66072a3deb73663a60cd8cf69a8b79d3d16ee7"
"Fragebogen";"Fragebogen";"Fragebogen";"Antwortoption";"Frage «Ausdauer moderat» · Antwortoption";"Weniger als 30 min";"Meno di 30 min";"";"";"Marketing";"Prüfung erforderlich";"";"";"";"questionnaire.question.ausdauer_moderat.option.u30";"questionnaire";"it-CH";"3";"v1:4c57ada7d55b51436b17bda45c5831ce8e05df24ae9d5f359035e7ea924ebe4f";"c5bc24e9fb08089680b7bcaf610482af6dc7bfdbe918e1c6ca84f1e5fd3b0dcb"
"Fragebogen";"Fragebogen";"Fragebogen";"Antwortoption";"Frage «Ausdauer moderat» · Antwortoption";"5 h oder mehr";"5 h o più";"";"";"Marketing";"Prüfung erforderlich";"";"";"";"questionnaire.question.ausdauer_moderat.option.ue300";"questionnaire";"it-CH";"3";"v1:4c57ada7d55b51436b17bda45c5831ce8e05df24ae9d5f359035e7ea924ebe4f";"3fe939889cd361a390e9041825b33b3c494339a45883c86b5fb0d97ce51d4f71"
"Fragebogen";"Fragebogen";"Fragebogen";"Eingabehinweis";"Frage «Bauchumfang» · Eingabehinweis";"z. B. 92";"ad es. 92";"";"";"Marketing";"Prüfung erforderlich";"";"";"";"questionnaire.question.bauchumfang.placeholder";"questionnaire";"it-CH";"3";"v1:4c57ada7d55b51436b17bda45c5831ce8e05df24ae9d5f359035e7ea924ebe4f";"f5bade51c8b845d849cde082d27f2a8aa169e8d05efce507623b30d2abf8c51f"
"Fragebogen";"Fragebogen";"Fragebogen";"Einheit";"Frage «Bauchumfang» · Einheit";"cm";"cm";"";"";"Marketing";"Prüfung erforderlich";"";"";"";"questionnaire.question.bauchumfang.unit";"questionnaire";"it-CH";"3";"v1:4c57ada7d55b51436b17bda45c5831ce8e05df24ae9d5f359035e7ea924ebe4f";"26f66c68fb5e22c48db5f63802bf2e6254916570a2d41206cefea477432fdcb4"
"Fragebogen";"Fragebogen";"Fragebogen";"Frage";"Frage «Bauchumfang» · Fragetext";"Kennen Sie Ihren Taillenumfang?";"Conosce la Sua circonferenza vita?";"";"";"Marketing, Medizin";"Prüfung erforderlich";"";"";"";"questionnaire.question.bauchumfang.text";"questionnaire";"it-CH";"3";"v1:4c57ada7d55b51436b17bda45c5831ce8e05df24ae9d5f359035e7ea924ebe4f";"0210e623625d0329138161f0aef0f974a54a9408f52a07db205df85c397d0cfa"
"Fragebogen";"Fragebogen";"Fragebogen";"Hilfetext";"Frage «Bauchumfang» · Hilfetext";"Messen Sie nach normalem Ausatmen ungefähr auf halber Strecke zwischen der untersten tastbaren Rippe und der Oberkante des Beckenkamms. Bauchfett ist stoffwechselaktiv – das Verhältnis von Taille zu Körpergrösse ist oft aussagekräftiger als das Gewicht allein. Wenn Sie den Wert nicht kennen, lassen Sie das Feld einfach leer.";"Misuri dopo una normale espirazione, all’incirca a metà tra la costola palpabile più bassa e il bordo superiore della cresta iliaca. Il grasso addominale è metabolicamente attivo: il rapporto tra vita e altezza è spesso più significativo del solo peso. Se non conosce il valore, lasci semplicemente vuoto il campo.";"";"";"Marketing, Medizin";"Prüfung erforderlich";"";"";"";"questionnaire.question.bauchumfang.help";"questionnaire";"it-CH";"3";"v1:4c57ada7d55b51436b17bda45c5831ce8e05df24ae9d5f359035e7ea924ebe4f";"590ce903254a44c1af4795f4b9a5508cc83d3e0d992b30409d491cdf54827f9a"
"Fragebogen";"Fragebogen";"Fragebogen";"Frage";"Frage «Belastbarkeit» · Fragetext";"Ich bewahre auch in schwierigen Situationen den Überblick und Ruhe.";"Riesco a mantenere la visione d’insieme e la calma anche nelle situazioni difficili.";"";"";"Marketing, Medizin";"Prüfung erforderlich";"";"";"";"questionnaire.question.belastbarkeit.text";"questionnaire";"it-CH";"3";"v1:4c57ada7d55b51436b17bda45c5831ce8e05df24ae9d5f359035e7ea924ebe4f";"ccb5372e82c17e4c60287b4c5b70830e1cd59b78f7dac9087a0826a7ac110006"
"Fragebogen";"Fragebogen";"Fragebogen";"Frage";"Frage «Beweglichkeit» · Fragetext";"Wie schwer fällt es Ihnen, ohne Hilfe vom Boden aufzustehen?";"Quanto Le risulta difficile alzarsi da terra senza aiuto?";"";"";"Marketing, Medizin";"Prüfung erforderlich";"";"";"";"questionnaire.question.beweglichkeit.text";"questionnaire";"it-CH";"3";"v1:4c57ada7d55b51436b17bda45c5831ce8e05df24ae9d5f359035e7ea924ebe4f";"a48ad2eab3bea03558637112cb74ed35318598895ea72c4fcfda86e120deda38"
"Fragebogen";"Fragebogen";"Fragebogen";"Antwortoption";"Frage «Beweglichkeit» · Antwortoption";"Überhaupt nicht schwer";"Per nulla difficile";"";"";"Marketing";"Prüfung erforderlich";"";"";"";"questionnaire.question.beweglichkeit.option.gar_nicht";"questionnaire";"it-CH";"3";"v1:4c57ada7d55b51436b17bda45c5831ce8e05df24ae9d5f359035e7ea924ebe4f";"21c0b6665db88a56669c2a0a4399f4d8f8e340e473a3d4699306e7f72c910e3a"
"Fragebogen";"Fragebogen";"Fragebogen";"Antwortoption";"Frage «Beweglichkeit» · Antwortoption";"Mässig schwer";"Moderatamente difficile";"";"";"Marketing";"Prüfung erforderlich";"";"";"";"questionnaire.question.beweglichkeit.option.maessig";"questionnaire";"it-CH";"3";"v1:4c57ada7d55b51436b17bda45c5831ce8e05df24ae9d5f359035e7ea924ebe4f";"be892256d586a68b87b373968a88d14cec7fe908f438b033856ed680e2c60cf8"
"Fragebogen";"Fragebogen";"Fragebogen";"Antwortoption";"Frage «Beweglichkeit» · Antwortoption";"Unmöglich";"Impossibile";"";"";"Marketing";"Prüfung erforderlich";"";"";"";"questionnaire.question.beweglichkeit.option.nicht";"questionnaire";"it-CH";"3";"v1:4c57ada7d55b51436b17bda45c5831ce8e05df24ae9d5f359035e7ea924ebe4f";"5341c2bdb67abd1e0ecfa187ee939141202ba7030c5106cc679ef74d40e6d2cc"
"Fragebogen";"Fragebogen";"Fragebogen";"Antwortoption";"Frage «Beweglichkeit» · Antwortoption";"Wenig schwer";"Poco difficile";"";"";"Marketing";"Prüfung erforderlich";"";"";"";"questionnaire.question.beweglichkeit.option.wenig";"questionnaire";"it-CH";"3";"v1:4c57ada7d55b51436b17bda45c5831ce8e05df24ae9d5f359035e7ea924ebe4f";"cc65a3df0b838011fe708c65cefbfac00448d1640c6b88d0196d01ef0a5e849d"
"Fragebogen";"Fragebogen";"Fragebogen";"Antwortoption";"Frage «Beweglichkeit» · Antwortoption";"Sehr schwer";"Molto difficile";"";"";"Marketing";"Prüfung erforderlich";"";"";"";"questionnaire.question.beweglichkeit.option.ziemlich";"questionnaire";"it-CH";"3";"v1:4c57ada7d55b51436b17bda45c5831ce8e05df24ae9d5f359035e7ea924ebe4f";"8b63c0391399d55b1f84457961dca1e66dca6e81fee492fdee2e97bfe1504d39"
"Fragebogen";"Fragebogen";"Fragebogen";"Frage";"Frage «Bluthochdruck» · Fragetext";"Wurde bei Ihnen ärztlich Bluthochdruck festgestellt oder nehmen Sie Blutdruckmedikamente?";"Le è stata diagnosticata da un medico l’ipertensione arteriosa oppure assume farmaci per la pressione?";"";"";"Marketing, Medizin";"Prüfung erforderlich";"";"";"";"questionnaire.question.bluthochdruck.text";"questionnaire";"it-CH";"3";"v1:4c57ada7d55b51436b17bda45c5831ce8e05df24ae9d5f359035e7ea924ebe4f";"bdced6f546d0807fc2e5d4c11489ea88ee44114fd2a789acf670d786fea4dd4c"
"Fragebogen";"Fragebogen";"Fragebogen";"Hilfetext";"Frage «Bluthochdruck» · Hilfetext";"Bluthochdruck (ab ca. 140/90 mmHg) verläuft oft unbemerkt, lässt sich aber gut behandeln. Wenn Sie unsicher sind, lohnt sich eine Messung.";"L’ipertensione arteriosa (a partire da circa 140/90 mmHg) spesso non dà sintomi, ma può essere trattata efficacemente. Se non ne è sicuro/a, vale la pena misurarla.";"";"";"Marketing, Medizin";"Prüfung erforderlich";"";"";"";"questionnaire.question.bluthochdruck.help";"questionnaire";"it-CH";"3";"v1:4c57ada7d55b51436b17bda45c5831ce8e05df24ae9d5f359035e7ea924ebe4f";"4bc799363b52404e2968489feacb72aa59692b3b6965ab2ca6c695efe02b38d8"
"Fragebogen";"Fragebogen";"Fragebogen";"Antwortoption";"Frage «Bluthochdruck» · Antwortoption";"Ja";"Sì";"";"";"Marketing";"Prüfung erforderlich";"";"";"";"questionnaire.question.bluthochdruck.option.ja";"questionnaire";"it-CH";"3";"v1:4c57ada7d55b51436b17bda45c5831ce8e05df24ae9d5f359035e7ea924ebe4f";"6c240f18dbd043675e8c3e3c1f27263a41a502327cdb0a4120f292dfa7892966"
"Fragebogen";"Fragebogen";"Fragebogen";"Antwortoption";"Frage «Bluthochdruck» · Antwortoption";"Nein";"No";"";"";"Marketing";"Prüfung erforderlich";"";"";"";"questionnaire.question.bluthochdruck.option.nein";"questionnaire";"it-CH";"3";"v1:4c57ada7d55b51436b17bda45c5831ce8e05df24ae9d5f359035e7ea924ebe4f";"68dbda3f6b40fc6553e450248bf3699db424bd8690563ec2077155f9d4c46850"
"Fragebogen";"Fragebogen";"Fragebogen";"Antwortoption";"Frage «Bluthochdruck» · Antwortoption";"Weiss ich nicht";"Non lo so";"";"";"Marketing";"Prüfung erforderlich";"";"";"";"questionnaire.question.bluthochdruck.option.weiss_nicht";"questionnaire";"it-CH";"3";"v1:4c57ada7d55b51436b17bda45c5831ce8e05df24ae9d5f359035e7ea924ebe4f";"080df006d11b793502838b4d7459ccbfce6919e09cc6426a5ed72c31054ad2ba"
"Fragebogen";"Fragebogen";"Fragebogen";"Frage";"Frage «Coping» · Fragetext";"Ich finde auch in belastenden Situationen Wege, die mir helfen, klarzukommen.";"Anche nelle situazioni stressanti trovo modi che mi aiutano ad affrontarle.";"";"";"Marketing, Medizin";"Prüfung erforderlich";"";"";"";"questionnaire.question.coping.text";"questionnaire";"it-CH";"3";"v1:4c57ada7d55b51436b17bda45c5831ce8e05df24ae9d5f359035e7ea924ebe4f";"5140e30fc1c2ab98458c11c911dfcddd4b341e831f8e885423cb3609c5d7b4fb"
"Fragebogen";"Fragebogen";"Fragebogen";"Eingabehinweis";"Frage «Einbeinstand» · Eingabehinweis";"z. B. 30";"ad es. 30";"";"";"Marketing";"Prüfung erforderlich";"";"";"";"questionnaire.question.einbeinstand.placeholder";"questionnaire";"it-CH";"3";"v1:4c57ada7d55b51436b17bda45c5831ce8e05df24ae9d5f359035e7ea924ebe4f";"043e6776120bf23348ca4f1edfc67dff4b7efbaf4ce8670ac4754d48b679411b"
"Fragebogen";"Fragebogen";"Fragebogen";"Einheit";"Frage «Einbeinstand» · Einheit";"Sekunden";"secondi";"";"";"Marketing";"Prüfung erforderlich";"";"";"";"questionnaire.question.einbeinstand.unit";"questionnaire";"it-CH";"3";"v1:4c57ada7d55b51436b17bda45c5831ce8e05df24ae9d5f359035e7ea924ebe4f";"a710ae0c66958471b6b225c868a3c32fccd33a3021df91d86bc9ddeb35d099a7"
"Fragebogen";"Fragebogen";"Fragebogen";"Frage";"Frage «Einbeinstand» · Fragetext";"Wie lange können Sie auf einem Bein stehen, ohne sich festzuhalten? (optional)";"Per quanto tempo riesce a stare in equilibrio su una gamba senza sostenersi? (facoltativo)";"";"";"Marketing, Medizin";"Prüfung erforderlich";"";"";"";"questionnaire.question.einbeinstand.text";"questionnaire";"it-CH";"3";"v1:4c57ada7d55b51436b17bda45c5831ce8e05df24ae9d5f359035e7ea924ebe4f";"00f79b78fe0cf15cc87e6b996613336659110df249b735b6da22c1155b9b2810"
"Fragebogen";"Fragebogen";"Fragebogen";"Hilfetext";"Frage «Einbeinstand» · Hilfetext";"1 – Stellen Sie sich aufrecht hin, Füsse hüftbreit.
2 – Fixieren Sie Ihre Augen auf einen Punkt.
3 – Heben Sie ein Bein so an, dass der Fuss den Boden nicht berührt.
4 – Halten Sie das Gleichgewicht so lange wie möglich.

Stoppen Sie die Zeit, sobald der angehobene Fuss den Boden berührt.

Wiederholen Sie den Test mit jedem Bein und notieren Sie Ihren besten Wert. Ein grosser Unterschied zwischen den Beinen kann auf einen trainierbaren Unterschied hinweisen.

<b>Was der Einbeinstand-Test verrät:</b>
Der Test gibt unter den beschriebenen Bedingungen mit offenen Augen einen orientierenden Hinweis auf Ihr statisches Gleichgewicht und Ihre Koordination. Regelmässiges Üben kann die Balance verbessern und zu sicheren Alltagsbewegungen beitragen. Der Test ersetzt keine medizinische Untersuchung.";"1 – Si metta in posizione eretta, con i piedi alla larghezza dei fianchi.
2 – Fissi lo sguardo su un punto.
3 – Sollevi una gamba in modo che il piede non tocchi il suolo.
4 – Mantenga l’equilibrio il più a lungo possibile.

Fermi il tempo non appena il piede sollevato tocca il suolo.

Ripeta il test con ciascuna gamba e annoti il Suo risultato migliore. Una grande differenza tra le gambe può indicare una differenza allenabile.

<b>Che cosa rivela il test di equilibrio su una gamba:</b>
Nelle condizioni descritte, con gli occhi aperti, questo test fornisce un’indicazione sull’equilibrio statico e sulla coordinazione. Esercitarsi regolarmente può migliorare l’equilibrio e contribuire a movimenti quotidiani più sicuri. Il test non sostituisce un accertamento medico.";"";"";"Marketing, Medizin";"Prüfung erforderlich";"";"";"";"questionnaire.question.einbeinstand.help";"questionnaire";"it-CH";"3";"v1:4c57ada7d55b51436b17bda45c5831ce8e05df24ae9d5f359035e7ea924ebe4f";"3e60a2c354be773ef860b219ddf9f784cb4cb1992652a7303fd615717525e4c6"
"Fragebogen";"Fragebogen";"Fragebogen";"Titel des Hilfetexts";"Frage «Einbeinstand» · Titel des Hilfetexts";"So führen Sie den Einbeinstand-Test korrekt aus";"Come eseguire correttamente il test di equilibrio su una gamba";"";"";"Marketing";"Prüfung erforderlich";"";"";"";"questionnaire.question.einbeinstand.help_title";"questionnaire";"it-CH";"3";"v1:4c57ada7d55b51436b17bda45c5831ce8e05df24ae9d5f359035e7ea924ebe4f";"38a02783f9e208d614c35f4caf4cf4d697a41f7b6e50e5c3838285c29eaf2191"
"Fragebogen";"Fragebogen";"Fragebogen";"Frage";"Frage «Einkaufstaschen» · Fragetext";"Wie schwer fällt es Ihnen, zwei volle Einkaufstaschen zu tragen?";"Quanto Le risulta difficile trasportare due borse della spesa piene?";"";"";"Marketing, Medizin";"Prüfung erforderlich";"";"";"";"questionnaire.question.einkaufstaschen.text";"questionnaire";"it-CH";"3";"v1:4c57ada7d55b51436b17bda45c5831ce8e05df24ae9d5f359035e7ea924ebe4f";"eb550f9003ded980251f43a54be682da20edf56cde04bb7a943dc1403613794f"
"Fragebogen";"Fragebogen";"Fragebogen";"Antwortoption";"Frage «Einkaufstaschen» · Antwortoption";"Überhaupt nicht schwer";"Per nulla difficile";"";"";"Marketing";"Prüfung erforderlich";"";"";"";"questionnaire.question.einkaufstaschen.option.gar_nicht";"questionnaire";"it-CH";"3";"v1:4c57ada7d55b51436b17bda45c5831ce8e05df24ae9d5f359035e7ea924ebe4f";"0e8b45cc7c4761a7ffaf4da60d97f32452fffbd0fe40377822f50c534b6d69f8"
"Fragebogen";"Fragebogen";"Fragebogen";"Antwortoption";"Frage «Einkaufstaschen» · Antwortoption";"Mässig schwer";"Moderatamente difficile";"";"";"Marketing";"Prüfung erforderlich";"";"";"";"questionnaire.question.einkaufstaschen.option.maessig";"questionnaire";"it-CH";"3";"v1:4c57ada7d55b51436b17bda45c5831ce8e05df24ae9d5f359035e7ea924ebe4f";"6b7e032f30a5078a3e6e9baf47d029942d588d4d92ff6a87f560d5b9e923450e"
"Fragebogen";"Fragebogen";"Fragebogen";"Antwortoption";"Frage «Einkaufstaschen» · Antwortoption";"Unmöglich";"Impossibile";"";"";"Marketing";"Prüfung erforderlich";"";"";"";"questionnaire.question.einkaufstaschen.option.nicht";"questionnaire";"it-CH";"3";"v1:4c57ada7d55b51436b17bda45c5831ce8e05df24ae9d5f359035e7ea924ebe4f";"9791623301e7d651aab7291e7b8b7d1d6aabfedc4531062b2156d8eec6437ce4"
"Fragebogen";"Fragebogen";"Fragebogen";"Antwortoption";"Frage «Einkaufstaschen» · Antwortoption";"Wenig schwer";"Poco difficile";"";"";"Marketing";"Prüfung erforderlich";"";"";"";"questionnaire.question.einkaufstaschen.option.wenig";"questionnaire";"it-CH";"3";"v1:4c57ada7d55b51436b17bda45c5831ce8e05df24ae9d5f359035e7ea924ebe4f";"92c75fc63a4cf7bd9935c69b7b342f2500a7a9acb8c02d4539d3704079bfcca5"
"Fragebogen";"Fragebogen";"Fragebogen";"Antwortoption";"Frage «Einkaufstaschen» · Antwortoption";"Sehr schwer";"Molto difficile";"";"";"Marketing";"Prüfung erforderlich";"";"";"";"questionnaire.question.einkaufstaschen.option.ziemlich";"questionnaire";"it-CH";"3";"v1:4c57ada7d55b51436b17bda45c5831ce8e05df24ae9d5f359035e7ea924ebe4f";"a6323c68bdd66ad2fd452b6f193106bb62f0427a93430aa8d84c1802c76d6d28"
"Fragebogen";"Fragebogen";"Fragebogen";"Frage";"Frage «Familie hk» · Fragetext";"Gibt es in Ihrer nahen Familie (Eltern, Geschwister) Herz-Kreislauf-Erkrankungen, Diabetes oder erblich bedingte Erkrankungen?";"Nella Sua famiglia stretta (genitori, fratelli o sorelle) vi sono malattie cardiovascolari, diabete o malattie ereditarie?";"";"";"Marketing, Medizin";"Prüfung erforderlich";"";"";"";"questionnaire.question.familie_hk.text";"questionnaire";"it-CH";"3";"v1:4c57ada7d55b51436b17bda45c5831ce8e05df24ae9d5f359035e7ea924ebe4f";"33e13e110379fdbfe69c7682307a0760f83c2c44c893b8d16199abd5d04546e7"
"Fragebogen";"Fragebogen";"Fragebogen";"Hilfetext";"Frage «Familie hk» · Hilfetext";"Besonders relevant sind früh aufgetretene Erkrankungen (Männer vor 55, Frauen vor 65 Jahren). Eine familiäre Vorbelastung ist kein Schicksal – sie ist ein Grund, Vorsorge ernst zu nehmen.";"Sono particolarmente rilevanti le malattie insorte precocemente (uomini prima dei 55 anni, donne prima dei 65 anni). Una predisposizione familiare non è un destino: è un motivo per prendere sul serio la prevenzione.";"";"";"Marketing, Medizin";"Prüfung erforderlich";"";"";"";"questionnaire.question.familie_hk.help";"questionnaire";"it-CH";"3";"v1:4c57ada7d55b51436b17bda45c5831ce8e05df24ae9d5f359035e7ea924ebe4f";"545a1f4aac7ae4c687e4616fbbbfb9060a128d98af8062cf9ecf21b2aa0318dd"
"Fragebogen";"Fragebogen";"Fragebogen";"Antwortoption";"Frage «Familie hk» · Antwortoption";"Ja";"Sì";"";"";"Marketing";"Prüfung erforderlich";"";"";"";"questionnaire.question.familie_hk.option.ja";"questionnaire";"it-CH";"3";"v1:4c57ada7d55b51436b17bda45c5831ce8e05df24ae9d5f359035e7ea924ebe4f";"4da02e2a27b319771b00e16f62e3e47f2268a29a8ad57e478352685f06d230eb"
"Fragebogen";"Fragebogen";"Fragebogen";"Antwortoption";"Frage «Familie hk» · Antwortoption";"Nein";"No";"";"";"Marketing";"Prüfung erforderlich";"";"";"";"questionnaire.question.familie_hk.option.nein";"questionnaire";"it-CH";"3";"v1:4c57ada7d55b51436b17bda45c5831ce8e05df24ae9d5f359035e7ea924ebe4f";"fb4b1cb0b3ffbd21a613e637dab63b06f2c82cc0d3d890932c540794cefd1bc2"
"Fragebogen";"Fragebogen";"Fragebogen";"Antwortoption";"Frage «Familie hk» · Antwortoption";"Weiss ich nicht";"Non lo so";"";"";"Marketing";"Prüfung erforderlich";"";"";"";"questionnaire.question.familie_hk.option.weiss_nicht";"questionnaire";"it-CH";"3";"v1:4c57ada7d55b51436b17bda45c5831ce8e05df24ae9d5f359035e7ea924ebe4f";"95a7b77ddc84e8a6e979291be8b207c4d3748540696808ce08586f91790e6a9b"
"Fragebogen";"Fragebogen";"Fragebogen";"Frage";"Frage «Familienwissen» · Fragetext";"Wie gut wissen Sie über mögliche Krebs- oder Herz-Kreislauferkrankungen in Ihrer Familie Bescheid?";"Quanto è informato/a su eventuali casi di cancro o malattie cardiovascolari nella Sua famiglia?";"";"";"Marketing, Medizin";"Prüfung erforderlich";"";"";"";"questionnaire.question.familienwissen.text";"questionnaire";"it-CH";"3";"v1:4c57ada7d55b51436b17bda45c5831ce8e05df24ae9d5f359035e7ea924ebe4f";"266dc441abc54b95f0c31b8a6d474184630537c6fd2a451f76d61a0db7b5be07"
"Fragebogen";"Fragebogen";"Fragebogen";"Hilfetext";"Frage «Familienwissen» · Hilfetext";"Das Bewusstsein über familiäre Krebs- und Herz-Kreislauferkrankungen macht eine gezielte Vorsorge möglich. Wer seine familiäre Vorbelastung kennt, kann frühzeitig den persönlichen Risikofaktoren entgegensteuern und mit gezielten Vorsorgeuntersuchungen die Früherkennung fördern.";"Conoscere i casi di cancro e di malattie cardiovascolari presenti in famiglia permette una prevenzione mirata. Chi conosce la propria predisposizione familiare può intervenire precocemente sui fattori di rischio personali e favorire la diagnosi precoce con esami preventivi mirati.";"";"";"Marketing, Medizin";"Prüfung erforderlich";"";"";"";"questionnaire.question.familienwissen.help";"questionnaire";"it-CH";"3";"v1:4c57ada7d55b51436b17bda45c5831ce8e05df24ae9d5f359035e7ea924ebe4f";"92e4258b96bef3f83af80e7b71cd5f0e531d682cfb2bb970e57888bbaae92c59"
"Fragebogen";"Fragebogen";"Fragebogen";"Titel des Hilfetexts";"Frage «Familienwissen» · Titel des Hilfetexts";"Haben Sie gewusst?";"Lo sapeva?";"";"";"Marketing";"Prüfung erforderlich";"";"";"";"questionnaire.question.familienwissen.help_title";"questionnaire";"it-CH";"3";"v1:4c57ada7d55b51436b17bda45c5831ce8e05df24ae9d5f359035e7ea924ebe4f";"eb43239b4b8899c77c687aceca9cd4b9c0861942ac50bdb984aabcdea57a90c8"
"Fragebogen";"Fragebogen";"Fragebogen";"Antwortoption";"Frage «Familienwissen» · Antwortoption";"Gar nicht";"Per niente";"";"";"Marketing";"Prüfung erforderlich";"";"";"";"questionnaire.question.familienwissen.option.gar_nicht";"questionnaire";"it-CH";"3";"v1:4c57ada7d55b51436b17bda45c5831ce8e05df24ae9d5f359035e7ea924ebe4f";"0834810c159ac524d7a8b168757d737ad904be5251024ecff9eea31aa9351c40"
"Fragebogen";"Fragebogen";"Fragebogen";"Antwortoption";"Frage «Familienwissen» · Antwortoption";"Gut";"Bene";"";"";"Marketing";"Prüfung erforderlich";"";"";"";"questionnaire.question.familienwissen.option.gut";"questionnaire";"it-CH";"3";"v1:4c57ada7d55b51436b17bda45c5831ce8e05df24ae9d5f359035e7ea924ebe4f";"c8c59cb70b2e207ab95a5d92a0ae416b124931d10c8cd3e2e070d577bc532d30"
"Fragebogen";"Fragebogen";"Fragebogen";"Antwortoption";"Frage «Familienwissen» · Antwortoption";"Sehr gut";"Molto bene";"";"";"Marketing";"Prüfung erforderlich";"";"";"";"questionnaire.question.familienwissen.option.sehr_gut";"questionnaire";"it-CH";"3";"v1:4c57ada7d55b51436b17bda45c5831ce8e05df24ae9d5f359035e7ea924ebe4f";"6e05cc9f495be8680e25b95dcc70cef2829fd580f6212e3c3bdb5c550459b299"
"Fragebogen";"Fragebogen";"Fragebogen";"Antwortoption";"Frage «Familienwissen» · Antwortoption";"Teilweise";"In parte";"";"";"Marketing";"Prüfung erforderlich";"";"";"";"questionnaire.question.familienwissen.option.teilweise";"questionnaire";"it-CH";"3";"v1:4c57ada7d55b51436b17bda45c5831ce8e05df24ae9d5f359035e7ea924ebe4f";"9ca8105bc3bf5bd5660ab5e28ef8f656c120ec85e51fdda37423afd3287cf0dc"
"Fragebogen";"Fragebogen";"Fragebogen";"Antwortoption";"Frage «Familienwissen» · Antwortoption";"Wenig";"Poco";"";"";"Marketing";"Prüfung erforderlich";"";"";"";"questionnaire.question.familienwissen.option.wenig";"questionnaire";"it-CH";"3";"v1:4c57ada7d55b51436b17bda45c5831ce8e05df24ae9d5f359035e7ea924ebe4f";"e4b90fa51cb7a627bc07b08055355c8f287f2256083a4573c1315093aadf3760"
"Fragebogen";"Fragebogen";"Fragebogen";"Frage";"Frage «Geschlecht» · Fragetext";"Bitte wählen Sie Ihr biologisches Geschlecht aus.";"Selezioni il Suo sesso biologico.";"";"";"Marketing, Medizin";"Prüfung erforderlich";"";"";"";"questionnaire.question.geschlecht.text";"questionnaire";"it-CH";"3";"v1:4c57ada7d55b51436b17bda45c5831ce8e05df24ae9d5f359035e7ea924ebe4f";"5da0e788da79906c230a4a8da34b9199f2ba7d25d7aebd20bbd3c14b2919daf5"
"Fragebogen";"Fragebogen";"Fragebogen";"Antwortoption";"Frage «Geschlecht» · Antwortoption";"Intersex";"Intersessuale";"";"";"Marketing";"Prüfung erforderlich";"";"";"";"questionnaire.question.geschlecht.option.intersex";"questionnaire";"it-CH";"3";"v1:4c57ada7d55b51436b17bda45c5831ce8e05df24ae9d5f359035e7ea924ebe4f";"597fa19bbc9761db44372ca73404f1b9d9c457f9fb1599a378e701b27f647dd6"
"Fragebogen";"Fragebogen";"Fragebogen";"Antwortoption";"Frage «Geschlecht» · Antwortoption";"Männlich";"Maschile";"";"";"Marketing";"Prüfung erforderlich";"";"";"";"questionnaire.question.geschlecht.option.maennlich";"questionnaire";"it-CH";"3";"v1:4c57ada7d55b51436b17bda45c5831ce8e05df24ae9d5f359035e7ea924ebe4f";"46c755a29887c49f96de4b8857fcc953aab17a0729186c22e7b1abc74448f370"
"Fragebogen";"Fragebogen";"Fragebogen";"Antwortoption";"Frage «Geschlecht» · Antwortoption";"Weiblich";"Femminile";"";"";"Marketing";"Prüfung erforderlich";"";"";"";"questionnaire.question.geschlecht.option.weiblich";"questionnaire";"it-CH";"3";"v1:4c57ada7d55b51436b17bda45c5831ce8e05df24ae9d5f359035e7ea924ebe4f";"b269fe2fa8faca7d6c6bd8d3026bf13942b97ee552df5dac17379f052a9c0e49"
"Fragebogen";"Fragebogen";"Fragebogen";"Eingabehinweis";"Frage «Gewicht» · Eingabehinweis";"z. B. 78";"ad es. 78";"";"";"Marketing";"Prüfung erforderlich";"";"";"";"questionnaire.question.gewicht.placeholder";"questionnaire";"it-CH";"3";"v1:4c57ada7d55b51436b17bda45c5831ce8e05df24ae9d5f359035e7ea924ebe4f";"2965f7beb71b9b0f37020e421b23e304151192daba8205c6b04b11287408fb4a"
"Fragebogen";"Fragebogen";"Fragebogen";"Einheit";"Frage «Gewicht» · Einheit";"kg";"kg";"";"";"Marketing";"Prüfung erforderlich";"";"";"";"questionnaire.question.gewicht.unit";"questionnaire";"it-CH";"3";"v1:4c57ada7d55b51436b17bda45c5831ce8e05df24ae9d5f359035e7ea924ebe4f";"b2b341c9c489f97c75499efc4fbae6e993bfcd0eb25947b84aa1510010459f4a"
"Fragebogen";"Fragebogen";"Fragebogen";"Frage";"Frage «Gewicht» · Fragetext";"Bitte geben Sie Ihr Gewicht in Kilogramm an.";"Indichi il Suo peso in chilogrammi.";"";"";"Marketing, Medizin";"Prüfung erforderlich";"";"";"";"questionnaire.question.gewicht.text";"questionnaire";"it-CH";"3";"v1:4c57ada7d55b51436b17bda45c5831ce8e05df24ae9d5f359035e7ea924ebe4f";"46e8b8cd9d686a09b58eade645a27c66905d7a0dca82a25b1f9be2336d598586"
"Fragebogen";"Fragebogen";"Fragebogen";"Eingabehinweis";"Frage «Groesse» · Eingabehinweis";"z. B. 175";"ad es. 175";"";"";"Marketing";"Prüfung erforderlich";"";"";"";"questionnaire.question.groesse.placeholder";"questionnaire";"it-CH";"3";"v1:4c57ada7d55b51436b17bda45c5831ce8e05df24ae9d5f359035e7ea924ebe4f";"46268735d3531a70d83273635d9d3031339f1863d3c3be0e94a58e4587cdf56d"
"Fragebogen";"Fragebogen";"Fragebogen";"Einheit";"Frage «Groesse» · Einheit";"cm";"cm";"";"";"Marketing";"Prüfung erforderlich";"";"";"";"questionnaire.question.groesse.unit";"questionnaire";"it-CH";"3";"v1:4c57ada7d55b51436b17bda45c5831ce8e05df24ae9d5f359035e7ea924ebe4f";"d6a8c0d1c705cc9ad82ffbee0e1442ff7587b87fdc330391d1628978ac88479c"
"Fragebogen";"Fragebogen";"Fragebogen";"Frage";"Frage «Groesse» · Fragetext";"Bitte geben Sie Ihre Grösse in Zentimetern an.";"Indichi la Sua altezza in centimetri.";"";"";"Marketing, Medizin";"Prüfung erforderlich";"";"";"";"questionnaire.question.groesse.text";"questionnaire";"it-CH";"3";"v1:4c57ada7d55b51436b17bda45c5831ce8e05df24ae9d5f359035e7ea924ebe4f";"d58b82e8e790f1ba8c8bc8666328a3d7d4f27e31d1d5f8fdecd72bc8b253a796"
"Fragebogen";"Fragebogen";"Fragebogen";"Frage";"Frage «Krafttraining» · Fragetext";"An wie vielen Tagen pro Woche machen Sie Krafttraining?";"In quanti giorni alla settimana pratica l’allenamento della forza?";"";"";"Marketing, Medizin";"Prüfung erforderlich";"";"";"";"questionnaire.question.krafttraining.text";"questionnaire";"it-CH";"3";"v1:4c57ada7d55b51436b17bda45c5831ce8e05df24ae9d5f359035e7ea924ebe4f";"630241371937e7a7eb61309240952283b84250fed8fa3d11f83e15358f1f0318"
"Fragebogen";"Fragebogen";"Fragebogen";"Hilfetext";"Frage «Krafttraining» · Hilfetext";"Muskelkräftigende Übungen mit Gewichten, Geräten oder dem eigenen Körpergewicht (z. B. Liegestütze, Kniebeugen oder Hanteltraining).

<b>WHO-Empfehlung:</b> Mindestens zweimal pro Woche für alle wichtigen Muskelgruppen.";"Esercizi di rafforzamento muscolare con pesi, attrezzi o il peso del proprio corpo (ad es. flessioni, squat o allenamento con manubri).

<b>Raccomandazione dell’OMS:</b> almeno due volte alla settimana per tutti i principali gruppi muscolari.";"";"";"Marketing, Medizin";"Prüfung erforderlich";"";"";"";"questionnaire.question.krafttraining.help";"questionnaire";"it-CH";"3";"v1:4c57ada7d55b51436b17bda45c5831ce8e05df24ae9d5f359035e7ea924ebe4f";"de70b70d6ceabe712268dfdfa1d72e8865aaece59e06d6b84d14cc5e4ae77a8e"
"Fragebogen";"Fragebogen";"Fragebogen";"Titel des Hilfetexts";"Frage «Krafttraining» · Titel des Hilfetexts";"Was ist Krafttraining?";"Che cos’è l’allenamento della forza?";"";"";"Marketing";"Prüfung erforderlich";"";"";"";"questionnaire.question.krafttraining.help_title";"questionnaire";"it-CH";"3";"v1:4c57ada7d55b51436b17bda45c5831ce8e05df24ae9d5f359035e7ea924ebe4f";"6df3a9e54fa8ca37eaa4401df053f9bf63e08375ed4cec167bbb20a74468b8ea"
"Fragebogen";"Fragebogen";"Fragebogen";"Antwortoption";"Frage «Krafttraining» · Antwortoption";"0 Tage";"0 giorni";"";"";"Marketing";"Prüfung erforderlich";"";"";"";"questionnaire.question.krafttraining.option.tage0";"questionnaire";"it-CH";"3";"v1:4c57ada7d55b51436b17bda45c5831ce8e05df24ae9d5f359035e7ea924ebe4f";"73951d6dba911c5c07008555a05b3e4378afca26bf6bc5d381b784df916e8b3f"
"Fragebogen";"Fragebogen";"Fragebogen";"Antwortoption";"Frage «Krafttraining» · Antwortoption";"1 Tag";"1 giorno";"";"";"Marketing";"Prüfung erforderlich";"";"";"";"questionnaire.question.krafttraining.option.tage1";"questionnaire";"it-CH";"3";"v1:4c57ada7d55b51436b17bda45c5831ce8e05df24ae9d5f359035e7ea924ebe4f";"d3c6d7f34eb04d3ff73f2f1d3b65116d9fa480372771b4eea78a5e1a8e223036"
"Fragebogen";"Fragebogen";"Fragebogen";"Antwortoption";"Frage «Krafttraining» · Antwortoption";"2 Tage";"2 giorni";"";"";"Marketing";"Prüfung erforderlich";"";"";"";"questionnaire.question.krafttraining.option.tage2";"questionnaire";"it-CH";"3";"v1:4c57ada7d55b51436b17bda45c5831ce8e05df24ae9d5f359035e7ea924ebe4f";"2c6c285bbbb5e6edd4c9683d991e256300b8999fcf7a0019e25b69a2c2c6efa7"
"Fragebogen";"Fragebogen";"Fragebogen";"Antwortoption";"Frage «Krafttraining» · Antwortoption";"3 Tage oder mehr";"3 giorni o più";"";"";"Marketing";"Prüfung erforderlich";"";"";"";"questionnaire.question.krafttraining.option.tage3plus";"questionnaire";"it-CH";"3";"v1:4c57ada7d55b51436b17bda45c5831ce8e05df24ae9d5f359035e7ea924ebe4f";"9801e46dcd925959f46bc45551682cf1b3c4f179172e49752aaf3a3c6fc4a04e"
"Fragebogen";"Fragebogen";"Fragebogen";"Eingabehinweis";"Frage «Liegestuetze» · Eingabehinweis";"z. B. 15";"ad es. 15";"";"";"Marketing";"Prüfung erforderlich";"";"";"";"questionnaire.question.liegestuetze.placeholder";"questionnaire";"it-CH";"3";"v1:4c57ada7d55b51436b17bda45c5831ce8e05df24ae9d5f359035e7ea924ebe4f";"f37f426f75569f8e24f829e05efdac5a7e5debbc50c069902d4086bde684d538"
"Fragebogen";"Fragebogen";"Fragebogen";"Einheit";"Frage «Liegestuetze» · Einheit";"Wiederholungen";"ripetizioni";"";"";"Marketing";"Prüfung erforderlich";"";"";"";"questionnaire.question.liegestuetze.unit";"questionnaire";"it-CH";"3";"v1:4c57ada7d55b51436b17bda45c5831ce8e05df24ae9d5f359035e7ea924ebe4f";"d90ab0af9442935b6edba74c082d27bc86ca436edef651daa8440ea08f720173"
"Fragebogen";"Fragebogen";"Fragebogen";"Frage";"Frage «Liegestuetze» · Fragetext";"Wie viele Liegestütze können Sie ohne Unterbrechung korrekt ausführen? (optional)";"Quante flessioni riesce a eseguire correttamente senza interruzioni? (facoltativo)";"";"";"Marketing, Medizin";"Prüfung erforderlich";"";"";"";"questionnaire.question.liegestuetze.text";"questionnaire";"it-CH";"3";"v1:4c57ada7d55b51436b17bda45c5831ce8e05df24ae9d5f359035e7ea924ebe4f";"18888ea5b1bbf6a719e9eb50de86d96b4c4fea61b509f0546ade708af6d55014"
"Fragebogen";"Fragebogen";"Fragebogen";"Hilfetext";"Frage «Liegestuetze» · Hilfetext";"1 – Auf den Bauch legen, Hände unter die Schultern.
2 – Arme strecken und Körper vom Boden abheben.
3 – Körper, Hüfte und Beine in einer Linie halten.
4 – Körper absenken, bis die Brust fast den Boden berührt.
5 – Wieder hochdrücken in die Ausgangsposition.

Ohne Pause wiederholen, bis es nicht mehr geht.

<b>Was der Liegestütz-Test verrät:</b>
Liegestütze messen die Kraft von Brust, Schultern, Armen und Rumpf. Starke Oberkörpermuskeln sind wichtig für Alltagstätigkeiten wie Tragen oder Aufstehen und helfen, Sturzverletzungen zu vermeiden.";"1 – Si sdrai a pancia in giù, con le mani sotto le spalle.
2 – Distenda le braccia e sollevi il corpo da terra.
3 – Mantenga corpo, fianchi e gambe in linea.
4 – Abbassi il corpo finché il petto non sfiora quasi il suolo.
5 – Si spinga nuovamente verso l’alto fino alla posizione iniziale.

Ripeta senza pause finché non riesce più.

<b>Che cosa rivela il test delle flessioni:</b>
Le flessioni misurano la forza di petto, spalle, braccia e tronco. Muscoli forti nella parte superiore del corpo sono importanti per attività quotidiane come trasportare pesi o alzarsi e aiutano a prevenire lesioni dovute alle cadute.";"";"";"Marketing, Medizin";"Prüfung erforderlich";"";"";"";"questionnaire.question.liegestuetze.help";"questionnaire";"it-CH";"3";"v1:4c57ada7d55b51436b17bda45c5831ce8e05df24ae9d5f359035e7ea924ebe4f";"23e8130ed34b027a15c4beae1030a204fbba500d3b640e4bee658b91dc6eb894"
"Fragebogen";"Fragebogen";"Fragebogen";"Titel des Hilfetexts";"Frage «Liegestuetze» · Titel des Hilfetexts";"So führen Sie den Liegestütz-Test korrekt aus";"Come eseguire correttamente il test delle flessioni";"";"";"Marketing";"Prüfung erforderlich";"";"";"";"questionnaire.question.liegestuetze.help_title";"questionnaire";"it-CH";"3";"v1:4c57ada7d55b51436b17bda45c5831ce8e05df24ae9d5f359035e7ea924ebe4f";"20b3ec181549d6ffb17d50d5068fac8055c11f1c3c71f7e7bca94adadbc152ec"
"Fragebogen";"Fragebogen";"Fragebogen";"Frage";"Frage «Omega3» · Fragetext";"Wie oft pro Woche essen Sie fettreichen Fisch (z. B. Lachs, Makrele, Hering) oder nehmen Omega-3 als Nahrungsergänzung ein?";"Quante volte alla settimana mangia pesce grasso (ad es. salmone, sgombro, aringa) oppure assume omega-3 come integratore alimentare?";"";"";"Marketing, Medizin";"Prüfung erforderlich";"";"";"";"questionnaire.question.omega3.text";"questionnaire";"it-CH";"3";"v1:4c57ada7d55b51436b17bda45c5831ce8e05df24ae9d5f359035e7ea924ebe4f";"a1dbb3643597135fd7a991eda1555fec690701ab3503781d9b48930a904e6e3e"
"Fragebogen";"Fragebogen";"Fragebogen";"Hilfetext";"Frage «Omega3» · Hilfetext";"Omega-3-Fettsäuren aus maritimen Quellen unterstützen Ihr Gehirn, Ihr Herz und wirken stark entzündungshemmend im ganzen Körper. Da der Körper sie nicht ausreichend selbst bildet, ist ihre regelmässige Zufuhr über Lebensmittel entscheidend. Algenöl ist eine sehr gute vegane Alternative zu Fisch. Ihr Körper kann diese sofort nutzen, im Gegensatz zu Omega-3-Vorstufen aus anderen Pflanzenölen.";"Gli acidi grassi omega-3 provenienti da fonti marine sostengono il cervello e il cuore e hanno un forte effetto antinfiammatorio in tutto il corpo. Poiché l’organismo non ne produce a sufficienza, è essenziale assumerli regolarmente attraverso gli alimenti. L’olio di alghe è un’ottima alternativa vegana al pesce. Il Suo corpo può utilizzarlo immediatamente, a differenza dei precursori degli omega-3 contenuti in altri oli vegetali.";"";"";"Marketing, Medizin";"Prüfung erforderlich";"";"";"";"questionnaire.question.omega3.help";"questionnaire";"it-CH";"3";"v1:4c57ada7d55b51436b17bda45c5831ce8e05df24ae9d5f359035e7ea924ebe4f";"feff5178926c0b7971d26d09b28bd5654f5937a76d32df62d3b85e2dcb717434"
"Fragebogen";"Fragebogen";"Fragebogen";"Titel des Hilfetexts";"Frage «Omega3» · Titel des Hilfetexts";"Warum ist Omega-3 wichtig?";"Perché gli omega-3 sono importanti?";"";"";"Marketing";"Prüfung erforderlich";"";"";"";"questionnaire.question.omega3.help_title";"questionnaire";"it-CH";"3";"v1:4c57ada7d55b51436b17bda45c5831ce8e05df24ae9d5f359035e7ea924ebe4f";"3e4db294aa5b83c1ac9bcb10e3c484e10414bd016f4520fa36b58b9c4f5fcb61"
"Fragebogen";"Fragebogen";"Fragebogen";"Antwortoption";"Frage «Omega3» · Antwortoption";"Nie";"Mai";"";"";"Marketing";"Prüfung erforderlich";"";"";"";"questionnaire.question.omega3.option.nie";"questionnaire";"it-CH";"3";"v1:4c57ada7d55b51436b17bda45c5831ce8e05df24ae9d5f359035e7ea924ebe4f";"94642ae83fd4457d4b681c385ebf8c0a8175c77abc37d98b8790e9f9a3ded7ba"
"Fragebogen";"Fragebogen";"Fragebogen";"Antwortoption";"Frage «Omega3» · Antwortoption";"Seltener als 1x pro Woche";"Meno di 1 volta alla settimana";"";"";"Marketing";"Prüfung erforderlich";"";"";"";"questionnaire.question.omega3.option.u1woche";"questionnaire";"it-CH";"3";"v1:4c57ada7d55b51436b17bda45c5831ce8e05df24ae9d5f359035e7ea924ebe4f";"0c2294aec2a900de233fc1aefb6f3c06abf175deb81b5e1bf979d8d463eaf3bb"
"Fragebogen";"Fragebogen";"Fragebogen";"Antwortoption";"Frage «Omega3» · Antwortoption";"Mehr als 2x pro Woche";"Più di 2 volte alla settimana";"";"";"Marketing";"Prüfung erforderlich";"";"";"";"questionnaire.question.omega3.option.ue2";"questionnaire";"it-CH";"3";"v1:4c57ada7d55b51436b17bda45c5831ce8e05df24ae9d5f359035e7ea924ebe4f";"2949240c494fe84f45362c4295639be6a152dfb6d4f921693e01f1e4b11e296a"
"Fragebogen";"Fragebogen";"Fragebogen";"Antwortoption";"Frage «Omega3» · Antwortoption";"1x pro Woche";"1 volta alla settimana";"";"";"Marketing";"Prüfung erforderlich";"";"";"";"questionnaire.question.omega3.option.w1";"questionnaire";"it-CH";"3";"v1:4c57ada7d55b51436b17bda45c5831ce8e05df24ae9d5f359035e7ea924ebe4f";"15029bccaea3094fd96adfdc620dc81c0a47209dcd7fed192d10ece7d8b302f6"
"Fragebogen";"Fragebogen";"Fragebogen";"Antwortoption";"Frage «Omega3» · Antwortoption";"2x pro Woche";"2 volte alla settimana";"";"";"Marketing";"Prüfung erforderlich";"";"";"";"questionnaire.question.omega3.option.w2";"questionnaire";"it-CH";"3";"v1:4c57ada7d55b51436b17bda45c5831ce8e05df24ae9d5f359035e7ea924ebe4f";"7f0b5efacd82142e48f545b49954f9cec17d3238b574c33701bc50280bfeec26"
"Fragebogen";"Fragebogen";"Fragebogen";"Frage";"Frage «Pflanzenvielfalt» · Fragetext";"Wie viele verschiedene pflanzliche Lebensmittel haben Sie in der letzten Woche gegessen?";"Quanti alimenti vegetali diversi ha mangiato nell’ultima settimana?";"";"";"Marketing, Medizin";"Prüfung erforderlich";"";"";"";"questionnaire.question.pflanzenvielfalt.text";"questionnaire";"it-CH";"3";"v1:4c57ada7d55b51436b17bda45c5831ce8e05df24ae9d5f359035e7ea924ebe4f";"de4d5d0c974bb6d5d2ac7cd3098043bfbe970cb2407e22ba163615b4e65de782"
"Fragebogen";"Fragebogen";"Fragebogen";"Hilfetext";"Frage «Pflanzenvielfalt» · Hilfetext";"<b>Gemüse &amp; Salate:</b> Spinat, Brokkoli, Karotten, Tomaten, Gurken, Paprika, Zwiebeln, Knoblauch
<b>Früchte:</b> Äpfel, Bananen, Beeren, Orangen, Trauben, Avocado
<b>Getreide &amp; Pseudogetreide:</b> Hafer, Quinoa, Hirse, Buchweizen, Gerste, Vollkornreis
<b>Samen:</b> Chiasamen, Leinsamen, Kürbiskerne, Sonnenblumenkerne, Sesam
<b>Hülsenfrüchte &amp; Nüsse:</b> Linsen, Kichererbsen, Bohnen, Mandeln, Walnüsse
<b>Gewürze &amp; Kräuter:</b> Basilikum, Oregano, Kurkuma, Ingwer, Zimt, Pfeffer
<b>Pilze:</b> Champignons, Shiitake, Austernpilze

<b>Warum ist pflanzliche Vielfalt wichtig?</b>
Eine bunte Auswahl an Pflanzen liefert Nährstoffe, Antioxidantien und Ballaststoffe. Jede Pflanze enthält eigene bioaktive Stoffe, die verschiedene Funktionen im Körper unterstützen. Vielfalt stärkt besonders das Darmmikrobiom und fördert so eine gesunde Darmflora.";"<b>Verdure &amp; insalate:</b> spinaci, broccoli, carote, pomodori, cetrioli, peperoni, cipolle, aglio
<b>Frutta:</b> mele, banane, bacche, arance, uva, avocado
<b>Cereali &amp; pseudocereali:</b> avena, quinoa, miglio, grano saraceno, orzo, riso integrale
<b>Semi:</b> semi di chia, semi di lino, semi di zucca, semi di girasole, sesamo
<b>Legumi &amp; frutta a guscio:</b> lenticchie, ceci, fagioli, mandorle, noci
<b>Spezie &amp; erbe aromatiche:</b> basilico, origano, curcuma, zenzero, cannella, pepe
<b>Funghi:</b> champignon, shiitake, pleurotus

<b>Perché la varietà vegetale è importante?</b>
Una scelta variata di alimenti vegetali fornisce nutrienti, antiossidanti e fibre. Ogni pianta contiene sostanze bioattive proprie che sostengono diverse funzioni dell’organismo. La varietà rafforza in particolare il microbioma intestinale e favorisce così una flora intestinale sana.";"";"";"Marketing, Medizin";"Prüfung erforderlich";"";"";"";"questionnaire.question.pflanzenvielfalt.help";"questionnaire";"it-CH";"3";"v1:4c57ada7d55b51436b17bda45c5831ce8e05df24ae9d5f359035e7ea924ebe4f";"4bb680618bc7fec68ee809667fa354392d111b7e57019ca79d36c3cbf747b0d7"
"Fragebogen";"Fragebogen";"Fragebogen";"Titel des Hilfetexts";"Frage «Pflanzenvielfalt» · Titel des Hilfetexts";"Was zählt beispielsweise als pflanzliches Lebensmittel?";"Che cosa conta, per esempio, come alimento vegetale?";"";"";"Marketing";"Prüfung erforderlich";"";"";"";"questionnaire.question.pflanzenvielfalt.help_title";"questionnaire";"it-CH";"3";"v1:4c57ada7d55b51436b17bda45c5831ce8e05df24ae9d5f359035e7ea924ebe4f";"dc7315f7c9d3dbeda08b53b4f8277121c9223a087e25d42e913f9b561fc32452"
"Fragebogen";"Fragebogen";"Fragebogen";"Antwortoption";"Frage «Pflanzenvielfalt» · Antwortoption";"Weniger als 10";"Meno di 10";"";"";"Marketing";"Prüfung erforderlich";"";"";"";"questionnaire.question.pflanzenvielfalt.option.u10";"questionnaire";"it-CH";"3";"v1:4c57ada7d55b51436b17bda45c5831ce8e05df24ae9d5f359035e7ea924ebe4f";"45d9f5b43bf600eb6fa545e4eecb39ed15eccc0558e911c4b85f6c707773648c"
"Fragebogen";"Fragebogen";"Fragebogen";"Antwortoption";"Frage «Pflanzenvielfalt» · Antwortoption";"35 oder mehr";"35 o più";"";"";"Marketing";"Prüfung erforderlich";"";"";"";"questionnaire.question.pflanzenvielfalt.option.ue35";"questionnaire";"it-CH";"3";"v1:4c57ada7d55b51436b17bda45c5831ce8e05df24ae9d5f359035e7ea924ebe4f";"e46ad7956388fc55d28d66a57446dbdc7301457cbdbe33bba825d78a074b1f1a"
"Fragebogen";"Fragebogen";"Fragebogen";"Antwortoption";"Frage «Pflanzenvielfalt» · Antwortoption";"10–17";"10–17";"";"";"Marketing";"Prüfung erforderlich";"";"";"";"questionnaire.question.pflanzenvielfalt.option.v10_17";"questionnaire";"it-CH";"3";"v1:4c57ada7d55b51436b17bda45c5831ce8e05df24ae9d5f359035e7ea924ebe4f";"c24dfe68b9d849377d2a3152b893f3cb466d6b944e76faf953f3e200371d4775"
"Fragebogen";"Fragebogen";"Fragebogen";"Antwortoption";"Frage «Pflanzenvielfalt» · Antwortoption";"18–25";"18–25";"";"";"Marketing";"Prüfung erforderlich";"";"";"";"questionnaire.question.pflanzenvielfalt.option.v18_25";"questionnaire";"it-CH";"3";"v1:4c57ada7d55b51436b17bda45c5831ce8e05df24ae9d5f359035e7ea924ebe4f";"0f4b99ac7e21c3c60b402252d71f06627804da25465597ce785a9d9406295460"
"Fragebogen";"Fragebogen";"Fragebogen";"Antwortoption";"Frage «Pflanzenvielfalt» · Antwortoption";"26–34";"26–34";"";"";"Marketing";"Prüfung erforderlich";"";"";"";"questionnaire.question.pflanzenvielfalt.option.v26_34";"questionnaire";"it-CH";"3";"v1:4c57ada7d55b51436b17bda45c5831ce8e05df24ae9d5f359035e7ea924ebe4f";"972994a7d4fe1539a34f182c2f7dbfc22794564ad251971c7e1665b965debd1e"
"Fragebogen";"Fragebogen";"Fragebogen";"Frage";"Frage «Positive emotionen» · Fragetext";"Ich erlebe in meinem Alltag regelmässig Momente der Freude oder Dankbarkeit.";"Nella vita quotidiana vivo regolarmente momenti di gioia o gratitudine.";"";"";"Marketing, Medizin";"Prüfung erforderlich";"";"";"";"questionnaire.question.positive_emotionen.text";"questionnaire";"it-CH";"3";"v1:4c57ada7d55b51436b17bda45c5831ce8e05df24ae9d5f359035e7ea924ebe4f";"d79cb42551e0e3279aa59a2a5b2f062cff9b2a69c2308a4432ce0fc51726561d"
"Fragebogen";"Fragebogen";"Fragebogen";"Frage";"Frage «Protein» · Fragetext";"Wie häufig gelingt es Ihnen, über den Tag verteilt zu mindestens drei Mahlzeiten oder Snacks eine klare Proteinquelle einzuplanen (z. B. Hülsenfrüchte, Tofu, Eier, Milchprodukte, Fisch oder Fleisch)?";"Con quale frequenza riesce a includere, nell’arco della giornata e in almeno tre pasti o spuntini, una chiara fonte proteica (ad es. legumi, tofu, uova, latticini, pesce o carne)?";"";"";"Marketing, Medizin";"Prüfung erforderlich";"";"";"";"questionnaire.question.protein.text";"questionnaire";"it-CH";"3";"v1:4c57ada7d55b51436b17bda45c5831ce8e05df24ae9d5f359035e7ea924ebe4f";"c697d3c15c89c1771f1ce48178ddc9da04273442ee0efac2ba4ff2e206856a93"
"Fragebogen";"Fragebogen";"Fragebogen";"Hilfetext";"Frage «Protein» · Hilfetext";"Diese Frage erfasst, wie regelmässig Sie Proteinquellen einbauen. Sie berechnet <b>nicht</b>, wie viele Gramm Protein Sie tatsächlich pro Tag und Kilogramm Körpergewicht aufnehmen.

<b>Geeignete Proteinquellen sind zum Beispiel:</b>
• Hülsenfrüchte wie Linsen, Bohnen oder Kichererbsen
• Tofu, Tempeh, Eier, Quark, Joghurt oder Hüttenkäse
• Fisch oder Fleisch
<b>Orientierung bei regelmässigem Krafttraining:</b>
Für gesunde Erwachsene sind etwa 1,4–1,6 g Protein pro kg Körpergewicht und Tag eine praktische Orientierung. In einer grossen Meta-Analyse flachten die durchschnittlichen zusätzlichen Vorteile für den Aufbau fettfreier Masse ab rund 1,6 g/kg/Tag deutlich ab. Das ist keine harte biologische Grenze.

Bis etwa 2,0 g/kg/Tag können bei sehr hoher Trainingsbelastung oder einem gezielten Energiedefizit als individueller Spielraum sinnvoll sein. Für die meisten Menschen ist diese Menge nicht nötig; das Alter allein begründet kein Ziel von 2,0 g/kg/Tag. Krafttraining setzt den Trainingsreiz, Protein liefert die Bausteine. Proteinpulver ist nicht automatisch erforderlich.

Für Personen unter 18 Jahren sowie bei einer Nierenerkrankung oder medizinisch verordneter Ernährung sollte die passende Menge fachlich geklärt werden.";"Questa domanda rileva con quale regolarità include fonti proteiche. <b>Non</b> calcola quanti grammi di proteine assume effettivamente ogni giorno per chilogrammo di peso corporeo.

<b>Fonti proteiche adatte sono, per esempio:</b>
• legumi come lenticchie, fagioli o ceci
• tofu, tempeh, uova, quark, yogurt o fiocchi di latte
• pesce o carne
<b>Indicazione per chi pratica regolarmente allenamento della forza:</b>
Per gli adulti sani, circa 1,4–1,6 g di proteine per kg di peso corporeo al giorno rappresentano un’indicazione pratica. In un’ampia meta-analisi, i benefici aggiuntivi medi per l’aumento della massa magra si attenuavano nettamente a partire da circa 1,6 g/kg/giorno. Non si tratta di un limite biologico rigido.

Fino a circa 2,0 g/kg/giorno possono essere un margine individuale sensato in caso di carico di allenamento molto elevato o di un deficit energetico mirato. Per la maggior parte delle persone questa quantità non è necessaria; l’età da sola non giustifica un obiettivo di 2,0 g/kg/giorno. L’allenamento della forza fornisce lo stimolo, le proteine i componenti necessari. Le proteine in polvere non sono automaticamente necessarie.

Per le persone di età inferiore ai 18 anni e in caso di malattia renale o alimentazione prescritta dal medico, la quantità appropriata dovrebbe essere chiarita con una figura professionale.";"";"";"Marketing, Medizin";"Prüfung erforderlich";"";"";"";"questionnaire.question.protein.help";"questionnaire";"it-CH";"3";"v1:4c57ada7d55b51436b17bda45c5831ce8e05df24ae9d5f359035e7ea924ebe4f";"c03967cd4c0dccecaad366a22007a8ac1e3c302c2fbe3893b6da4787986f125b"
"Fragebogen";"Fragebogen";"Fragebogen";"Titel des Hilfetexts";"Frage «Protein» · Titel des Hilfetexts";"Was misst diese Frage – und welche Menge ist sinnvoll?";"Che cosa misura questa domanda e quale quantità è appropriata?";"";"";"Marketing";"Prüfung erforderlich";"";"";"";"questionnaire.question.protein.help_title";"questionnaire";"it-CH";"3";"v1:4c57ada7d55b51436b17bda45c5831ce8e05df24ae9d5f359035e7ea924ebe4f";"6ae6c548b1a54d048ff02d482f6ee7662b1273d9ccbb7711e87ff6057c9cae7b"
"Fragebogen";"Fragebogen";"Fragebogen";"Antwortoption";"Frage «Protein» · Antwortoption";"Fast immer";"Quasi sempre";"";"";"Marketing";"Prüfung erforderlich";"";"";"";"questionnaire.question.protein.option.fast_immer";"questionnaire";"it-CH";"3";"v1:4c57ada7d55b51436b17bda45c5831ce8e05df24ae9d5f359035e7ea924ebe4f";"76fd9003f423dd6ed92c650112b6d3b0b639a71c34d5c47674199a228a9d8bf6"
"Fragebogen";"Fragebogen";"Fragebogen";"Antwortoption";"Frage «Protein» · Antwortoption";"Etwa die Hälfte der Zeit";"Circa la metà delle volte";"";"";"Marketing";"Prüfung erforderlich";"";"";"";"questionnaire.question.protein.option.haelfte";"questionnaire";"it-CH";"3";"v1:4c57ada7d55b51436b17bda45c5831ce8e05df24ae9d5f359035e7ea924ebe4f";"f118799a0f95588f5e7abda70011d3b7fc2b7434f36a584094ab1f01f4f3e0c8"
"Fragebogen";"Fragebogen";"Fragebogen";"Antwortoption";"Frage «Protein» · Antwortoption";"Manchmal";"A volte";"";"";"Marketing";"Prüfung erforderlich";"";"";"";"questionnaire.question.protein.option.manchmal";"questionnaire";"it-CH";"3";"v1:4c57ada7d55b51436b17bda45c5831ce8e05df24ae9d5f359035e7ea924ebe4f";"572a1def1c4b7c7f892943f9059fc1ebb6ab0e4d1e7349278b36fee5c9ee7cfb"
"Fragebogen";"Fragebogen";"Fragebogen";"Antwortoption";"Frage «Protein» · Antwortoption";"Meistens";"Il più delle volte";"";"";"Marketing";"Prüfung erforderlich";"";"";"";"questionnaire.question.protein.option.meistens";"questionnaire";"it-CH";"3";"v1:4c57ada7d55b51436b17bda45c5831ce8e05df24ae9d5f359035e7ea924ebe4f";"5d2f8f8271a48a1df906ff05a62fb607d53183c1079868fcf418ed98ee8b148d"
"Fragebogen";"Fragebogen";"Fragebogen";"Antwortoption";"Frage «Protein» · Antwortoption";"Selten";"Raramente";"";"";"Marketing";"Prüfung erforderlich";"";"";"";"questionnaire.question.protein.option.selten";"questionnaire";"it-CH";"3";"v1:4c57ada7d55b51436b17bda45c5831ce8e05df24ae9d5f359035e7ea924ebe4f";"204b86e7d6daf9d904ac0daca832600da9f15c04f36f36265e7e9355c1206abc"
"Fragebogen";"Fragebogen";"Fragebogen";"Frage";"Frage «Rauchen» · Fragetext";"Rauchen Sie oder haben Sie in der Vergangenheit geraucht? (z. B. Zigaretten, Vapes, Shisha)";"Fuma oppure ha fumato in passato? (ad es. sigarette, sigarette elettroniche, shisha)";"";"";"Marketing, Medizin";"Prüfung erforderlich";"";"";"";"questionnaire.question.rauchen.text";"questionnaire";"it-CH";"3";"v1:4c57ada7d55b51436b17bda45c5831ce8e05df24ae9d5f359035e7ea924ebe4f";"5f469842a2b29cca499cea3444565a16ac338230ee090d8772e5dfc18e98d4e8"
"Fragebogen";"Fragebogen";"Fragebogen";"Hilfetext";"Frage «Rauchen» · Hilfetext";"Ein Rauchstopp lohnt sich immer und in jedem Alter. Bereits nach einem Tag werden Atemwegsreizungen reduziert, in wenigen Monaten verbessert sich Ihr Kreislauf und Ihre Lungenfunktion. Nach etwa einem Jahr ist das Risiko für eine koronare Herzkrankheit ungefähr halb so hoch wie bei weiterem Rauchen. Ausserdem erholt sich Ihr Geruchssinn, das Essen schmeckt besser und Sie fühlen sich leistungsfähiger.";"Smettere di fumare conviene sempre e a ogni età. Già dopo un giorno si riduce l’irritazione delle vie respiratorie; in pochi mesi migliorano la circolazione e la funzione polmonare. Dopo circa un anno, il rischio di malattia coronarica è all’incirca la metà rispetto a chi continua a fumare. Inoltre, l’olfatto si riprende, il cibo ha un sapore migliore e ci si sente più efficienti.";"";"";"Marketing, Medizin";"Prüfung erforderlich";"";"";"";"questionnaire.question.rauchen.help";"questionnaire";"it-CH";"3";"v1:4c57ada7d55b51436b17bda45c5831ce8e05df24ae9d5f359035e7ea924ebe4f";"503d11a1d8b836bf1ffa6490e93e24f095cbcee7e26c32319a7b65a643f8efc0"
"Fragebogen";"Fragebogen";"Fragebogen";"Titel des Hilfetexts";"Frage «Rauchen» · Titel des Hilfetexts";"Haben Sie gewusst?";"Lo sapeva?";"";"";"Marketing";"Prüfung erforderlich";"";"";"";"questionnaire.question.rauchen.help_title";"questionnaire";"it-CH";"3";"v1:4c57ada7d55b51436b17bda45c5831ce8e05df24ae9d5f359035e7ea924ebe4f";"8c69fb5cb1bc291b5b6bebc6096914f3b9033f094e1cdd7a7352ebaeffbe4b29"
"Fragebogen";"Fragebogen";"Fragebogen";"Antwortoption";"Frage «Rauchen» · Antwortoption";"Nicht mehr";"Non più";"";"";"Marketing";"Prüfung erforderlich";"";"";"";"questionnaire.question.rauchen.option.frueher";"questionnaire";"it-CH";"3";"v1:4c57ada7d55b51436b17bda45c5831ce8e05df24ae9d5f359035e7ea924ebe4f";"d5cbce67a514e2182676cd1c86681b26bf76672d4aacf90c159bc0ea4cfade48"
"Fragebogen";"Fragebogen";"Fragebogen";"Antwortoption";"Frage «Rauchen» · Antwortoption";"Ja, manchmal";"Sì, occasionalmente";"";"";"Marketing";"Prüfung erforderlich";"";"";"";"questionnaire.question.rauchen.option.ja_gelegentlich";"questionnaire";"it-CH";"3";"v1:4c57ada7d55b51436b17bda45c5831ce8e05df24ae9d5f359035e7ea924ebe4f";"8ed0024a249136764da2322df1832bcc2a57ab933fd6bbf615156d4542f22f0e"
"Fragebogen";"Fragebogen";"Fragebogen";"Antwortoption";"Frage «Rauchen» · Antwortoption";"Ja, regelmässig";"Sì, regolarmente";"";"";"Marketing";"Prüfung erforderlich";"";"";"";"questionnaire.question.rauchen.option.ja_regelmaessig";"questionnaire";"it-CH";"3";"v1:4c57ada7d55b51436b17bda45c5831ce8e05df24ae9d5f359035e7ea924ebe4f";"b21476606af3e5a51dbc41abeb29d91d770639b08f4c9dfa0836c9ff82ae3b7a"
"Fragebogen";"Fragebogen";"Fragebogen";"Antwortoption";"Frage «Rauchen» · Antwortoption";"Keine Angaben";"Nessuna indicazione";"";"";"Marketing";"Prüfung erforderlich";"";"";"";"questionnaire.question.rauchen.option.keine_angabe";"questionnaire";"it-CH";"3";"v1:4c57ada7d55b51436b17bda45c5831ce8e05df24ae9d5f359035e7ea924ebe4f";"ae2cd8e678c6352ff78eb54336952037c79d31a5ac262a19673baf4f164f570f"
"Fragebogen";"Fragebogen";"Fragebogen";"Antwortoption";"Frage «Rauchen» · Antwortoption";"Nein, nie";"No, mai";"";"";"Marketing";"Prüfung erforderlich";"";"";"";"questionnaire.question.rauchen.option.nie";"questionnaire";"it-CH";"3";"v1:4c57ada7d55b51436b17bda45c5831ce8e05df24ae9d5f359035e7ea924ebe4f";"ae6e8149aef113e1b6107db162ee7cc4b09e99e551d783142a42336bff6ba73c"
"Fragebogen";"Fragebogen";"Fragebogen";"Frage";"Frage «Saettigung» · Fragetext";"Wie häufig fühlen Sie sich nach Ihren Hauptmahlzeiten für etwa vier Stunden satt, ohne Bedürfnis nach einem Snack?";"Con quale frequenza si sente sazio/a per circa quattro ore dopo i pasti principali, senza desiderare uno spuntino?";"";"";"Marketing, Medizin";"Prüfung erforderlich";"";"";"";"questionnaire.question.saettigung.text";"questionnaire";"it-CH";"3";"v1:4c57ada7d55b51436b17bda45c5831ce8e05df24ae9d5f359035e7ea924ebe4f";"d23572c11df30e9e352a90705e1f15367b823c50282b20fec7b723c565421ae8"
"Fragebogen";"Fragebogen";"Fragebogen";"Antwortoption";"Frage «Saettigung» · Antwortoption";"Fast immer";"Quasi sempre";"";"";"Marketing";"Prüfung erforderlich";"";"";"";"questionnaire.question.saettigung.option.fast_immer";"questionnaire";"it-CH";"3";"v1:4c57ada7d55b51436b17bda45c5831ce8e05df24ae9d5f359035e7ea924ebe4f";"6c5bcee76c9e57cdf0f47004bba7f4b14b2c35348e8ece4fa6fc79f4b76ae4bd"
"Fragebogen";"Fragebogen";"Fragebogen";"Antwortoption";"Frage «Saettigung» · Antwortoption";"Manchmal";"A volte";"";"";"Marketing";"Prüfung erforderlich";"";"";"";"questionnaire.question.saettigung.option.manchmal";"questionnaire";"it-CH";"3";"v1:4c57ada7d55b51436b17bda45c5831ce8e05df24ae9d5f359035e7ea924ebe4f";"547d8b1b572105592e47ed34fe076bb001734b753904503cb838675bd3c154f3"
"Fragebogen";"Fragebogen";"Fragebogen";"Antwortoption";"Frage «Saettigung» · Antwortoption";"Nie";"Mai";"";"";"Marketing";"Prüfung erforderlich";"";"";"";"questionnaire.question.saettigung.option.nie";"questionnaire";"it-CH";"3";"v1:4c57ada7d55b51436b17bda45c5831ce8e05df24ae9d5f359035e7ea924ebe4f";"711c1f6a6d0b90a8398f6c882ca5d8c43f4810e90247151d78452a7df814039b"
"Fragebogen";"Fragebogen";"Fragebogen";"Antwortoption";"Frage «Saettigung» · Antwortoption";"Oft";"Spesso";"";"";"Marketing";"Prüfung erforderlich";"";"";"";"questionnaire.question.saettigung.option.oft";"questionnaire";"it-CH";"3";"v1:4c57ada7d55b51436b17bda45c5831ce8e05df24ae9d5f359035e7ea924ebe4f";"13953ec953ad42732808d20be9b5dd425df1a58df10cc57f222ca18d25bcfd7b"
"Fragebogen";"Fragebogen";"Fragebogen";"Antwortoption";"Frage «Saettigung» · Antwortoption";"Selten";"Raramente";"";"";"Marketing";"Prüfung erforderlich";"";"";"";"questionnaire.question.saettigung.option.selten";"questionnaire";"it-CH";"3";"v1:4c57ada7d55b51436b17bda45c5831ce8e05df24ae9d5f359035e7ea924ebe4f";"ecc42d12de13516a5ce531d6bac8a96466c53ad64d08dc5da154f6c7deb5ac97"
"Fragebogen";"Fragebogen";"Fragebogen";"Frage";"Frage «Schlaf auswirkung» · Fragetext";"Wie stark hat Ihr Schlaf im letzten Monat Ihren Alltag beeinträchtigt? (z. B. reduzierte Leistungsfähigkeit, Konzentration, Stimmung, Energie, soziale Aktivitäten)";"Quanto ha influito il Suo sonno sulla vita quotidiana nell’ultimo mese? (ad es. riduzione delle prestazioni, della concentrazione, dell’umore, dell’energia o delle attività sociali)";"";"";"Marketing, Medizin";"Prüfung erforderlich";"";"";"";"questionnaire.question.schlaf_auswirkung.text";"questionnaire";"it-CH";"3";"v1:4c57ada7d55b51436b17bda45c5831ce8e05df24ae9d5f359035e7ea924ebe4f";"e6003867fce76e61149a1bf6d261ae9fbe13e1e59d1049b31e7e6e8bd5dc2db2"
"Fragebogen";"Fragebogen";"Fragebogen";"Antwortoption";"Frage «Schlaf auswirkung» · Antwortoption";"Deutlich";"Marcatamente";"";"";"Marketing";"Prüfung erforderlich";"";"";"";"questionnaire.question.schlaf_auswirkung.option.deutlich";"questionnaire";"it-CH";"3";"v1:4c57ada7d55b51436b17bda45c5831ce8e05df24ae9d5f359035e7ea924ebe4f";"5150e128a22efb6c9a35c752c0d111df28b312a4d692443019d904274a995c45"
"Fragebogen";"Fragebogen";"Fragebogen";"Antwortoption";"Frage «Schlaf auswirkung» · Antwortoption";"Gar nicht";"Per nulla";"";"";"Marketing";"Prüfung erforderlich";"";"";"";"questionnaire.question.schlaf_auswirkung.option.gar_nicht";"questionnaire";"it-CH";"3";"v1:4c57ada7d55b51436b17bda45c5831ce8e05df24ae9d5f359035e7ea924ebe4f";"9838a3f9b3c38ec843dc9d1b2ee668d565aefb17ee6cb9fb2db1a024f5e34975"
"Fragebogen";"Fragebogen";"Fragebogen";"Antwortoption";"Frage «Schlaf auswirkung» · Antwortoption";"Minimal";"Minimamente";"";"";"Marketing";"Prüfung erforderlich";"";"";"";"questionnaire.question.schlaf_auswirkung.option.kaum";"questionnaire";"it-CH";"3";"v1:4c57ada7d55b51436b17bda45c5831ce8e05df24ae9d5f359035e7ea924ebe4f";"5e7347bb990cd4da8ce57759722727929cc754579945d5dabfc1eff0a58e9352"
"Fragebogen";"Fragebogen";"Fragebogen";"Antwortoption";"Frage «Schlaf auswirkung» · Antwortoption";"Massiv";"In modo molto forte";"";"";"Marketing";"Prüfung erforderlich";"";"";"";"questionnaire.question.schlaf_auswirkung.option.massiv";"questionnaire";"it-CH";"3";"v1:4c57ada7d55b51436b17bda45c5831ce8e05df24ae9d5f359035e7ea924ebe4f";"74556f6726a75e78cf80290d5563eaf9b264fc1744c6de2e09c6cb96608e378f"
"Fragebogen";"Fragebogen";"Fragebogen";"Antwortoption";"Frage «Schlaf auswirkung» · Antwortoption";"Spürbar";"In modo percepibile";"";"";"Marketing";"Prüfung erforderlich";"";"";"";"questionnaire.question.schlaf_auswirkung.option.spuerbar";"questionnaire";"it-CH";"3";"v1:4c57ada7d55b51436b17bda45c5831ce8e05df24ae9d5f359035e7ea924ebe4f";"e677916893ced956bd17ce9576d3d9b7e5ed79d07d3e400a39a911bfca75ef04"
"Fragebogen";"Fragebogen";"Fragebogen";"Frage";"Frage «Schlafdauer» · Fragetext";"Wie viele Stunden haben Sie im letzten Monat durchschnittlich pro Nacht geschlafen (ohne Wachphasen)?";"Quante ore ha dormito in media per notte nell’ultimo mese, senza contare le fasi di veglia?";"";"";"Marketing, Medizin";"Prüfung erforderlich";"";"";"";"questionnaire.question.schlafdauer.text";"questionnaire";"it-CH";"3";"v1:4c57ada7d55b51436b17bda45c5831ce8e05df24ae9d5f359035e7ea924ebe4f";"cd066d53100b511b72b78b0d6c028f1322a17a78af8037419f1184d21584fc31"
"Fragebogen";"Fragebogen";"Fragebogen";"Antwortoption";"Frage «Schlafdauer» · Antwortoption";"5–6 h";"5–6 h";"";"";"Marketing";"Prüfung erforderlich";"";"";"";"questionnaire.question.schlafdauer.option.s5_6";"questionnaire";"it-CH";"3";"v1:4c57ada7d55b51436b17bda45c5831ce8e05df24ae9d5f359035e7ea924ebe4f";"c5b8a89c132743be6cceeea80b6534543d4e370b7e7ba83350bd8f8440076f3b"
"Fragebogen";"Fragebogen";"Fragebogen";"Antwortoption";"Frage «Schlafdauer» · Antwortoption";"6–7 h";"6–7 h";"";"";"Marketing";"Prüfung erforderlich";"";"";"";"questionnaire.question.schlafdauer.option.s6_7";"questionnaire";"it-CH";"3";"v1:4c57ada7d55b51436b17bda45c5831ce8e05df24ae9d5f359035e7ea924ebe4f";"739709eeae4a965d9b12fa81f555f8ac2d77a927072c5a5cee77ea947e71efc8"
"Fragebogen";"Fragebogen";"Fragebogen";"Antwortoption";"Frage «Schlafdauer» · Antwortoption";"7–9 h";"7–9 h";"";"";"Marketing";"Prüfung erforderlich";"";"";"";"questionnaire.question.schlafdauer.option.s7_9";"questionnaire";"it-CH";"3";"v1:4c57ada7d55b51436b17bda45c5831ce8e05df24ae9d5f359035e7ea924ebe4f";"da067671a562e59d17fdfbd2902bb446cfe4c4ca9412f961d73994d53b5cd34e"
"Fragebogen";"Fragebogen";"Fragebogen";"Antwortoption";"Frage «Schlafdauer» · Antwortoption";"Weniger als 5 h";"Meno di 5 h";"";"";"Marketing";"Prüfung erforderlich";"";"";"";"questionnaire.question.schlafdauer.option.u5";"questionnaire";"it-CH";"3";"v1:4c57ada7d55b51436b17bda45c5831ce8e05df24ae9d5f359035e7ea924ebe4f";"a18bf24522c9b3b73f37994e232ea00a4037b8a8c3882a6912db82ef100ba42a"
"Fragebogen";"Fragebogen";"Fragebogen";"Antwortoption";"Frage «Schlafdauer» · Antwortoption";"Mehr als 9 h";"Più di 9 h";"";"";"Marketing";"Prüfung erforderlich";"";"";"";"questionnaire.question.schlafdauer.option.ue9";"questionnaire";"it-CH";"3";"v1:4c57ada7d55b51436b17bda45c5831ce8e05df24ae9d5f359035e7ea924ebe4f";"c8fbf9f64fd7ffaa9df065c9fe893e6fd5e07275da8613c8ea0fcb8f84a34109"
"Fragebogen";"Fragebogen";"Fragebogen";"Frage";"Frage «Schlafqualitaet» · Fragetext";"Wie gut oder schlecht haben Sie im letzten Monat insgesamt geschlafen?";"Nel complesso, quanto bene o male ha dormito nell’ultimo mese?";"";"";"Marketing, Medizin";"Prüfung erforderlich";"";"";"";"questionnaire.question.schlafqualitaet.text";"questionnaire";"it-CH";"3";"v1:4c57ada7d55b51436b17bda45c5831ce8e05df24ae9d5f359035e7ea924ebe4f";"3ff20647574ffe45a1aa719328f647165dd6e2fb704dcc82d48b06080967ba36"
"Fragebogen";"Fragebogen";"Fragebogen";"Antwortoption";"Frage «Schlafqualitaet» · Antwortoption";"Durchschnittlich";"Nella media";"";"";"Marketing";"Prüfung erforderlich";"";"";"";"questionnaire.question.schlafqualitaet.option.durchschnittlich";"questionnaire";"it-CH";"3";"v1:4c57ada7d55b51436b17bda45c5831ce8e05df24ae9d5f359035e7ea924ebe4f";"fe60a37bc952d0afdf46000d94bc474a08117ebaad0448adbd6648ee27d0dc46"
"Fragebogen";"Fragebogen";"Fragebogen";"Antwortoption";"Frage «Schlafqualitaet» · Antwortoption";"Gut";"Bene";"";"";"Marketing";"Prüfung erforderlich";"";"";"";"questionnaire.question.schlafqualitaet.option.gut";"questionnaire";"it-CH";"3";"v1:4c57ada7d55b51436b17bda45c5831ce8e05df24ae9d5f359035e7ea924ebe4f";"53f82b304e3a085b076205f0261ef03de81b643c498f85d19ff1c25c761de214"
"Fragebogen";"Fragebogen";"Fragebogen";"Antwortoption";"Frage «Schlafqualitaet» · Antwortoption";"Schlecht";"Male";"";"";"Marketing";"Prüfung erforderlich";"";"";"";"questionnaire.question.schlafqualitaet.option.schlecht";"questionnaire";"it-CH";"3";"v1:4c57ada7d55b51436b17bda45c5831ce8e05df24ae9d5f359035e7ea924ebe4f";"72c2fdddf0248f29ea1ad7bf1d6a861e829c3277c9311786471c69e4b70f6cdf"
"Fragebogen";"Fragebogen";"Fragebogen";"Antwortoption";"Frage «Schlafqualitaet» · Antwortoption";"Sehr gut";"Molto bene";"";"";"Marketing";"Prüfung erforderlich";"";"";"";"questionnaire.question.schlafqualitaet.option.sehr_gut";"questionnaire";"it-CH";"3";"v1:4c57ada7d55b51436b17bda45c5831ce8e05df24ae9d5f359035e7ea924ebe4f";"7a12d1dd7ae0c4a77a81ea52368b354065c2b71132e25c794542fb30ebee426e"
"Fragebogen";"Fragebogen";"Fragebogen";"Antwortoption";"Frage «Schlafqualitaet» · Antwortoption";"Sehr schlecht";"Molto male";"";"";"Marketing";"Prüfung erforderlich";"";"";"";"questionnaire.question.schlafqualitaet.option.sehr_schlecht";"questionnaire";"it-CH";"3";"v1:4c57ada7d55b51436b17bda45c5831ce8e05df24ae9d5f359035e7ea924ebe4f";"0d3cc167baf4b00bae64371f2d0009b5e9d3f7e027b81a1ec4e940827ae83802"
"Fragebogen";"Fragebogen";"Fragebogen";"Frage";"Frage «Schlafrhythmus» · Fragetext";"Stehen Sie jeden Tag, auch am Wochenende, ungefähr zur gleichen Zeit auf und gehen zur gleichen Zeit ins Bett? (z. B. Sie gehen jeden Tag um 22 Uhr ins Bett und stehen um 6 Uhr auf)";"Si alza ogni giorno, anche nel fine settimana, all’incirca alla stessa ora e va a letto alla stessa ora? (ad es. va a letto ogni giorno alle 22 e si alza alle 6)";"";"";"Marketing, Medizin";"Prüfung erforderlich";"";"";"";"questionnaire.question.schlafrhythmus.text";"questionnaire";"it-CH";"3";"v1:4c57ada7d55b51436b17bda45c5831ce8e05df24ae9d5f359035e7ea924ebe4f";"6de53134c00bfc222f025361c087375a39b15b00645456886afe0bf33ec09955"
"Fragebogen";"Fragebogen";"Fragebogen";"Antwortoption";"Frage «Schlafrhythmus» · Antwortoption";"Etwas unregelmässig (±1 h Abweichung)";"Piuttosto irregolare (scostamento di ±1 h)";"";"";"Marketing";"Prüfung erforderlich";"";"";"";"questionnaire.question.schlafrhythmus.option.etwas_unregelmaessig";"questionnaire";"it-CH";"3";"v1:4c57ada7d55b51436b17bda45c5831ce8e05df24ae9d5f359035e7ea924ebe4f";"a92e2c3c332000976ebce2769770a23631061a255f851308433f903f2d101c5f"
"Fragebogen";"Fragebogen";"Fragebogen";"Antwortoption";"Frage «Schlafrhythmus» · Antwortoption";"Regelmässig (±45 min Abweichung)";"Regolare (scostamento di ±45 min)";"";"";"Marketing";"Prüfung erforderlich";"";"";"";"questionnaire.question.schlafrhythmus.option.regelmaessig";"questionnaire";"it-CH";"3";"v1:4c57ada7d55b51436b17bda45c5831ce8e05df24ae9d5f359035e7ea924ebe4f";"a7441036baaa38fc0929a3249952c6586f06ea920fa4ab2a4bfe68ae9ef021ec"
"Fragebogen";"Fragebogen";"Fragebogen";"Antwortoption";"Frage «Schlafrhythmus» · Antwortoption";"Sehr regelmässig (±30 min Abweichung)";"Molto regolare (scostamento di ±30 min)";"";"";"Marketing";"Prüfung erforderlich";"";"";"";"questionnaire.question.schlafrhythmus.option.sehr_regelmaessig";"questionnaire";"it-CH";"3";"v1:4c57ada7d55b51436b17bda45c5831ce8e05df24ae9d5f359035e7ea924ebe4f";"6d534e591b4e199a7f700d5109cff6df9b7f8313e53f7f91347e56aa15b83319"
"Fragebogen";"Fragebogen";"Fragebogen";"Antwortoption";"Frage «Schlafrhythmus» · Antwortoption";"Sehr unregelmässig (mehr als 2 h Abweichung)";"Molto irregolare (scostamento superiore a 2 h)";"";"";"Marketing";"Prüfung erforderlich";"";"";"";"questionnaire.question.schlafrhythmus.option.sehr_unregelmaessig";"questionnaire";"it-CH";"3";"v1:4c57ada7d55b51436b17bda45c5831ce8e05df24ae9d5f359035e7ea924ebe4f";"64cae558ebc9bbba3218d0d099b72ed293b9d5a62d402badc5906fecc7bcbbf5"
"Fragebogen";"Fragebogen";"Fragebogen";"Antwortoption";"Frage «Schlafrhythmus» · Antwortoption";"Unregelmässig (±1,5 h Abweichung)";"Irregolare (scostamento di ±1,5 h)";"";"";"Marketing";"Prüfung erforderlich";"";"";"";"questionnaire.question.schlafrhythmus.option.unregelmaessig";"questionnaire";"it-CH";"3";"v1:4c57ada7d55b51436b17bda45c5831ce8e05df24ae9d5f359035e7ea924ebe4f";"2d8e7d6d29cb6a9ecfd29f0d42e563fa4618adae248c35099988b0ee4cd5ed5a"
"Fragebogen";"Fragebogen";"Fragebogen";"Frage";"Frage «Selbstfuersorge» · Fragetext";"Ich finde auch in hektischen Zeiten Momente der Ruhe und Erholung.";"Anche nei momenti frenetici trovo attimi di calma e recupero.";"";"";"Marketing, Medizin";"Prüfung erforderlich";"";"";"";"questionnaire.question.selbstfuersorge.text";"questionnaire";"it-CH";"3";"v1:4c57ada7d55b51436b17bda45c5831ce8e05df24ae9d5f359035e7ea924ebe4f";"bdeec271bc21113ce8977ef584d4d6e0b38109bf174b45f5384b3a78d48f9247"
"Fragebogen";"Fragebogen";"Fragebogen";"Frage";"Frage «Selbstwirksamkeit» · Fragetext";"Ich fühle mich meinem Alltag gewachsen.";"Mi sento all’altezza della mia vita quotidiana.";"";"";"Marketing, Medizin";"Prüfung erforderlich";"";"";"";"questionnaire.question.selbstwirksamkeit.text";"questionnaire";"it-CH";"3";"v1:4c57ada7d55b51436b17bda45c5831ce8e05df24ae9d5f359035e7ea924ebe4f";"73f28f179c999265fa0773495fc677420e434276ffa400214fae58719486a822"
"Fragebogen";"Fragebogen";"Fragebogen";"Frage";"Frage «Sinnhaftigkeit» · Fragetext";"Ich erlebe mein Leben als sinnvoll und erfüllend.";"Percepisco la mia vita come significativa e appagante.";"";"";"Marketing, Medizin";"Prüfung erforderlich";"";"";"";"questionnaire.question.sinnhaftigkeit.text";"questionnaire";"it-CH";"3";"v1:4c57ada7d55b51436b17bda45c5831ce8e05df24ae9d5f359035e7ea924ebe4f";"e8520d75d7151f08561b9e62eeced24a2d90c057e5b7be573f3d780f08d248fe"
"Fragebogen";"Fragebogen";"Fragebogen";"Frage";"Frage «Sitzzeit» · Fragetext";"Wie viele Stunden verbringen Sie an einem typischen Tag im Sitzen oder Liegen? (z. B. Arbeit/Ausbildung, Essen, Verkehr, Medien/Freizeit, Entspannung, aber ohne Schlaf/Nickerchen)";"Quante ore trascorre seduto/a o sdraiato/a in una giornata tipica? (ad es. lavoro/formazione, pasti, trasporti, media/tempo libero, relax, ma senza sonno/pisolini)";"";"";"Marketing, Medizin";"Prüfung erforderlich";"";"";"";"questionnaire.question.sitzzeit.text";"questionnaire";"it-CH";"3";"v1:4c57ada7d55b51436b17bda45c5831ce8e05df24ae9d5f359035e7ea924ebe4f";"77857a6922e8f3fde7049c9fe598cf1f794d5e18d6654b288a9933af52275dcb"
"Fragebogen";"Fragebogen";"Fragebogen";"Hilfetext";"Frage «Sitzzeit» · Hilfetext";"Langes Sitzen oder Liegen (ohne Schlaf) erhöht das Risiko für Herz-Kreislauf-Erkrankungen und Diabetes. Bereits eine kurze stündliche Pause (aufstehen, strecken, ein paar Schritte gehen oder die Treppe nehmen) senkt dieses Risiko deutlich.";"Stare seduti o sdraiati a lungo (escluso il sonno) aumenta il rischio di malattie cardiovascolari e diabete. Già una breve pausa ogni ora (alzarsi, fare stretching, camminare per qualche passo o prendere le scale) riduce sensibilmente questo rischio.";"";"";"Marketing, Medizin";"Prüfung erforderlich";"";"";"";"questionnaire.question.sitzzeit.help";"questionnaire";"it-CH";"3";"v1:4c57ada7d55b51436b17bda45c5831ce8e05df24ae9d5f359035e7ea924ebe4f";"4bb2cfa837b538f4a59209f381571114135c5305936c481a2470ac48a72970a9"
"Fragebogen";"Fragebogen";"Fragebogen";"Titel des Hilfetexts";"Frage «Sitzzeit» · Titel des Hilfetexts";"Haben Sie gewusst?";"Lo sapeva?";"";"";"Marketing";"Prüfung erforderlich";"";"";"";"questionnaire.question.sitzzeit.help_title";"questionnaire";"it-CH";"3";"v1:4c57ada7d55b51436b17bda45c5831ce8e05df24ae9d5f359035e7ea924ebe4f";"f4ba7731b2da095cb1aed8e0b956c4f8b45ad495a5f044cadf64d4b14112ebf2"
"Fragebogen";"Fragebogen";"Fragebogen";"Antwortoption";"Frage «Sitzzeit» · Antwortoption";"4–6 Stunden";"4–6 ore";"";"";"Marketing";"Prüfung erforderlich";"";"";"";"questionnaire.question.sitzzeit.option.s4_6";"questionnaire";"it-CH";"3";"v1:4c57ada7d55b51436b17bda45c5831ce8e05df24ae9d5f359035e7ea924ebe4f";"27fca9ef28ce9cc776b88eabefb8837b36b7ab382f0da7e2c221cc828930ba95"
"Fragebogen";"Fragebogen";"Fragebogen";"Antwortoption";"Frage «Sitzzeit» · Antwortoption";"7–8 Stunden";"7–8 ore";"";"";"Marketing";"Prüfung erforderlich";"";"";"";"questionnaire.question.sitzzeit.option.s7_8";"questionnaire";"it-CH";"3";"v1:4c57ada7d55b51436b17bda45c5831ce8e05df24ae9d5f359035e7ea924ebe4f";"0711aae6bc3e60b118c157fd8e10cec5f2c4be87b4243b47d4f2fada0c3e0ab5"
"Fragebogen";"Fragebogen";"Fragebogen";"Antwortoption";"Frage «Sitzzeit» · Antwortoption";"9–10 Stunden";"9–10 ore";"";"";"Marketing";"Prüfung erforderlich";"";"";"";"questionnaire.question.sitzzeit.option.s9_10";"questionnaire";"it-CH";"3";"v1:4c57ada7d55b51436b17bda45c5831ce8e05df24ae9d5f359035e7ea924ebe4f";"aed918d0fe07969c1e6063e4ff404b0a5b7e2e059484cdbcfa271eeb665efb06"
"Fragebogen";"Fragebogen";"Fragebogen";"Antwortoption";"Frage «Sitzzeit» · Antwortoption";"Weniger als 4 Stunden";"Meno di 4 ore";"";"";"Marketing";"Prüfung erforderlich";"";"";"";"questionnaire.question.sitzzeit.option.u4";"questionnaire";"it-CH";"3";"v1:4c57ada7d55b51436b17bda45c5831ce8e05df24ae9d5f359035e7ea924ebe4f";"e71247f60fa2128643bd4043cf1e0e2d6b1101b4c968f62906f386e754d8ea8e"
"Fragebogen";"Fragebogen";"Fragebogen";"Antwortoption";"Frage «Sitzzeit» · Antwortoption";"Mehr als 10 Stunden";"Più di 10 ore";"";"";"Marketing";"Prüfung erforderlich";"";"";"";"questionnaire.question.sitzzeit.option.ue10";"questionnaire";"it-CH";"3";"v1:4c57ada7d55b51436b17bda45c5831ce8e05df24ae9d5f359035e7ea924ebe4f";"9660d826a0f2bec92ffbe35fbdcac7ee63203b3d6bfc80800c0957f35bbc8793"
"Fragebogen";"Fragebogen";"Fragebogen";"Frage";"Frage «Socialmedia» · Fragetext";"Verbringen Sie mehr Zeit mit Social Media als Ihnen lieb ist?";"Trascorre sui social media più tempo di quanto vorrebbe?";"";"";"Marketing, Medizin";"Prüfung erforderlich";"";"";"";"questionnaire.question.socialmedia.text";"questionnaire";"it-CH";"3";"v1:4c57ada7d55b51436b17bda45c5831ce8e05df24ae9d5f359035e7ea924ebe4f";"4f8f9712a92fb4e56b80a7ee8bf28cfef377d7eec363b95f52ada96a784daf22"
"Fragebogen";"Fragebogen";"Fragebogen";"Hilfetext";"Frage «Socialmedia» · Hilfetext";"Social Media kann ein Suchtpotenzial darstellen und sowohl die psychische als auch die allgemeine Gesundheit beeinträchtigen. Dazu zählen Schlafstörungen, Depressionen, Angstzustände und soziale Konflikte.";"I social media possono creare dipendenza e compromettere sia la salute psichica sia quella generale. Tra le possibili conseguenze vi sono disturbi del sonno, depressione, ansia e conflitti sociali.";"";"";"Marketing, Medizin";"Prüfung erforderlich";"";"";"";"questionnaire.question.socialmedia.help";"questionnaire";"it-CH";"3";"v1:4c57ada7d55b51436b17bda45c5831ce8e05df24ae9d5f359035e7ea924ebe4f";"c7d0bcb8494d0f09151b60a42ead8b63b9b9a3f19781e62c2949ebb1c47a316f"
"Fragebogen";"Fragebogen";"Fragebogen";"Titel des Hilfetexts";"Frage «Socialmedia» · Titel des Hilfetexts";"Haben Sie gewusst?";"Lo sapeva?";"";"";"Marketing";"Prüfung erforderlich";"";"";"";"questionnaire.question.socialmedia.help_title";"questionnaire";"it-CH";"3";"v1:4c57ada7d55b51436b17bda45c5831ce8e05df24ae9d5f359035e7ea924ebe4f";"1f7a5ecdec4801f553f45024da2fc89315aab3667aae3d16ea64324ef5c4b2c8"
"Fragebogen";"Fragebogen";"Fragebogen";"Antwortoption";"Frage «Socialmedia» · Antwortoption";"Manchmal";"A volte";"";"";"Marketing";"Prüfung erforderlich";"";"";"";"questionnaire.question.socialmedia.option.manchmal";"questionnaire";"it-CH";"3";"v1:4c57ada7d55b51436b17bda45c5831ce8e05df24ae9d5f359035e7ea924ebe4f";"e1dd23e9179babc00915bb53ee6ddd0a4db1ca57ea5796ae16c52ec4dc2b8bc7"
"Fragebogen";"Fragebogen";"Fragebogen";"Antwortoption";"Frage «Socialmedia» · Antwortoption";"Nein";"No";"";"";"Marketing";"Prüfung erforderlich";"";"";"";"questionnaire.question.socialmedia.option.nein";"questionnaire";"it-CH";"3";"v1:4c57ada7d55b51436b17bda45c5831ce8e05df24ae9d5f359035e7ea924ebe4f";"917d585e6dfb6c036b96b90495bf0b3339ced708fdcb574c374af33c55a2776b"
"Fragebogen";"Fragebogen";"Fragebogen";"Antwortoption";"Frage «Socialmedia» · Antwortoption";"Oft";"Spesso";"";"";"Marketing";"Prüfung erforderlich";"";"";"";"questionnaire.question.socialmedia.option.oft";"questionnaire";"it-CH";"3";"v1:4c57ada7d55b51436b17bda45c5831ce8e05df24ae9d5f359035e7ea924ebe4f";"a96f272b345b324b8e31bb50ea7bb5143b2ac863322068af7ffd5159a24a8a0a"
"Fragebogen";"Fragebogen";"Fragebogen";"Antwortoption";"Frage «Socialmedia» · Antwortoption";"Sehr oft";"Molto spesso";"";"";"Marketing";"Prüfung erforderlich";"";"";"";"questionnaire.question.socialmedia.option.sehr_oft";"questionnaire";"it-CH";"3";"v1:4c57ada7d55b51436b17bda45c5831ce8e05df24ae9d5f359035e7ea924ebe4f";"8e83ee36ec8c49ac97b47b4471951d4f22a95a62514aca417a0187d3153472fc"
"Fragebogen";"Fragebogen";"Fragebogen";"Antwortoption";"Frage «Socialmedia» · Antwortoption";"Selten";"Raramente";"";"";"Marketing";"Prüfung erforderlich";"";"";"";"questionnaire.question.socialmedia.option.selten";"questionnaire";"it-CH";"3";"v1:4c57ada7d55b51436b17bda45c5831ce8e05df24ae9d5f359035e7ea924ebe4f";"45550686f5e09b064d247e0c7ee39e98b6e10569f56a9c39b2394fb58f6c465a"
"Fragebogen";"Fragebogen";"Fragebogen";"Frage";"Frage «Stabilitaet» · Fragetext";"Wie sicher fühlen Sie sich bei alltäglichen Bewegungen? (z. B. beim Aufstehen vom Boden, beim Gehen auf Waldwegen, beim Heruntersteigen von einem Hocker)";"Quanto si sente sicuro/a nei movimenti quotidiani? (ad es. quando si alza da terra, cammina su sentieri nel bosco o scende da uno sgabello)";"";"";"Marketing, Medizin";"Prüfung erforderlich";"";"";"";"questionnaire.question.stabilitaet.text";"questionnaire";"it-CH";"3";"v1:4c57ada7d55b51436b17bda45c5831ce8e05df24ae9d5f359035e7ea924ebe4f";"972c020ff1d7b3b0e862c7c79ef8b0fe6f875f32f462d6cd55f19ccfcb43508d"
"Fragebogen";"Fragebogen";"Fragebogen";"Hilfetext";"Frage «Stabilitaet» · Hilfetext";"Wer einmal gestürzt ist, hat ein hohes Risiko für weitere Stürze. Daher zählen Stürze zu den häufigsten Gesundheitsrisiken im Alter. Schon ein Sturz kann die Selbstständigkeit und Lebensqualität aufgrund von Verletzungen stark beeinträchtigen. Die gute Nachricht: Mit gezieltem Training von Gleichgewicht, Kraft und Beweglichkeit sinkt das Risiko erheblich.";"Chi è già caduto una volta presenta un rischio elevato di ulteriori cadute. Per questo le cadute rientrano tra i rischi per la salute più frequenti in età avanzata. Anche una sola caduta può compromettere fortemente l’autonomia e la qualità di vita a causa delle lesioni. La buona notizia: un allenamento mirato di equilibrio, forza e mobilità riduce notevolmente il rischio.";"";"";"Marketing, Medizin";"Prüfung erforderlich";"";"";"";"questionnaire.question.stabilitaet.help";"questionnaire";"it-CH";"3";"v1:4c57ada7d55b51436b17bda45c5831ce8e05df24ae9d5f359035e7ea924ebe4f";"6df5849548188d783fca493ba0e5e6de61f51cd0d6f47ca983ce2b6598cd8290"
"Fragebogen";"Fragebogen";"Fragebogen";"Titel des Hilfetexts";"Frage «Stabilitaet» · Titel des Hilfetexts";"Haben Sie gewusst?";"Lo sapeva?";"";"";"Marketing";"Prüfung erforderlich";"";"";"";"questionnaire.question.stabilitaet.help_title";"questionnaire";"it-CH";"3";"v1:4c57ada7d55b51436b17bda45c5831ce8e05df24ae9d5f359035e7ea924ebe4f";"199963fa8222ebdd3d642970d3b727092bcc05e0935737f1b115c3950c7bf3b0"
"Fragebogen";"Fragebogen";"Fragebogen";"Antwortoption";"Frage «Stabilitaet» · Antwortoption";"Sehr sicher";"Molto sicuro/a";"";"";"Marketing";"Prüfung erforderlich";"";"";"";"questionnaire.question.stabilitaet.option.sehr_sicher";"questionnaire";"it-CH";"3";"v1:4c57ada7d55b51436b17bda45c5831ce8e05df24ae9d5f359035e7ea924ebe4f";"b3418d88f4278ac24f8707c562adc1d34c4406964bf7480227776ded722b4853"
"Fragebogen";"Fragebogen";"Fragebogen";"Antwortoption";"Frage «Stabilitaet» · Antwortoption";"Sehr unsicher";"Molto insicuro/a";"";"";"Marketing";"Prüfung erforderlich";"";"";"";"questionnaire.question.stabilitaet.option.sehr_unsicher";"questionnaire";"it-CH";"3";"v1:4c57ada7d55b51436b17bda45c5831ce8e05df24ae9d5f359035e7ea924ebe4f";"b41ac217e71c0d6505920015f136b6350970af9a2cc4b46144b47e225db86f0a"
"Fragebogen";"Fragebogen";"Fragebogen";"Antwortoption";"Frage «Stabilitaet» · Antwortoption";"Sicher";"Sicuro/a";"";"";"Marketing";"Prüfung erforderlich";"";"";"";"questionnaire.question.stabilitaet.option.sicher";"questionnaire";"it-CH";"3";"v1:4c57ada7d55b51436b17bda45c5831ce8e05df24ae9d5f359035e7ea924ebe4f";"a888f0148168c49e985295cd17eca429daac1371fc36642999102317a0f4eb34"
"Fragebogen";"Fragebogen";"Fragebogen";"Antwortoption";"Frage «Stabilitaet» · Antwortoption";"Unsicher";"Insicuro/a";"";"";"Marketing";"Prüfung erforderlich";"";"";"";"questionnaire.question.stabilitaet.option.unsicher";"questionnaire";"it-CH";"3";"v1:4c57ada7d55b51436b17bda45c5831ce8e05df24ae9d5f359035e7ea924ebe4f";"8c0a278703282fd4e585536c43364a5d835df64de68cc633ec8ddd379d147cc8"
"Fragebogen";"Fragebogen";"Fragebogen";"Antwortoption";"Frage «Stabilitaet» · Antwortoption";"Weder noch";"Né sicuro/a né insicuro/a";"";"";"Marketing";"Prüfung erforderlich";"";"";"";"questionnaire.question.stabilitaet.option.weder";"questionnaire";"it-CH";"3";"v1:4c57ada7d55b51436b17bda45c5831ce8e05df24ae9d5f359035e7ea924ebe4f";"d2aa1b341ba5d58f1d2851333bb615bc02a5515d82276b1f6b1da765a5d7a333"
"Fragebogen";"Fragebogen";"Fragebogen";"Frage";"Frage «Treppen» · Fragetext";"Kommen Sie ausser Atem, wenn Sie zwei Stockwerke Treppen steigen?";"Le manca il fiato quando sale due piani di scale?";"";"";"Marketing, Medizin";"Prüfung erforderlich";"";"";"";"questionnaire.question.treppen.text";"questionnaire";"it-CH";"3";"v1:4c57ada7d55b51436b17bda45c5831ce8e05df24ae9d5f359035e7ea924ebe4f";"8c824c410fb5045711dafac989c23899c4901bb215b287e4d49b4084c1f6cc63"
"Fragebogen";"Fragebogen";"Fragebogen";"Antwortoption";"Frage «Treppen» · Antwortoption";"Deutlich";"Marcatamente";"";"";"Marketing";"Prüfung erforderlich";"";"";"";"questionnaire.question.treppen.option.deutlich";"questionnaire";"it-CH";"3";"v1:4c57ada7d55b51436b17bda45c5831ce8e05df24ae9d5f359035e7ea924ebe4f";"e1ae21aca0209ad91a948ef55f499d2b17f72cb67edc156fc061adaad0b10327"
"Fragebogen";"Fragebogen";"Fragebogen";"Antwortoption";"Frage «Treppen» · Antwortoption";"Etwas";"Un po’";"";"";"Marketing";"Prüfung erforderlich";"";"";"";"questionnaire.question.treppen.option.etwas";"questionnaire";"it-CH";"3";"v1:4c57ada7d55b51436b17bda45c5831ce8e05df24ae9d5f359035e7ea924ebe4f";"918c37bb47a18b8e8886edc3aecf400cf6a9595cd93ccc2df3755864f614493a"
"Fragebogen";"Fragebogen";"Fragebogen";"Antwortoption";"Frage «Treppen» · Antwortoption";"Überhaupt nicht";"Per nulla";"";"";"Marketing";"Prüfung erforderlich";"";"";"";"questionnaire.question.treppen.option.gar_nicht";"questionnaire";"it-CH";"3";"v1:4c57ada7d55b51436b17bda45c5831ce8e05df24ae9d5f359035e7ea924ebe4f";"dcc03a0b6d467ab312e95e5c086d487fee77cad20bef1818af3f0d760e1b399a"
"Fragebogen";"Fragebogen";"Fragebogen";"Antwortoption";"Frage «Treppen» · Antwortoption";"Kaum";"Appena";"";"";"Marketing";"Prüfung erforderlich";"";"";"";"questionnaire.question.treppen.option.kaum";"questionnaire";"it-CH";"3";"v1:4c57ada7d55b51436b17bda45c5831ce8e05df24ae9d5f359035e7ea924ebe4f";"4492881799ba895e08bca864cd458ec5c2bf9dc3a1ae0c30126b662353b36f99"
"Fragebogen";"Fragebogen";"Fragebogen";"Antwortoption";"Frage «Treppen» · Antwortoption";"Sehr stark";"Molto";"";"";"Marketing";"Prüfung erforderlich";"";"";"";"questionnaire.question.treppen.option.sehr_stark";"questionnaire";"it-CH";"3";"v1:4c57ada7d55b51436b17bda45c5831ce8e05df24ae9d5f359035e7ea924ebe4f";"998d75c44f3b2d6bb42587a2a1c7901ed684079815b62bba587d013c8bdfecad"
"Fragebogen";"Fragebogen";"Fragebogen";"Frage";"Frage «Verarbeitet» · Fragetext";"Wie häufig greifen Sie in einer typischen Woche zu stark verarbeiteten Lebensmitteln?";"Con quale frequenza consuma alimenti fortemente trasformati in una settimana tipica?";"";"";"Marketing, Medizin";"Prüfung erforderlich";"";"";"";"questionnaire.question.verarbeitet.text";"questionnaire";"it-CH";"3";"v1:4c57ada7d55b51436b17bda45c5831ce8e05df24ae9d5f359035e7ea924ebe4f";"763ac044a12b432ce8eb7a66e7e209a1248d402d7202465e0616d149e59fcbf5"
"Fragebogen";"Fragebogen";"Fragebogen";"Hilfetext";"Frage «Verarbeitet» · Hilfetext";"• Fertiggerichte, Tiefkühlpizza
• Süssigkeiten, Cookies, Chips
• Softdrinks, Energy-Drinks
• Wurst und verarbeitetes Fleisch
• Weissbrot, süsse Backwaren
<b>Praktische Regel:</b>
Mehr als fünf Zutaten oder schwer aussprechbare Namen = meist stark verarbeitet.

<b>Warum sind verarbeitete Lebensmittel problematisch?</b>
Viele stark verarbeitete Produkte enthalten viel Zucker, Salz, ungünstige Fette und Zusatzstoffe, während Ballaststoffe und wichtige Nährstoffe fehlen. Nicht jedes verarbeitete Lebensmittel ist gleich problematisch. Entscheidend ist, den Anteil stark verarbeiteter Produkte zu reduzieren und schrittweise mehr frische, nährstoffreiche Lebensmittel in den Alltag einzubauen.";"• piatti pronti, pizza surgelata
• dolciumi, biscotti, patatine
• bibite, bevande energetiche
• salumi e carne lavorata
• pane bianco, prodotti da forno dolci
<b>Regola pratica:</b>
Più di cinque ingredienti o nomi difficili da pronunciare = nella maggior parte dei casi fortemente trasformato.

<b>Perché gli alimenti trasformati sono problematici?</b>
Molti prodotti fortemente trasformati contengono molto zucchero, sale, grassi sfavorevoli e additivi, mentre mancano fibre e nutrienti importanti. Non tutti gli alimenti trasformati sono ugualmente problematici. È importante ridurre la quota di prodotti fortemente trasformati e integrare gradualmente nella vita quotidiana più alimenti freschi e ricchi di nutrienti.";"";"";"Marketing, Medizin";"Prüfung erforderlich";"";"";"";"questionnaire.question.verarbeitet.help";"questionnaire";"it-CH";"3";"v1:4c57ada7d55b51436b17bda45c5831ce8e05df24ae9d5f359035e7ea924ebe4f";"105aaeaf168a4115adcdab4e369a35d195c8974a7bb506c490ca4d96eefc053b"
"Fragebogen";"Fragebogen";"Fragebogen";"Titel des Hilfetexts";"Frage «Verarbeitet» · Titel des Hilfetexts";"Was gilt als stark verarbeitet?";"Che cosa si considera fortemente trasformato?";"";"";"Marketing";"Prüfung erforderlich";"";"";"";"questionnaire.question.verarbeitet.help_title";"questionnaire";"it-CH";"3";"v1:4c57ada7d55b51436b17bda45c5831ce8e05df24ae9d5f359035e7ea924ebe4f";"6bd1797fba82481f2a00732ea2e82dbc9eec5ee6ad9abceac076acdae9137bb7"
"Fragebogen";"Fragebogen";"Fragebogen";"Antwortoption";"Frage «Verarbeitet» · Antwortoption";"Fast täglich";"Quasi ogni giorno";"";"";"Marketing";"Prüfung erforderlich";"";"";"";"questionnaire.question.verarbeitet.option.fast_taeglich";"questionnaire";"it-CH";"3";"v1:4c57ada7d55b51436b17bda45c5831ce8e05df24ae9d5f359035e7ea924ebe4f";"0e6c2d6f7594f6dc48bcdea679c11cc4d16b307387bd856d7135b7abb534abf9"
"Fragebogen";"Fragebogen";"Fragebogen";"Antwortoption";"Frage «Verarbeitet» · Antwortoption";"Mehrmals täglich";"Più volte al giorno";"";"";"Marketing";"Prüfung erforderlich";"";"";"";"questionnaire.question.verarbeitet.option.mehrmals_taeglich";"questionnaire";"it-CH";"3";"v1:4c57ada7d55b51436b17bda45c5831ce8e05df24ae9d5f359035e7ea924ebe4f";"d2cdafb8c0a463b2ca0f0047497cfac2ba6e88f4473b6f8e57aca9f319990cbd"
"Fragebogen";"Fragebogen";"Fragebogen";"Antwortoption";"Frage «Verarbeitet» · Antwortoption";"Nie";"Mai";"";"";"Marketing";"Prüfung erforderlich";"";"";"";"questionnaire.question.verarbeitet.option.nie";"questionnaire";"it-CH";"3";"v1:4c57ada7d55b51436b17bda45c5831ce8e05df24ae9d5f359035e7ea924ebe4f";"65e89db28c08518227e18abbe5978233c65a989f44ccdfe7ffaf4cc0dc9cba34"
"Fragebogen";"Fragebogen";"Fragebogen";"Antwortoption";"Frage «Verarbeitet» · Antwortoption";"Seltener als 1x pro Woche";"Meno di 1 volta alla settimana";"";"";"Marketing";"Prüfung erforderlich";"";"";"";"questionnaire.question.verarbeitet.option.u1woche";"questionnaire";"it-CH";"3";"v1:4c57ada7d55b51436b17bda45c5831ce8e05df24ae9d5f359035e7ea924ebe4f";"81e3f8b0b6b3fdc254ced495085724a711f0c1d5d8281f29564408690cfc26fc"
"Fragebogen";"Fragebogen";"Fragebogen";"Antwortoption";"Frage «Verarbeitet» · Antwortoption";"1–2x pro Woche";"1–2 volte alla settimana";"";"";"Marketing";"Prüfung erforderlich";"";"";"";"questionnaire.question.verarbeitet.option.w1_2";"questionnaire";"it-CH";"3";"v1:4c57ada7d55b51436b17bda45c5831ce8e05df24ae9d5f359035e7ea924ebe4f";"316dc30c6bda86cf6955ab45acde345b0c42c1a03df039607e47d3e859a9db63"
"Fragebogen";"Fragebogen";"Fragebogen";"Frage";"Frage «Verbundenheit» · Fragetext";"Ich fühle mich von den Menschen in meinem Umfeld akzeptiert und eingebunden.";"Mi sento accettato/a e integrato/a dalle persone che mi circondano.";"";"";"Marketing, Medizin";"Prüfung erforderlich";"";"";"";"questionnaire.question.verbundenheit.text";"questionnaire";"it-CH";"3";"v1:4c57ada7d55b51436b17bda45c5831ce8e05df24ae9d5f359035e7ea924ebe4f";"17ceb3ea8366929c20d2a6bb5ac17b9afd306427922209000a88f2b1c53b8721"
"Fragebogen";"Fragebogen";"Fragebogen";"Frage";"Frage «Vorsorge» · Fragetext";"Haben Sie sich zu Krankheiten wie Krebs, Bluthochdruck und Typ-2-Diabetes informiert und Ihr persönliches Risiko einschätzen lassen?";"Si è informato/a su malattie come cancro, ipertensione e diabete di tipo 2 e ha fatto valutare il Suo rischio personale?";"";"";"Marketing, Medizin";"Prüfung erforderlich";"";"";"";"questionnaire.question.vorsorge.text";"questionnaire";"it-CH";"3";"v1:4c57ada7d55b51436b17bda45c5831ce8e05df24ae9d5f359035e7ea924ebe4f";"e53471b0ee59b398e726cabbabf6876b57b047427e72aa6d13a3ca16fcfe542a"
"Fragebogen";"Fragebogen";"Fragebogen";"Hilfetext";"Frage «Vorsorge» · Hilfetext";"Bluthochdruck bleibt oft unbemerkt, ist aber ein zentraler Risikofaktor für Herz-Kreislauf-Erkrankungen. Auch eine Abklärung zum persönlichen Risiko von Krebs- oder ersten Anzeichen von Typ-2-Diabetes kann sich je nach Alter, Lebensstil oder Familiengeschichte lohnen. Durch eine frühe Identifikation und kleine Veränderungen im Alltag lassen sich Risiken und Auswirkungen senken.";"L’ipertensione spesso non dà sintomi, ma è un fattore di rischio centrale per le malattie cardiovascolari. A seconda dell’età, dello stile di vita o della storia familiare, può essere utile anche una valutazione del rischio personale di cancro o dei primi segni di diabete di tipo 2. Un’identificazione precoce e piccoli cambiamenti nella vita quotidiana permettono di ridurre i rischi e le conseguenze.";"";"";"Marketing, Medizin";"Prüfung erforderlich";"";"";"";"questionnaire.question.vorsorge.help";"questionnaire";"it-CH";"3";"v1:4c57ada7d55b51436b17bda45c5831ce8e05df24ae9d5f359035e7ea924ebe4f";"f345d29d39917d41248a535ecf131e9aca2ab1e295a81e94d3778945f49b9f9f"
"Fragebogen";"Fragebogen";"Fragebogen";"Titel des Hilfetexts";"Frage «Vorsorge» · Titel des Hilfetexts";"Haben Sie gewusst?";"Lo sapeva?";"";"";"Marketing";"Prüfung erforderlich";"";"";"";"questionnaire.question.vorsorge.help_title";"questionnaire";"it-CH";"3";"v1:4c57ada7d55b51436b17bda45c5831ce8e05df24ae9d5f359035e7ea924ebe4f";"7f6e9fda458bcdad17ce445de91a45cc70b0d5d94262caabe87e5d6d4c7df47e"
"Fragebogen";"Fragebogen";"Fragebogen";"Antwortoption";"Frage «Vorsorge» · Antwortoption";"Ja";"Sì";"";"";"Marketing";"Prüfung erforderlich";"";"";"";"questionnaire.question.vorsorge.option.ja";"questionnaire";"it-CH";"3";"v1:4c57ada7d55b51436b17bda45c5831ce8e05df24ae9d5f359035e7ea924ebe4f";"e2517d8105a790fd1498fe2cf493c1aa552d6772667b407a1305eccff5c922ea"
"Fragebogen";"Fragebogen";"Fragebogen";"Antwortoption";"Frage «Vorsorge» · Antwortoption";"Nein";"No";"";"";"Marketing";"Prüfung erforderlich";"";"";"";"questionnaire.question.vorsorge.option.nein";"questionnaire";"it-CH";"3";"v1:4c57ada7d55b51436b17bda45c5831ce8e05df24ae9d5f359035e7ea924ebe4f";"c4806fb4a8948432f51ac26b1099d8e1f394a7a26871590f16ecc257fbb519b9"
"Fragebogen";"Fragebogen";"Fragebogen";"Eingabehinweis";"Frage «Wandsitz» · Eingabehinweis";"z. B. 45";"ad es. 45";"";"";"Marketing";"Prüfung erforderlich";"";"";"";"questionnaire.question.wandsitz.placeholder";"questionnaire";"it-CH";"3";"v1:4c57ada7d55b51436b17bda45c5831ce8e05df24ae9d5f359035e7ea924ebe4f";"37760e263f1170ee11b61a653ee9cf99be0100b4f2f7bceca049ca58c5e36e8d"
"Fragebogen";"Fragebogen";"Fragebogen";"Einheit";"Frage «Wandsitz» · Einheit";"Sekunden";"secondi";"";"";"Marketing";"Prüfung erforderlich";"";"";"";"questionnaire.question.wandsitz.unit";"questionnaire";"it-CH";"3";"v1:4c57ada7d55b51436b17bda45c5831ce8e05df24ae9d5f359035e7ea924ebe4f";"18db622703d43adcb295e82058dc1a9eacbb23152bd30d6da6d923f20a78ae00"
"Fragebogen";"Fragebogen";"Fragebogen";"Frage";"Frage «Wandsitz» · Fragetext";"Wie lange können Sie maximal in einer sitzenden Haltung (90°-Winkel) mit dem Rücken an der Wand bleiben? (optional)";"Per quanto tempo riesce a mantenere al massimo una posizione seduta (angolo di 90°) con la schiena appoggiata alla parete? (facoltativo)";"";"";"Marketing, Medizin";"Prüfung erforderlich";"";"";"";"questionnaire.question.wandsitz.text";"questionnaire";"it-CH";"3";"v1:4c57ada7d55b51436b17bda45c5831ce8e05df24ae9d5f359035e7ea924ebe4f";"516243558b2580f05ccfa40b84804399789d31bf1d6a0f08fbb85c5bc89d8a41"
"Fragebogen";"Fragebogen";"Fragebogen";"Hilfetext";"Frage «Wandsitz» · Hilfetext";"1 – Rücken und Becken vollständig an eine gerade Wand legen.
2 – Füsse parallel und ungefähr hüftbreit aufstellen.
3 – Nach unten rutschen, bis Hüfte und Knie ungefähr einen 90°-Winkel bilden.
4 – Beide Beine gleichmässig belasten. Hände und Arme dürfen weder Beine noch Wand abstützen.
5 – Normal weiteratmen und die Position so lange wie möglich halten.

Machen Sie zuerst einen kurzen Übungsversuch und danach einen gewerteten Versuch. Die Zeit beginnt in der korrekten Position. Beenden Sie den Test, sobald Becken oder Rücken den Wandkontakt verlieren, Sie deutlich hochrutschen oder sich mit den Händen abstützen. Brechen Sie bei Schmerzen, Schwindel oder Atemnot ab.

<b>Was der Wandsitz-Test verrät:</b>
Er misst die lokale Kraftausdauer von Beinen und Gesäss. Diese Muskeln sind wichtig für Stabilität, Beweglichkeit und Sicherheit. Wer sie trainiert, bleibt länger aktiv, mobil und selbstständig.";"1 – Appoggi completamente la schiena e il bacino a una parete diritta.
2 – Posizioni i piedi paralleli e all’incirca alla larghezza dei fianchi.
3 – Scivoli verso il basso finché anche e ginocchia formano un angolo di circa 90°.
4 – Distribuisca il peso in modo uniforme su entrambe le gambe. Non si sostenga con le mani o le braccia né sulle gambe né contro la parete.
5 – Continui a respirare normalmente e mantenga la posizione il più a lungo possibile.

Esegua prima un breve tentativo di prova e poi un tentativo valido. Il tempo inizia quando assume la posizione corretta. Termini il test non appena il bacino o la schiena perdono il contatto con la parete, scivola chiaramente verso l’alto oppure si sostiene con le mani. Interrompa in caso di dolore, vertigini o difficoltà respiratoria.

<b>Che cosa rivela il test della posizione seduta al muro:</b>
Misura la resistenza muscolare locale di gambe e glutei. Questi muscoli sono importanti per la stabilità, la mobilità e la sicurezza. Allenarli aiuta a rimanere attivi, mobili e autonomi più a lungo.";"";"";"Marketing, Medizin";"Prüfung erforderlich";"";"";"";"questionnaire.question.wandsitz.help";"questionnaire";"it-CH";"3";"v1:4c57ada7d55b51436b17bda45c5831ce8e05df24ae9d5f359035e7ea924ebe4f";"3f25e9e79ea2eb183619ef577716f330dcc016fc509b3e8ac02796ac0de0dd9e"
"Fragebogen";"Fragebogen";"Fragebogen";"Titel des Hilfetexts";"Frage «Wandsitz» · Titel des Hilfetexts";"So führen Sie den Wandsitz-Test korrekt aus";"Come eseguire correttamente il test della posizione seduta al muro";"";"";"Marketing";"Prüfung erforderlich";"";"";"";"questionnaire.question.wandsitz.help_title";"questionnaire";"it-CH";"3";"v1:4c57ada7d55b51436b17bda45c5831ce8e05df24ae9d5f359035e7ea924ebe4f";"bb77c29ad5bafdd35e37dc8dc1fe79d039356ae003202bd45dd6865d2084863f"
"Fragebogen";"Fragebogen";"Fragebogen";"Frage";"Frage «Zuckergetraenke» · Fragetext";"Wie häufig trinken Sie zuckerhaltige Getränke oder reine Fruchtsäfte?";"Con quale frequenza beve bevande zuccherate o succhi di frutta puri?";"";"";"Marketing, Medizin";"Prüfung erforderlich";"";"";"";"questionnaire.question.zuckergetraenke.text";"questionnaire";"it-CH";"3";"v1:4c57ada7d55b51436b17bda45c5831ce8e05df24ae9d5f359035e7ea924ebe4f";"c746dec7be0196316202136799b0d55d5c6887eb748112e0d92ddd984ff6766f"
"Fragebogen";"Fragebogen";"Fragebogen";"Antwortoption";"Frage «Zuckergetraenke» · Antwortoption";"Nie";"Mai";"";"";"Marketing";"Prüfung erforderlich";"";"";"";"questionnaire.question.zuckergetraenke.option.nie";"questionnaire";"it-CH";"3";"v1:4c57ada7d55b51436b17bda45c5831ce8e05df24ae9d5f359035e7ea924ebe4f";"9d850c7e0c5eae8a3a13e209e7655702199b29faa09e04f0c6280b176e167efa"
"Fragebogen";"Fragebogen";"Fragebogen";"Antwortoption";"Frage «Zuckergetraenke» · Antwortoption";"Täglich oder mehrmals täglich";"Ogni giorno o più volte al giorno";"";"";"Marketing";"Prüfung erforderlich";"";"";"";"questionnaire.question.zuckergetraenke.option.taeglich";"questionnaire";"it-CH";"3";"v1:4c57ada7d55b51436b17bda45c5831ce8e05df24ae9d5f359035e7ea924ebe4f";"26bb06f7cc1dc55fd5be97b44d6de92604e148b5619f6f197ad7042a6b4bee76"
"Fragebogen";"Fragebogen";"Fragebogen";"Antwortoption";"Frage «Zuckergetraenke» · Antwortoption";"Seltener als 1x pro Woche";"Meno di 1 volta alla settimana";"";"";"Marketing";"Prüfung erforderlich";"";"";"";"questionnaire.question.zuckergetraenke.option.u1woche";"questionnaire";"it-CH";"3";"v1:4c57ada7d55b51436b17bda45c5831ce8e05df24ae9d5f359035e7ea924ebe4f";"1b63d505bac7cbe5e867c4464d38eb7a83a95afb15caa3726d65ebac7524046c"
"Fragebogen";"Fragebogen";"Fragebogen";"Antwortoption";"Frage «Zuckergetraenke» · Antwortoption";"1–3x pro Woche";"1–3 volte alla settimana";"";"";"Marketing";"Prüfung erforderlich";"";"";"";"questionnaire.question.zuckergetraenke.option.w1_3";"questionnaire";"it-CH";"3";"v1:4c57ada7d55b51436b17bda45c5831ce8e05df24ae9d5f359035e7ea924ebe4f";"98664a05279e06ce9dcbe3ed314d9771f186f5a26f265b0219b4310b9d3a6cfd"
"Fragebogen";"Fragebogen";"Fragebogen";"Antwortoption";"Frage «Zuckergetraenke» · Antwortoption";"4–6x pro Woche";"4–6 volte alla settimana";"";"";"Marketing";"Prüfung erforderlich";"";"";"";"questionnaire.question.zuckergetraenke.option.w4_6";"questionnaire";"it-CH";"3";"v1:4c57ada7d55b51436b17bda45c5831ce8e05df24ae9d5f359035e7ea924ebe4f";"6f69df17d509185065c61aebc0e91d4dd6989f58362c0383b6817010e0a04b7c"
"Fragebogen";"Fragebogen";"Fragebogen";"Frage";"Frage «Zukunft» · Fragetext";"Ich schaue zuversichtlich in meine Zukunft.";"Guardo al mio futuro con fiducia.";"";"";"Marketing, Medizin";"Prüfung erforderlich";"";"";"";"questionnaire.question.zukunft.text";"questionnaire";"it-CH";"3";"v1:4c57ada7d55b51436b17bda45c5831ce8e05df24ae9d5f359035e7ea924ebe4f";"c39856ee30464f1694816ecc1f8eea8696c1081c030d55ffe8c51555e6335d93"
"Einflussfaktoren";"Alkohol";"Dimensionsdetails";"Überschrift";"Dimensionsdetail · Titel";"Alkohol reduzieren";"Ridurre l’alcol";"";"";"Marketing, Medizin";"Prüfung erforderlich";"";"";"";"recommendation.signal.alkohol.title";"recommendations";"it-CH";"3";"v1:4c57ada7d55b51436b17bda45c5831ce8e05df24ae9d5f359035e7ea924ebe4f";"0cb25716f78f6bb4d6c5b81b6afcf931e48c91f7db4187ab0ca7f25b11e50957"
"Einflussfaktoren";"Alkohol";"Dimensionsdetails";"Persönliche Einordnung";"Dimensionsdetail · Einordnung";"Für das Krebsrisiko gibt es keinen risikofreien Alkoholkonsum: Schon geringe Mengen erhöhen das Risiko bestimmter Krebsarten. Insgesamt gilt, je weniger Alkohol, desto geringer die gesundheitliche Belastung; auch Menge und hoher Konsum bei einzelnen Gelegenheiten sind relevant.";"Per il rischio di cancro non esiste un consumo di alcol privo di rischio: già piccole quantità aumentano il rischio di determinati tumori. Nel complesso vale la regola che meno alcol significa un minore carico per la salute; contano anche la quantità e un consumo elevato in singole occasioni.";"";"";"Marketing, Medizin";"Prüfung erforderlich";"Pauschales Studienurteil und aus Konsumtagen abgeleitetes Herz-Kreislauf-Risiko entfernt; durch Marketing und Medizin freigeben.";"";"";"recommendation.signal.alkohol.insight";"recommendations";"it-CH";"3";"v1:4c57ada7d55b51436b17bda45c5831ce8e05df24ae9d5f359035e7ea924ebe4f";"b8d0ef97a633b238395b69fdca7530717a49a8dfa93aaf43f9c527dbf70be76d"
"Einflussfaktoren";"Alkohol";"Dimensionsdetails";"Nächster Schritt";"Dimensionsdetail · konkreter nächster Schritt";"Legen Sie diese Woche drei feste alkoholfreie Tage fest – nicht «weniger trinken», sondern konkrete Tage im Kalender.";"Questa settimana stabilisca tre giorni fissi senza alcol: non semplicemente «bere meno», ma giorni concreti nel calendario.";"";"";"Marketing, Medizin";"Prüfung erforderlich";"";"";"";"recommendation.signal.alkohol.action";"recommendations";"it-CH";"3";"v1:4c57ada7d55b51436b17bda45c5831ce8e05df24ae9d5f359035e7ea924ebe4f";"49c844dc29cebc202ed144d78a3aa7ffa98f548b54b5ee547a4bd446dbdaf905"
"Einflussfaktoren";"Alkohol";"Risikosignale";"Risikosignal";"Ergebnisseite, Lebensstil-Signal Alkoholkonsum";"Ihr Alkoholkonsum liegt im höheren Bereich.";"Il Suo consumo di alcol si situa nella fascia più elevata.";"";"";"Marketing, Medizin";"Prüfung erforderlich";"";"";"";"recommendation.risk_signal.alkohol.label";"recommendations";"it-CH";"3";"v1:4c57ada7d55b51436b17bda45c5831ce8e05df24ae9d5f359035e7ea924ebe4f";"96c259b70eb103e75d84210cb02264d754ffa004a9f3bef3e89122efa54992fa"
"Einflussfaktoren";"Alkohol";"Empfehlungskarten";"Überschrift";"Empfehlungskarte · Einflussfaktoren · Titel";"Alkohol als wirksamen Hebel nutzen";"Usare la riduzione dell’alcol come leva efficace";"";"";"Marketing";"Prüfung erforderlich";"";"";"";"recommendation.catalog.ei_alkohol.title";"recommendations";"it-CH";"3";"v1:4c57ada7d55b51436b17bda45c5831ce8e05df24ae9d5f359035e7ea924ebe4f";"c845992286306e6bfa955a8b4dc841fd59e8eb1aba895bef59511f2b146f06bb"
"Einflussfaktoren";"Alkohol";"Empfehlungskarten";"Begründung / Einordnung";"Empfehlungskarte · Einflussfaktoren · Begründung";"Ihr Alkoholkonsum liegt im höheren Bereich. Weniger Alkohol wirkt sich gleich mehrfach positiv aus – auf Schlaf, Blutdruck, Gewicht und das langfristige Krebsrisiko.";"Il Suo consumo di alcol si situa nella fascia più elevata. Ridurlo ha molteplici effetti positivi: sul sonno, sulla pressione, sul peso e sul rischio di cancro a lungo termine.";"";"";"Marketing, Medizin";"Prüfung erforderlich";"";"";"";"recommendation.catalog.ei_alkohol.why";"recommendations";"it-CH";"3";"v1:4c57ada7d55b51436b17bda45c5831ce8e05df24ae9d5f359035e7ea924ebe4f";"4e9d38c46478a8e1e865e0489fb78286f0f10b4dd4d74d01fc745cffb2f2a826"
"Einflussfaktoren";"Alkohol";"Empfehlungskarten";"Nächster Schritt";"Empfehlungskarte · Einflussfaktoren · konkreter nächster Schritt";"Legen Sie pro Woche mehrere alkoholfreie Tage fest und probieren Sie bei Gelegenheit alkoholfreie Alternativen.";"Stabilisca più giorni senza alcol alla settimana e provi, quando possibile, alternative analcoliche.";"";"";"Marketing, Medizin";"Prüfung erforderlich";"";"";"";"recommendation.catalog.ei_alkohol.step";"recommendations";"it-CH";"3";"v1:4c57ada7d55b51436b17bda45c5831ce8e05df24ae9d5f359035e7ea924ebe4f";"03444604773ab3e4e1649b0abd903252517b51967a7247c7ca8b7d7ffd44875d"
"Einflussfaktoren";"Alkohol";"Empfehlungskarten";"Erwarteter Nutzen";"Empfehlungskarte · Einflussfaktoren · erwarteter Nutzen";"Schon weniger Alkohol verbessert Schlaf, Energie und mehrere Gesundheitswerte zugleich.";"Anche una semplice riduzione dell’alcol migliora contemporaneamente il sonno, l’energia e diversi valori di salute.";"";"";"Marketing, Medizin";"Prüfung erforderlich";"";"";"";"recommendation.catalog.ei_alkohol.benefit";"recommendations";"it-CH";"3";"v1:4c57ada7d55b51436b17bda45c5831ce8e05df24ae9d5f359035e7ea924ebe4f";"afcc50101a03211bba909bd74fd035c8f846cc32faf7bda88c71f70418a03d2c"
"Einflussfaktoren";"Alkohol";"4-Wochen-Pläne";"4-Wochen-Plan";"4-Wochen-Plan · Diese Woche";"Legen Sie <b>drei feste alkoholfreie Tage</b> in den Kalender – nicht «weniger trinken», sondern konkrete Wochentage. An Trink-Tagen ein Glas Wasser zwischen den Getränken.";"Inserisca nel calendario <b>tre giorni fissi senza alcol</b>: non semplicemente «bere meno», ma giorni concreti della settimana. Nei giorni in cui beve, alterni ogni bevanda con un bicchiere d’acqua.";"";"";"Marketing, Medizin";"Prüfung erforderlich";"";"";"";"recommendation.plan.ei_alkohol.this_week";"recommendations";"it-CH";"3";"v1:4c57ada7d55b51436b17bda45c5831ce8e05df24ae9d5f359035e7ea924ebe4f";"b7243521410fc6567f84954d495acde3e2dee4290529f76f4f1ada49441bd336"
"Einflussfaktoren";"Alkohol";"4-Wochen-Pläne";"4-Wochen-Plan";"4-Wochen-Plan · Woche 2–3";"Testen Sie gute alkoholfreie Alternativen (alkoholfreies Bier, Schorlen, Mocktails) für die Situationen, in denen Sie sonst automatisch greifen. Wichtig zu wissen: Es gibt keine gesundheitlich «sichere» Menge – jede Reduktion zählt.";"Provi buone alternative analcoliche (birra analcolica, bevande diluite, mocktail) nelle situazioni in cui altrimenti sceglierebbe automaticamente l’alcol. È importante sapere che non esiste una quantità «sicura» per la salute: ogni riduzione conta.";"";"";"Marketing, Medizin";"Prüfung erforderlich";"";"";"";"recommendation.plan.ei_alkohol.weeks_2_3";"recommendations";"it-CH";"3";"v1:4c57ada7d55b51436b17bda45c5831ce8e05df24ae9d5f359035e7ea924ebe4f";"2aebd4f7fb0b97cce592dbe581b1ee00b0883bc907edd3a8048b3af1e175cf5d"
"Einflussfaktoren";"Alkohol";"4-Wochen-Pläne";"4-Wochen-Plan";"4-Wochen-Plan · Woche 4";"Prüfen Sie, welche Anlässe Sie ohne Alkohol gut gemeistert haben, und behalten Sie die alkoholfreien Tage als feste Gewohnheit bei.";"Verifichi quali occasioni ha gestito bene senza alcol e mantenga i giorni analcolici come abitudine fissa.";"";"";"Marketing, Medizin";"Prüfung erforderlich";"";"";"";"recommendation.plan.ei_alkohol.week_4";"recommendations";"it-CH";"3";"v1:4c57ada7d55b51436b17bda45c5831ce8e05df24ae9d5f359035e7ea924ebe4f";"0371560e91c5d39b242e426e15502794ba995531c23fee94aa3bc49185f2bdc3"
"Einflussfaktoren";"Alkohol";"Handlungsfelder";"Beschriftung";"Handlungsfeld · Einflussfaktoren · Kurzlabel";"Alkoholkonsum reduzieren";"Ridurre il consumo di alcol";"";"";"Marketing, Medizin";"Prüfung erforderlich";"";"";"";"recommendation.lever.lv_alkohol.label";"recommendations";"it-CH";"3";"v1:4c57ada7d55b51436b17bda45c5831ce8e05df24ae9d5f359035e7ea924ebe4f";"f2c655b985298f517c97ba426e546b0046a64cde46342d94f0b895a6d205d36f"
"Einflussfaktoren";"Alkohol";"Handlungsfelder";"Detailtext";"Handlungsfeld · Einflussfaktoren · Detailtext";"Ihre Angaben zeigen häufigen Alkoholkonsum. Für das gesundheitliche Risiko sind neben der Häufigkeit auch die Menge und hoher Konsum bei einzelnen Gelegenheiten relevant; insgesamt gilt: je weniger Alkohol, desto geringer das Risiko.";"Le Sue indicazioni mostrano un consumo frequente di alcol. Per il rischio per la salute contano, oltre alla frequenza, anche la quantità e un consumo elevato in singole occasioni; nel complesso vale la regola: meno alcol significa meno rischio.";"";"";"Marketing, Medizin";"Prüfung erforderlich";"Aus Konsumtagen allein keine individuelle Risikohöhe abgeleitet; durch Marketing und Medizin freigeben.";"";"";"recommendation.lever.lv_alkohol.detail";"recommendations";"it-CH";"3";"v1:4c57ada7d55b51436b17bda45c5831ce8e05df24ae9d5f359035e7ea924ebe4f";"94cb19a4e5e662fec79fa9d342dc534bce1ded5fdb48381edcb4c7aff15c170f"
"Einflussfaktoren";"Alkohol";"Stärken";"Beschriftung";"Stärke · Einflussfaktoren · Kurzlabel";"Massvoller Umgang mit Alkohol";"Rapporto moderato con l’alcol";"";"";"Marketing";"Prüfung erforderlich";"";"";"";"recommendation.strength.st_alkohol.label";"recommendations";"it-CH";"3";"v1:4c57ada7d55b51436b17bda45c5831ce8e05df24ae9d5f359035e7ea924ebe4f";"daee7273fbaac843ae57b66693e2862319f71b244d86e20f098f67952bbceb55"
"Einflussfaktoren";"Alkohol";"Stärken";"Detailtext";"Stärke · Einflussfaktoren · Detailtext";"Sie trinken nie oder selten Alkohol. Damit halten Sie Ihre alkoholbedingte Gesundheitsbelastung gering.";"Non beve alcol o lo beve raramente. In questo modo mantiene basso il carico sulla salute dovuto all’alcol.";"";"";"Marketing, Medizin";"Prüfung erforderlich";"Unzulässige individuelle Risikoreduktion durch zurückhaltende Expositionsaussage ersetzt; durch Marketing und Medizin freigeben.";"";"";"recommendation.strength.st_alkohol.detail";"recommendations";"it-CH";"3";"v1:4c57ada7d55b51436b17bda45c5831ce8e05df24ae9d5f359035e7ea924ebe4f";"5205e09d711b6134277eea132f8c21a594dba9fb0131ac7f59c0048a818066e9"
"Einflussfaktoren";"Alkohol";"Ergebnis-Einstieg";"Beschriftung";"Ergebnis-Zusammenfassung · Themenlabel «Alkohol»";"Alkohol";"Alcol";"";"";"Marketing";"Prüfung erforderlich";"";"";"";"ui.hero.topic.alkohol";"ui";"it-CH";"3";"v1:4c57ada7d55b51436b17bda45c5831ce8e05df24ae9d5f359035e7ea924ebe4f";"b997dd9b4f90de0e32567c4a57df9880eea4a7bbd000585a598b3051c2f48f1f"
"Einflussfaktoren";"Alltagssicherheit & Sturzprävention";"Empfehlungskarten";"Überschrift";"Empfehlungskarte · Einflussfaktoren · Titel";"Sicherheit bei alltäglichen Bewegungen aufbauen";"Aumentare la sicurezza nei movimenti quotidiani";"";"";"Marketing";"Prüfung erforderlich";"";"";"";"recommendation.catalog.ei_stabilitaet.title";"recommendations";"it-CH";"3";"v1:4c57ada7d55b51436b17bda45c5831ce8e05df24ae9d5f359035e7ea924ebe4f";"f51e0b52de945e5062fc44aac1af107196480157b8092d5d71f35e8482d6ab76"
"Einflussfaktoren";"Alltagssicherheit & Sturzprävention";"Empfehlungskarten";"Begründung / Einordnung";"Empfehlungskarte · Einflussfaktoren · Begründung";"Sie fühlen sich bei alltäglichen Bewegungen unsicher. Dieses Unsicherheitsgefühl ist ein wichtiges Frühwarnzeichen für ein erhöhtes Sturzrisiko – und lässt sich sehr gut trainieren.";"Si sente insicuro/a nei movimenti quotidiani. Questa sensazione è un importante segnale precoce di un maggiore rischio di caduta e può essere allenata molto bene.";"";"";"Marketing, Medizin";"Prüfung erforderlich";"";"";"";"recommendation.catalog.ei_stabilitaet.why";"recommendations";"it-CH";"3";"v1:4c57ada7d55b51436b17bda45c5831ce8e05df24ae9d5f359035e7ea924ebe4f";"c5ba893e647bd56a9c05ba0132c226cc7b2a2cca2f9f8da8abeb4f592fa03a79"
"Einflussfaktoren";"Alltagssicherheit & Sturzprävention";"Empfehlungskarten";"Nächster Schritt";"Empfehlungskarte · Einflussfaktoren · konkreter nächster Schritt";"Bauen Sie 2- bis 3-mal pro Woche kurze Gleichgewichts- und Kraftübungen ein – z. B. Einbeinstand beim Zähneputzen, Aufstehen vom Stuhl ohne Hände oder ein paar Kniebeugen mit Festhalten.";"Inserisca brevi esercizi di equilibrio e forza 2–3 volte alla settimana, ad es. stare su una gamba mentre si lava i denti, alzarsi dalla sedia senza usare le mani o fare alcuni squat sostenendosi.";"";"";"Marketing, Medizin";"Prüfung erforderlich";"";"";"";"recommendation.catalog.ei_stabilitaet.step";"recommendations";"it-CH";"3";"v1:4c57ada7d55b51436b17bda45c5831ce8e05df24ae9d5f359035e7ea924ebe4f";"ec52b77a2e3cbc9a570d959b902709f469d9f9b4844c19ba72ae2005238cbe58"
"Einflussfaktoren";"Alltagssicherheit & Sturzprävention";"Empfehlungskarten";"Erwarteter Nutzen";"Empfehlungskarte · Einflussfaktoren · erwarteter Nutzen";"Gezieltes Training von Gleichgewicht, Kraft und Beweglichkeit senkt das Sturzrisiko erheblich und stärkt Ihre Selbstständigkeit.";"Un allenamento mirato di equilibrio, forza e mobilità riduce notevolmente il rischio di caduta e rafforza la Sua autonomia.";"";"";"Marketing, Medizin";"Prüfung erforderlich";"";"";"";"recommendation.catalog.ei_stabilitaet.benefit";"recommendations";"it-CH";"3";"v1:4c57ada7d55b51436b17bda45c5831ce8e05df24ae9d5f359035e7ea924ebe4f";"ee794e9a71cd61138dbb00cec0193d0e214cb7e81b1628e35e818dbde23aaa84"
"Einflussfaktoren";"Alltagssicherheit & Sturzprävention";"4-Wochen-Pläne";"4-Wochen-Plan";"4-Wochen-Plan · Diese Woche";"Täglich zweimal Einbeinstand von 20–30 Sekunden pro Seite, an der Küchenzeile abgestützt – z. B. beim Zähneputzen. Dazu fünfmal aus dem Stuhl aufstehen, ohne die Hände zu benutzen.";"Due volte al giorno mantenga l’equilibrio su una gamba per 20–30 secondi per lato, sostenendosi al piano della cucina, ad es. mentre si lava i denti. Inoltre si alzi cinque volte dalla sedia senza usare le mani.";"";"";"Marketing, Medizin";"Prüfung erforderlich";"";"";"";"recommendation.plan.ei_stabilitaet.this_week";"recommendations";"it-CH";"3";"v1:4c57ada7d55b51436b17bda45c5831ce8e05df24ae9d5f359035e7ea924ebe4f";"74106ccf0eec62ed3243d5efb5a5c01d77467c3e5a3f5cf3b864dc7297d57d8d"
"Einflussfaktoren";"Alltagssicherheit & Sturzprävention";"4-Wochen-Pläne";"4-Wochen-Plan";"4-Wochen-Plan · Woche 2–3";"Machen Sie es schrittweise schwerer: nur noch mit einem Finger abstützen, dann frei; Kopf langsam nach links und rechts drehen. Warum das wirkt: Gleichgewicht ist kein Talent, sondern eine trainierbare Zusammenarbeit von Muskeln, Gelenksinn und Innenohr – sie verbessert sich in wenigen Wochen messbar.";"Aumenti gradualmente la difficoltà: prima si sostenga con un solo dito, poi senza sostegno; ruoti lentamente la testa a sinistra e a destra. Perché funziona: l’equilibrio non è un talento, ma una collaborazione allenabile tra muscoli, senso articolare e orecchio interno; può migliorare in modo misurabile in poche settimane.";"";"";"Marketing, Medizin";"Prüfung erforderlich";"";"";"";"recommendation.plan.ei_stabilitaet.weeks_2_3";"recommendations";"it-CH";"3";"v1:4c57ada7d55b51436b17bda45c5831ce8e05df24ae9d5f359035e7ea924ebe4f";"8531ed8590b3f439260f33a41db6076f6b85aa53ef3bdffd98f26e796b050793"
"Einflussfaktoren";"Alltagssicherheit & Sturzprävention";"4-Wochen-Pläne";"4-Wochen-Plan";"4-Wochen-Plan · Woche 4";"Ergänzen Sie Beinkraft (Kniebeugen, Treppensteigen). Kraft und Gleichgewicht zusammen senken das Sturzrisiko nachweislich stärker als jede Massnahme einzeln. Prüfen Sie ausserdem die Stolperfallen zu Hause: lose Teppiche, schlechte Beleuchtung, Kabel.";"Aggiunga forza delle gambe con squat e scale. Forza ed equilibrio insieme riducono in modo comprovato il rischio di caduta più di ciascuna misura da sola. Controlli inoltre i rischi d’inciampo in casa: tappeti non fissati, illuminazione insufficiente, cavi.";"";"";"Marketing, Medizin";"Prüfung erforderlich";"";"";"";"recommendation.plan.ei_stabilitaet.week_4";"recommendations";"it-CH";"3";"v1:4c57ada7d55b51436b17bda45c5831ce8e05df24ae9d5f359035e7ea924ebe4f";"7302db40a609eb0abe8e4cd69a3e3dcaab06b35b346403ecc96c1e23f12ae9a2"
"Einflussfaktoren";"Alltagssicherheit & Sturzprävention";"Handlungsfelder";"Beschriftung";"Handlungsfeld · Einflussfaktoren · Kurzlabel";"Gleichgewicht trainieren, Stürzen vorbeugen";"Allenare l’equilibrio e prevenire le cadute";"";"";"Marketing, Medizin";"Prüfung erforderlich";"";"";"";"recommendation.lever.lv_sturz.label";"recommendations";"it-CH";"3";"v1:4c57ada7d55b51436b17bda45c5831ce8e05df24ae9d5f359035e7ea924ebe4f";"11825aaa1e272f2a79aa8bafc203afc806989f8cac507968b402e356e0595781"
"Einflussfaktoren";"Alltagssicherheit & Sturzprävention";"Handlungsfelder";"Detailtext";"Handlungsfeld · Einflussfaktoren · Detailtext";"Ihr Unsicherheitsgefühl bei Alltagsbewegungen ist ein Frühwarnzeichen – gezieltes Gleichgewichts- und Krafttraining senkt das Sturzrisiko erheblich.";"La Sua sensazione di insicurezza nei movimenti quotidiani è un segnale precoce: un allenamento mirato dell’equilibrio e della forza riduce notevolmente il rischio di caduta.";"";"";"Marketing, Medizin";"Prüfung erforderlich";"";"";"";"recommendation.lever.lv_sturz.detail";"recommendations";"it-CH";"3";"v1:4c57ada7d55b51436b17bda45c5831ce8e05df24ae9d5f359035e7ea924ebe4f";"6d6efad7c72df19bb84431de847daaec10b9a0173c6b0ae3a06f57559cb11c32"
"Einflussfaktoren";"Alltagssicherheit & Sturzprävention";"Stärken";"Beschriftung";"Stärke · Einflussfaktoren · Kurzlabel";"Sicher auf den Beinen";"Sicuro/a sulle gambe";"";"";"Marketing";"Prüfung erforderlich";"";"";"";"recommendation.strength.st_sicherheit.label";"recommendations";"it-CH";"3";"v1:4c57ada7d55b51436b17bda45c5831ce8e05df24ae9d5f359035e7ea924ebe4f";"aa88fb939ddacae0235bd346c98ebae9df00b8b8fe1e6afdbb431a95a4a85a1d"
"Einflussfaktoren";"Alltagssicherheit & Sturzprävention";"Stärken";"Detailtext";"Stärke · Einflussfaktoren · Detailtext";"Sie fühlen sich bei Alltagsbewegungen sehr sicher – in Ihrem Alter ein wertvoller Schutz vor Stürzen.";"Si sente molto sicuro/a nei movimenti quotidiani: alla Sua età è una protezione preziosa contro le cadute.";"";"";"Marketing, Medizin";"Prüfung erforderlich";"";"";"";"recommendation.strength.st_sicherheit.detail";"recommendations";"it-CH";"3";"v1:4c57ada7d55b51436b17bda45c5831ce8e05df24ae9d5f359035e7ea924ebe4f";"6e511b33f20ee860badaf93d109b688c1bbb11db6ff5ebb30424276a229ff576"
"Einflussfaktoren";"Alltagssicherheit & Sturzprävention";"Dimensionsdetails";"Überschrift";"Dimensionsdetail · Titel";"Unsicherheit bei Alltagsbewegungen";"Insicurezza nei movimenti quotidiani";"";"";"Marketing, Medizin";"Prüfung erforderlich";"";"";"";"recommendation.signal.stabilitaet.title";"recommendations";"it-CH";"3";"v1:4c57ada7d55b51436b17bda45c5831ce8e05df24ae9d5f359035e7ea924ebe4f";"736ea263a6ae07730e033e4583b3fdb50cbda24f294920920f2e7e798a7d24fa"
"Einflussfaktoren";"Alltagssicherheit & Sturzprävention";"Dimensionsdetails";"Persönliche Einordnung";"Dimensionsdetail · Einordnung";"Das Gefühl von Unsicherheit geht dem ersten Sturz oft Jahre voraus – und ist damit ein wertvolles Frühwarnzeichen. Gleichgewicht ist kein Talent, sondern trainierbar; messbare Fortschritte zeigen sich in wenigen Wochen.";"La sensazione di insicurezza spesso precede di anni la prima caduta ed è quindi un prezioso segnale precoce. L’equilibrio non è un talento, ma si può allenare; in poche settimane possono comparire progressi misurabili.";"";"";"Marketing, Medizin";"Prüfung erforderlich";"";"";"";"recommendation.signal.stabilitaet.insight";"recommendations";"it-CH";"3";"v1:4c57ada7d55b51436b17bda45c5831ce8e05df24ae9d5f359035e7ea924ebe4f";"037584afb9167c92cba7814d7ee152c045d5f4ac9e74f526ce1408eeca6f939a"
"Einflussfaktoren";"Alltagssicherheit & Sturzprävention";"Dimensionsdetails";"Nächster Schritt";"Dimensionsdetail · konkreter nächster Schritt";"Beim Zähneputzen auf einem Bein stehen (20–30 Sek. pro Seite), leicht abgestützt.";"Mentre si lava i denti stia su una gamba per 20–30 sec. per lato, con un leggero sostegno.";"";"";"Marketing, Medizin";"Prüfung erforderlich";"";"";"";"recommendation.signal.stabilitaet.action";"recommendations";"it-CH";"3";"v1:4c57ada7d55b51436b17bda45c5831ce8e05df24ae9d5f359035e7ea924ebe4f";"f8ef8d7cda6bab82aee5e39f7d9cd5aadbf734fe39fcc254067384dd74aee824"
"Einflussfaktoren";"Alltagssicherheit & Sturzprävention";"Risikosignale";"Risikosignal";"Ergebnisseite, Lebensstil-Signal Bewegungsstabilität";"Sie fühlen sich bei alltäglichen Bewegungen unsicher – ein wichtiges Frühwarnzeichen für Sturzrisiko.";"Si sente insicuro/a nei movimenti quotidiani: si tratta di un importante segnale precoce del rischio di caduta.";"";"";"Marketing, Medizin";"Prüfung erforderlich";"";"";"";"recommendation.risk_signal.stabilitaet.label";"recommendations";"it-CH";"3";"v1:4c57ada7d55b51436b17bda45c5831ce8e05df24ae9d5f359035e7ea924ebe4f";"457835ebe76231568f8fd0a440e1b5c12fbbbd89658a1bd19f63e9cf7e5a561a"
"Einflussfaktoren";"Alltagssicherheit & Sturzprävention";"Ergebnis-Einstieg";"Beschriftung";"Ergebnis-Zusammenfassung · Themenlabel «Alltagssicherheit & Sturzprävention»";"Sicherheit bei Alltagsbewegungen";"Sicurezza nei movimenti quotidiani";"";"";"Marketing";"Prüfung erforderlich";"";"";"";"ui.hero.topic.stabilitaet";"ui";"it-CH";"3";"v1:4c57ada7d55b51436b17bda45c5831ce8e05df24ae9d5f359035e7ea924ebe4f";"c1221515346900a85c4052537b20107fe9d75dd80ea9c9e74d28a7368ba0bc4e"
"Einflussfaktoren";"Digitale Gewohnheiten";"Empfehlungskarten";"Überschrift";"Empfehlungskarte · Einflussfaktoren · Titel";"Bildschirm- und Social-Media-Zeit bewusst begrenzen";"Limitare consapevolmente il tempo davanti allo schermo e sui social media";"";"";"Marketing";"Prüfung erforderlich";"";"";"";"recommendation.catalog.ei_socialmedia.title";"recommendations";"it-CH";"3";"v1:4c57ada7d55b51436b17bda45c5831ce8e05df24ae9d5f359035e7ea924ebe4f";"0eed139cf9ba78b8c4a03357e9a04deb95aefea76d5589f0cf2520bda7fbfb34"
"Einflussfaktoren";"Digitale Gewohnheiten";"Empfehlungskarten";"Begründung / Einordnung";"Empfehlungskarte · Einflussfaktoren · Begründung";"Social Media beeinträchtigt Ihr Wohlbefinden oder Ihren Alltag spürbar. Bewusste Grenzen entlasten Kopf und Schlaf.";"I social media compromettono in modo percepibile il Suo benessere o la vita quotidiana. Limiti consapevoli alleggeriscono la mente e favoriscono il sonno.";"";"";"Marketing, Medizin";"Prüfung erforderlich";"";"";"";"recommendation.catalog.ei_socialmedia.why";"recommendations";"it-CH";"3";"v1:4c57ada7d55b51436b17bda45c5831ce8e05df24ae9d5f359035e7ea924ebe4f";"b4c8e9853909184c60274846678020db64e28c3de4b01731991787d4f43c8c0d"
"Einflussfaktoren";"Digitale Gewohnheiten";"Empfehlungskarten";"Nächster Schritt";"Empfehlungskarte · Einflussfaktoren · konkreter nächster Schritt";"Legen Sie feste bildschirmfreie Zeiten fest (z. B. die erste Stunde nach dem Aufwachen und vor dem Schlafen) und schalten Sie unnötige Benachrichtigungen ab.";"Stabilisca orari fissi senza schermi (ad es. la prima ora dopo il risveglio e l’ultima ora prima di coricarsi) e disattivi le notifiche non necessarie.";"";"";"Marketing, Medizin";"Prüfung erforderlich";"";"";"";"recommendation.catalog.ei_socialmedia.step";"recommendations";"it-CH";"3";"v1:4c57ada7d55b51436b17bda45c5831ce8e05df24ae9d5f359035e7ea924ebe4f";"00f39b39ff28ea55141c0b9f86cd1b9239e0ce3bfb0a368b3fd88bf7768b69d4"
"Einflussfaktoren";"Digitale Gewohnheiten";"Empfehlungskarten";"Erwarteter Nutzen";"Empfehlungskarte · Einflussfaktoren · erwarteter Nutzen";"Weniger Dauerberieselung verbessert Konzentration, Stimmung und Schlaf.";"Meno stimoli continui migliorano la concentrazione, l’umore e il sonno.";"";"";"Marketing, Medizin";"Prüfung erforderlich";"";"";"";"recommendation.catalog.ei_socialmedia.benefit";"recommendations";"it-CH";"3";"v1:4c57ada7d55b51436b17bda45c5831ce8e05df24ae9d5f359035e7ea924ebe4f";"ad10d9325bbfd7cde38d59eff8d47de23dab43777cde12069cd4f00103bb550a"
"Einflussfaktoren";"Digitale Gewohnheiten";"4-Wochen-Pläne";"4-Wochen-Plan";"4-Wochen-Plan · Diese Woche";"Zwei bildschirmfreie Fenster einführen: die <b>erste Stunde nach dem Aufwachen</b> und die letzte vor dem Schlafen. Handy über Nacht ausserhalb des Schlafzimmers laden.";"Introduca due finestre senza schermi: la <b>prima ora dopo il risveglio</b> e l’ultima prima di dormire. Di notte carichi il telefono fuori dalla camera da letto.";"";"";"Marketing, Medizin";"Prüfung erforderlich";"";"";"";"recommendation.plan.ei_socialmedia.this_week";"recommendations";"it-CH";"3";"v1:4c57ada7d55b51436b17bda45c5831ce8e05df24ae9d5f359035e7ea924ebe4f";"d17010111c4602e35543cee3bb4d2ed269ebdd4b9360b76a490d666a409c13ad"
"Einflussfaktoren";"Digitale Gewohnheiten";"4-Wochen-Pläne";"4-Wochen-Plan";"4-Wochen-Plan · Woche 2–3";"Erhöhen Sie bewusst die Hürde statt auf Willenskraft zu setzen: die zwei zeitintensivsten Apps vom Startbildschirm entfernen, Push-Benachrichtigungen abschalten, ggf. ein Zeitlimit setzen. Dass Loslassen schwerfällt, ist Produktdesign – kein Willensmangel.";"Aumenti consapevolmente gli ostacoli invece di affidarsi alla forza di volontà: rimuova dalla schermata iniziale le due app che occupano più tempo, disattivi le notifiche push ed eventualmente imposti un limite di tempo. La difficoltà a staccarsi è dovuta al design del prodotto, non a una mancanza di volontà.";"";"";"Marketing, Medizin";"Prüfung erforderlich";"";"";"";"recommendation.plan.ei_socialmedia.weeks_2_3";"recommendations";"it-CH";"3";"v1:4c57ada7d55b51436b17bda45c5831ce8e05df24ae9d5f359035e7ea924ebe4f";"40779031225abba69795fad142fbbf0d3fdb7310135530d63be7e4bb9e72e73d"
"Einflussfaktoren";"Digitale Gewohnheiten";"4-Wochen-Pläne";"4-Wochen-Plan";"4-Wochen-Plan · Woche 4";"Ersetzen Sie die gewonnene Zeit gezielt durch etwas, das Ihnen guttut (Bewegung, Kontakt, Hobby) – so entsteht ein Gewinn statt eines Verzichts.";"Sostituisca in modo mirato il tempo guadagnato con qualcosa che Le fa bene, come movimento, contatti o un hobby: così nasce un beneficio invece di una rinuncia.";"";"";"Marketing, Medizin";"Prüfung erforderlich";"";"";"";"recommendation.plan.ei_socialmedia.week_4";"recommendations";"it-CH";"3";"v1:4c57ada7d55b51436b17bda45c5831ce8e05df24ae9d5f359035e7ea924ebe4f";"d60392827e2b55dc3117e731c2e79ae08e4ada45bb4b4378e0ecc5db24b1a527"
"Einflussfaktoren";"Digitale Gewohnheiten";"Handlungsfelder";"Beschriftung";"Handlungsfeld · Einflussfaktoren · Kurzlabel";"Social-Media-Zeit bewusst begrenzen";"Limitare consapevolmente il tempo sui social media";"";"";"Marketing, Medizin";"Prüfung erforderlich";"";"";"";"recommendation.lever.lv_socialmedia.label";"recommendations";"it-CH";"3";"v1:4c57ada7d55b51436b17bda45c5831ce8e05df24ae9d5f359035e7ea924ebe4f";"ec858ea9e73ce8ee254262b2e0fff504f1f5e43b147ed5134ee8a4485130555a"
"Einflussfaktoren";"Digitale Gewohnheiten";"Handlungsfelder";"Detailtext";"Handlungsfeld · Einflussfaktoren · Detailtext";"Sie verbringen mehr Zeit online, als Ihnen lieb ist – feste bildschirmfreie Zeiten geben Ihnen die Kontrolle zurück.";"Trascorre online più tempo di quanto vorrebbe: orari fissi senza schermi Le restituiscono il controllo.";"";"";"Marketing, Medizin";"Prüfung erforderlich";"";"";"";"recommendation.lever.lv_socialmedia.detail";"recommendations";"it-CH";"3";"v1:4c57ada7d55b51436b17bda45c5831ce8e05df24ae9d5f359035e7ea924ebe4f";"12b6ce00e0c32dd72d5d7bff1bc9bf382c84bd02a24329ad21c97b7135d9f962"
"Einflussfaktoren";"Digitale Gewohnheiten";"Dimensionsdetails";"Überschrift";"Dimensionsdetail · Titel";"Social Media beansprucht viel Raum";"I social media occupano molto spazio";"";"";"Marketing, Medizin";"Prüfung erforderlich";"";"";"";"recommendation.signal.socialmedia.title";"recommendations";"it-CH";"3";"v1:4c57ada7d55b51436b17bda45c5831ce8e05df24ae9d5f359035e7ea924ebe4f";"12442bc08f636bf53a76f240626ff2d814c440d834e5fdb2d27bd1759e968283"
"Einflussfaktoren";"Digitale Gewohnheiten";"Dimensionsdetails";"Persönliche Einordnung";"Dimensionsdetail · Einordnung";"Die Apps sind darauf optimiert, Aufmerksamkeit zu halten – dass es schwerfällt aufzuhören, ist kein Willensmangel, sondern Produktdesign. Am wirksamsten sind deshalb Massnahmen, die die Hürde erhöhen, nicht Vorsätze.";"Le app sono ottimizzate per trattenere l’attenzione: la difficoltà a smettere non è mancanza di volontà, ma design del prodotto. Le misure più efficaci sono quindi quelle che aumentano gli ostacoli, non i buoni propositi.";"";"";"Marketing, Medizin";"Prüfung erforderlich";"";"";"";"recommendation.signal.socialmedia.insight";"recommendations";"it-CH";"3";"v1:4c57ada7d55b51436b17bda45c5831ce8e05df24ae9d5f359035e7ea924ebe4f";"b238cf7ced64e938880a236fd7b3b62735669fa32893c88735e2fac1c0a6efb1"
"Einflussfaktoren";"Digitale Gewohnheiten";"Dimensionsdetails";"Nächster Schritt";"Dimensionsdetail · konkreter nächster Schritt";"Handy über Nacht ausserhalb des Schlafzimmers laden und die zwei zeitintensivsten Apps vom Startbildschirm entfernen.";"Di notte carichi il telefono fuori dalla camera da letto e rimuova dalla schermata iniziale le due app che occupano più tempo.";"";"";"Marketing, Medizin";"Prüfung erforderlich";"";"";"";"recommendation.signal.socialmedia.action";"recommendations";"it-CH";"3";"v1:4c57ada7d55b51436b17bda45c5831ce8e05df24ae9d5f359035e7ea924ebe4f";"a4f7a644d626cc52ed84d0a5dda3248eff18baddff8e31e83e58d29466c2650b"
"Einflussfaktoren";"Digitale Gewohnheiten";"Risikosignale";"Risikosignal";"Ergebnisseite, Lebensstil-Signal Social Media";"Social Media beeinträchtigt Ihr Wohlbefinden oder Ihren Alltag spürbar.";"I social media compromettono in modo percepibile il Suo benessere o la vita quotidiana.";"";"";"Marketing, Medizin";"Prüfung erforderlich";"";"";"";"recommendation.risk_signal.socialmedia.label";"recommendations";"it-CH";"3";"v1:4c57ada7d55b51436b17bda45c5831ce8e05df24ae9d5f359035e7ea924ebe4f";"ccbec4e6e07d40ecfb1c8e284a13ac6a9aad1e28093d0acec161f3ce6dda2895"
"Einflussfaktoren";"Digitale Gewohnheiten";"Ergebnis-Einstieg";"Beschriftung";"Ergebnis-Zusammenfassung · Themenlabel «Digitale Gewohnheiten»";"Social-Media-Zeit";"Tempo sui social media";"";"";"Marketing";"Prüfung erforderlich";"";"";"";"ui.hero.topic.socialmedia";"ui";"it-CH";"3";"v1:4c57ada7d55b51436b17bda45c5831ce8e05df24ae9d5f359035e7ea924ebe4f";"bb5e6ce6a70424d8f0d02eb8a2d9141ce6af58aa9fbafaf26f26f3f652552959"
"Einflussfaktoren";"Herz-Kreislauf & Vorsorge";"Spezialaktionen";"Überschrift";"Kardiovaskulärer Vorsorge-Check, Titel";"Kardiovaskulären Vorsorge-Check vereinbaren";"Fissare un check-up cardiovascolare preventivo";"";"";"Marketing, Medizin";"Prüfung erforderlich";"";"";"";"recommendation.special.act_kardio.title";"recommendations";"it-CH";"3";"v1:4c57ada7d55b51436b17bda45c5831ce8e05df24ae9d5f359035e7ea924ebe4f";"0382da806f7120c256329454808b4410b1cee1949e97e463075242669267a617"
"Einflussfaktoren";"Herz-Kreislauf & Vorsorge";"Spezialaktionen";"Dynamischer Text";"Kardiovaskulärer Vorsorge-Check, Begründung mit dynamischer Liste";"Mehrere Ihrer Angaben sprechen dafür, Ihr Herz-Kreislauf-Risiko ärztlich einordnen zu lassen: {{riskFactors}}. Dabei können aktuelle Messwerte erhoben und geeignete nächste Schritte gemeinsam festgelegt werden.";"Diverse Sue indicazioni suggeriscono di far valutare dal medico il rischio cardiovascolare: {{riskFactors}}. Si possono così rilevare valori aggiornati e stabilire insieme i prossimi passi adeguati.";"";"";"Marketing, Medizin";"Prüfung erforderlich";"Heuristik nicht als validierte Wechselwirkung oder medizinische Rangfolge dargestellt; durch Marketing und Medizin freigeben.";"{{riskFactors}}";"";"recommendation.special.act_kardio.why";"recommendations";"it-CH";"3";"v1:4c57ada7d55b51436b17bda45c5831ce8e05df24ae9d5f359035e7ea924ebe4f";"dbbf938f443651b5c88a9938ee3ab88f9cad774b3c0fd907b591f0a10fb60d58"
"Einflussfaktoren";"Herz-Kreislauf & Vorsorge";"Spezialaktionen";"Nächster Schritt";"Kardiovaskulärer Vorsorge-Check · Startschritt · Abklärung erforderlich";"Vereinbaren Sie zeitnah einen Termin, um Ihr Herz-Kreislauf-Risiko anhand von Blutdruck, Blutfetten und Blutzucker fachlich einordnen zu lassen.";"Fissi a breve un appuntamento per far valutare professionalmente il rischio cardiovascolare sulla base di pressione, lipidi nel sangue e glicemia.";"";"";"Marketing, Medizin";"Prüfung erforderlich";"Nicht validierte Zwei-Wochen-Frist entfernt; durch Marketing und Medizin freigeben.";"";"";"recommendation.special.act_kardio.step.assessment_needed";"recommendations";"it-CH";"3";"v1:4c57ada7d55b51436b17bda45c5831ce8e05df24ae9d5f359035e7ea924ebe4f";"8cd992e7b1fba45e41f427b04f4a3c494390f226af204f123027e251d28fc753"
"Einflussfaktoren";"Herz-Kreislauf & Vorsorge";"Spezialaktionen";"Nächster Schritt";"Kardiovaskulärer Vorsorge-Check · Startschritt · Abklärung erforderlich · Bluthochdruck";"Vereinbaren Sie zeitnah einen Termin, um Blutdruck, Blutfette und Blutzucker fachlich einordnen zu lassen. Führen Sie Ihre verordnete Behandlung wie besprochen weiter und klären Sie den passenden Messrhythmus mit der behandelnden Fachperson.";"Fissi a breve un appuntamento per far valutare professionalmente pressione, lipidi nel sangue e glicemia. Prosegua il trattamento prescritto come concordato e chiarisca con la figura professionale curante il ritmo di misurazione adeguato.";"";"";"Marketing, Medizin";"Prüfung erforderlich";"Nicht validierte Zwei-Wochen-Frist entfernt und Messrhythmus an Fachperson gebunden; durch Marketing und Medizin freigeben.";"";"";"recommendation.special.act_kardio.step.assessment_needed_hypertension";"recommendations";"it-CH";"3";"v1:4c57ada7d55b51436b17bda45c5831ce8e05df24ae9d5f359035e7ea924ebe4f";"e8e58d84a723813cdbd9fd4e6302c7f1a02bf5189227394cd1c898f896901ba5"
"Einflussfaktoren";"Herz-Kreislauf & Vorsorge";"Spezialaktionen";"Nächster Schritt";"Kardiovaskulärer Vorsorge-Check · Startschritt · Abklärung erforderlich · familiäre Vorbelastung";"Vereinbaren Sie zeitnah einen Termin, um Blutdruck, Blutfette und Blutzucker fachlich einordnen zu lassen, und sprechen Sie dabei Ihre familiäre Vorgeschichte an.";"Fissi a breve un appuntamento per far valutare professionalmente pressione, lipidi nel sangue e glicemia e parli della Sua storia familiare.";"";"";"Marketing, Medizin";"Prüfung erforderlich";"Nicht validierte Zwei-Wochen-Frist entfernt; durch Marketing und Medizin freigeben.";"";"";"recommendation.special.act_kardio.step.assessment_needed_family_history";"recommendations";"it-CH";"3";"v1:4c57ada7d55b51436b17bda45c5831ce8e05df24ae9d5f359035e7ea924ebe4f";"a63b228216fa88a82df670f21d9d18475b772cf3aa5a8c4f2866a752101cdaf1"
"Einflussfaktoren";"Herz-Kreislauf & Vorsorge";"Spezialaktionen";"Nächster Schritt";"Kardiovaskulärer Vorsorge-Check · Startschritt · Abklärung erforderlich · familiäre Vorbelastung · Bluthochdruck";"Vereinbaren Sie zeitnah einen Termin, um Blutdruck, Blutfette und Blutzucker fachlich einordnen zu lassen, und sprechen Sie Ihre familiäre Vorgeschichte an. Führen Sie Ihre verordnete Behandlung wie besprochen weiter und klären Sie den passenden Messrhythmus mit der behandelnden Fachperson.";"Fissi a breve un appuntamento per far valutare professionalmente pressione, lipidi nel sangue e glicemia e parli della Sua storia familiare. Prosegua il trattamento prescritto come concordato e chiarisca con la figura professionale curante il ritmo di misurazione adeguato.";"";"";"Marketing, Medizin";"Prüfung erforderlich";"Nicht validierte Zwei-Wochen-Frist entfernt und Messrhythmus an Fachperson gebunden; durch Marketing und Medizin freigeben.";"";"";"recommendation.special.act_kardio.step.assessment_needed_family_history_hypertension";"recommendations";"it-CH";"3";"v1:4c57ada7d55b51436b17bda45c5831ce8e05df24ae9d5f359035e7ea924ebe4f";"903ed8b359b1a954672564dae368087c78845891d0d98270a2092185a710b5cf"
"Einflussfaktoren";"Herz-Kreislauf & Vorsorge";"Spezialaktionen";"Nächster Schritt";"Kardiovaskulärer Vorsorge-Check · Startschritt · Werte bereits abgeklärt";"Sprechen Sie beim nächsten Termin gezielt Ihr Herz-Kreislauf-Risiko an und lassen Sie Blutdruck, Blutfette und Blutzucker aktuell bestimmen.";"Al prossimo appuntamento affronti in modo mirato il Suo rischio cardiovascolare e faccia misurare i valori aggiornati di pressione, lipidi nel sangue e glicemia.";"";"";"Marketing, Medizin";"Prüfung erforderlich";"";"";"";"recommendation.special.act_kardio.step.already_assessed";"recommendations";"it-CH";"3";"v1:4c57ada7d55b51436b17bda45c5831ce8e05df24ae9d5f359035e7ea924ebe4f";"bfe0bd93c24b5ec1bc26fdb55670b1a06b15991773f1378430c0b29580da64c2"
"Einflussfaktoren";"Herz-Kreislauf & Vorsorge";"Spezialaktionen";"Nächster Schritt";"Kardiovaskulärer Vorsorge-Check · Startschritt · Werte bereits abgeklärt · Bluthochdruck";"Sprechen Sie beim nächsten Termin gezielt Ihr Herz-Kreislauf-Risiko an und lassen Sie Blutdruck, Blutfette und Blutzucker aktuell bestimmen. Bis dahin: Blutdruck regelmässig messen und die laufende Behandlung konsequent weiterführen.";"Al prossimo appuntamento affronti in modo mirato il Suo rischio cardiovascolare e faccia misurare i valori aggiornati di pressione, lipidi nel sangue e glicemia. Nel frattempo misuri regolarmente la pressione e prosegua con costanza il trattamento in corso.";"";"";"Marketing, Medizin";"Prüfung erforderlich";"";"";"";"recommendation.special.act_kardio.step.already_assessed_hypertension";"recommendations";"it-CH";"3";"v1:4c57ada7d55b51436b17bda45c5831ce8e05df24ae9d5f359035e7ea924ebe4f";"4ab7da39894b6bfed8ce3cde8e7dd76858fd04575fa78ed6efce4e5847730251"
"Einflussfaktoren";"Herz-Kreislauf & Vorsorge";"Spezialaktionen";"Nächster Schritt";"Kardiovaskulärer Vorsorge-Check · Startschritt · Werte bereits abgeklärt · familiäre Vorbelastung";"Sprechen Sie beim nächsten Termin gezielt Ihr Herz-Kreislauf-Risiko und Ihre familiäre Vorgeschichte an und lassen Sie Blutdruck, Blutfette und Blutzucker aktuell bestimmen.";"Al prossimo appuntamento affronti in modo mirato il Suo rischio cardiovascolare e la storia familiare e faccia misurare i valori aggiornati di pressione, lipidi nel sangue e glicemia.";"";"";"Marketing, Medizin";"Prüfung erforderlich";"Übernimmt den relevanten Familienanamnese-Hinweis aus der dadurch ersetzten Einzelkarte; durch Marketing und Medizin freigeben.";"";"";"recommendation.special.act_kardio.step.already_assessed_family_history";"recommendations";"it-CH";"3";"v1:4c57ada7d55b51436b17bda45c5831ce8e05df24ae9d5f359035e7ea924ebe4f";"2da94286d9bf7dd0e38cd7440f8f472ba8d06e3c623df2e21fcbd7fb53ecf5a2"
"Einflussfaktoren";"Herz-Kreislauf & Vorsorge";"Spezialaktionen";"Nächster Schritt";"Kardiovaskulärer Vorsorge-Check · Startschritt · Werte bereits abgeklärt · familiäre Vorbelastung · Bluthochdruck";"Sprechen Sie beim nächsten Termin gezielt Ihr Herz-Kreislauf-Risiko und Ihre familiäre Vorgeschichte an und lassen Sie Blutdruck, Blutfette und Blutzucker aktuell bestimmen. Bis dahin: Blutdruck regelmässig messen und die laufende Behandlung konsequent weiterführen.";"Al prossimo appuntamento affronti in modo mirato il Suo rischio cardiovascolare e la storia familiare e faccia misurare i valori aggiornati di pressione, lipidi nel sangue e glicemia. Nel frattempo misuri regolarmente la pressione e prosegua con costanza il trattamento in corso.";"";"";"Marketing, Medizin";"Prüfung erforderlich";"Bündelt Familienanamnese und Bluthochdruck-Begleitung in der priorisierten Kardio-Karte; durch Marketing und Medizin freigeben.";"";"";"recommendation.special.act_kardio.step.already_assessed_family_history_hypertension";"recommendations";"it-CH";"3";"v1:4c57ada7d55b51436b17bda45c5831ce8e05df24ae9d5f359035e7ea924ebe4f";"b89e28a8434f617d0e790fa996be56845274644cdc48741154e034413e6b7f1c"
"Einflussfaktoren";"Herz-Kreislauf & Vorsorge";"Spezialaktionen";"Erwarteter Nutzen";"Kardiovaskulärer Vorsorge-Check, Nutzen";"Sie erhalten aktuelle Messwerte und können mit der Fachperson klären, welche nächsten Schritte zu Ihrem Risikoprofil passen.";"Ottiene valori aggiornati e può chiarire con una figura professionale quali prossimi passi sono adatti al Suo profilo di rischio.";"";"";"Marketing, Medizin";"Prüfung erforderlich";"Absolutes Nutzenversprechen durch realistische Entscheidungsgrundlage ersetzt; durch Marketing und Medizin freigeben.";"";"";"recommendation.special.act_kardio.benefit";"recommendations";"it-CH";"3";"v1:4c57ada7d55b51436b17bda45c5831ce8e05df24ae9d5f359035e7ea924ebe4f";"1ef175dfc2c4a92623a26811eab38c6aace127060649beb4c6e62539cc696e34"
"Einflussfaktoren";"Herz-Kreislauf & Vorsorge";"4-Wochen-Pläne";"4-Wochen-Plan";"4-Wochen-Plan · Diese Woche";"Termin vereinbaren – und die Untersuchung gezielt vorbereiten: Bitten Sie neben Blutdruck und Blutzucker um ein Lipidprofil und fragen Sie aktiv nach <b>ApoB (Apolipoprotein B)</b> und <b>Lp(a) (Lipoprotein(a))</b>. Notieren Sie vorab, wer in Ihrer Familie wann eine Herz-Kreislauf-Erkrankung hatte – das verändert die ärztliche Einschätzung oft deutlich.";"Fissi un appuntamento e prepari in modo mirato l’esame: oltre alla pressione e alla glicemia, chieda un profilo lipidico e domandi attivamente di <b>ApoB (apolipoproteina B)</b> e <b>Lp(a) (lipoproteina(a))</b>. Annoti prima chi nella Sua famiglia ha avuto una malattia cardiovascolare e a quale età: spesso questo modifica sensibilmente la valutazione medica.";"";"";"Marketing, Medizin";"Prüfung erforderlich";"";"";"ApoB | Lp(a)";"recommendation.plan.act_kardio.this_week";"recommendations";"it-CH";"3";"v1:4c57ada7d55b51436b17bda45c5831ce8e05df24ae9d5f359035e7ea924ebe4f";"48c0dc5286cb029226d53b8a63d3bfd6ebb2e6aa1c09aea43475a1ad21e4b0aa"
"Einflussfaktoren";"Herz-Kreislauf & Vorsorge";"4-Wochen-Pläne";"4-Wochen-Plan";"4-Wochen-Plan · Woche 2–3";"Verstehen, worum es geht: <b>ApoB</b> bildet die Anzahl atherogener Partikel ab, während LDL-Cholesterin deren Cholesteringehalt misst – beide Werte können auseinanderfallen. <b>Lp(a)</b> ist weitgehend genetisch bestimmt und durch den Lebensstil kaum beeinflussbar. Eine einmalige Bestimmung im Erwachsenenleben ist meist ausreichend; Ausnahmen legt die Fachperson fest.";"Comprenda di che cosa si tratta: <b>ApoB</b> rappresenta il numero di particelle aterogene, mentre il colesterolo LDL misura il loro contenuto di colesterolo; i due valori possono divergere. <b>Lp(a)</b> è determinata in gran parte geneticamente ed è difficilmente influenzabile dallo stile di vita. Di solito è sufficiente determinarla una volta nella vita adulta; eventuali eccezioni sono stabilite dalla figura professionale.";"";"";"Marketing, Medizin";"Prüfung erforderlich";"ApoB und Lp(a) fachlich getrennt und die einmalige Lp(a)-Messung korrekt qualifiziert; durch Marketing und Medizin freigeben.";"";"ApoB | Lp(a)";"recommendation.plan.act_kardio.weeks_2_3";"recommendations";"it-CH";"3";"v1:4c57ada7d55b51436b17bda45c5831ce8e05df24ae9d5f359035e7ea924ebe4f";"aa5fb8bb30fd56b6e6014135a6877205f13fa4d104d45c537371756c38d0683c"
"Einflussfaktoren";"Herz-Kreislauf & Vorsorge";"4-Wochen-Pläne";"4-Wochen-Plan";"4-Wochen-Plan · Woche 4, Alter ab 40";"Kontrollrhythmus festlegen und eintragen. Die Schweizerische Herzstiftung empfiehlt, die Blutfette ab 40 mindestens alle fünf Jahre kontrollieren zu lassen; den Blutzucker ab 45. Lp(a) wird im Erwachsenenleben meist nur einmal bestimmt; Ausnahmen legt die Fachperson fest. Bei erhöhtem Risiko oder laufender Therapie legen Sie die Intervalle mit Ihrer Fachperson fest.";"Stabilisca e annoti il ritmo dei controlli. La Fondazione Svizzera di Cardiologia raccomanda di controllare i lipidi nel sangue almeno ogni cinque anni dai 40 anni e la glicemia dai 45. Lp(a) viene di solito determinata una sola volta nella vita adulta; eventuali eccezioni sono stabilite dalla figura professionale. In caso di rischio elevato o terapia in corso, definisca gli intervalli con la figura professionale che La segue.";"";"";"Marketing, Medizin";"Prüfung erforderlich";"Lp(a)-Wiederholung qualifiziert und Kontrollintervalle an Fachperson gebunden; durch Marketing und Medizin freigeben.";"";"Lp(a)";"recommendation.plan.act_kardio.week_4.age_40_plus";"recommendations";"it-CH";"3";"v1:4c57ada7d55b51436b17bda45c5831ce8e05df24ae9d5f359035e7ea924ebe4f";"4d9721f4c15ec018d4050b3738c182d57ef347c07319a5d19711cd94c0359948"
"Einflussfaktoren";"Herz-Kreislauf & Vorsorge";"4-Wochen-Pläne";"4-Wochen-Plan";"4-Wochen-Plan · Woche 4, Alter unter 40";"Kontrollrhythmus festlegen und eintragen. Die Schweizerische Herzstiftung empfiehlt regelmässige Blutfett-Kontrollen ab 40 Jahren – bei familiärer Vorbelastung kann eine frühere Bestimmung sinnvoll sein. Lp(a) wird im Erwachsenenleben meist nur einmal bestimmt; Ausnahmen legt die Fachperson fest. Gefässablagerungen entstehen über Jahre, deshalb lohnt sich eine frühzeitige Risikoeinordnung.";"Stabilisca e annoti il ritmo dei controlli. La Fondazione Svizzera di Cardiologia raccomanda controlli regolari dei lipidi nel sangue dai 40 anni; in caso di predisposizione familiare può essere sensata una determinazione più precoce. Lp(a) viene di solito determinata una sola volta nella vita adulta; eventuali eccezioni sono stabilite dalla figura professionale. I depositi nei vasi si formano nel corso degli anni, perciò una valutazione precoce del rischio è utile.";"";"";"Marketing, Medizin";"Prüfung erforderlich";"Lp(a)-Wiederholung qualifiziert und absolute Präventionswirkung entschärft; durch Marketing und Medizin freigeben.";"";"Lp(a)";"recommendation.plan.act_kardio.week_4.under_40";"recommendations";"it-CH";"3";"v1:4c57ada7d55b51436b17bda45c5831ce8e05df24ae9d5f359035e7ea924ebe4f";"46f89c6d17b3c01d451fffffec2c08d110e16d987da1b4dd738963118b6ea03e"
"Einflussfaktoren";"Herz-Kreislauf & Vorsorge";"Spezial-Empfehlungen";"Dynamischer Text";"Kardiovaskulärer Vorsorge-Check, Aufzählung von drei oder mehr dynamischen Risikofaktoren";"{{preceding}} und {{last}}";"{{preceding}} e {{last}}";"";"";"Marketing";"Prüfung erforderlich";"";"{{last}} | {{preceding}}";"";"recommendation.special.act_kardio.risk_factor_list.many";"recommendations";"it-CH";"3";"v1:4c57ada7d55b51436b17bda45c5831ce8e05df24ae9d5f359035e7ea924ebe4f";"bb3f22cd34c57f9a8815a5ea9e13cfea213dde0430326c2b2c440c0c3b9dff99"
"Einflussfaktoren";"Herz-Kreislauf & Vorsorge";"Spezial-Empfehlungen";"Dynamischer Text";"Kardiovaskulärer Vorsorge-Check, Aufzählung von genau zwei dynamischen Risikofaktoren";"{{first}} und {{last}}";"{{first}} e {{last}}";"";"";"Marketing";"Prüfung erforderlich";"";"{{first}} | {{last}}";"";"recommendation.special.act_kardio.risk_factor_list.two";"recommendations";"it-CH";"3";"v1:4c57ada7d55b51436b17bda45c5831ce8e05df24ae9d5f359035e7ea924ebe4f";"eeb0f94f12d3924eb8035fd894b636b66061db214ea81259c4eb41d1d19f28a5"
"Einflussfaktoren";"Herz-Kreislauf & Vorsorge";"Spezial-Empfehlungen";"Dynamischer Textbaustein";"Kardiovaskulärer Vorsorge-Check, dynamisch eingesetzter Risikofaktor Alkohol";"Alkohol";"alcol";"";"";"Marketing, Medizin";"Prüfung erforderlich";"";"";"";"recommendation.special.act_kardio.risk_factor.alcohol";"recommendations";"it-CH";"3";"v1:4c57ada7d55b51436b17bda45c5831ce8e05df24ae9d5f359035e7ea924ebe4f";"856b134c68e930ff8ce53bab9c5ba3c687e1a3051a3a4161d6a564bd24c5fa81"
"Einflussfaktoren";"Herz-Kreislauf & Vorsorge";"Spezial-Empfehlungen";"Dynamischer Textbaustein";"Kardiovaskulärer Vorsorge-Check, dynamisch eingesetzter Risikofaktor Bluthochdruck";"Bluthochdruck";"ipertensione";"";"";"Marketing, Medizin";"Prüfung erforderlich";"";"";"";"recommendation.special.act_kardio.risk_factor.hypertension";"recommendations";"it-CH";"3";"v1:4c57ada7d55b51436b17bda45c5831ce8e05df24ae9d5f359035e7ea924ebe4f";"415c31ec3a1507c5fa987058d06331bb458eb4cfc93acec8f789f678fc44eef9"
"Einflussfaktoren";"Herz-Kreislauf & Vorsorge";"Spezial-Empfehlungen";"Dynamischer Textbaustein";"Kardiovaskulärer Vorsorge-Check, dynamisch eingesetzter Risikofaktor Ernährungsmuster";"das Ernährungsmuster";"schema alimentare";"";"";"Marketing, Medizin";"Prüfung erforderlich";"";"";"";"recommendation.special.act_kardio.risk_factor.nutrition_pattern";"recommendations";"it-CH";"3";"v1:4c57ada7d55b51436b17bda45c5831ce8e05df24ae9d5f359035e7ea924ebe4f";"de5093fd7d368b2c4210e946cc813c3b77fefed97afbe9a3555fbbefa58ee679"
"Einflussfaktoren";"Herz-Kreislauf & Vorsorge";"Spezial-Empfehlungen";"Dynamischer Textbaustein";"Kardiovaskulärer Vorsorge-Check, dynamisch eingesetzter Risikofaktor familiäre Vorbelastung";"familiäre Vorbelastung";"predisposizione familiare";"";"";"Marketing, Medizin";"Prüfung erforderlich";"";"";"";"recommendation.special.act_kardio.risk_factor.family_history";"recommendations";"it-CH";"3";"v1:4c57ada7d55b51436b17bda45c5831ce8e05df24ae9d5f359035e7ea924ebe4f";"e789f89566c4732b43778a0160f936f39f6c8a4fc5bac90e34da9008bff82219"
"Einflussfaktoren";"Herz-Kreislauf & Vorsorge";"Spezial-Empfehlungen";"Dynamischer Textbaustein";"Kardiovaskulärer Vorsorge-Check, dynamisch eingesetzter Risikofaktor Körperzusammensetzung";"Körperzusammensetzung";"composizione corporea";"";"";"Marketing, Medizin";"Prüfung erforderlich";"";"";"";"recommendation.special.act_kardio.risk_factor.body_composition";"recommendations";"it-CH";"3";"v1:4c57ada7d55b51436b17bda45c5831ce8e05df24ae9d5f359035e7ea924ebe4f";"00915fa1800f8cc5f8d2b0c9a1152a9653705c91d7a8f64be60cf4ceabec7199"
"Einflussfaktoren";"Herz-Kreislauf & Vorsorge";"Spezial-Empfehlungen";"Dynamischer Textbaustein";"Kardiovaskulärer Vorsorge-Check, dynamisch eingesetzter Risikofaktor lange Sitzzeiten";"lange Sitzzeiten";"lunghi periodi seduti";"";"";"Marketing, Medizin";"Prüfung erforderlich";"";"";"";"recommendation.special.act_kardio.risk_factor.long_sitting";"recommendations";"it-CH";"3";"v1:4c57ada7d55b51436b17bda45c5831ce8e05df24ae9d5f359035e7ea924ebe4f";"3b731c0fe59daad83117e9d6c408f1a63c59f3325cebd816d62709d500d7112a"
"Einflussfaktoren";"Herz-Kreislauf & Vorsorge";"Spezial-Empfehlungen";"Dynamischer Textbaustein";"Kardiovaskulärer Vorsorge-Check, dynamisch eingesetzter Risikofaktor Rauchen";"Rauchen";"fumo";"";"";"Marketing, Medizin";"Prüfung erforderlich";"";"";"";"recommendation.special.act_kardio.risk_factor.smoking";"recommendations";"it-CH";"3";"v1:4c57ada7d55b51436b17bda45c5831ce8e05df24ae9d5f359035e7ea924ebe4f";"615a03570f088f0ef195c7f14f994107fe03fc95417df1d1e2a9be34a0f158dd"
"Einflussfaktoren";"Herz-Kreislauf & Vorsorge";"Spezial-Empfehlungen";"Dynamischer Textbaustein";"Kardiovaskulärer Vorsorge-Check, dynamisch eingesetzter Risikofaktor wenig Bewegung";"wenig Bewegung";"poco movimento";"";"";"Marketing, Medizin";"Prüfung erforderlich";"";"";"";"recommendation.special.act_kardio.risk_factor.low_activity";"recommendations";"it-CH";"3";"v1:4c57ada7d55b51436b17bda45c5831ce8e05df24ae9d5f359035e7ea924ebe4f";"21a3bc176852c12624bd43150e5c9694bd312363dd449d798da8517d1733216d"
"Einflussfaktoren";"Herz-Kreislauf & Vorsorge";"Dimensionsdetails";"Überschrift";"Dimensionsdetail · Titel";"Blutdruck nicht bekannt";"Pressione non nota";"";"";"Marketing, Medizin";"Prüfung erforderlich";"";"";"";"recommendation.signal.blutdruck_unbekannt.title";"recommendations";"it-CH";"3";"v1:4c57ada7d55b51436b17bda45c5831ce8e05df24ae9d5f359035e7ea924ebe4f";"6a5a40d97d038ee9f69f3860554ae3eeccef65914fb81bccc3873e790d270378"
"Einflussfaktoren";"Herz-Kreislauf & Vorsorge";"Dimensionsdetails";"Persönliche Einordnung";"Dimensionsdetail · Einordnung";"Bluthochdruck verursacht typischerweise keine Symptome. Man kann ihn jahrelang haben, ohne etwas zu merken – Messen ist der einzige Weg, ihn zu finden.";"L’ipertensione in genere non causa sintomi. Può essere presente per anni senza che ci si accorga: misurarla è l’unico modo per individuarla.";"";"";"Marketing, Medizin";"Prüfung erforderlich";"";"";"";"recommendation.signal.blutdruck_unbekannt.insight";"recommendations";"it-CH";"3";"v1:4c57ada7d55b51436b17bda45c5831ce8e05df24ae9d5f359035e7ea924ebe4f";"6685d9713c422071ca3194a205836abe0f7fc7def01a997925b9ce5de3356fe3"
"Einflussfaktoren";"Herz-Kreislauf & Vorsorge";"Dimensionsdetails";"Medizinische Klärung";"Dimensionsdetail · medizinischer Klärungshinweis";"Ob wiederholt erhöhte Werte vorliegen und ob weitere Risikofaktoren dazukommen.";"Se vi sono valori ripetutamente elevati e se si aggiungono altri fattori di rischio.";"";"";"Marketing, Medizin";"Prüfung erforderlich";"";"";"";"recommendation.signal.blutdruck_unbekannt.clarify";"recommendations";"it-CH";"3";"v1:4c57ada7d55b51436b17bda45c5831ce8e05df24ae9d5f359035e7ea924ebe4f";"7a29d11604836d3c808f8baf563086f008f3aadd5a057493438d4daf4237af75"
"Einflussfaktoren";"Herz-Kreislauf & Vorsorge";"Risikosignale";"Risikosignal";"Ergebnisseite, medizinisches Signal unbekannter Blutdruck";"Ihr Blutdruck ist Ihnen nicht bekannt. Eine einfache Messung schafft Klarheit.";"Non conosce la Sua pressione. Una semplice misurazione fa chiarezza.";"";"";"Marketing, Medizin";"Prüfung erforderlich";"";"";"";"recommendation.risk_signal.blutdruck_unbekannt.label";"recommendations";"it-CH";"3";"v1:4c57ada7d55b51436b17bda45c5831ce8e05df24ae9d5f359035e7ea924ebe4f";"7c4cef1d9fc74cc2afe873fa7a56121b64ae31cf2295144b711780d32a02feba"
"Einflussfaktoren";"Herz-Kreislauf & Vorsorge";"Dimensionsdetails";"Überschrift";"Dimensionsdetail · Titel";"Bekannter Bluthochdruck";"Ipertensione nota";"";"";"Marketing, Medizin";"Prüfung erforderlich";"";"";"";"recommendation.signal.bluthochdruck.title";"recommendations";"it-CH";"3";"v1:4c57ada7d55b51436b17bda45c5831ce8e05df24ae9d5f359035e7ea924ebe4f";"68e0eda9cff0b08cf57c06681d29e2af46afa1aadd3e742b37319472470eadde"
"Einflussfaktoren";"Herz-Kreislauf & Vorsorge";"Dimensionsdetails";"Persönliche Einordnung";"Dimensionsdetail · Einordnung";"Bluthochdruck und ungünstige Blutfette tragen beide zum Herz-Kreislauf-Risiko bei. Ein gut eingestellter Blutdruck senkt dieses Risiko, auch wenn die Veränderung oft nicht direkt spürbar ist.";"L’ipertensione e valori sfavorevoli dei lipidi nel sangue contribuiscono entrambi al rischio cardiovascolare. Una pressione ben controllata riduce questo rischio, anche se il cambiamento spesso non è direttamente percepibile.";"";"";"Marketing, Medizin";"Prüfung erforderlich";"Universelle Wechselwirkung und absolutes Messbarkeits-Wording entfernt; durch Marketing und Medizin freigeben.";"";"";"recommendation.signal.bluthochdruck.insight";"recommendations";"it-CH";"3";"v1:4c57ada7d55b51436b17bda45c5831ce8e05df24ae9d5f359035e7ea924ebe4f";"24be1f65ea4cd0e0ba4910da0facb6f6b873744362e4a307106362cb72773147"
"Einflussfaktoren";"Herz-Kreislauf & Vorsorge";"Dimensionsdetails";"Medizinische Klärung";"Dimensionsdetail · medizinischer Klärungshinweis";"Zielwert, Medikation und – oft vergessen – ob Ihre Blutfette inklusive ApoB und Ihr Lp(a) je bestimmt wurden.";"Il valore obiettivo, la terapia farmacologica e, aspetto spesso dimenticato, se siano mai stati determinati i lipidi nel sangue, compresi l’ApoB e la Lp(a).";"";"";"Marketing, Medizin";"Prüfung erforderlich";"";"";"";"recommendation.signal.bluthochdruck.clarify";"recommendations";"it-CH";"3";"v1:4c57ada7d55b51436b17bda45c5831ce8e05df24ae9d5f359035e7ea924ebe4f";"420bc7a6acad341d3ed9fe681a3590b7bd767979c93e73e246338e0292dd608c"
"Einflussfaktoren";"Herz-Kreislauf & Vorsorge";"Zusatzhinweise bei abgedeckten Aktionsschritten";"Vertiefung";"Zusatzhinweis bei bereits abgedecktem Aktionsschritt";"Ein Detail für das Arztgespräch: Je nach Risikoprofil kann ApoB zusätzliche Information zum Lipidprofil liefern. Lp(a) sollte im Erwachsenenleben in der Regel mindestens einmal bestimmt werden.";"Un dettaglio per il colloquio medico: a seconda del profilo di rischio, ApoB può fornire informazioni aggiuntive rispetto al profilo lipidico. Di norma, Lp(a) dovrebbe essere determinata almeno una volta nella vita adulta.";"";"";"Marketing, Medizin";"Prüfung erforderlich";"ApoB und Lp(a) fachlich getrennt; durch Marketing und Medizin freigeben.";"";"";"recommendation.signal.bluthochdruck.deepen";"recommendations";"it-CH";"3";"v1:4c57ada7d55b51436b17bda45c5831ce8e05df24ae9d5f359035e7ea924ebe4f";"b209cf75db899eca80b64e685d73db310b4803d6497d58649ad9eef55bf088c2"
"Einflussfaktoren";"Herz-Kreislauf & Vorsorge";"Risikosignale";"Risikosignal";"Ergebnisseite, medizinisches Signal bekannter Bluthochdruck";"Bei Ihnen ist Bluthochdruck bekannt oder Sie nehmen dafür Medikamente – bleiben Sie mit Ihrer Fachperson in Kontakt.";"Nel Suo caso è nota un’ipertensione oppure assume farmaci per trattarla: mantenga i contatti con la figura professionale che La segue.";"";"";"Marketing, Medizin";"Prüfung erforderlich";"";"";"";"recommendation.risk_signal.bluthochdruck.label";"recommendations";"it-CH";"3";"v1:4c57ada7d55b51436b17bda45c5831ce8e05df24ae9d5f359035e7ea924ebe4f";"0b5697e7fb01d9a64b85e168fe80a985d2f8954df7d4c8dee242f3b34298c138"
"Einflussfaktoren";"Herz-Kreislauf & Vorsorge";"Coach-Antworten";"Begründung / Einordnung";"Demo-Coach-Antwort zu Blutdruck, Cholesterin, Blutzucker oder Laborwerten";"Konkrete Werte sollten Sie ärztlich einordnen lassen – ich kann und darf das nicht bewerten. Sinnvoll ist, unbekannte Basiswerte (Blutdruck, Blutzucker/HbA1c, Blutfette) bei Gelegenheit bestimmen zu lassen.";"I valori concreti devono essere valutati da un medico: non posso né devo interpretarli. Se i valori di base non sono noti, può essere utile far misurare, quando possibile, la pressione arteriosa, la glicemia/HbA1c e i lipidi nel sangue.";"";"";"Marketing, Medizin";"Prüfung erforderlich";"";"";"";"coach.answer.medical_values";"coach";"it-CH";"3";"v1:4c57ada7d55b51436b17bda45c5831ce8e05df24ae9d5f359035e7ea924ebe4f";"95b61c85dca5568c76d7fe9e73ed045eb733f5ed967689acdaefb791266feb38"
"Einflussfaktoren";"Herz-Kreislauf & Vorsorge";"Empfehlungskarten";"Überschrift";"Empfehlungskarte · Einflussfaktoren · Titel";"Blutdruck einmal messen";"Misurare una volta la pressione";"";"";"Marketing";"Prüfung erforderlich";"";"";"";"recommendation.catalog.ei_bd_messen.title";"recommendations";"it-CH";"3";"v1:4c57ada7d55b51436b17bda45c5831ce8e05df24ae9d5f359035e7ea924ebe4f";"fa75735805d36657204b6340c72b80dd08237635e1eaa4c6f17e9fff6340a34a"
"Einflussfaktoren";"Herz-Kreislauf & Vorsorge";"Empfehlungskarten";"Begründung / Einordnung";"Empfehlungskarte · Einflussfaktoren · Begründung";"Sie kennen Ihren Blutdruck aktuell nicht. Da hoher Blutdruck meist keine Symptome macht, ist Messen die einzige Möglichkeit, ihn früh zu erkennen.";"Attualmente non conosce la Sua pressione. Poiché l’ipertensione di solito non causa sintomi, la misurazione è l’unico modo per riconoscerla precocemente.";"";"";"Marketing, Medizin";"Prüfung erforderlich";"";"";"";"recommendation.catalog.ei_bd_messen.why";"recommendations";"it-CH";"3";"v1:4c57ada7d55b51436b17bda45c5831ce8e05df24ae9d5f359035e7ea924ebe4f";"2168bf31b7a4aa4a5ccef017a3f67852a0c02727c9d608ed098b64accc89af98"
"Einflussfaktoren";"Herz-Kreislauf & Vorsorge";"Empfehlungskarten";"Nächster Schritt";"Empfehlungskarte · Einflussfaktoren · konkreter nächster Schritt";"Messen Sie Ihren Blutdruck in den nächsten Wochen ein paar Mal in Ruhe – in vielen Apotheken oder mit einem Heimgerät.";"Nelle prossime settimane misuri alcune volte la pressione a riposo, in molte farmacie oppure con un apparecchio domestico.";"";"";"Marketing, Medizin";"Prüfung erforderlich";"";"";"";"recommendation.catalog.ei_bd_messen.step";"recommendations";"it-CH";"3";"v1:4c57ada7d55b51436b17bda45c5831ce8e05df24ae9d5f359035e7ea924ebe4f";"12b6d6f6ff654821db1d345fee792181f0460e52418e08a2299f2fe256c63919"
"Einflussfaktoren";"Herz-Kreislauf & Vorsorge";"Empfehlungskarten";"Erwarteter Nutzen";"Empfehlungskarte · Einflussfaktoren · erwarteter Nutzen";"Sie erkennen frühzeitig, ob Handlungsbedarf besteht, und können gezielt vorsorgen.";"Può riconoscere per tempo un’eventuale necessità d’intervento e adottare misure preventive mirate.";"";"";"Marketing, Medizin";"Prüfung erforderlich";"";"";"";"recommendation.catalog.ei_bd_messen.benefit";"recommendations";"it-CH";"3";"v1:4c57ada7d55b51436b17bda45c5831ce8e05df24ae9d5f359035e7ea924ebe4f";"76af894bb8b47cf395657a6f93733b08305f9f3bcdf904a84b7e035e21b520da"
"Einflussfaktoren";"Herz-Kreislauf & Vorsorge";"4-Wochen-Pläne";"4-Wochen-Plan";"4-Wochen-Plan · Diese Woche";"Messen Sie Ihren Blutdruck – in der Apotheke, mit einem Heimgerät oder in der Arztpraxis. Als grobe Orientierung gelten Werte ab etwa <b>140/90 mmHg</b> (Praxismessung) als behandlungsbedürftig; die Einordnung gehört in ärztliche Hände.";"Misuri la pressione in farmacia, con un apparecchio domestico o nello studio medico. Come orientamento generale, valori a partire da circa <b>140/90 mmHg</b> misurati nello studio richiedono attenzione terapeutica; la valutazione spetta a un medico.";"";"";"Marketing, Medizin";"Prüfung erforderlich";"";"";"";"recommendation.plan.ei_bd_messen.this_week";"recommendations";"it-CH";"3";"v1:4c57ada7d55b51436b17bda45c5831ce8e05df24ae9d5f359035e7ea924ebe4f";"e2e0805d2e6594524f8893f9a77ef32ca7ef00a8a9888f6510cd645aa3e95843"
"Einflussfaktoren";"Herz-Kreislauf & Vorsorge";"4-Wochen-Pläne";"4-Wochen-Plan";"4-Wochen-Plan · Woche 2–3";"Wiederholen Sie die Messung an zwei bis drei weiteren Tagen. Bluthochdruck macht typischerweise <b>keine Symptome</b> – deshalb ist Messen die einzige Möglichkeit, ihn früh zu erkennen. Ein einzelner erhöhter Wert bedeutet noch keine Diagnose.";"Ripeta la misurazione in altri due o tre giorni. L’ipertensione in genere <b>non causa sintomi</b>: misurarla è quindi l’unico modo per riconoscerla precocemente. Un singolo valore elevato non costituisce ancora una diagnosi.";"";"";"Marketing, Medizin";"Prüfung erforderlich";"";"";"";"recommendation.plan.ei_bd_messen.weeks_2_3";"recommendations";"it-CH";"3";"v1:4c57ada7d55b51436b17bda45c5831ce8e05df24ae9d5f359035e7ea924ebe4f";"1a6f7ebfa6a7c38bf80490ea589eb85ad1ef0a5e7c3a4eb35e77e137af607001"
"Einflussfaktoren";"Herz-Kreislauf & Vorsorge";"4-Wochen-Pläne";"4-Wochen-Plan";"4-Wochen-Plan · Woche 4";"Sind die Werte wiederholt erhöht: Termin vereinbaren und gleich das Lipidprofil mitbestimmen lassen. Sind sie normal: Kontrolle in ein bis zwei Jahren eintragen – Vorsorge wirkt nur, wenn sie ein Rhythmus wird und keine einmalige Aktion bleibt.";"Se i valori sono ripetutamente elevati, fissi un appuntamento e faccia determinare anche il profilo lipidico. Se sono normali, annoti un controllo tra uno o due anni: la prevenzione è efficace solo se diventa una routine e non rimane un’azione isolata.";"";"";"Marketing, Medizin";"Prüfung erforderlich";"";"";"";"recommendation.plan.ei_bd_messen.week_4";"recommendations";"it-CH";"3";"v1:4c57ada7d55b51436b17bda45c5831ce8e05df24ae9d5f359035e7ea924ebe4f";"49ff8cdcfb426e37c012d4107321e344b46bcfcc061df7611d82407e03703893"
"Einflussfaktoren";"Herz-Kreislauf & Vorsorge";"Empfehlungskarten";"Überschrift";"Empfehlungskarte · Einflussfaktoren · Titel";"Bluthochdruck gut begleiten";"Gestire bene l’ipertensione";"";"";"Marketing";"Prüfung erforderlich";"";"";"";"recommendation.catalog.ei_bluthochdruck.title";"recommendations";"it-CH";"3";"v1:4c57ada7d55b51436b17bda45c5831ce8e05df24ae9d5f359035e7ea924ebe4f";"20aea55299ffa8c1dbf20b41701e79800e36677c57ccb63ba20b051eb855fa01"
"Einflussfaktoren";"Herz-Kreislauf & Vorsorge";"Empfehlungskarten";"Begründung / Einordnung";"Empfehlungskarte · Einflussfaktoren · Begründung";"Bei Ihnen ist Bluthochdruck bekannt. Dauerhaft hohe Werte belasten Herz, Gefässe und Nieren – oft ohne spürbare Symptome. Gut eingestellt, sinkt Ihr Risiko deutlich.";"Nel Suo caso è nota un’ipertensione. Valori costantemente elevati sollecitano cuore, vasi sanguigni e reni, spesso senza sintomi percepibili. Se ben controllata, il rischio diminuisce sensibilmente.";"";"";"Marketing, Medizin";"Prüfung erforderlich";"";"";"";"recommendation.catalog.ei_bluthochdruck.why";"recommendations";"it-CH";"3";"v1:4c57ada7d55b51436b17bda45c5831ce8e05df24ae9d5f359035e7ea924ebe4f";"725881a50576a9839a599600efbfd64706dbd9fd1ab28faf15cbd7a0a8f3aa79"
"Einflussfaktoren";"Herz-Kreislauf & Vorsorge";"Empfehlungskarten";"Nächster Schritt";"Empfehlungskarte · Einflussfaktoren · konkreter nächster Schritt";"Bleiben Sie mit Ihrer Fachperson in Kontakt, messen Sie regelmässig und unterstützen Sie die Behandlung mit Bewegung und salzbewusster Ernährung.";"Mantenga i contatti con la figura professionale che La segue, misuri regolarmente la pressione e sostenga il trattamento con il movimento e un’alimentazione attenta al sale.";"";"";"Marketing, Medizin";"Prüfung erforderlich";"";"";"";"recommendation.catalog.ei_bluthochdruck.step";"recommendations";"it-CH";"3";"v1:4c57ada7d55b51436b17bda45c5831ce8e05df24ae9d5f359035e7ea924ebe4f";"f41fb7919071ef04d726dd2f792d8fd440f7dabd7ff5d29e12354d3d9324ec84"
"Einflussfaktoren";"Herz-Kreislauf & Vorsorge";"Empfehlungskarten";"Erwarteter Nutzen";"Empfehlungskarte · Einflussfaktoren · erwarteter Nutzen";"Ein gut eingestellter Blutdruck senkt das Risiko für Herzinfarkt, Schlaganfall und Nierenschäden erheblich.";"Una pressione ben controllata riduce notevolmente il rischio di infarto, ictus e danni renali.";"";"";"Marketing, Medizin";"Prüfung erforderlich";"";"";"";"recommendation.catalog.ei_bluthochdruck.benefit";"recommendations";"it-CH";"3";"v1:4c57ada7d55b51436b17bda45c5831ce8e05df24ae9d5f359035e7ea924ebe4f";"85109f5f194e4377d7d1967de59128cd7eed53641075130be825fad9ea57bbdc"
"Einflussfaktoren";"Herz-Kreislauf & Vorsorge";"4-Wochen-Pläne";"4-Wochen-Plan";"4-Wochen-Plan · Diese Woche";"Messen Sie an drei Tagen morgens und abends im Sitzen nach fünf Minuten Ruhe und notieren Sie die Werte. Wichtig: Nicht Einzelwerte zählen, sondern der Durchschnitt über mehrere Tage – so entsteht ein belastbares Bild für die nächste Sprechstunde.";"Per tre giorni misuri la pressione al mattino e alla sera, da seduto/a dopo cinque minuti di riposo, e annoti i valori. Importante: non contano i singoli valori, ma la media di più giorni; così si ottiene un quadro affidabile per la prossima visita.";"";"";"Marketing, Medizin";"Prüfung erforderlich";"";"";"";"recommendation.plan.ei_bluthochdruck.this_week";"recommendations";"it-CH";"3";"v1:4c57ada7d55b51436b17bda45c5831ce8e05df24ae9d5f359035e7ea924ebe4f";"b9366f2fc5521566e61939dd4ae770bb5f80089af83627de3ff189abf1ce2e52"
"Einflussfaktoren";"Herz-Kreislauf & Vorsorge";"4-Wochen-Pläne";"4-Wochen-Plan";"4-Wochen-Plan · Woche 2–3";"Zwei Hebel mit belegter Wirkung: <b>Salz</b> (Fertigprodukte, Brot, Käse und Wurst liefern den Löwenanteil – nicht der Salzstreuer) und <b>Ausdauerbewegung</b> an den meisten Tagen der Woche. Alkohol reduzieren wirkt zusätzlich. Setzen Sie einen dieser Punkte konsequent um, statt alle halbherzig.";"Due leve di efficacia comprovata: <b>sale</b> (la quota maggiore proviene da prodotti pronti, pane, formaggio e salumi, non dalla saliera) e <b>attività aerobica</b> nella maggior parte dei giorni della settimana. Ridurre l’alcol produce un effetto aggiuntivo. Attui con costanza uno di questi punti invece di affrontarli tutti a metà.";"";"";"Marketing, Medizin";"Prüfung erforderlich";"";"";"";"recommendation.plan.ei_bluthochdruck.weeks_2_3";"recommendations";"it-CH";"3";"v1:4c57ada7d55b51436b17bda45c5831ce8e05df24ae9d5f359035e7ea924ebe4f";"5740739b55571a03d665441ba46f1fdfb92ea6aacca1a4d911a14cf174efd581"
"Einflussfaktoren";"Herz-Kreislauf & Vorsorge";"4-Wochen-Pläne";"4-Wochen-Plan";"4-Wochen-Plan · Woche 4";"Bringen Sie Ihre Messreihe zum nächsten Termin mit und klären Sie zwei Fragen: Ist mein Zielwert erreicht, und sind meine Blutfette (inkl. <b>ApoB</b>) sowie <b>Lp(a)</b> je bestimmt worden? Bluthochdruck wirkt zusammen mit erhöhten Blutfetten überproportional auf die Gefässe – beide Faktoren gehören zusammen betrachtet.";"Porti la serie di misurazioni al prossimo appuntamento e chiarisca due domande: il mio valore obiettivo è raggiunto e sono mai stati determinati i lipidi nel sangue, incluso <b>ApoB</b>, e <b>Lp(a)</b>? L’ipertensione e valori elevati dei lipidi agiscono insieme sui vasi in modo più che proporzionale: entrambi i fattori vanno considerati congiuntamente.";"";"";"Marketing, Medizin";"Prüfung erforderlich";"";"";"";"recommendation.plan.ei_bluthochdruck.week_4";"recommendations";"it-CH";"3";"v1:4c57ada7d55b51436b17bda45c5831ce8e05df24ae9d5f359035e7ea924ebe4f";"946ebd185415eced2142a760bf75dc65d6079d0ac70a190570e7b2e51425eaa4"
"Einflussfaktoren";"Herz-Kreislauf & Vorsorge";"Empfehlungskarten";"Überschrift";"Empfehlungskarte · Einflussfaktoren · Titel";"Familiäres Risiko in die Vorsorge einbeziehen";"Considerare il rischio familiare nella prevenzione";"";"";"Marketing";"Prüfung erforderlich";"";"";"";"recommendation.catalog.ei_familie.title";"recommendations";"it-CH";"3";"v1:4c57ada7d55b51436b17bda45c5831ce8e05df24ae9d5f359035e7ea924ebe4f";"c85eda3ad769ba1049e8d0ce6f62316e91b655e3f33efffe99f5b091587bff76"
"Einflussfaktoren";"Herz-Kreislauf & Vorsorge";"Empfehlungskarten";"Begründung / Einordnung";"Empfehlungskarte · Einflussfaktoren · Begründung";"In Ihrer nahen Familie kommen Herz-Kreislauf-Erkrankungen, Diabetes oder erbliche Erkrankungen vor. Das ist kein Schicksal – aber ein guter Grund, Ihre Basiswerte zu kennen.";"Nella Sua famiglia stretta vi sono malattie cardiovascolari, diabete o malattie ereditarie. Non è un destino, ma un buon motivo per conoscere i valori di base.";"";"";"Marketing, Medizin";"Prüfung erforderlich";"";"";"";"recommendation.catalog.ei_familie.why";"recommendations";"it-CH";"3";"v1:4c57ada7d55b51436b17bda45c5831ce8e05df24ae9d5f359035e7ea924ebe4f";"19fe2c9a475c761e5d36bc326a2a15299339ddca85b44b121762a9fe60ff416a"
"Einflussfaktoren";"Herz-Kreislauf & Vorsorge";"Empfehlungskarten";"Nächster Schritt";"Empfehlungskarte · Einflussfaktoren · konkreter nächster Schritt";"Besprechen Sie Ihre Familiengeschichte bei Gelegenheit ärztlich und lassen Sie Basiswerte wie Blutdruck, Blutzucker und Blutfette bestimmen.";"Parli della Sua storia familiare con un medico alla prossima occasione e faccia determinare valori di base come pressione, glicemia e lipidi nel sangue.";"";"";"Marketing, Medizin";"Prüfung erforderlich";"";"";"";"recommendation.catalog.ei_familie.step";"recommendations";"it-CH";"3";"v1:4c57ada7d55b51436b17bda45c5831ce8e05df24ae9d5f359035e7ea924ebe4f";"d8e78874917ddeebafc7338b91be35cf4f14c3fa56d45e023cb5e2afd6bd016c"
"Einflussfaktoren";"Herz-Kreislauf & Vorsorge";"Empfehlungskarten";"Erwarteter Nutzen";"Empfehlungskarte · Einflussfaktoren · erwarteter Nutzen";"Wer sein Risiko kennt, kann Prävention früher und gezielter ausrichten.";"Conoscere il proprio rischio permette di orientare la prevenzione prima e in modo più mirato.";"";"";"Marketing, Medizin";"Prüfung erforderlich";"";"";"";"recommendation.catalog.ei_familie.benefit";"recommendations";"it-CH";"3";"v1:4c57ada7d55b51436b17bda45c5831ce8e05df24ae9d5f359035e7ea924ebe4f";"5f9996aae5eca070b09fa44700824b632e63d9720ee85c912054d7717c24eacd"
"Einflussfaktoren";"Herz-Kreislauf & Vorsorge";"4-Wochen-Pläne";"4-Wochen-Plan";"4-Wochen-Plan · Diese Woche";"Tragen Sie zusammen, wer in Ihrer nahen Familie (Eltern, Geschwister) wann erkrankt ist – <b>besonders relevant: Männer vor 55, Frauen vor 65 Jahren</b>. Diese Information verschiebt den sinnvollen Startzeitpunkt Ihrer Vorsorge oft um Jahre nach vorn.";"Raccolga le informazioni su chi nella Sua famiglia stretta (genitori, fratelli o sorelle) si è ammalato e a quale età; <b>particolarmente rilevanti: uomini prima dei 55 anni, donne prima dei 65 anni</b>. Questa informazione spesso anticipa di anni il momento opportuno per iniziare la prevenzione.";"";"";"Marketing, Medizin";"Prüfung erforderlich";"";"";"";"recommendation.plan.ei_familie.this_week";"recommendations";"it-CH";"3";"v1:4c57ada7d55b51436b17bda45c5831ce8e05df24ae9d5f359035e7ea924ebe4f";"2796b45052b0864bd2491631809767ffbf495a8020466d1aea7ad00832b33a8a"
"Einflussfaktoren";"Herz-Kreislauf & Vorsorge";"4-Wochen-Pläne";"4-Wochen-Plan";"4-Wochen-Plan · Woche 2–3";"Vereinbaren Sie einen Termin und bringen Sie diese Familiengeschichte mit. Lassen Sie Basiswerte (Blutdruck, Blutzucker, Blutfette inkl. ApoB/Lp(a)) bestimmen und Ihr Risiko einordnen.";"Fissi un appuntamento e porti con sé la storia familiare. Faccia determinare i valori di base (pressione, glicemia, lipidi nel sangue inclusi ApoB/Lp(a)) e valutare il rischio.";"";"";"Marketing, Medizin";"Prüfung erforderlich";"";"";"";"recommendation.plan.ei_familie.weeks_2_3";"recommendations";"it-CH";"3";"v1:4c57ada7d55b51436b17bda45c5831ce8e05df24ae9d5f359035e7ea924ebe4f";"2fd182c74313772831083808edf4b47186f11715af0da483e974f66fe397f9b4"
"Einflussfaktoren";"Herz-Kreislauf & Vorsorge";"4-Wochen-Pläne";"4-Wochen-Plan";"4-Wochen-Plan · Woche 4";"Klären Sie, ob und wann Früherkennungsuntersuchungen für Sie sinnvoll sind, und legen Sie den nächsten Kontrolltermin fest. Familiäre Vorbelastung ist kein Schicksal, sondern ein Vorsprung – wenn man ihn nutzt.";"Chiarisca se e quando sono opportuni esami di diagnosi precoce per Lei e stabilisca il prossimo controllo. Una predisposizione familiare non è un destino, ma un vantaggio informativo, se lo si utilizza.";"";"";"Marketing, Medizin";"Prüfung erforderlich";"";"";"";"recommendation.plan.ei_familie.week_4";"recommendations";"it-CH";"3";"v1:4c57ada7d55b51436b17bda45c5831ce8e05df24ae9d5f359035e7ea924ebe4f";"33aae4a0c407cfeea47be57a8fd7880988110bcb42adcaafa82f61e82591885c"
"Einflussfaktoren";"Herz-Kreislauf & Vorsorge";"Empfehlungskarten";"Überschrift";"Empfehlungskarte · Einflussfaktoren · Titel";"Ihre Familiengeschichte kennenlernen";"Conoscere la propria storia familiare";"";"";"Marketing";"Prüfung erforderlich";"";"";"";"recommendation.catalog.ei_familienwissen.title";"recommendations";"it-CH";"3";"v1:4c57ada7d55b51436b17bda45c5831ce8e05df24ae9d5f359035e7ea924ebe4f";"f9f3d3e0b458e832836323108122a52dbcf2cd982e24e75b89977afb114760fd"
"Einflussfaktoren";"Herz-Kreislauf & Vorsorge";"Empfehlungskarten";"Begründung / Einordnung";"Empfehlungskarte · Einflussfaktoren · Begründung";"Sie kennen die Krankheitsgeschichte Ihrer Familie bisher wenig. Dieses Wissen hilft, Vorsorge gezielter anzugehen.";"Finora conosce poco la storia sanitaria della Sua famiglia. Queste informazioni aiutano ad affrontare la prevenzione in modo più mirato.";"";"";"Marketing, Medizin";"Prüfung erforderlich";"";"";"";"recommendation.catalog.ei_familienwissen.why";"recommendations";"it-CH";"3";"v1:4c57ada7d55b51436b17bda45c5831ce8e05df24ae9d5f359035e7ea924ebe4f";"7357468cb0968116f3a5a3dd7883836bd1cc9acdc39bba434ce109ed1c02e1e2"
"Einflussfaktoren";"Herz-Kreislauf & Vorsorge";"Empfehlungskarten";"Nächster Schritt";"Empfehlungskarte · Einflussfaktoren · konkreter nächster Schritt";"Fragen Sie bei Gelegenheit nahe Angehörige, ob Herz-Kreislauf-Erkrankungen, Diabetes oder Krebs früh aufgetreten sind, und notieren Sie es.";"Alla prossima occasione chieda ai parenti stretti se in famiglia sono comparse precocemente malattie cardiovascolari, diabete o cancro e prenda nota delle informazioni.";"";"";"Marketing, Medizin";"Prüfung erforderlich";"";"";"";"recommendation.catalog.ei_familienwissen.step";"recommendations";"it-CH";"3";"v1:4c57ada7d55b51436b17bda45c5831ce8e05df24ae9d5f359035e7ea924ebe4f";"5bb17ff86668ac60e6ef1ca936516f5594079f5030337f523607c2335d1e5782"
"Einflussfaktoren";"Herz-Kreislauf & Vorsorge";"Empfehlungskarten";"Erwarteter Nutzen";"Empfehlungskarte · Einflussfaktoren · erwarteter Nutzen";"Wer die eigene Familiengeschichte kennt, kann Untersuchungen und Prävention besser timen.";"Conoscere la propria storia familiare permette di pianificare meglio esami e prevenzione.";"";"";"Marketing, Medizin";"Prüfung erforderlich";"";"";"";"recommendation.catalog.ei_familienwissen.benefit";"recommendations";"it-CH";"3";"v1:4c57ada7d55b51436b17bda45c5831ce8e05df24ae9d5f359035e7ea924ebe4f";"1c5bb88c46782f6e4769035023e655c7fc69cf26008a0166ea854f21a06ddd5d"
"Einflussfaktoren";"Herz-Kreislauf & Vorsorge";"4-Wochen-Pläne";"4-Wochen-Plan";"4-Wochen-Plan · Diese Woche";"Fragen Sie nahe Angehörige (Eltern, Geschwister), ob <b>Herz-Kreislauf-Erkrankungen, Diabetes oder Krebs früh aufgetreten</b> sind – besonders relevant: Männer vor 55, Frauen vor 65 Jahren.";"Chieda ai parenti stretti (genitori, fratelli o sorelle) se <b>malattie cardiovascolari, diabete o cancro sono comparsi precocemente</b>; particolarmente rilevanti: uomini prima dei 55 anni, donne prima dei 65 anni.";"";"";"Marketing, Medizin";"Prüfung erforderlich";"";"";"";"recommendation.plan.ei_familienwissen.this_week";"recommendations";"it-CH";"3";"v1:4c57ada7d55b51436b17bda45c5831ce8e05df24ae9d5f359035e7ea924ebe4f";"a3a77b85ed20b9902c7d058fe07e24b854911530ca6368623db9e1da035d584b"
"Einflussfaktoren";"Herz-Kreislauf & Vorsorge";"4-Wochen-Pläne";"4-Wochen-Plan";"4-Wochen-Plan · Woche 2–3";"Notieren Sie das Wichtigste schriftlich (wer, welche Erkrankung, welches Alter). Familiäre Vorbelastung ist kein Schicksal, sondern eine Information: Sie verschiebt den sinnvollen Startzeitpunkt der Vorsorge oft um Jahre nach vorn.";"Annoti per iscritto le informazioni più importanti: chi, quale malattia e a quale età. Una predisposizione familiare non è un destino, ma un’informazione: spesso anticipa di anni il momento opportuno per iniziare la prevenzione.";"";"";"Marketing, Medizin";"Prüfung erforderlich";"";"";"";"recommendation.plan.ei_familienwissen.weeks_2_3";"recommendations";"it-CH";"3";"v1:4c57ada7d55b51436b17bda45c5831ce8e05df24ae9d5f359035e7ea924ebe4f";"c8a18635b014a2ca885673f60c4a0645374c76df815b819e48061a27c0e7fe16"
"Einflussfaktoren";"Herz-Kreislauf & Vorsorge";"4-Wochen-Pläne";"4-Wochen-Plan";"4-Wochen-Plan · Woche 4";"Nehmen Sie die Notizen zum nächsten Arzttermin mit. So kann Ihre Fachperson Vorsorge und allfällige Früherkennung gezielt auf Ihr Profil abstimmen.";"Porti gli appunti al prossimo appuntamento medico. In questo modo la figura professionale può adeguare in modo mirato la prevenzione e l’eventuale diagnosi precoce al Suo profilo.";"";"";"Marketing, Medizin";"Prüfung erforderlich";"";"";"";"recommendation.plan.ei_familienwissen.week_4";"recommendations";"it-CH";"3";"v1:4c57ada7d55b51436b17bda45c5831ce8e05df24ae9d5f359035e7ea924ebe4f";"da8d69455e739cef073c08051d466c81577c65e93ebe04942cd05e21a49972a7"
"Einflussfaktoren";"Herz-Kreislauf & Vorsorge";"Empfehlungskarten";"Überschrift";"Empfehlungskarte · Einflussfaktoren · Titel";"Persönliches Risiko einmal einschätzen lassen";"Far valutare una volta il rischio personale";"";"";"Marketing";"Prüfung erforderlich";"";"";"";"recommendation.catalog.ei_vorsorge.title";"recommendations";"it-CH";"3";"v1:4c57ada7d55b51436b17bda45c5831ce8e05df24ae9d5f359035e7ea924ebe4f";"c06ba1abb902ff1df5c98d054318c2a6bcab95663472a1c7aa09015ff29a826d"
"Einflussfaktoren";"Herz-Kreislauf & Vorsorge";"Empfehlungskarten";"Begründung / Einordnung";"Empfehlungskarte · Einflussfaktoren · Begründung";"Sie haben Ihr persönliches Risiko für Krankheiten wie Krebs, Bluthochdruck oder Typ-2-Diabetes bisher nicht einschätzen lassen. Gerade Bluthochdruck bleibt oft lange unbemerkt.";"Finora non ha fatto valutare il Suo rischio personale di malattie come cancro, ipertensione o diabete di tipo 2. Proprio l’ipertensione spesso rimane a lungo inosservata.";"";"";"Marketing, Medizin";"Prüfung erforderlich";"";"";"";"recommendation.catalog.ei_vorsorge.why";"recommendations";"it-CH";"3";"v1:4c57ada7d55b51436b17bda45c5831ce8e05df24ae9d5f359035e7ea924ebe4f";"1bb9b133ad88e40f7e225603cea8fb4d4d800af565685fd9ffb141b775f0a6cb"
"Einflussfaktoren";"Herz-Kreislauf & Vorsorge";"Empfehlungskarten";"Nächster Schritt";"Empfehlungskarte · Einflussfaktoren · konkreter nächster Schritt";"Vereinbaren Sie bei Gelegenheit einen Check-up-Termin und lassen Sie Basiswerte wie Blutdruck, Blutzucker und Blutfette bestimmen – je nach Alter und Familiengeschichte auch weitere Vorsorgeuntersuchungen.";"Alla prossima occasione fissi un appuntamento per un check-up e faccia determinare valori di base come pressione, glicemia e lipidi nel sangue; a seconda dell’età e della storia familiare, anche altri esami preventivi.";"";"";"Marketing, Medizin";"Prüfung erforderlich";"";"";"";"recommendation.catalog.ei_vorsorge.step";"recommendations";"it-CH";"3";"v1:4c57ada7d55b51436b17bda45c5831ce8e05df24ae9d5f359035e7ea924ebe4f";"81171dfc197dc6ef619fc55a4e500db254eadd095bbc850cc10e0d4f0ed48c78"
"Einflussfaktoren";"Herz-Kreislauf & Vorsorge";"Empfehlungskarten";"Erwarteter Nutzen";"Empfehlungskarte · Einflussfaktoren · erwarteter Nutzen";"Bekannte Werte machen Prävention konkret und zeigen, wo sich Aufmerksamkeit besonders lohnt.";"Valori conosciuti rendono concreta la prevenzione e indicano dove vale particolarmente la pena prestare attenzione.";"";"";"Marketing, Medizin";"Prüfung erforderlich";"";"";"";"recommendation.catalog.ei_vorsorge.benefit";"recommendations";"it-CH";"3";"v1:4c57ada7d55b51436b17bda45c5831ce8e05df24ae9d5f359035e7ea924ebe4f";"1b4536079969ac00501575c20180ff52b51933bb66d57f52e44e885c0616b66e"
"Einflussfaktoren";"Herz-Kreislauf & Vorsorge";"4-Wochen-Pläne";"4-Wochen-Plan";"4-Wochen-Plan · Diese Woche";"Vereinbaren Sie einen Check-up-Termin. Bitten Sie um <b>Blutdruck, Blutzucker und ein Lipidprofil</b>. Fragen Sie, ob ApoB bei Ihrem Risikoprofil zusätzliche Information liefert und ob Lp(a) bereits einmal bestimmt wurde. Viele Risikofaktoren verursachen lange keine Beschwerden – aktuelle Werte schaffen eine belastbare Gesprächsgrundlage.";"Fissi un appuntamento per un check-up. Chieda <b>pressione, glicemia e un profilo lipidico</b>. Domandi se ApoB fornisce informazioni aggiuntive per il Suo profilo di rischio e se Lp(a) è già stata determinata una volta. Molti fattori di rischio non causano disturbi per lungo tempo: valori aggiornati creano una base affidabile per il colloquio.";"";"";"Marketing, Medizin";"Prüfung erforderlich";"ApoB nicht als Einmalmessung dargestellt und unbelegte Herzinfarkt-Verallgemeinerung entfernt; durch Marketing und Medizin freigeben.";"";"";"recommendation.plan.ei_vorsorge.this_week";"recommendations";"it-CH";"3";"v1:4c57ada7d55b51436b17bda45c5831ce8e05df24ae9d5f359035e7ea924ebe4f";"80c8306eb110a9aa97b48b7591cb680b28551b0b29590059e38a13c7f99d7628"
"Einflussfaktoren";"Herz-Kreislauf & Vorsorge";"4-Wochen-Pläne";"4-Wochen-Plan";"4-Wochen-Plan · Woche 2–3";"Notieren Sie Ihre Werte und lassen Sie sich Ihr persönliches Risiko erklären. Ein einmal erhobener Ausgangswert macht jede spätere Veränderung sichtbar und Prävention konkret.";"Annoti i Suoi valori e si faccia spiegare il rischio personale. Un valore iniziale rilevato una volta rende visibile ogni cambiamento successivo e concreta la prevenzione.";"";"";"Marketing, Medizin";"Prüfung erforderlich";"";"";"";"recommendation.plan.ei_vorsorge.weeks_2_3";"recommendations";"it-CH";"3";"v1:4c57ada7d55b51436b17bda45c5831ce8e05df24ae9d5f359035e7ea924ebe4f";"5fb7bacc66b28f4a98f86a92955769e90c6a0e001ffa852b58a447a6f8badf5e"
"Einflussfaktoren";"Herz-Kreislauf & Vorsorge";"4-Wochen-Pläne";"4-Wochen-Plan";"4-Wochen-Plan · Woche 4";"Halten Sie fest, wann die nächste Kontrolle sinnvoll ist (je nach Werten und Alter meist alle 1–3 Jahre) und tragen Sie sie ein. Vorsorge wirkt nur, wenn sie zur Routine wird.";"Annoti quando è opportuno il prossimo controllo, in genere ogni 1–3 anni a seconda dei valori e dell’età, e lo inserisca in calendario. La prevenzione funziona solo se diventa una routine.";"";"";"Marketing, Medizin";"Prüfung erforderlich";"";"";"";"recommendation.plan.ei_vorsorge.week_4";"recommendations";"it-CH";"3";"v1:4c57ada7d55b51436b17bda45c5831ce8e05df24ae9d5f359035e7ea924ebe4f";"dacb2f43ab9aaeaf8d2cf946fc44f91a63f23ae7491f39b26e6ae803e9578e83"
"Einflussfaktoren";"Herz-Kreislauf & Vorsorge";"Dimensionsdetails";"Überschrift";"Dimensionsdetail · Titel";"Familiäre Vorbelastung";"Predisposizione familiare";"";"";"Marketing, Medizin";"Prüfung erforderlich";"";"";"";"recommendation.signal.familie_hk.title";"recommendations";"it-CH";"3";"v1:4c57ada7d55b51436b17bda45c5831ce8e05df24ae9d5f359035e7ea924ebe4f";"46d7a826bced8e4d6a4f6c00dd65654dc0a545ba0a652e21da954ca9c3b17a45"
"Einflussfaktoren";"Herz-Kreislauf & Vorsorge";"Dimensionsdetails";"Persönliche Einordnung";"Dimensionsdetail · Einordnung";"Familiäre Vorbelastung ist kein Schicksal, sondern eine Information: Sie verschiebt den sinnvollen Startzeitpunkt der Vorsorge nach vorn – oft um Jahre.";"Una predisposizione familiare non è un destino, ma un’informazione: anticipa il momento opportuno per iniziare la prevenzione, spesso di anni.";"";"";"Marketing, Medizin";"Prüfung erforderlich";"";"";"";"recommendation.signal.familie_hk.insight";"recommendations";"it-CH";"3";"v1:4c57ada7d55b51436b17bda45c5831ce8e05df24ae9d5f359035e7ea924ebe4f";"f6592f1b2f33c6955c6f7eeca600ba5af6c77d6cf2f3745179d0b9c5ec69e382"
"Einflussfaktoren";"Herz-Kreislauf & Vorsorge";"Dimensionsdetails";"Medizinische Klärung";"Dimensionsdetail · medizinischer Klärungshinweis";"Wer an welcher Erkrankung und in welchem Alter erkrankt ist – besonders relevant ist ein Beginn vor 55 Jahren bei Männern beziehungsweise vor 65 Jahren bei Frauen – und ob eine genetische Abklärung sinnvoll ist.";"Chi si è ammalato e a quale età; è particolarmente rilevante un esordio prima dei 55 anni negli uomini o prima dei 65 anni nelle donne; e se è utile un accertamento genetico.";"";"";"Marketing, Medizin";"Prüfung erforderlich";"";"";"";"recommendation.signal.familie_hk.clarify";"recommendations";"it-CH";"3";"v1:4c57ada7d55b51436b17bda45c5831ce8e05df24ae9d5f359035e7ea924ebe4f";"5af4146d802c0c85f1483e4e48cdf5a2fd39e95426796d0e230c364ed0510fb8"
"Einflussfaktoren";"Herz-Kreislauf & Vorsorge";"Zusatzhinweise bei abgedeckten Aktionsschritten";"Vertiefung";"Zusatzhinweis bei bereits abgedecktem Aktionsschritt";"Ist bei Ihnen ein erhöhtes Lp(a) bekannt, kann die Fachperson mit Ihnen besprechen, ob eine Bestimmung bei Eltern, Geschwistern oder Kindern sinnvoll ist. Lp(a) ist überwiegend genetisch bestimmt.";"Se nel Suo caso è noto un valore elevato di Lp(a), la figura professionale può discutere con Lei se sia utile determinarla nei genitori, nei fratelli o sorelle oppure nei figli. Lp(a) è determinata prevalentemente geneticamente.";"";"";"Marketing, Medizin";"Prüfung erforderlich";"Familienuntersuchung fachlich eingeordnet und direkte Weitergabe nicht unterstellt; durch Marketing und Medizin freigeben.";"";"";"recommendation.signal.familie_hk.deepen";"recommendations";"it-CH";"3";"v1:4c57ada7d55b51436b17bda45c5831ce8e05df24ae9d5f359035e7ea924ebe4f";"e0105476671b3220200739f93d134fe91e9f644b4b067288c982384938a2af63"
"Einflussfaktoren";"Herz-Kreislauf & Vorsorge";"Risikosignale";"Risikosignal";"Ergebnisseite, medizinisches Signal familiäre Vorbelastung";"In Ihrer nahen Familie kommen Herz-Kreislauf-Erkrankungen, Diabetes oder erbliche Erkrankungen vor – Vorsorge lohnt sich besonders.";"Nella Sua famiglia stretta vi sono malattie cardiovascolari, diabete o malattie ereditarie: la prevenzione è particolarmente utile.";"";"";"Marketing, Medizin";"Prüfung erforderlich";"";"";"";"recommendation.risk_signal.familie_hk.label";"recommendations";"it-CH";"3";"v1:4c57ada7d55b51436b17bda45c5831ce8e05df24ae9d5f359035e7ea924ebe4f";"c57fd1566dfbc015dd6b2036bd7cca883d8f6656fccc1944300151f986a98071"
"Einflussfaktoren";"Herz-Kreislauf & Vorsorge";"Handlungsfelder";"Beschriftung";"Handlungsfeld · Einflussfaktoren · Kurzlabel";"Blutdruck einmal messen";"Misurare una volta la pressione";"";"";"Marketing, Medizin";"Prüfung erforderlich";"";"";"";"recommendation.lever.lv_bd_messen.label";"recommendations";"it-CH";"3";"v1:4c57ada7d55b51436b17bda45c5831ce8e05df24ae9d5f359035e7ea924ebe4f";"53894bc21ee10347552af6922292eb93409f6575b0ac49ba4ffdb176f5eec5cf"
"Einflussfaktoren";"Herz-Kreislauf & Vorsorge";"Handlungsfelder";"Detailtext";"Handlungsfeld · Einflussfaktoren · Detailtext";"Sie kennen Ihren Blutdruck nicht – da er meist keine Symptome macht, ist Messen der einzige Weg, ihn früh zu erkennen.";"Non conosce la Sua pressione; poiché di solito non causa sintomi, misurarla è l’unico modo per riconoscere precocemente un valore elevato.";"";"";"Marketing, Medizin";"Prüfung erforderlich";"";"";"";"recommendation.lever.lv_bd_messen.detail";"recommendations";"it-CH";"3";"v1:4c57ada7d55b51436b17bda45c5831ce8e05df24ae9d5f359035e7ea924ebe4f";"3773b3b3c27c4df0f6d9324c6e2616808f5b8c2c2b8468287fab96a748e2c234"
"Einflussfaktoren";"Herz-Kreislauf & Vorsorge";"Handlungsfelder";"Beschriftung";"Handlungsfeld · Einflussfaktoren · Kurzlabel";"Bluthochdruck gut begleiten";"Gestire bene l’ipertensione";"";"";"Marketing, Medizin";"Prüfung erforderlich";"";"";"";"recommendation.lever.lv_blutdruck.label";"recommendations";"it-CH";"3";"v1:4c57ada7d55b51436b17bda45c5831ce8e05df24ae9d5f359035e7ea924ebe4f";"3b8ae00dbd088c70eaa396e5ce26ff8d132892baab7ce01dad8c9c74325f18af"
"Einflussfaktoren";"Herz-Kreislauf & Vorsorge";"Handlungsfelder";"Detailtext";"Handlungsfeld · Einflussfaktoren · Detailtext";"Ihr bekannter Bluthochdruck ist Ihr wichtigster steuerbarer Risikofaktor – regelmässig messen und die Behandlung konsequent begleiten.";"L’ipertensione già nota è il Suo principale fattore di rischio modificabile: misuri regolarmente la pressione e segua con costanza il trattamento.";"";"";"Marketing, Medizin";"Prüfung erforderlich";"";"";"";"recommendation.lever.lv_blutdruck.detail";"recommendations";"it-CH";"3";"v1:4c57ada7d55b51436b17bda45c5831ce8e05df24ae9d5f359035e7ea924ebe4f";"bad90d70b8b19d0709dc33c341d2e73d240b40781bf411b9bd4382aa0ad408c1"
"Einflussfaktoren";"Herz-Kreislauf & Vorsorge";"Handlungsfelder";"Beschriftung";"Handlungsfeld · Einflussfaktoren · Kurzlabel";"Familiäre Krankheitsgeschichte klären";"Chiarire la storia sanitaria familiare";"";"";"Marketing, Medizin";"Prüfung erforderlich";"";"";"";"recommendation.lever.lv_familienwissen.label";"recommendations";"it-CH";"3";"v1:4c57ada7d55b51436b17bda45c5831ce8e05df24ae9d5f359035e7ea924ebe4f";"89c2811f9fe84790f03239a38d50c34ab4fb1224afd5fd51649ad9cd1faa30fe"
"Einflussfaktoren";"Herz-Kreislauf & Vorsorge";"Handlungsfelder";"Detailtext";"Handlungsfeld · Einflussfaktoren · Detailtext";"Wer die familiäre Vorbelastung kennt, kann Vorsorge gezielt einsetzen – ein Gespräch in der Familie ist der einfachste erste Schritt.";"Conoscere la predisposizione familiare permette di usare la prevenzione in modo mirato: parlarne in famiglia è il primo passo più semplice.";"";"";"Marketing, Medizin";"Prüfung erforderlich";"";"";"";"recommendation.lever.lv_familienwissen.detail";"recommendations";"it-CH";"3";"v1:4c57ada7d55b51436b17bda45c5831ce8e05df24ae9d5f359035e7ea924ebe4f";"1cf1d1e3764e27fb3cc421eb54f2c704a40146abb8e9384f91d8408e02d11a40"
"Einflussfaktoren";"Herz-Kreislauf & Vorsorge";"Handlungsfelder";"Beschriftung";"Handlungsfeld · Einflussfaktoren · Kurzlabel";"Kardiovaskulären Vorsorge-Check durchführen";"Eseguire un check-up cardiovascolare preventivo";"";"";"Marketing, Medizin";"Prüfung erforderlich";"";"";"";"recommendation.lever.lv_kardio.label";"recommendations";"it-CH";"3";"v1:4c57ada7d55b51436b17bda45c5831ce8e05df24ae9d5f359035e7ea924ebe4f";"c7f9c689ccead285fb4ba8a8e5672a24fd5465ea1dd96214ca0764d95a8fccc5"
"Einflussfaktoren";"Herz-Kreislauf & Vorsorge";"Handlungsfelder";"Dynamischer Text";"Handlungsfeld · Einflussfaktoren · Detailtext mit dynamischer Liste der Risikofaktoren";"Mehrere Faktoren erhöhen zusammen Ihr Herz-Kreislauf-Risiko – bei Ihnen: {{riskFactors}}. Ein ärztlicher Check macht Ihr persönliches Risiko greifbar und priorisiert die nächsten Schritte.";"Più fattori aumentano insieme il Suo rischio cardiovascolare; nel Suo caso: {{riskFactors}}. Un check-up medico rende tangibile il rischio personale e aiuta a stabilire le priorità dei prossimi passi.";"";"";"Marketing, Medizin";"Prüfung erforderlich";"";"{{riskFactors}}";"";"recommendation.lever.lv_kardio.detail.with_risk_factors";"recommendations";"it-CH";"3";"v1:4c57ada7d55b51436b17bda45c5831ce8e05df24ae9d5f359035e7ea924ebe4f";"70c8c1f92bf111945e46c6f346770d825015d7a425a6e2cb6ef747334d0cd496"
"Einflussfaktoren";"Herz-Kreislauf & Vorsorge";"Quellenlabels";"Quellenbezeichnung";"Sichtbares Label einer Fachquelle";"Schweizerische Herzstiftung: Blutfette & Cholesterin";"Fondazione Svizzera di Cardiologia: lipidi nel sangue & colesterolo";"";"";"Marketing, Medizin";"Prüfung erforderlich";"";"";"";"recommendation.source.swissheart_blutfette.label";"recommendations";"it-CH";"3";"v1:4c57ada7d55b51436b17bda45c5831ce8e05df24ae9d5f359035e7ea924ebe4f";"a15011308904994ae4a59c94a8201c03681754f34c34c7c6c433c58e803147cf"
"Einflussfaktoren";"Herz-Kreislauf & Vorsorge";"Quellenlabels";"Quellenbezeichnung";"Sichtbares Label einer Fachquelle";"Schweizerische Herzstiftung: Cholesterin & Lipoprotein(a) in der Familie";"Fondazione Svizzera di Cardiologia: colesterolo & lipoproteina(a) in famiglia";"";"";"Marketing, Medizin";"Prüfung erforderlich";"";"";"";"recommendation.source.swissheart_lpa.label";"recommendations";"it-CH";"3";"v1:4c57ada7d55b51436b17bda45c5831ce8e05df24ae9d5f359035e7ea924ebe4f";"10edc299e4dce5dbd8e7666c28c4e21c8f23ae9947f168e71e7ee37813c4ab6f"
"Einflussfaktoren";"Herz-Kreislauf & Vorsorge";"Quellenlabels";"Quellenbezeichnung";"Sichtbares Label einer Fachquelle";"Schweizerische Herzstiftung: Diese Werte müssen Sie kennen";"Fondazione Svizzera di Cardiologia: questi sono i valori da conoscere";"";"";"Marketing, Medizin";"Prüfung erforderlich";"";"";"";"recommendation.source.swissheart_werte.label";"recommendations";"it-CH";"3";"v1:4c57ada7d55b51436b17bda45c5831ce8e05df24ae9d5f359035e7ea924ebe4f";"14510b572c483ef76dea5fc2d006e684dcc555b5175ace29c72cf061bcfefb7b"
"Einflussfaktoren";"Herz-Kreislauf & Vorsorge";"Stärken";"Beschriftung";"Stärke · Einflussfaktoren · Kurzlabel";"Vorsorge & Familienrisiken im Blick";"Prevenzione & rischi familiari sotto controllo";"";"";"Marketing";"Prüfung erforderlich";"";"";"";"recommendation.strength.st_vorsorge.label";"recommendations";"it-CH";"3";"v1:4c57ada7d55b51436b17bda45c5831ce8e05df24ae9d5f359035e7ea924ebe4f";"41a88b82f19ab9ca7735b4ce3e15e2ac37f775617971443cfc08180b3cd52923"
"Einflussfaktoren";"Herz-Kreislauf & Vorsorge";"Stärken";"Detailtext";"Stärke · Einflussfaktoren · Detailtext";"Sie kennen Ihr persönliches Risiko und Ihre familiäre Vorgeschichte – die beste Grundlage für gezielte Prävention.";"Conosce il Suo rischio personale e la storia familiare: è la base migliore per una prevenzione mirata.";"";"";"Marketing, Medizin";"Prüfung erforderlich";"";"";"";"recommendation.strength.st_vorsorge.detail";"recommendations";"it-CH";"3";"v1:4c57ada7d55b51436b17bda45c5831ce8e05df24ae9d5f359035e7ea924ebe4f";"c1b29acdb269a5721f59fb100fdbc5bda4b0bee745228486c750cb394367d234"
"Einflussfaktoren";"Herz-Kreislauf & Vorsorge";"Ergebnis-Einstieg";"Beschriftung";"Ergebnis-Zusammenfassung · Themenlabel «Herz-Kreislauf & Vorsorge»";"Wissen über familiäre Vorbelastung";"Conoscenza della predisposizione familiare";"";"";"Marketing";"Prüfung erforderlich";"";"";"";"ui.hero.topic.familienwissen";"ui";"it-CH";"3";"v1:4c57ada7d55b51436b17bda45c5831ce8e05df24ae9d5f359035e7ea924ebe4f";"f48927a70b70c4c112bcd8a14230f1f3871abde0b1d0136f4076e169c9e6dc96"
"Einflussfaktoren";"Herz-Kreislauf & Vorsorge";"Dimensionsdetails";"Überschrift";"Dimensionsdetail · Titel";"Persönliches Risiko nie eingeschätzt";"Rischio personale mai valutato";"";"";"Marketing, Medizin";"Prüfung erforderlich";"";"";"";"recommendation.signal.vorsorge.title";"recommendations";"it-CH";"3";"v1:4c57ada7d55b51436b17bda45c5831ce8e05df24ae9d5f359035e7ea924ebe4f";"7e34f1e9115ab69642bf86862a391791ecb42233239add46fbc1bc2f2d32e57d"
"Einflussfaktoren";"Herz-Kreislauf & Vorsorge";"Dimensionsdetails";"Persönliche Einordnung";"Dimensionsdetail · Einordnung";"Mehrere Herz-Kreislauf-Risikofaktoren verursachen lange keine Beschwerden. Blutdruck, Blutzucker und Blutfette zu kennen, schafft deshalb eine bessere Grundlage für die persönliche Risikoeinordnung.";"Diversi fattori di rischio cardiovascolare non causano disturbi per lungo tempo. Conoscere pressione, glicemia e lipidi nel sangue crea quindi una base migliore per valutare il rischio personale.";"";"";"Marketing, Medizin";"Prüfung erforderlich";"Nicht belegte Herzinfarkt-Verallgemeinerung durch symptomfreie Risikofaktoren ersetzt; durch Marketing und Medizin freigeben.";"";"";"recommendation.signal.vorsorge.insight";"recommendations";"it-CH";"3";"v1:4c57ada7d55b51436b17bda45c5831ce8e05df24ae9d5f359035e7ea924ebe4f";"d4f3a56a0e20aa45fc9eb1b682320c100b27b4d01a913ffcd4f75fb382a4f300"
"Einflussfaktoren";"Herz-Kreislauf & Vorsorge";"Dimensionsdetails";"Medizinische Klärung";"Dimensionsdetail · medizinischer Klärungshinweis";"Basiswerte (Blutdruck, Blutzucker, Blutfette) und daraus Ihr persönliches 10-Jahres-Risiko.";"I valori di base (pressione, glicemia, lipidi nel sangue) e, a partire da questi, il Suo rischio personale a 10 anni.";"";"";"Marketing, Medizin";"Prüfung erforderlich";"";"";"";"recommendation.signal.vorsorge.clarify";"recommendations";"it-CH";"3";"v1:4c57ada7d55b51436b17bda45c5831ce8e05df24ae9d5f359035e7ea924ebe4f";"1c01748fdc4cd79a03b965c6abbfdbfc990c03a9eb9369f8893c0fbcedc65d13"
"Einflussfaktoren";"Herz-Kreislauf & Vorsorge";"Zusatzhinweise bei abgedeckten Aktionsschritten";"Vertiefung";"Zusatzhinweis bei bereits abgedecktem Aktionsschritt";"Wichtig für die Terminvorbereitung: Fragen Sie, ob ApoB bei Ihrem Risikoprofil zusätzliche Information liefert und ob Lp(a) bereits einmal bestimmt wurde.";"Importante per preparare l’appuntamento: chieda se ApoB fornisce informazioni aggiuntive per il Suo profilo di rischio e se Lp(a) è già stata determinata una volta.";"";"";"Marketing, Medizin";"Prüfung erforderlich";"Nicht ausreichend belegte Häufigkeitsangabe entfernt und ApoB/Lp(a) fachlich getrennt; durch Marketing und Medizin freigeben.";"";"";"recommendation.signal.vorsorge.deepen";"recommendations";"it-CH";"3";"v1:4c57ada7d55b51436b17bda45c5831ce8e05df24ae9d5f359035e7ea924ebe4f";"8b6fb26b51b86c9ea409a00c99b30047fb875c94e4ebaca5e3da05a3819079ae"
"Einflussfaktoren";"Herz-Kreislauf & Vorsorge";"Risikosignale";"Risikosignal";"Ergebnisseite, medizinisches Signal fehlender Vorsorge-Check";"Sie haben Ihr persönliches Risiko für Krankheiten wie Krebs, Bluthochdruck oder Typ-2-Diabetes bisher nicht einschätzen lassen. Ein Basis-Check schafft Sicherheit.";"Finora non ha fatto valutare il Suo rischio personale di malattie come cancro, ipertensione o diabete di tipo 2. Un check-up di base dà sicurezza.";"";"";"Marketing, Medizin";"Prüfung erforderlich";"";"";"";"recommendation.risk_signal.vorsorge.label";"recommendations";"it-CH";"3";"v1:4c57ada7d55b51436b17bda45c5831ce8e05df24ae9d5f359035e7ea924ebe4f";"eb85f3bcd39a88e360cae8142f25f09eeee48d92546d8201d3d65068f67017d1"
"Einflussfaktoren";"Körperzusammensetzung & Stoffwechsel";"Dimensionsdetails";"Überschrift";"Dimensionsdetail · Titel";"Körperzusammensetzung und Stoffwechsel";"Composizione corporea e metabolismo";"";"";"Marketing, Medizin";"Prüfung erforderlich";"Neutraler Titel bleibt auch dann korrekt, wenn der Hinweis vom BMI und nicht vom Taillenumfang ausgelöst wird; durch Marketing und Medizin freigeben.";"";"";"recommendation.signal.koerperzusammensetzung.title";"recommendations";"it-CH";"3";"v1:4c57ada7d55b51436b17bda45c5831ce8e05df24ae9d5f359035e7ea924ebe4f";"aaa208ed08a77c811ee5e55f7772aa381693cde20a37f122885571d9465bcb13"
"Einflussfaktoren";"Körperzusammensetzung & Stoffwechsel";"Dimensionsdetails";"Persönliche Einordnung";"Dimensionsdetail · Einordnung";"Taillenumfang und BMI beschreiben unterschiedliche Aspekte der Körperzusammensetzung und ergänzen sich bei der Einordnung des Stoffwechsel- und Herz-Kreislauf-Risikos. Beide Werte sind Orientierungen und keine Diagnose.";"Circonferenza vita e BMI descrivono aspetti diversi della composizione corporea e si completano nella valutazione del rischio metabolico e cardiovascolare. Entrambi i valori sono orientativi e non costituiscono una diagnosi.";"";"";"Marketing, Medizin";"Prüfung erforderlich";"Neutraler Fallback behauptet keinen erhöhten Taillenumfang, wenn das Signal allein vom BMI ausgelöst wird; durch Marketing und Medizin freigeben.";"";"";"recommendation.signal.koerperzusammensetzung.insight";"recommendations";"it-CH";"3";"v1:4c57ada7d55b51436b17bda45c5831ce8e05df24ae9d5f359035e7ea924ebe4f";"e300c3a03d1cbe0c6e1eb830aa8008308572fa9e43767c6c166035c8c72e3e2a"
"Einflussfaktoren";"Körperzusammensetzung & Stoffwechsel";"Dimensionsdetails";"Nächster Schritt";"Dimensionsdetail · nächster Schritt mit bereits angegebenem Taillenumfang";"Sie haben Ihren Taillenumfang bereits angegeben. Notieren Sie den Wert für den Verlauf und beziehen Sie ihn zusammen mit Gewicht, Blutdruck, Blutzucker und Blutfetten in die fachliche Risikoeinordnung ein.";"Ha già indicato la Sua circonferenza vita. Annoti il valore per seguirne l’andamento e lo consideri insieme a peso, pressione, glicemia e lipidi nel sangue nella valutazione professionale del rischio.";"";"";"Marketing, Medizin";"Prüfung erforderlich";"Verhindert die erneute Aufforderung zur Messung bei bereits vorhandenem Wert; durch Marketing und Medizin freigeben.";"";"";"recommendation.signal.koerperzusammensetzung.action.with_waist";"recommendations";"it-CH";"3";"v1:4c57ada7d55b51436b17bda45c5831ce8e05df24ae9d5f359035e7ea924ebe4f";"a01e2136c6f16debe3e74df5a206ffeabefc0e4f34c132c18e04af291ac7f916"
"Einflussfaktoren";"Körperzusammensetzung & Stoffwechsel";"Dimensionsdetails";"Nächster Schritt";"Dimensionsdetail · nächster Schritt ohne bereits angegebenen Taillenumfang";"Messen Sie nach normalem Ausatmen ungefähr auf halber Strecke zwischen der untersten tastbaren Rippe und der Oberkante des Beckenkamms. Als grobe Orientierung kann ein Taillenumfang unter der halben Körpergrösse dienen.";"Misuri dopo una normale espirazione, all’incirca a metà tra la costola palpabile più bassa e il bordo superiore della cresta iliaca. Come orientamento generale può valere una circonferenza vita inferiore alla metà dell’altezza.";"";"";"Marketing, Medizin";"Prüfung erforderlich";"Messort an das WHO-Protokoll der Frage angeglichen; durch Marketing und Medizin freigeben.";"";"";"recommendation.signal.koerperzusammensetzung.action";"recommendations";"it-CH";"3";"v1:4c57ada7d55b51436b17bda45c5831ce8e05df24ae9d5f359035e7ea924ebe4f";"e58b0076960e7f87b9755a001213956acf7422b2bf8e4b87f527fa119b8fd3e5"
"Einflussfaktoren";"Körperzusammensetzung & Stoffwechsel";"Dimensionsdetails";"Erwarteter Nutzen";"Dimensionsdetail · erwarteter Nutzen";"Sie können die Entwicklung nachvollziehen und gemeinsam mit einer Fachperson entscheiden, welche weiteren Messungen oder Veränderungen sinnvoll sind.";"Può seguire l’andamento e decidere insieme a una figura professionale quali ulteriori misurazioni o cambiamenti siano opportuni.";"";"";"Marketing, Medizin";"Prüfung erforderlich";"Neues Nutzenfeld für die einheitliche Darstellung offener Dimensionshinweise; durch Marketing und Medizin freigeben.";"";"";"recommendation.signal.koerperzusammensetzung.benefit";"recommendations";"it-CH";"3";"v1:4c57ada7d55b51436b17bda45c5831ce8e05df24ae9d5f359035e7ea924ebe4f";"e4fdc7dbf7d48de3d9c0c8186c9dbae47106a5b4e6beceab25b84aa4866c1bc4"
"Einflussfaktoren";"Körperzusammensetzung & Stoffwechsel";"Dimensionsdetails";"Dynamischer Text";"Dimensionsdetail · BMI-Hinweis bei vorhandenem Taillenumfang";"Ihr BMI beträgt {{bmi}} und liegt damit im Bereich «{{bmiClassLabel}}». Ihr angegebener Taillenumfang von {{waist}} cm liegt nach der verwendeten Referenz {{waistStatusLabel}}. Beide Werte beschreiben unterschiedliche Aspekte und sollten zusammen eingeordnet werden.";"Il Suo BMI è {{bmi}} e si situa quindi nella fascia «{{bmiClassLabel}}». La circonferenza vita indicata, pari a {{waist}} cm, si situa secondo il riferimento utilizzato {{waistStatusLabel}}. I due valori descrivono aspetti diversi e devono essere valutati insieme.";"";"";"Marketing, Medizin";"Prüfung erforderlich";"Verhindert die falsche Behauptung eines erhöhten Taillenumfangs, wenn das Signal allein vom BMI ausgelöst wird.";"{{bmi}} | {{bmiClassLabel}} | {{waist}} | {{waistStatusLabel}}";"{{bmi}} | {{bmiClassLabel}} | {{waist}} | {{waistStatusLabel}}";"recommendation.signal.koerperzusammensetzung.insight.bmi_with_waist";"recommendations";"it-CH";"3";"v1:4c57ada7d55b51436b17bda45c5831ce8e05df24ae9d5f359035e7ea924ebe4f";"2fa6bb50525206b4c5ee900d8ef43f5851fa614e52497e5871c65d3cd8649626"
"Einflussfaktoren";"Körperzusammensetzung & Stoffwechsel";"Dimensionsdetails";"Dynamischer Text";"Dimensionsdetail · BMI-Hinweis ohne Taillenumfang";"Ihr BMI beträgt {{bmi}} und liegt damit im Bereich «{{bmiClassLabel}}». Da kein Taillenumfang vorliegt, kann die Fettverteilung hier nicht zusätzlich eingeordnet werden. Der BMI ist eine Orientierung und keine Diagnose.";"Il Suo BMI è {{bmi}} e si situa quindi nella fascia «{{bmiClassLabel}}». Poiché non è disponibile la circonferenza vita, qui non è possibile valutare anche la distribuzione del grasso. Il BMI è un orientamento e non una diagnosi.";"";"";"Marketing, Medizin";"Prüfung erforderlich";"Verhindert die falsche Behauptung eines erhöhten Taillenumfangs, wenn kein Messwert vorliegt.";"{{bmi}} | {{bmiClassLabel}}";"{{bmi}} | {{bmiClassLabel}}";"recommendation.signal.koerperzusammensetzung.insight.bmi_without_waist";"recommendations";"it-CH";"3";"v1:4c57ada7d55b51436b17bda45c5831ce8e05df24ae9d5f359035e7ea924ebe4f";"75d846edffe0ad8d1ae1e615d399139ec54c6c3ea1df6c19ae6ddd0ecbeda6bc"
"Einflussfaktoren";"Körperzusammensetzung & Stoffwechsel";"Dimensionsdetails";"Dynamischer Text";"Dimensionsdetail · persönliche Einordnung eines erhöhten Taillenumfangs";"Ihr angegebener Taillenumfang beträgt {{waist}} cm und liegt {{waistStatusLabel}}. Der Wert ergänzt Gewicht und BMI, weil die Fettverteilung für das Stoffwechsel- und Herz-Kreislauf-Risiko relevant ist.";"La circonferenza vita indicata è di {{waist}} cm e si situa {{waistStatusLabel}}. Il valore completa peso e BMI, perché la distribuzione del grasso è rilevante per il rischio metabolico e cardiovascolare.";"";"";"Marketing, Medizin";"Prüfung erforderlich";"Neue persönliche Einordnung mit sichtbarem Messwert und Status; Referenzlogik durch Medizin freigeben.";"{{waist}} | {{waistStatusLabel}}";"{{waist}} | {{waistStatusLabel}}";"recommendation.signal.koerperzusammensetzung.insight.with_waist";"recommendations";"it-CH";"3";"v1:4c57ada7d55b51436b17bda45c5831ce8e05df24ae9d5f359035e7ea924ebe4f";"92014104055ecf8e47e61228574fce247ae342a0453c39ba66bcfe864ed0ad74"
"Einflussfaktoren";"Körperzusammensetzung & Stoffwechsel";"Risikosignale";"Risikosignal";"Ergebnisseite, Lebensstil-Signal Körperzusammensetzung";"Bauchumfang oder Körpergewicht liegen in einem Bereich, der den Stoffwechsel belasten kann.";"La circonferenza addominale o il peso corporeo si situano in una fascia che può sollecitare il metabolismo.";"";"";"Marketing, Medizin";"Prüfung erforderlich";"";"";"";"recommendation.risk_signal.koerperzusammensetzung.label";"recommendations";"it-CH";"3";"v1:4c57ada7d55b51436b17bda45c5831ce8e05df24ae9d5f359035e7ea924ebe4f";"585323a7c565a9d5d19f25633aab503006f04d40424f4952a126ad6e11ec5d5f"
"Einflussfaktoren";"Körperzusammensetzung & Stoffwechsel";"Ergebnis-Einstieg";"Beschriftung";"Ergebnis-Zusammenfassung · Themenlabel «Körperzusammensetzung & Stoffwechsel»";"Körperzusammensetzung";"composizione corporea";"";"";"Marketing";"Prüfung erforderlich";"";"";"";"ui.hero.topic.koerperzusammensetzung";"ui";"it-CH";"3";"v1:4c57ada7d55b51436b17bda45c5831ce8e05df24ae9d5f359035e7ea924ebe4f";"8b4c28d1283dd7d2f8c7ff560ffd663dcd1f5c795bd2641b34ba525d7a0a2ab8"
"Einflussfaktoren";"Körperzusammensetzung & Stoffwechsel";"Einordnung & Metriken";"Beschriftung";"Trennzeichen zwischen mehreren abgeleiteten Kennzahlen";" · ";" · ";"";"";"Marketing";"Prüfung erforderlich";"";"";"";"ui.metrics.separator";"ui";"it-CH";"3";"v1:4c57ada7d55b51436b17bda45c5831ce8e05df24ae9d5f359035e7ea924ebe4f";"c5d5d40e9f4cce4d8a311d1ae4525d6b3acb481cbb31961c755950fd5a353f7b"
"Einflussfaktoren";"Körperzusammensetzung & Stoffwechsel";"Einordnung & Metriken";"Dynamischer Text";"Abgeleitete Kennzahlen unter Einflussfaktoren";"Ihre persönliche Einordnung: {{metrics}}.";"La Sua valutazione personale: {{metrics}}.";"";"";"Marketing, Medizin";"Prüfung erforderlich";"Messwert und Status werden im Dimensionsdetail deutlicher hervorgehoben; durch Marketing und Medizin freigeben.";"{{metrics}}";"";"ui.metrics.line";"ui";"it-CH";"3";"v1:4c57ada7d55b51436b17bda45c5831ce8e05df24ae9d5f359035e7ea924ebe4f";"22a86396932eaced24cc6c5a9d7caba0bdc8f2d2c1fb14d3f0b835a8ef09002e"
"Einflussfaktoren";"Körperzusammensetzung & Stoffwechsel";"Einordnung & Metriken";"Dynamischer Text";"Abgeleitete Kennzahlen, Bauchumfang-Zeile";"Bauchumfang {{waist}} cm ({{waistStatusLabel}})";"Circonferenza vita {{waist}} cm ({{waistStatusLabel}})";"";"";"Marketing, Medizin";"Prüfung erforderlich";"";"{{waist}} | {{waistStatusLabel}}";"";"ui.metrics.waist";"ui";"it-CH";"3";"v1:4c57ada7d55b51436b17bda45c5831ce8e05df24ae9d5f359035e7ea924ebe4f";"8b74cffc5349490602dc64d44139999c3177b63d9bee6788c89cf3fbcc300610"
"Einflussfaktoren";"Körperzusammensetzung & Stoffwechsel";"Einordnung & Metriken";"Dynamischer Text";"Abgeleitete Kennzahlen, BMI-Zeile";"BMI {{bmi}} ({{bmiClassLabel}})";"IMC {{bmi}} ({{bmiClassLabel}})";"";"";"Marketing, Medizin";"Prüfung erforderlich";"";"{{bmi}} | {{bmiClassLabel}}";"";"ui.metrics.bmi";"ui";"it-CH";"3";"v1:4c57ada7d55b51436b17bda45c5831ce8e05df24ae9d5f359035e7ea924ebe4f";"acdaa4146fc3e5651447484733f20db18a9e579a33dcdf60a34119a0617d7067"
"Einflussfaktoren";"Körperzusammensetzung & Stoffwechsel";"Einordnung & Metriken";"Beschriftung";"Sichtbares BMI-Klassenlabel adipositas1";"Adipositas";"Obesità";"";"";"Marketing, Medizin";"Prüfung erforderlich";"";"";"";"ui.metrics.bmi_class.adipositas1";"ui";"it-CH";"3";"v1:4c57ada7d55b51436b17bda45c5831ce8e05df24ae9d5f359035e7ea924ebe4f";"bfc6be357952cd9861d75604dc4117929c01c8d42cb299e47750abeeaa120228"
"Einflussfaktoren";"Körperzusammensetzung & Stoffwechsel";"Einordnung & Metriken";"Beschriftung";"Sichtbares BMI-Klassenlabel adipositas2";"Adipositas";"Obesità";"";"";"Marketing, Medizin";"Prüfung erforderlich";"";"";"";"ui.metrics.bmi_class.adipositas2";"ui";"it-CH";"3";"v1:4c57ada7d55b51436b17bda45c5831ce8e05df24ae9d5f359035e7ea924ebe4f";"7c41acfa13ef42dfe98bc83f743b46a01b63ed7a078876f5f079ceca7396c67a"
"Einflussfaktoren";"Körperzusammensetzung & Stoffwechsel";"Einordnung & Metriken";"Beschriftung";"Sichtbares BMI-Klassenlabel normal";"Normalbereich";"Intervallo normale";"";"";"Marketing, Medizin";"Prüfung erforderlich";"";"";"";"ui.metrics.bmi_class.normal";"ui";"it-CH";"3";"v1:4c57ada7d55b51436b17bda45c5831ce8e05df24ae9d5f359035e7ea924ebe4f";"bb8980ae6def14d91625192c3aaeeb604d414dcfcce5e91607ccdd79d6f1d606"
"Einflussfaktoren";"Körperzusammensetzung & Stoffwechsel";"Einordnung & Metriken";"Beschriftung";"Sichtbares BMI-Klassenlabel uebergewicht";"Übergewicht";"Sovrappeso";"";"";"Marketing, Medizin";"Prüfung erforderlich";"";"";"";"ui.metrics.bmi_class.uebergewicht";"ui";"it-CH";"3";"v1:4c57ada7d55b51436b17bda45c5831ce8e05df24ae9d5f359035e7ea924ebe4f";"0adb2158cc82e0601129c598b3d72fa1f82481c9601e7af45e7d90bfc2861e2d"
"Einflussfaktoren";"Körperzusammensetzung & Stoffwechsel";"Einordnung & Metriken";"Beschriftung";"Sichtbares BMI-Klassenlabel untergewicht";"Untergewicht";"Sottopeso";"";"";"Marketing, Medizin";"Prüfung erforderlich";"";"";"";"ui.metrics.bmi_class.untergewicht";"ui";"it-CH";"3";"v1:4c57ada7d55b51436b17bda45c5831ce8e05df24ae9d5f359035e7ea924ebe4f";"5184f597d30f7d71cc2b058be381e9c77ea831b76aecc10b3d3b3927dacfc4ab"
"Einflussfaktoren";"Körperzusammensetzung & Stoffwechsel";"Einordnung & Metriken";"Beschriftung";"Sichtbares Bauchumfang-Statuslabel erhoeht";"im erhöhten Bereich";"nell’intervallo elevato";"";"";"Marketing, Medizin";"Prüfung erforderlich";"Status sprachlich klar vom deutlich erhöhten Referenzbereich abgegrenzt; durch Marketing und Medizin freigeben.";"";"";"ui.metrics.waist_status.erhoeht";"ui";"it-CH";"3";"v1:4c57ada7d55b51436b17bda45c5831ce8e05df24ae9d5f359035e7ea924ebe4f";"dfa07e1d2e67d6bbe8dc380393a8338c21a1808486fefd05d5bce394174bf26d"
"Einflussfaktoren";"Körperzusammensetzung & Stoffwechsel";"Einordnung & Metriken";"Beschriftung";"Sichtbares Bauchumfang-Statuslabel hoch";"im deutlich erhöhten Bereich";"nell’intervallo nettamente elevato";"";"";"Marketing, Medizin";"Prüfung erforderlich";"Höchstes Referenzband für die persönliche Einordnung eindeutig benannt; durch Marketing und Medizin freigeben.";"";"";"ui.metrics.waist_status.hoch";"ui";"it-CH";"3";"v1:4c57ada7d55b51436b17bda45c5831ce8e05df24ae9d5f359035e7ea924ebe4f";"d148a5df2cb97ea4f1fa8302c7dc052f0b32bba87d3a4885c39245f50764f393"
"Einflussfaktoren";"Körperzusammensetzung & Stoffwechsel";"Einordnung & Metriken";"Beschriftung";"Sichtbares Bauchumfang-Statuslabel normal";"im Normalbereich";"nell’intervallo normale";"";"";"Marketing, Medizin";"Prüfung erforderlich";"";"";"";"ui.metrics.waist_status.normal";"ui";"it-CH";"3";"v1:4c57ada7d55b51436b17bda45c5831ce8e05df24ae9d5f359035e7ea924ebe4f";"734ebd42366bb83a9f2afd73edfb59eaa56e1bd89905d3a8b3168cfdd38f2f65"
"Einflussfaktoren";"Körperzusammensetzung & Stoffwechsel";"Dimensionsdetails";"Überschrift";"Dimensionsdetail · Titel";"Gewicht im Untergewichtsbereich";"Peso nella fascia del sottopeso";"";"";"Marketing, Medizin";"Prüfung erforderlich";"";"";"";"recommendation.signal.untergewicht.title";"recommendations";"it-CH";"3";"v1:4c57ada7d55b51436b17bda45c5831ce8e05df24ae9d5f359035e7ea924ebe4f";"8cf064afe1fcf67015b50419b9f07bd0ba98b65e53339b732c9064d98736df3d"
"Einflussfaktoren";"Körperzusammensetzung & Stoffwechsel";"Dimensionsdetails";"Persönliche Einordnung";"Dimensionsdetail · Einordnung";"Untergewicht wird selten hinterfragt, kann aber Nährstoffmangel, Muskelabbau und Knochendichte betreffen – und eine behandelbare Ursache haben.";"Il sottopeso viene raramente approfondito, ma può essere associato a carenze nutrizionali, perdita muscolare e densità ossea e avere una causa trattabile.";"";"";"Marketing, Medizin";"Prüfung erforderlich";"";"";"";"recommendation.signal.untergewicht.insight";"recommendations";"it-CH";"3";"v1:4c57ada7d55b51436b17bda45c5831ce8e05df24ae9d5f359035e7ea924ebe4f";"ecc077c8c2f823bc74a44f3cf4cb30f1d1eafa2ae849e3b0c8eed51485d30e66"
"Einflussfaktoren";"Körperzusammensetzung & Stoffwechsel";"Dimensionsdetails";"Medizinische Klärung";"Dimensionsdetail · medizinischer Klärungshinweis";"Ursachen, Nährstoffversorgung und ob eine Ernährungsberatung sinnvoll ist.";"Le cause, l’apporto di nutrienti e se è opportuna una consulenza nutrizionale.";"";"";"Marketing, Medizin";"Prüfung erforderlich";"";"";"";"recommendation.signal.untergewicht.clarify";"recommendations";"it-CH";"3";"v1:4c57ada7d55b51436b17bda45c5831ce8e05df24ae9d5f359035e7ea924ebe4f";"aebc6667d890b1d7789e02498df901ec7dccf31a56798fdcf426cb1acea75855"
"Einflussfaktoren";"Körperzusammensetzung & Stoffwechsel";"Dimensionsdetails";"Erwarteter Nutzen";"Dimensionsdetail · erwarteter Nutzen";"Mögliche Ursachen oder Versorgungslücken können erkannt und bei Bedarf gezielt behandelt werden.";"È possibile riconoscere eventuali cause o lacune nell’apporto e, se necessario, trattarle in modo mirato.";"";"";"Marketing, Medizin";"Prüfung erforderlich";"Neues Nutzenfeld für die einheitliche Darstellung offener Dimensionshinweise; durch Marketing und Medizin freigeben.";"";"";"recommendation.signal.untergewicht.benefit";"recommendations";"it-CH";"3";"v1:4c57ada7d55b51436b17bda45c5831ce8e05df24ae9d5f359035e7ea924ebe4f";"25e4716772dd1b0ea5248a5186b6d0c7c46ad12a31de1cec8beee9f34859eea5"
"Einflussfaktoren";"Körperzusammensetzung & Stoffwechsel";"Risikosignale";"Risikosignal";"Ergebnisseite, medizinisches Signal Untergewicht";"Ihr Gewicht liegt im Untergewichtsbereich. Eine ärztliche Einordnung ist sinnvoll – etwa um Ursachen und Nährstoffversorgung zu klären.";"Il Suo peso si situa nella fascia del sottopeso. È opportuna una valutazione medica, per esempio per chiarire le cause e l’apporto di nutrienti.";"";"";"Marketing, Medizin";"Prüfung erforderlich";"";"";"";"recommendation.risk_signal.untergewicht.label";"recommendations";"it-CH";"3";"v1:4c57ada7d55b51436b17bda45c5831ce8e05df24ae9d5f359035e7ea924ebe4f";"9d7c432662fc4ad61e38f7379146d9ea88afe0014aae72c7bfda96e0659ba451"
"Einflussfaktoren";"Rauchen & Rauchstopp";"Empfehlungskarten";"Überschrift";"Empfehlungskarte · Einflussfaktoren · Titel";"Rauchstopp als stärksten Hebel nutzen";"Fare della cessazione del fumo la leva più efficace";"";"";"Marketing";"Prüfung erforderlich";"";"";"";"recommendation.catalog.ei_rauchstopp.title";"recommendations";"it-CH";"3";"v1:4c57ada7d55b51436b17bda45c5831ce8e05df24ae9d5f359035e7ea924ebe4f";"83831187b6d6234484087f8d6d255c839b3b38111ad632d0bdf21beda37a14d0"
"Einflussfaktoren";"Rauchen & Rauchstopp";"Empfehlungskarten";"Begründung / Einordnung";"Empfehlungskarte · Einflussfaktoren · Begründung";"Ein Rauchstopp ist einer der wirkungsvollsten Schritte überhaupt – für Herz, Gefässe, Lunge und Energie. Schon nach kurzer Zeit beginnt sich Ihr Körper zu erholen.";"Smettere di fumare è uno dei passi più efficaci in assoluto per il cuore, i vasi sanguigni, i polmoni e l’energia. Già dopo poco tempo il corpo inizia a riprendersi.";"";"";"Marketing, Medizin";"Prüfung erforderlich";"";"";"";"recommendation.catalog.ei_rauchstopp.why";"recommendations";"it-CH";"3";"v1:4c57ada7d55b51436b17bda45c5831ce8e05df24ae9d5f359035e7ea924ebe4f";"c5ebca28487f303d4b6d7a8848c2c96d40f312a0d9decff2c58073e852b38b51"
"Einflussfaktoren";"Rauchen & Rauchstopp";"Empfehlungskarten";"Nächster Schritt";"Empfehlungskarte · Einflussfaktoren · konkreter nächster Schritt";"Setzen Sie sich ein konkretes Stopp-Datum in den nächsten zwei Wochen und holen Sie sich Unterstützung – Begleitung erhöht die Erfolgschance deutlich.";"Stabilisca una data concreta per smettere entro le prossime due settimane e cerchi sostegno: un accompagnamento aumenta sensibilmente le probabilità di successo.";"";"";"Marketing, Medizin";"Prüfung erforderlich";"";"";"";"recommendation.catalog.ei_rauchstopp.step";"recommendations";"it-CH";"3";"v1:4c57ada7d55b51436b17bda45c5831ce8e05df24ae9d5f359035e7ea924ebe4f";"de9542b8d30c307718c637dd3dbd5670184003e0b959cbb35aa0d2a1db9d87de"
"Einflussfaktoren";"Rauchen & Rauchstopp";"Empfehlungskarten";"Erwarteter Nutzen";"Empfehlungskarte · Einflussfaktoren · erwarteter Nutzen";"Ihr Risiko für Herzinfarkt und viele weitere Erkrankungen sinkt mit jeder rauchfreien Woche.";"Il rischio di infarto e di molte altre malattie diminuisce con ogni settimana senza fumo.";"";"";"Marketing, Medizin";"Prüfung erforderlich";"";"";"";"recommendation.catalog.ei_rauchstopp.benefit";"recommendations";"it-CH";"3";"v1:4c57ada7d55b51436b17bda45c5831ce8e05df24ae9d5f359035e7ea924ebe4f";"c022223a565da0bb97083c3572af5d33531fc883772f308c7a0a93764ce12669"
"Einflussfaktoren";"Rauchen & Rauchstopp";"4-Wochen-Pläne";"4-Wochen-Plan";"4-Wochen-Plan · Diese Woche";"Setzen Sie ein konkretes Stopp-Datum in den nächsten 14 Tagen und holen Sie sich Begleitung: Die nationale <b>Rauchstopplinie 0848 000 181</b> berät kostenlos (Mo–Fr, 11–19 Uhr; auch online oder per Video). Lassen Sie sich in Apotheke oder Arztpraxis zu Nikotinersatz oder Medikamenten beraten – Beratung plus Medikation vervielfacht die Erfolgschance gegenüber einem Versuch allein.";"Stabilisca una data concreta per smettere entro i prossimi 14 giorni e cerchi accompagnamento: la <b>Linea stop tabacco nazionale 0848 000 181</b> offre consulenza gratuita (lun–ven, ore 11–19; anche online o in video). In farmacia o nello studio medico chieda informazioni sui sostituti della nicotina o sui farmaci: consulenza e terapia farmacologica moltiplicano le probabilità di successo rispetto a un tentativo senza aiuto.";"";"";"Marketing, Medizin";"Prüfung erforderlich";"";"";"0848 000 181";"recommendation.plan.ei_rauchstopp.this_week";"recommendations";"it-CH";"3";"v1:4c57ada7d55b51436b17bda45c5831ce8e05df24ae9d5f359035e7ea924ebe4f";"c6df0e6906977df5feda6f098fa86c277313d71271b0e3d8353dc84e2edf5e80"
"Einflussfaktoren";"Rauchen & Rauchstopp";"4-Wochen-Pläne";"4-Wochen-Plan";"4-Wochen-Plan · Woche 2–3";"Rückfälle sind bei einer Abhängigkeit die Regel, nicht das Scheitern – entscheidend ist, den nächsten Versuch zu starten. Notieren Sie Ihre drei stärksten Auslöser (z. B. Kaffee, Stress, Feierabend) und legen Sie für jeden eine konkrete Ersatzhandlung fest. Bereits nach wenigen Tagen lassen die Atemwegsreizungen nach, nach Monaten verbessern sich Kreislauf und Lungenfunktion spürbar.";"In caso di dipendenza, le ricadute sono la norma, non un fallimento: ciò che conta è iniziare il tentativo successivo. Annoti i tre fattori scatenanti più forti (ad es. caffè, stress, fine della giornata lavorativa) e stabilisca per ciascuno un’azione sostitutiva concreta. Già dopo pochi giorni diminuisce l’irritazione delle vie respiratorie; dopo alcuni mesi migliorano sensibilmente la circolazione e la funzione polmonare.";"";"";"Marketing, Medizin";"Prüfung erforderlich";"";"";"";"recommendation.plan.ei_rauchstopp.weeks_2_3";"recommendations";"it-CH";"3";"v1:4c57ada7d55b51436b17bda45c5831ce8e05df24ae9d5f359035e7ea924ebe4f";"08743ae985d507d5a302a8295175623c707fdf26aab5f53cc47ef74fd2cc51c1"
"Einflussfaktoren";"Rauchen & Rauchstopp";"4-Wochen-Pläne";"4-Wochen-Plan";"4-Wochen-Plan · Woche 4";"Machen Sie sich den Zeitgewinn bewusst: Nach etwa <b>einem Jahr</b> ist das Risiko für eine koronare Herzkrankheit ungefähr halb so hoch wie bei weiterem Rauchen; nach <b>zehn Jahren</b> ist das Lungenkrebsrisiko etwa halbiert. Nach rund <b>15 Jahren</b> nähert sich das Risiko für eine koronare Herzkrankheit dem von Menschen an, die nie geraucht haben. Halten Sie fest, was sich für Sie bereits verändert hat – Geschmack, Kondition, Geld.";"Prenda consapevolezza del beneficio nel tempo: dopo circa <b>un anno</b> il rischio di malattia coronarica è all’incirca la metà rispetto a chi continua a fumare; dopo <b>dieci anni</b> il rischio di cancro ai polmoni è circa dimezzato. Dopo circa <b>15 anni</b> il rischio di malattia coronarica si avvicina a quello di chi non ha mai fumato. Annoti ciò che è già cambiato per Lei: gusto, forma fisica, denaro.";"";"";"Marketing, Medizin";"Prüfung erforderlich";"WHO-Aussagen zum Rauchstopp präzisiert; durch Marketing und Medizin freigeben.";"";"";"recommendation.plan.ei_rauchstopp.week_4";"recommendations";"it-CH";"3";"v1:4c57ada7d55b51436b17bda45c5831ce8e05df24ae9d5f359035e7ea924ebe4f";"c4bb8a24b7ec8a3f7929dbcde4d6a32616c75e156fb964dedc447014ea64430e"
"Einflussfaktoren";"Rauchen & Rauchstopp";"Handlungsfelder";"Beschriftung";"Handlungsfeld · Einflussfaktoren · Kurzlabel";"Rauchstopp angehen – der grösste einzelne Hebel";"Affrontare la cessazione del fumo: la principale leva individuale";"";"";"Marketing, Medizin";"Prüfung erforderlich";"";"";"";"recommendation.lever.lv_rauchstopp.label";"recommendations";"it-CH";"3";"v1:4c57ada7d55b51436b17bda45c5831ce8e05df24ae9d5f359035e7ea924ebe4f";"70cf5ef92f66f0d078ab734ca6cda5b8f52583a12ce11fd261ae452debb1e300"
"Einflussfaktoren";"Rauchen & Rauchstopp";"Handlungsfelder";"Detailtext";"Handlungsfeld · Einflussfaktoren · Detailtext";"Ein Rauchstopp gehört zu den stärksten beeinflussbaren Gesundheitshebeln. Nach etwa einem Jahr ist das Risiko für eine koronare Herzkrankheit ungefähr halb so hoch wie bei weiterem Rauchen.";"Smettere di fumare rientra tra le leve per la salute modificabili più efficaci. Dopo circa un anno, il rischio di malattia coronarica è all’incirca la metà rispetto a chi continua a fumare.";"";"";"Marketing, Medizin";"Prüfung erforderlich";"WHO-Aussage präzisiert und unbelegte Absolutheit entfernt; durch Marketing und Medizin freigeben.";"";"";"recommendation.lever.lv_rauchstopp.detail";"recommendations";"it-CH";"3";"v1:4c57ada7d55b51436b17bda45c5831ce8e05df24ae9d5f359035e7ea924ebe4f";"4635572874ee8b81d022c7098944f5f92a1cf9a8c3de9b46c94dec3941657dbb"
"Einflussfaktoren";"Rauchen & Rauchstopp";"Dimensionsdetails";"Überschrift";"Dimensionsdetail · Titel";"Rauchstopp – einer Ihrer stärksten Hebel";"Smettere di fumare: una delle Sue leve più efficaci";"";"";"Marketing, Medizin";"Prüfung erforderlich";"Unbelegte Absolutheit entfernt; durch Marketing und Medizin freigeben.";"";"";"recommendation.signal.rauchen.title";"recommendations";"it-CH";"3";"v1:4c57ada7d55b51436b17bda45c5831ce8e05df24ae9d5f359035e7ea924ebe4f";"79c59e22174fb739448235e2194e7655a81f5e2fd7ac4034f38d8e01312f340e"
"Einflussfaktoren";"Rauchen & Rauchstopp";"Dimensionsdetails";"Persönliche Einordnung";"Dimensionsdetail · Einordnung";"Ein Rauchstopp gehört zu den stärksten beeinflussbaren Gesundheitshebeln. Nach etwa einem Jahr ist das Risiko für eine koronare Herzkrankheit ungefähr halb so hoch wie bei weiterem Rauchen; nach rund 15 Jahren nähert es sich dem von Menschen an, die nie geraucht haben. Auch E-Zigaretten und Shisha sind nicht harmlos.";"Smettere di fumare rientra tra le leve per la salute modificabili più efficaci. Dopo circa un anno, il rischio di malattia coronarica è all’incirca la metà rispetto a chi continua a fumare; dopo circa 15 anni si avvicina a quello di chi non ha mai fumato. Anche le sigarette elettroniche e la shisha non sono innocue.";"";"";"Marketing, Medizin";"Prüfung erforderlich";"WHO-Aussage präzisiert und unbelegte Absolutheit entfernt; durch Marketing und Medizin freigeben.";"";"";"recommendation.signal.rauchen.insight";"recommendations";"it-CH";"3";"v1:4c57ada7d55b51436b17bda45c5831ce8e05df24ae9d5f359035e7ea924ebe4f";"0401e471394d16591e500c399f596a4331053478c46f3a0b2066b185ba8cae60"
"Einflussfaktoren";"Rauchen & Rauchstopp";"Dimensionsdetails";"Nächster Schritt";"Dimensionsdetail · konkreter nächster Schritt";"Stopp-Datum in den nächsten 14 Tagen setzen und die kostenlose Rauchstopplinie 0848 000 181 anrufen – Begleitung plus Nikotinersatz vervielfacht die Erfolgschance.";"Stabilisca una data per smettere entro i prossimi 14 giorni e chiami la Linea stop tabacco gratuita allo 0848 000 181: accompagnamento e sostituti della nicotina moltiplicano le probabilità di successo.";"";"";"Marketing, Medizin";"Prüfung erforderlich";"";"";"0848 000 181";"recommendation.signal.rauchen.action";"recommendations";"it-CH";"3";"v1:4c57ada7d55b51436b17bda45c5831ce8e05df24ae9d5f359035e7ea924ebe4f";"f9289c0e9a764d7ccfed1081eb2dabdcabc3df3a69a3ab82745cdff31222a6ea"
"Einflussfaktoren";"Rauchen & Rauchstopp";"Zusatzhinweise bei abgedeckten Aktionsschritten";"Vertiefung";"Zusatzhinweis bei bereits abgedecktem Aktionsschritt";"Was den Unterschied macht: Rückfälle sind die Regel, nicht die Ausnahme – im Schnitt braucht es mehrere Anläufe. Entscheidend ist nicht, nie zu scheitern, sondern nach einem Rückfall rasch wieder einzusteigen. Nikotinersatz lindert dabei den körperlichen Entzug, die Begleitung das Verhalten.";"Ciò che fa la differenza: le ricadute sono la norma, non l’eccezione; in media servono diversi tentativi. Non conta non fallire mai, ma riprendere rapidamente dopo una ricaduta. I sostituti della nicotina alleviano l’astinenza fisica, mentre l’accompagnamento sostiene il cambiamento del comportamento.";"";"";"Marketing, Medizin";"Prüfung erforderlich";"";"";"";"recommendation.signal.rauchen.deepen";"recommendations";"it-CH";"3";"v1:4c57ada7d55b51436b17bda45c5831ce8e05df24ae9d5f359035e7ea924ebe4f";"9c5ca143024917b90914d9ccee439648f4ae2dec9b4f62c60cdd6fbee51097a6"
"Einflussfaktoren";"Rauchen & Rauchstopp";"Risikosignale";"Risikosignal";"Ergebnisseite, Lebensstil-Signal Rauchen";"Sie rauchen aktuell (Tabak oder andere Nikotinprodukte) – ein Rauchstopp ist Ihr wirkungsvollster einzelner Hebel.";"Attualmente fuma tabacco o utilizza altri prodotti con nicotina: smettere è la Sua leva individuale più efficace.";"";"";"Marketing, Medizin";"Prüfung erforderlich";"";"";"";"recommendation.risk_signal.rauchen.label";"recommendations";"it-CH";"3";"v1:4c57ada7d55b51436b17bda45c5831ce8e05df24ae9d5f359035e7ea924ebe4f";"6f47e838405bfae18905ddfc031838ae64cdf755a332e9d81ef3105f6e43985e"
"Einflussfaktoren";"Rauchen & Rauchstopp";"Quellenlabels";"Quellenbezeichnung";"Sichtbares Label einer Fachquelle";"stopsmoking.ch – kostenlose Rauchstopplinie 0848 000 181";"stopsmoking.ch – Linea stop tabacco gratuita 0848 000 181";"";"";"Marketing, Medizin";"Prüfung erforderlich";"";"";"0848 000 181";"recommendation.source.stopsmoking.label";"recommendations";"it-CH";"3";"v1:4c57ada7d55b51436b17bda45c5831ce8e05df24ae9d5f359035e7ea924ebe4f";"087b0ee82397dd6fa6bebd7db7958811da2a8fb138abd3aa80843a7f1d0d35a1"
"Einflussfaktoren";"Rauchen & Rauchstopp";"Stärken";"Beschriftung";"Stärke · Einflussfaktoren · Kurzlabel";"Rauchfrei";"Senza fumo";"";"";"Marketing";"Prüfung erforderlich";"";"";"";"recommendation.strength.st_rauchfrei.label";"recommendations";"it-CH";"3";"v1:4c57ada7d55b51436b17bda45c5831ce8e05df24ae9d5f359035e7ea924ebe4f";"be2230356acfd74704f2d52a7a012a14f553cdbc3f1e85ee2ea3cb17198efff3"
"Einflussfaktoren";"Rauchen & Rauchstopp";"Stärken";"Detailtext";"Stärke · Einflussfaktoren · Detailtext";"Sie rauchen nicht – der wichtigste einzelne Schutzfaktor für Herz, Gefässe und Lunge.";"Non fuma: è il principale fattore protettivo individuale per cuore, vasi sanguigni e polmoni.";"";"";"Marketing, Medizin";"Prüfung erforderlich";"";"";"";"recommendation.strength.st_rauchfrei.detail";"recommendations";"it-CH";"3";"v1:4c57ada7d55b51436b17bda45c5831ce8e05df24ae9d5f359035e7ea924ebe4f";"9fc0230eff806313e47588bd4a171cfcfd007fecc4076bdce0191c87cb4fd6ec"
"Einflussfaktoren";"Rauchen & Rauchstopp";"Stärken";"Beschriftung";"Stärke · Einflussfaktoren · Kurzlabel";"Rauchstopp geschafft";"Ha smesso di fumare";"";"";"Marketing";"Prüfung erforderlich";"";"";"";"recommendation.strength.st_rauchstopp.label";"recommendations";"it-CH";"3";"v1:4c57ada7d55b51436b17bda45c5831ce8e05df24ae9d5f359035e7ea924ebe4f";"43c729bca0856af159ea225adf78bcc17a1a33a7f101a98a53b52c7a68db1588"
"Einflussfaktoren";"Rauchen & Rauchstopp";"Stärken";"Detailtext";"Stärke · Einflussfaktoren · Detailtext";"Sie haben aufgehört zu rauchen – Ihr Risiko sinkt seither Jahr für Jahr weiter.";"Ha smesso di fumare: da allora il Suo rischio continua a diminuire anno dopo anno.";"";"";"Marketing, Medizin";"Prüfung erforderlich";"";"";"";"recommendation.strength.st_rauchstopp.detail";"recommendations";"it-CH";"3";"v1:4c57ada7d55b51436b17bda45c5831ce8e05df24ae9d5f359035e7ea924ebe4f";"d5663b410ed20ff4824099f0bbb137f707d29effeb7087c8d510604e660d8e3f"
"Einflussfaktoren";"Rauchen & Rauchstopp";"Ergebnis-Einstieg";"Beschriftung";"Ergebnis-Zusammenfassung · Themenlabel «Rauchen & Rauchstopp»";"Rauchen";"Fumo";"";"";"Marketing";"Prüfung erforderlich";"";"";"";"ui.hero.topic.rauchen";"ui";"it-CH";"3";"v1:4c57ada7d55b51436b17bda45c5831ce8e05df24ae9d5f359035e7ea924ebe4f";"a3f5368efce5960cef64185906b79db6161e78aa9eb0477a90dd5803adbe1ba2"
"Einflussfaktoren";"Sitzverhalten";"Empfehlungskarten";"Überschrift";"Empfehlungskarte · Einflussfaktoren · Titel";"Langes Sitzen regelmässig unterbrechen";"Interrompere regolarmente i lunghi periodi seduti";"";"";"Marketing";"Prüfung erforderlich";"";"";"";"recommendation.catalog.ei_sitzen.title";"recommendations";"it-CH";"3";"v1:4c57ada7d55b51436b17bda45c5831ce8e05df24ae9d5f359035e7ea924ebe4f";"1d79b7f6c4ac545d14666d2ba03abecaaf1fb3f1b7c6d175fcc16b1135d3cff0"
"Einflussfaktoren";"Sitzverhalten";"Empfehlungskarten";"Begründung / Einordnung";"Empfehlungskarte · Einflussfaktoren · Begründung";"Sie sitzen an einem typischen Tag viele Stunden. Lange Sitzzeiten sind mit ungünstigen Gesundheitsfolgen verbunden; regelmässige Bewegung insgesamt und das Unterbrechen längerer Sitzphasen sind beide relevant.";"In una giornata tipica trascorre molte ore seduto/a. Lunghi periodi seduti sono associati a conseguenze sfavorevoli per la salute; sono importanti sia il movimento regolare complessivo sia l’interruzione delle fasi sedentarie prolungate.";"";"";"Marketing, Medizin";"Prüfung erforderlich";"Falsche Unabhängigkeit vom Training entfernt und Gesamtaktivität berücksichtigt; durch Marketing und Medizin freigeben.";"";"";"recommendation.catalog.ei_sitzen.why";"recommendations";"it-CH";"3";"v1:4c57ada7d55b51436b17bda45c5831ce8e05df24ae9d5f359035e7ea924ebe4f";"e50f6b19583c469fa5d8c3b3ad871649f4da8daac15f97b0350e5edf6cb59cb9"
"Einflussfaktoren";"Sitzverhalten";"Empfehlungskarten";"Nächster Schritt";"Empfehlungskarte · Einflussfaktoren · konkreter nächster Schritt";"Setzen Sie sich alle 60 Minuten einen kurzen Bewegungsimpuls: aufstehen, strecken, ein paar Schritte gehen.";"Ogni 60 minuti inserisca un breve impulso di movimento: si alzi, faccia stretching e cammini per qualche passo.";"";"";"Marketing, Medizin";"Prüfung erforderlich";"";"";"";"recommendation.catalog.ei_sitzen.step";"recommendations";"it-CH";"3";"v1:4c57ada7d55b51436b17bda45c5831ce8e05df24ae9d5f359035e7ea924ebe4f";"29592863bce0997f24803c161c25077350baf2e1c598024c716f99bf32fff9e2"
"Einflussfaktoren";"Sitzverhalten";"Empfehlungskarten";"Erwarteter Nutzen";"Empfehlungskarte · Einflussfaktoren · erwarteter Nutzen";"Regelmässige Mini-Pausen verbessern Kreislauf, Konzentration und Wohlbefinden.";"Pause brevi e regolari migliorano la circolazione, la concentrazione e il benessere.";"";"";"Marketing, Medizin";"Prüfung erforderlich";"";"";"";"recommendation.catalog.ei_sitzen.benefit";"recommendations";"it-CH";"3";"v1:4c57ada7d55b51436b17bda45c5831ce8e05df24ae9d5f359035e7ea924ebe4f";"518498beea2791e1082fc0a7d21289c39297692ea8689172f49fd678a6c15cfc"
"Einflussfaktoren";"Sitzverhalten";"4-Wochen-Pläne";"4-Wochen-Plan";"4-Wochen-Plan · Diese Woche";"Nutzen Sie zum Beispiel eine <b>stündliche Erinnerung</b>: aufstehen, strecken oder ein paar Schritte gehen. Sowohl die gesamte Sitzzeit als auch lange ununterbrochene Sitzphasen sind relevant; jede zusätzliche Bewegung zählt.";"Utilizzi, per esempio, un <b>promemoria ogni ora</b>: si alzi, faccia stretching o cammini per qualche passo. Sono rilevanti sia il tempo totale seduto sia le fasi prolungate senza interruzioni; ogni movimento aggiuntivo conta.";"";"";"Marketing, Medizin";"Prüfung erforderlich";"Nicht etablierte Mindestdauer und falsche Entweder-oder-Aussage entfernt; durch Marketing und Medizin freigeben.";"";"";"recommendation.plan.ei_sitzen.this_week";"recommendations";"it-CH";"3";"v1:4c57ada7d55b51436b17bda45c5831ce8e05df24ae9d5f359035e7ea924ebe4f";"d4f48cb8ac2bb9c127ee4a7b2f79305520b3e3254bda76ea0d85468314ea0905"
"Einflussfaktoren";"Sitzverhalten";"4-Wochen-Pläne";"4-Wochen-Plan";"4-Wochen-Plan · Woche 2–3";"Koppeln Sie Bewegung an bestehende Gewohnheiten: im Stehen telefonieren, die Treppe statt Lift oder nach dem Mittagessen kurz spazieren. Bewegung nach einer Mahlzeit kann den Blutzuckeranstieg abflachen. Prüfen Sie, ob ein Steh-Arbeitsplatz zeitweise möglich ist.";"Colleghi il movimento alle abitudini esistenti: telefoni in piedi, prenda le scale invece dell’ascensore o faccia una breve passeggiata dopo pranzo. Muoversi dopo un pasto può attenuare l’aumento della glicemia. Verifichi se può utilizzare temporaneamente una postazione di lavoro in piedi.";"";"";"Marketing, Medizin";"Prüfung erforderlich";"Starre Spazierdauer und Wirkungsversprechen vorsichtig formuliert; durch Marketing und Medizin freigeben.";"";"";"recommendation.plan.ei_sitzen.weeks_2_3";"recommendations";"it-CH";"3";"v1:4c57ada7d55b51436b17bda45c5831ce8e05df24ae9d5f359035e7ea924ebe4f";"265396fc5dbd6e5960a09fa1a8be38b0da8f4075c55683da928232a14353ceba"
"Einflussfaktoren";"Sitzverhalten";"4-Wochen-Pläne";"4-Wochen-Plan";"4-Wochen-Plan · Woche 4";"Machen Sie kurze Bewegungspausen zur Gewohnheit. Wählen Sie einen Rhythmus, der im Alltag funktioniert und lange ununterbrochene Sitzphasen regelmässig auflöst.";"Faccia delle brevi pause di movimento un’abitudine. Scelga un ritmo compatibile con la vita quotidiana che interrompa regolarmente i lunghi periodi seduti.";"";"";"Marketing, Medizin";"Prüfung erforderlich";"Nicht leitliniengestützte 60-Minuten-Grenze entfernt; durch Marketing und Medizin freigeben.";"";"";"recommendation.plan.ei_sitzen.week_4";"recommendations";"it-CH";"3";"v1:4c57ada7d55b51436b17bda45c5831ce8e05df24ae9d5f359035e7ea924ebe4f";"5ff40e3431604cbaf556185c280c30d90770494adc4f2a74027fc7c1c7397a18"
"Einflussfaktoren";"Sitzverhalten";"Handlungsfelder";"Beschriftung";"Handlungsfeld · Einflussfaktoren · Kurzlabel";"Sitzzeit regelmässig unterbrechen";"Interrompere regolarmente il tempo trascorso seduti";"";"";"Marketing, Medizin";"Prüfung erforderlich";"";"";"";"recommendation.lever.lv_sitzen.label";"recommendations";"it-CH";"3";"v1:4c57ada7d55b51436b17bda45c5831ce8e05df24ae9d5f359035e7ea924ebe4f";"a6597a2a5b7b760bfaf0c16529a55321f42669c9d4604b2c548eb671ff92d238"
"Einflussfaktoren";"Sitzverhalten";"Handlungsfelder";"Detailtext";"Handlungsfeld · Einflussfaktoren · Detailtext";"Ihre Angaben zeigen eine lange tägliche Sitzzeit. Regelmässige Bewegung senkt das Gesamtrisiko; längere Sitzphasen immer wieder zu unterbrechen ist ein praktischer zusätzlicher Einstieg.";"Le Sue indicazioni mostrano un lungo tempo quotidiano trascorso seduto/a. L’attività fisica regolare riduce il rischio complessivo; interrompere ripetutamente le fasi sedentarie prolungate è un ulteriore punto di partenza pratico.";"";"";"Marketing, Medizin";"Prüfung erforderlich";"Universellen Zeitgrenzwert und unbelegtes Pausenversprechen entfernt; durch Marketing und Medizin freigeben.";"";"";"recommendation.lever.lv_sitzen.detail";"recommendations";"it-CH";"3";"v1:4c57ada7d55b51436b17bda45c5831ce8e05df24ae9d5f359035e7ea924ebe4f";"6cde229beff0c22d3f2c14cf715d16e353621a50a44fbdbb71e9e28fefa7b78c"
"Einflussfaktoren";"Sitzverhalten";"Dimensionsdetails";"Überschrift";"Dimensionsdetail · Titel";"Lange Sitzzeiten unterbrechen";"Interrompere i lunghi periodi seduti";"";"";"Marketing, Medizin";"Prüfung erforderlich";"";"";"";"recommendation.signal.sitzen.title";"recommendations";"it-CH";"3";"v1:4c57ada7d55b51436b17bda45c5831ce8e05df24ae9d5f359035e7ea924ebe4f";"23b9b78b395e3bf8bd187e24867d59498f40a7fa3a40793b53a4a6eb718637f2"
"Einflussfaktoren";"Sitzverhalten";"Dimensionsdetails";"Persönliche Einordnung";"Dimensionsdetail · Einordnung";"Sowohl die gesamte Sitzzeit als auch lange ununterbrochene Sitzphasen sind relevant. Regelmässiges Aufstehen und kurze Gehpausen bringen zusätzliche Bewegung in den Tag; zugleich bleibt ausreichend körperliche Aktivität insgesamt wichtig.";"Sono rilevanti sia il tempo totale seduto sia le fasi prolungate senza interruzioni. Alzarsi regolarmente e fare brevi pause camminando aggiunge movimento alla giornata; nel contempo rimane importante un’attività fisica complessiva sufficiente.";"";"";"Marketing, Medizin";"Prüfung erforderlich";"Nicht belegte optimale Unterbrechungsdauer und falschen Gegensatz zu Sport entfernt; durch Marketing und Medizin freigeben.";"";"";"recommendation.signal.sitzen.insight";"recommendations";"it-CH";"3";"v1:4c57ada7d55b51436b17bda45c5831ce8e05df24ae9d5f359035e7ea924ebe4f";"cca66ffec2859619f7e3b2f8a3023711de2c1c1d1421c0998ea457d7de7adc90"
"Einflussfaktoren";"Sitzverhalten";"Dimensionsdetails";"Nächster Schritt";"Dimensionsdetail · konkreter nächster Schritt";"Praktischer Mini-Impuls: regelmässig aufstehen, strecken oder ein paar Schritte gehen – zum Beispiel mit einer Erinnerung. Ein kurzer Spaziergang nach dem Essen kann den Blutzuckeranstieg zusätzlich abflachen.";"Mini-impulso pratico: si alzi regolarmente, faccia stretching o cammini per qualche passo, per esempio con un promemoria. Una breve passeggiata dopo il pasto può inoltre attenuare l’aumento della glicemia.";"";"";"Marketing, Medizin";"Prüfung erforderlich";"Pragmatische Empfehlung beibehalten, Wirkungsversprechen aber vorsichtig formuliert; durch Marketing und Medizin freigeben.";"";"";"recommendation.signal.sitzen.action";"recommendations";"it-CH";"3";"v1:4c57ada7d55b51436b17bda45c5831ce8e05df24ae9d5f359035e7ea924ebe4f";"376c6fa33e713b9390f72006986ab4f9d82cb3bd54d95f19ec18db987bbdc758"
"Einflussfaktoren";"Sitzverhalten";"Risikosignale";"Risikosignal";"Ergebnisseite, Lebensstil-Signal lange Sitzzeit";"Sie sitzen an einem typischen Tag sehr lange – schon kurze stündliche Unterbrechungen senken das Risiko deutlich.";"In una giornata tipica rimane seduto/a molto a lungo: già brevi interruzioni ogni ora riducono sensibilmente il rischio.";"";"";"Marketing, Medizin";"Prüfung erforderlich";"";"";"";"recommendation.risk_signal.sitzen.label";"recommendations";"it-CH";"3";"v1:4c57ada7d55b51436b17bda45c5831ce8e05df24ae9d5f359035e7ea924ebe4f";"8bec57a724adfbeb06d598018ec86b4ab39f51b3d71fc7787cd26de5a38abd5f"
"Einflussfaktoren";"Sitzverhalten";"Ergebnis-Einstieg";"Beschriftung";"Ergebnis-Zusammenfassung · Themenlabel «Sitzverhalten»";"Sitzzeit";"Tempo trascorso seduti";"";"";"Marketing";"Prüfung erforderlich";"";"";"";"ui.hero.topic.sitzzeit";"ui";"it-CH";"3";"v1:4c57ada7d55b51436b17bda45c5831ce8e05df24ae9d5f359035e7ea924ebe4f";"56dfb8d371f5f74ad9409a0c7aa598f098faf7e464f4747e17f1e012f1f8666f"
"Einflussfaktoren";"Weitere Einflussfaktoren";"Gemeinsame Bereichstexte (Fragebogen und Ergebnis)";"Beschriftung";"Gemeinsam in Fragebogen und Ergebnis · Einflussfaktoren · Kurzlabel für Navigation und Ergebnisvisualisierung";"Einflüsse";"Fattori";"";"";"Marketing";"Prüfung erforderlich";"";"";"";"service.dimension.einfluss.short";"services";"it-CH";"3";"v1:4c57ada7d55b51436b17bda45c5831ce8e05df24ae9d5f359035e7ea924ebe4f";"1f26c156cc56e46b696b47fc2726e419fde5b02580b0c31b9a661716aea1300f"
"Einflussfaktoren";"Weitere Einflussfaktoren";"Gemeinsame Bereichstexte (Fragebogen und Ergebnis)";"Überschrift";"Gemeinsam in Fragebogen und Ergebnis · Einflussfaktoren · vollständiger Bereichstitel";"Einflussfaktoren";"Fattori d’influenza";"";"";"Marketing, Medizin";"Prüfung erforderlich";"";"";"";"service.dimension.einfluss.title";"services";"it-CH";"3";"v1:4c57ada7d55b51436b17bda45c5831ce8e05df24ae9d5f359035e7ea924ebe4f";"5981810c9441a88a34450871155060a9f0a8ecaa4eecdbcf639929d786d2a78c"
"Einflussfaktoren";"Weitere Einflussfaktoren";"Gemeinsame Bereichstexte (Fragebogen und Ergebnis)";"Begründung / Einordnung";"Gemeinsam in Fragebogen und Ergebnis · Einflussfaktoren · Einleitung im Fragebogen und in den Ergebnisdetails";"Die ehrliche Reflexion Ihrer Gesundheit, Gewohnheiten und familiäre Krankheitsgeschichte helfen Ihnen Einflussfaktoren auf Ihre Gesundheit besser einzuschätzen.";"Una riflessione sincera sulla Sua salute, sulle Sue abitudini e sulla storia clinica familiare La aiuta a valutare meglio i fattori che influenzano la Sua salute.";"";"";"Marketing, Medizin";"Prüfung erforderlich";"";"";"";"service.dimension.einfluss.intro";"services";"it-CH";"3";"v1:4c57ada7d55b51436b17bda45c5831ce8e05df24ae9d5f359035e7ea924ebe4f";"663692cd565b409ebb2f48e5da77ccd15d86c28055f67fd59631a21e7232d32f"
"Einflussfaktoren";"Weitere Einflussfaktoren";"Positive Dimensionstexte";"Positive Rückmeldung";"Positive Verstärkung für die Dimension einfluss";"Ihre Rahmenbedingungen und Gewohnheiten unterstützen Ihre Gesundheit klar. Bleiben Sie dran – regelmässige Vorsorge hilft, diesen guten Stand zu halten.";"Le Sue condizioni e abitudini sostengono chiaramente la salute. Continui così: una prevenzione regolare aiuta a mantenere questo buon livello.";"";"";"Marketing, Medizin";"Prüfung erforderlich";"Starke Rückmeldung nicht mehr mit dem niedrigeren Status «solide» beschrieben; durch Marketing und Medizin freigeben.";"";"";"recommendation.positive.einfluss";"recommendations";"it-CH";"3";"v1:4c57ada7d55b51436b17bda45c5831ce8e05df24ae9d5f359035e7ea924ebe4f";"186d3a481d7037016ae166238d058c7d690dc5df09e659d9b01789c1b6f29e1f"
"Einflussfaktoren";"Weitere Einflussfaktoren";"Solide Dimensionstexte";"Solide Rückmeldung";"Zurückhaltende Rückmeldung für die Dimension einfluss im Status Solide";"Viele Ihrer Rahmenbedingungen und Gewohnheiten unterstützen Ihre Gesundheit bereits. Mit gezielten Alltagsentscheidungen und regelmässiger Vorsorge können Sie diesen Bereich weiter stärken.";"Molte delle Sue condizioni e abitudini sostengono già la salute. Con decisioni quotidiane mirate e una prevenzione regolare può rafforzare ulteriormente questo ambito.";"";"";"Marketing, Medizin";"Prüfung erforderlich";"Neu vom positiven Feedback ab Score 80 getrennt; durch Marketing und Medizin freigeben.";"";"";"recommendation.solid.einfluss";"recommendations";"it-CH";"3";"v1:4c57ada7d55b51436b17bda45c5831ce8e05df24ae9d5f359035e7ea924ebe4f";"e9f073c5c425b1dabf022aa228acbcff12e1340c10ccc7adc355ff5cf35ddbc6"
"Einflussfaktoren";"Weitere Einflussfaktoren";"Ergebnis-Einstieg";"Beschriftung";"Hero-Zusammenfassung, Dimension einfluss im Nominativ";"Ihre Einflussfaktoren";"I Suoi fattori d’influenza";"";"";"Marketing";"Prüfung erforderlich";"";"";"";"ui.hero.dimension.einfluss.nominative";"ui";"it-CH";"3";"v1:4c57ada7d55b51436b17bda45c5831ce8e05df24ae9d5f359035e7ea924ebe4f";"28882c510b677625eaf0917e104731299d395b3d91c5a56d569f7c0add1bd372"
"Einflussfaktoren";"Weitere Einflussfaktoren";"Ergebnis-Einstieg";"Beschriftung";"Hero-Zusammenfassung, Dimension einfluss nach «bei»";"bei Ihren Einflussfaktoren";"nei Suoi fattori d’influenza";"";"";"Marketing";"Prüfung erforderlich";"";"";"";"ui.hero.dimension.einfluss.prepositional";"ui";"it-CH";"3";"v1:4c57ada7d55b51436b17bda45c5831ce8e05df24ae9d5f359035e7ea924ebe4f";"ca726b0c229179fd968e2543c5dabf28094f22df4e783401bf572aa9e01282c6"
"Körperliche Fitness";"Allgemeine Fitness";"Coach-Antworten";"Dynamischer Text";"Demo-Coach-Antwort zu Bewegung, Sport, Fitness oder Kraft";"Fitness ist einer der wirksamsten Hebel: Schon 3× 20–30 Min. zügiges Gehen pro Woche plus 2 kurze Krafteinheiten wirken. Steigern Sie langsam und planen Sie feste Zeiten ein. Ihr Fitness-Wert: <b>{{fitnessScore}}</b>.";"La forma fisica è una delle leve più efficaci: già 3 × 20–30 minuti di camminata sostenuta alla settimana, insieme a 2 brevi sessioni di forza, possono fare la differenza. Aumenti gradualmente e pianifichi orari fissi. Il Suo valore della forma fisica: <b>{{fitnessScore}}</b>.";"";"";"Marketing, Medizin";"Prüfung erforderlich";"";"{{fitnessScore}}";"";"coach.answer.fitness";"coach";"it-CH";"3";"v1:4c57ada7d55b51436b17bda45c5831ce8e05df24ae9d5f359035e7ea924ebe4f";"2eb046616cd1a061fe3eb805a53fa89237db8f3d1eaf548858213a54c912355c"
"Körperliche Fitness";"Allgemeine Fitness";"Gemeinsame Bereichstexte (Fragebogen und Ergebnis)";"Beschriftung";"Gemeinsam in Fragebogen und Ergebnis · Körperliche Fitness · Kurzlabel für Navigation und Ergebnisvisualisierung";"Fitness";"Forma fisica";"";"";"Marketing";"Prüfung erforderlich";"";"";"";"service.dimension.fitness.short";"services";"it-CH";"3";"v1:4c57ada7d55b51436b17bda45c5831ce8e05df24ae9d5f359035e7ea924ebe4f";"956e885fb3bb025bc02f5a319a6d1008ee0e53d8a196080d5ba84795dad68b5c"
"Körperliche Fitness";"Allgemeine Fitness";"Gemeinsame Bereichstexte (Fragebogen und Ergebnis)";"Überschrift";"Gemeinsam in Fragebogen und Ergebnis · Körperliche Fitness · vollständiger Bereichstitel";"Körperliche Fitness";"Forma fisica";"";"";"Marketing, Medizin";"Prüfung erforderlich";"";"";"";"service.dimension.fitness.title";"services";"it-CH";"3";"v1:4c57ada7d55b51436b17bda45c5831ce8e05df24ae9d5f359035e7ea924ebe4f";"e7590a0e3b2a9f77516f4d2059b77d71eb92813a9cfdb27460a02f813716bfca"
"Körperliche Fitness";"Allgemeine Fitness";"Gemeinsame Bereichstexte (Fragebogen und Ergebnis)";"Begründung / Einordnung";"Gemeinsam in Fragebogen und Ergebnis · Körperliche Fitness · Einleitung im Fragebogen und in den Ergebnisdetails";"Ihre körperliche Fitness ist einer der besten Indikatoren für Ihre Gesundheit.";"La Sua forma fisica è uno dei migliori indicatori della Sua salute.";"";"";"Marketing, Medizin";"Prüfung erforderlich";"";"";"";"service.dimension.fitness.intro";"services";"it-CH";"3";"v1:4c57ada7d55b51436b17bda45c5831ce8e05df24ae9d5f359035e7ea924ebe4f";"b8c0e44b9c6b5c412b2ac1558253bbff87797520771cfde1da1425ab0ead012d"
"Körperliche Fitness";"Allgemeine Fitness";"Fitness-Kurztests";"Begründung / Einordnung";"Bedeutung eines Fitness-Kurztests in der sichtbaren Kategorie Ausbaufähig";"Ihr Ergebnis ist bei diesem Test ausbaufähig. Regelmässiges, passendes Training kann Ihnen helfen, sich zu verbessern. Der Test ist keine Diagnose.";"Il risultato di questo test offre un margine di miglioramento. Un allenamento regolare e adeguato può aiutarLa a migliorare. Il test non è una diagnosi.";"";"";"Marketing, Medizin";"Prüfung erforderlich";"Sichtbare Kategorie entspricht der Statuslogik der Standortbestimmung; keine Diagnose.";"";"";"recommendation.fitness_test.status.ausbau.meaning";"recommendations";"it-CH";"3";"v1:4c57ada7d55b51436b17bda45c5831ce8e05df24ae9d5f359035e7ea924ebe4f";"402b574517cebcbbf8bb994c75fa9e65b79cb47ff0364fe7566574f3fd9761c6"
"Körperliche Fitness";"Allgemeine Fitness";"Fitness-Kurztests";"Begründung / Einordnung";"Bedeutung eines Fitness-Kurztests in der sichtbaren Kategorie Erhöhte Aufmerksamkeit";"Bei diesem Test besteht deutliches Verbesserungspotenzial. Beginnen Sie mit einem passenden Training schrittweise. Der Test ist keine Diagnose und sagt allein nichts über Ihr persönliches Erkrankungsrisiko aus.";"In questo test vi è un chiaro potenziale di miglioramento. Inizi gradualmente con un allenamento adeguato. Il test non è una diagnosi e, da solo, non dice nulla sul Suo rischio personale di malattia.";"";"";"Marketing, Medizin";"Prüfung erforderlich";"Sichtbare Kategorie entspricht der Statuslogik der Standortbestimmung; keine Diagnose.";"";"";"recommendation.fitness_test.status.aufmerksam.meaning";"recommendations";"it-CH";"3";"v1:4c57ada7d55b51436b17bda45c5831ce8e05df24ae9d5f359035e7ea924ebe4f";"99cba875e8a6054b94dcd497a5caa57263ab120f903a02160edaaa0717aeab7e"
"Körperliche Fitness";"Allgemeine Fitness";"Fitness-Kurztests";"Begründung / Einordnung";"Bedeutung eines Fitness-Kurztests in der sichtbaren Kategorie Solide Basis";"Ihr Ergebnis zeigt bei diesem Test eine solide Basis. Nutzen Sie den Wert als persönliche Ausgangsmessung und für spätere Vergleiche unter denselben Bedingungen.";"Il risultato mostra una base solida in questo test. Utilizzi il valore come misurazione iniziale personale e per confronti successivi nelle stesse condizioni.";"";"";"Marketing, Medizin";"Prüfung erforderlich";"Sichtbare Kategorie entspricht der Statuslogik der Standortbestimmung; keine Diagnose.";"";"";"recommendation.fitness_test.status.solide.meaning";"recommendations";"it-CH";"3";"v1:4c57ada7d55b51436b17bda45c5831ce8e05df24ae9d5f359035e7ea924ebe4f";"2eee6031c94b5b73b09ced620a640325e631e146e74d9e0538db3d1ff3d2b01e"
"Körperliche Fitness";"Allgemeine Fitness";"Fitness-Kurztests";"Begründung / Einordnung";"Bedeutung eines Fitness-Kurztests in der sichtbaren Kategorie Stark";"Ihr Ergebnis zeigt bei diesem Test eine starke Leistung. Der Test betrachtet nur einen Teil Ihrer Fitness und sagt allein nichts über Ihr persönliches Erkrankungsrisiko aus.";"Il risultato mostra una prestazione forte in questo test. Il test considera soltanto una parte della Sua forma fisica e, da solo, non dice nulla sul Suo rischio personale di malattia.";"";"";"Marketing, Medizin";"Prüfung erforderlich";"Sichtbare Kategorie entspricht der Statuslogik der Standortbestimmung; keine Diagnose.";"";"";"recommendation.fitness_test.status.stark.meaning";"recommendations";"it-CH";"3";"v1:4c57ada7d55b51436b17bda45c5831ce8e05df24ae9d5f359035e7ea924ebe4f";"b4d2c793ac87fe2aa1864802666df743693ea9e12d4047619ccb427988cf0a24"
"Körperliche Fitness";"Allgemeine Fitness";"Positive Dimensionstexte";"Positive Rückmeldung";"Positive Verstärkung für die Dimension fitness";"Sie sind erfreulich aktiv. Achten Sie weiterhin auf die Mischung aus Ausdauer, Kraft und Beweglichkeit.";"È piacevolmente attivo/a. Continui a curare la combinazione di resistenza, forza e mobilità.";"";"";"Marketing, Medizin";"Prüfung erforderlich";"";"";"";"recommendation.positive.fitness";"recommendations";"it-CH";"3";"v1:4c57ada7d55b51436b17bda45c5831ce8e05df24ae9d5f359035e7ea924ebe4f";"a12b6563ed37864cf6b092343d1a466c415c4c49935d5fcc17f35df544a849f4"
"Körperliche Fitness";"Allgemeine Fitness";"Solide Dimensionstexte";"Solide Rückmeldung";"Zurückhaltende Rückmeldung für die Dimension fitness im Status Solide";"Sie bringen bereits Bewegung in Ihren Alltag. Eine ausgewogene Mischung aus Ausdauer, Kraft und Beweglichkeit kann diesen Bereich weiter stärken.";"Integra già il movimento nella vita quotidiana. Una combinazione equilibrata di resistenza, forza e mobilità può rafforzare ulteriormente questo ambito.";"";"";"Marketing, Medizin";"Prüfung erforderlich";"Neu vom positiven Feedback ab Score 80 getrennt; durch Marketing und Medizin freigeben.";"";"";"recommendation.solid.fitness";"recommendations";"it-CH";"3";"v1:4c57ada7d55b51436b17bda45c5831ce8e05df24ae9d5f359035e7ea924ebe4f";"fe2db2ce51f268281273dba9f2a15fcbc0b77c42248fb8fcdce097f8222e503f"
"Körperliche Fitness";"Allgemeine Fitness";"Fitness-Kurztests";"Beschriftung";"4-Wochen-Plan, Label vor einem oder mehreren persönlichen Fitness-Retests in Woche 4";"Ihr Abschluss-Check:";"Il Suo check conclusivo:";"";"";"Marketing, Medizin";"Prüfung erforderlich";"Retest ist eine Verlaufskontrolle und kein Wirksamkeitsnachweis.";"";"";"ui.fitness_tests.retest_label";"ui";"it-CH";"3";"v1:4c57ada7d55b51436b17bda45c5831ce8e05df24ae9d5f359035e7ea924ebe4f";"080c3abc89781de931a61ee11727689d00ba04b45f115f9fd0db08cc20ac2fe6"
"Körperliche Fitness";"Allgemeine Fitness";"Fitness-Kurztests";"Überschrift";"Ergebnisdetail Körperliche Fitness, Überschrift oberhalb aller ausgefüllten Kurztests";"Ihre ausgefüllten Fitness-Kurztests";"I test brevi di forma fisica che ha completato";"";"";"Marketing";"Prüfung erforderlich";"Der Block erscheint nur, wenn mindestens ein optionaler Test ausgefüllt wurde.";"";"";"ui.fitness_tests.title";"ui";"it-CH";"3";"v1:4c57ada7d55b51436b17bda45c5831ce8e05df24ae9d5f359035e7ea924ebe4f";"f69976c904ab949b9977f717bb199e2cbc27bea086e565169c816b9db7be6b32"
"Körperliche Fitness";"Allgemeine Fitness";"Fitness-Kurztests";"Beschriftung";"Testkarte ohne fachlich passende Vergleichswerte";"Keine verlässliche Einordnung möglich";"Nessuna valutazione affidabile possibile";"";"";"Marketing, Medizin";"Prüfung erforderlich";"Bewusst neutral statt einer scheinpräzisen Stärke-/Schwäche-Einstufung.";"";"";"ui.fitness_tests.personal_baseline";"ui";"it-CH";"3";"v1:4c57ada7d55b51436b17bda45c5831ce8e05df24ae9d5f359035e7ea924ebe4f";"a7e0181574c5ad5b2284fb1e58963efa3ca53bfe51f2e21f0bf24a51bf13bdf1"
"Körperliche Fitness";"Allgemeine Fitness";"Fitness-Kurztests";"Beschriftung";"Testkarte, Label vor dem nächsten persönlichen Orientierungsbereich";"Nächste Orientierung:";"Prossimo orientamento:";"";"";"Marketing, Medizin";"Prüfung erforderlich";"Kein Therapieziel oder medizinischer Grenzwert.";"";"";"ui.fitness_tests.next_reference_label";"ui";"it-CH";"3";"v1:4c57ada7d55b51436b17bda45c5831ce8e05df24ae9d5f359035e7ea924ebe4f";"59747201e05c08571ef3d5dabe237270c9152e78029f3877be6d5ab1d99f5e6a"
"Körperliche Fitness";"Allgemeine Fitness";"Fitness-Kurztests";"Beschriftung";"Testkarte, Label vor der gesundheitlichen Relevanz";"Warum das relevant ist:";"Perché è rilevante:";"";"";"Marketing";"Prüfung erforderlich";"";"";"";"ui.fitness_tests.relevance_label";"ui";"it-CH";"3";"v1:4c57ada7d55b51436b17bda45c5831ce8e05df24ae9d5f359035e7ea924ebe4f";"3734d9b35bc302f402ae58130b3ebce22a0337f1458abcfb8be9bb790261081d"
"Körperliche Fitness";"Allgemeine Fitness";"Fitness-Kurztests";"Beschriftung";"Testkarte, Label vor der persönlichen Einordnung";"Was das bedeutet:";"Che cosa significa:";"";"";"Marketing";"Prüfung erforderlich";"";"";"";"ui.fitness_tests.meaning_label";"ui";"it-CH";"3";"v1:4c57ada7d55b51436b17bda45c5831ce8e05df24ae9d5f359035e7ea924ebe4f";"0587a330d85605bc79ed85292633083a9d4c66deb8f9509ee516e11932504d8a"
"Körperliche Fitness";"Allgemeine Fitness";"Fitness-Kurztests";"Medizinischer Hinweis";"Ergebnisdetail Körperliche Fitness, gemeinsamer Hinweis oberhalb der Testkarten";"Diese Kurztests zeigen einzelne Bereiche Ihrer aktuellen körperlichen Leistungsfähigkeit. Sie ersetzen keine medizinische Untersuchung und erlauben allein keine Aussage über Ihr persönliches Erkrankungsrisiko.";"Questi test brevi mostrano singoli aspetti della Sua capacità fisica attuale. Non sostituiscono un esame medico e, da soli, non permettono di trarre conclusioni sul Suo rischio personale di malattia.";"";"";"Marketing, Medizin";"Prüfung erforderlich";"Gemeinsame Aussagegrenze für alle drei Tests; medizinisch freigeben.";"";"";"ui.fitness_tests.description";"ui";"it-CH";"3";"v1:4c57ada7d55b51436b17bda45c5831ce8e05df24ae9d5f359035e7ea924ebe4f";"15528806491a8ad158623a16896fef13ee903ba3a1d8caeb46ed33cae2754a89"
"Körperliche Fitness";"Allgemeine Fitness";"Fitness-Kurztests";"Dynamischer Text";"Testkarte, personalisierter nächster Vergleichswert";"Der nächste Vergleichswert liegt bei {{nextThreshold}} {{unit}}. Er ist keine medizinische Grenze und kein versprochener Vier-Wochen-Erfolg.";"Il prossimo valore di confronto è {{nextThreshold}} {{unit}}. Non è una soglia medica né un risultato promesso dopo quattro settimane.";"";"";"Marketing, Medizin";"Prüfung erforderlich";"Nur bei fachlich passender Referenzstufe; Variablen müssen Klartext bleiben.";"{{nextThreshold}} | {{unit}}";"";"ui.fitness_tests.next_reference";"ui";"it-CH";"3";"v1:4c57ada7d55b51436b17bda45c5831ce8e05df24ae9d5f359035e7ea924ebe4f";"d05527f34599fe9bb5a672a189843f3c7b0f1e29dcb176c35a16b581a987f2de"
"Körperliche Fitness";"Allgemeine Fitness";"Fitness-Kurztests";"Dynamischer Text";"Testkarte mit ausbaufähigem Wert, passende Empfehlung ist im Top-3-Aktionsplan";"Passende Empfehlung: {{recommendationTitle}} – Schritt {{planStep}} in Ihrem Aktionsplan";"Raccomandazione adatta: {{recommendationTitle}} – passo {{planStep}} del Suo piano d’azione";"";"";"Marketing";"Prüfung erforderlich";"Empfehlungstitel muss Klartext bleiben.";"{{planStep}} | {{recommendationTitle}}";"";"ui.fitness_tests.related_recommendation.top_step";"ui";"it-CH";"3";"v1:4c57ada7d55b51436b17bda45c5831ce8e05df24ae9d5f359035e7ea924ebe4f";"8cdd89052d3036c395e93ef1f80d456458ee5688c2e06629e3221150a9439551"
"Körperliche Fitness";"Allgemeine Fitness";"Fitness-Kurztests";"Dynamischer Text";"Testkarte mit ausbaufähigem Wert, passende Empfehlung steht weiter unten in der Fitness-Dimension";"Passende Empfehlung: {{recommendationTitle}}";"Raccomandazione adatta: {{recommendationTitle}}";"";"";"Marketing";"Prüfung erforderlich";"Empfehlungstitel muss Klartext bleiben.";"{{recommendationTitle}}";"";"ui.fitness_tests.related_recommendation.detail";"ui";"it-CH";"3";"v1:4c57ada7d55b51436b17bda45c5831ce8e05df24ae9d5f359035e7ea924ebe4f";"9ab9ace54681b71c0a9f90c2bbdae91e21c172a02a4ebe8ea6369a5a6da7a70f"
"Körperliche Fitness";"Allgemeine Fitness";"Fitness-Kurztests";"Beschriftung";"Testkarte und personalisierte Orientierung, Einheit für Liegestütze";"Wiederholungen";"ripetizioni";"";"";"Marketing";"Prüfung erforderlich";"Wird als Klartextvariable in andere Katalogtexte eingesetzt.";"";"";"ui.fitness_tests.unit.repetitions";"ui";"it-CH";"3";"v1:4c57ada7d55b51436b17bda45c5831ce8e05df24ae9d5f359035e7ea924ebe4f";"6ce013dcf3c6f659522c840a1e9da24cda78a9f31046d54c275db2cc42d895bb"
"Körperliche Fitness";"Allgemeine Fitness";"Fitness-Kurztests";"Beschriftung";"Testkarte und personalisierte Orientierung, Einheit für Zeitwerte";"Sekunden";"secondi";"";"";"Marketing";"Prüfung erforderlich";"Wird als Klartextvariable in andere Katalogtexte eingesetzt.";"";"";"ui.fitness_tests.unit.seconds";"ui";"it-CH";"3";"v1:4c57ada7d55b51436b17bda45c5831ce8e05df24ae9d5f359035e7ea924ebe4f";"7feaed79c0ad46b45c122ab488cc389dcf87b695700d6a66ead40334e406b050"
"Körperliche Fitness";"Allgemeine Fitness";"Ergebnis-Einstieg";"Beschriftung";"Hero-Zusammenfassung, Dimension fitness im Nominativ";"Ihre körperliche Fitness";"La Sua forma fisica";"";"";"Marketing";"Prüfung erforderlich";"";"";"";"ui.hero.dimension.fitness.nominative";"ui";"it-CH";"3";"v1:4c57ada7d55b51436b17bda45c5831ce8e05df24ae9d5f359035e7ea924ebe4f";"5c2619320407803d0e85419a2b1b128bd082d12975120cfd9d25522d40c1fceb"
"Körperliche Fitness";"Allgemeine Fitness";"Ergebnis-Einstieg";"Beschriftung";"Hero-Zusammenfassung, Dimension fitness nach «bei»";"bei Ihrer körperlichen Fitness";"nella Sua forma fisica";"";"";"Marketing";"Prüfung erforderlich";"";"";"";"ui.hero.dimension.fitness.prepositional";"ui";"it-CH";"3";"v1:4c57ada7d55b51436b17bda45c5831ce8e05df24ae9d5f359035e7ea924ebe4f";"45a345dca7327a866fa09b436723956941827eb659b6b7ff469e8a436abf000f"
"Körperliche Fitness";"Ausdauer & Kondition";"Empfehlungskarten";"Überschrift";"Empfehlungskarte · Körperliche Fitness · Titel";"Ausdauer Schritt für Schritt ausbauen";"Sviluppare la resistenza passo dopo passo";"";"";"Marketing";"Prüfung erforderlich";"";"";"";"recommendation.catalog.fi_ausdauer.title";"recommendations";"it-CH";"3";"v1:4c57ada7d55b51436b17bda45c5831ce8e05df24ae9d5f359035e7ea924ebe4f";"a16bffa9d754e5c3c5eef2891f1df18a84d0bdc27f949ae74a9cf8f1ecb7f5fe"
"Körperliche Fitness";"Ausdauer & Kondition";"Empfehlungskarten";"Begründung / Einordnung";"Empfehlungskarte · Körperliche Fitness · Begründung";"Sie sind bereits etwas aktiv – schön! Mehr Ausdauerbewegung stärkt Herz, Kreislauf und Stoffwechsel zusätzlich. Als Orientierung gelten rund 150 Minuten pro Woche.";"È già un po’ attivo/a: ottimo! Aumentare l’attività aerobica rafforza ulteriormente il cuore, la circolazione e il metabolismo. Come orientamento valgono circa 150 minuti alla settimana.";"";"";"Marketing, Medizin";"Prüfung erforderlich";"";"";"";"recommendation.catalog.fi_ausdauer.why";"recommendations";"it-CH";"3";"v1:4c57ada7d55b51436b17bda45c5831ce8e05df24ae9d5f359035e7ea924ebe4f";"b9ad6e77c27174d5f527ca30b6ce86e9650fa1e074cb84f24b3dd205dda6b7a3"
"Körperliche Fitness";"Ausdauer & Kondition";"Empfehlungskarten";"Nächster Schritt";"Empfehlungskarte · Körperliche Fitness · konkreter nächster Schritt";"Erhöhen Sie Ihr Pensum um eine Einheit pro Woche oder verlängern Sie bestehende Einheiten um je 10 Minuten.";"Aumenti il Suo programma di una sessione alla settimana oppure prolunghi di 10 minuti le sessioni esistenti.";"";"";"Marketing, Medizin";"Prüfung erforderlich";"";"";"";"recommendation.catalog.fi_ausdauer.step";"recommendations";"it-CH";"3";"v1:4c57ada7d55b51436b17bda45c5831ce8e05df24ae9d5f359035e7ea924ebe4f";"a3601850acf4f93538b135eea917a34ad572f59f767883a8aa906acf27f4b981"
"Körperliche Fitness";"Ausdauer & Kondition";"Empfehlungskarten";"Erwarteter Nutzen";"Empfehlungskarte · Körperliche Fitness · erwarteter Nutzen";"Regelmässige Ausdauer verbessert Fitness, Energie und langfristig Ihr Herz-Kreislauf-Profil.";"L’attività aerobica regolare migliora la forma fisica, l’energia e, a lungo termine, il profilo cardiovascolare.";"";"";"Marketing, Medizin";"Prüfung erforderlich";"";"";"";"recommendation.catalog.fi_ausdauer.benefit";"recommendations";"it-CH";"3";"v1:4c57ada7d55b51436b17bda45c5831ce8e05df24ae9d5f359035e7ea924ebe4f";"448c5ef53308e07520f88629d3f773a1344b28af0904a98658eeb5432cff7fd6"
"Körperliche Fitness";"Ausdauer & Kondition";"4-Wochen-Pläne";"4-Wochen-Plan";"4-Wochen-Plan · Diese Woche";"Legen Sie zwei feste Termine à 25–30 Minuten in lockerem Tempo fest (Sprechtest: unterhalten ja, singen nein). Dieser ruhige Grundlagenbereich baut die Basis – und darf sich leicht anfühlen.";"Fissi due appuntamenti di 25–30 minuti a ritmo tranquillo (test della conversazione: parlare sì, cantare no). Questa tranquilla fascia di base costruisce il fondamento e può risultare leggera.";"";"";"Marketing, Medizin";"Prüfung erforderlich";"";"";"";"recommendation.plan.fi_ausdauer.this_week";"recommendations";"it-CH";"3";"v1:4c57ada7d55b51436b17bda45c5831ce8e05df24ae9d5f359035e7ea924ebe4f";"99c8cddc98e60fdc32bc8a982a420e722ee66ff1f6f5648777a7515d64efcb74"
"Körperliche Fitness";"Ausdauer & Kondition";"4-Wochen-Pläne";"4-Wochen-Plan";"4-Wochen-Plan · Woche 2–3";"Wenn Sie das Grundlagentraining gut und beschwerdefrei vertragen, können Sie <b>eine intensivere Einheit</b> pro Woche ergänzen: nach lockerem Einlaufen 4–6 × 1 Minute deutlich schneller, dazwischen jeweils 2 Minuten locker. Intervalltraining kann die maximale Sauerstoffaufnahme (VO₂max) verbessern. <i>Bei Brustschmerzen, ungewöhnlicher Atemnot, Schwindel oder Benommenheit abbrechen und medizinisch abklären.</i>";"Se tollera bene e senza disturbi l’allenamento di base, può aggiungere <b>una sessione più intensa</b> alla settimana: dopo un riscaldamento tranquillo, 4–6 × 1 minuto sensibilmente più veloce, intervallato ogni volta da 2 minuti tranquilli. L’allenamento a intervalli può migliorare il massimo consumo di ossigeno (VO₂max). <i>In caso di dolore al petto, difficoltà respiratoria insolita, vertigini o stordimento, interrompa e chieda una valutazione medica.</i>";"";"";"Marketing, Medizin";"Prüfung erforderlich";"Absoluten Wirksamkeits- und Lebenserwartungsvergleich entfernt und Sicherheitsschwelle ergänzt; durch Marketing und Medizin freigeben.";"";"";"recommendation.plan.fi_ausdauer.weeks_2_3";"recommendations";"it-CH";"3";"v1:4c57ada7d55b51436b17bda45c5831ce8e05df24ae9d5f359035e7ea924ebe4f";"a1b5cb0f5d45291375b817d8270e62165ba51e5efeb959eaa23ee6d91201a011"
"Körperliche Fitness";"Ausdauer & Kondition";"4-Wochen-Pläne";"4-Wochen-Plan";"4-Wochen-Plan · Woche 4";"Bilanz ziehen: Erreichen Sie 150 Minuten moderat <b>oder</b> 75 Minuten intensiv pro Woche? Steigern Sie Umfang oder Intensität – nie beides gleichzeitig. Ein einfacher Fortschrittstest: Wie fühlen sich jetzt zwei Stockwerke Treppen an?";"Faccia un bilancio: raggiunge 150 minuti moderati <b>oppure</b> 75 minuti intensi alla settimana? Aumenti il volume o l’intensità, mai entrambi contemporaneamente. Un semplice test dei progressi: come si sente ora dopo due piani di scale?";"";"";"Marketing, Medizin";"Prüfung erforderlich";"";"";"";"recommendation.plan.fi_ausdauer.week_4";"recommendations";"it-CH";"3";"v1:4c57ada7d55b51436b17bda45c5831ce8e05df24ae9d5f359035e7ea924ebe4f";"d8185fd0c2f41978d3ea46d31df72390b032a0e9fa73e0563db469b1a3c8c769"
"Körperliche Fitness";"Ausdauer & Kondition";"Empfehlungskarten";"Überschrift";"Empfehlungskarte · Körperliche Fitness · Titel";"Alltagskondition stärken";"Rafforzare la resistenza nella vita quotidiana";"";"";"Marketing";"Prüfung erforderlich";"";"";"";"recommendation.catalog.fi_kondition.title";"recommendations";"it-CH";"3";"v1:4c57ada7d55b51436b17bda45c5831ce8e05df24ae9d5f359035e7ea924ebe4f";"edbcdb3fe75de5325fcaf038b0e8144201e75eac674c1d1ebdd9a62540b12204"
"Körperliche Fitness";"Ausdauer & Kondition";"Empfehlungskarten";"Begründung / Einordnung";"Empfehlungskarte · Körperliche Fitness · Begründung";"Treppensteigen fällt Ihnen aktuell schwer. Diese Alltagsbelastung lässt sich oft trainieren. Neue oder starke Atemnot, Brustbeschwerden, Schwindel oder Benommenheit sollten jedoch zuerst medizinisch eingeordnet werden.";"Attualmente salire le scale Le risulta difficile. Spesso questa sollecitazione quotidiana può essere allenata. Una difficoltà respiratoria nuova o forte, disturbi al torace, vertigini o stordimento devono però essere valutati prima dal punto di vista medico.";"";"";"Marketing, Medizin";"Prüfung erforderlich";"Auf den Konditionsauslöser Treppensteigen präzisiert; Sicherheitsgrenze durch Marketing und Medizin freigeben.";"";"";"recommendation.catalog.fi_kondition.why";"recommendations";"it-CH";"3";"v1:4c57ada7d55b51436b17bda45c5831ce8e05df24ae9d5f359035e7ea924ebe4f";"f30375f64c51c2c6a29fc5314f3ad88ddee6d7f25ec0f3ff5e178bb5c6be7a0c"
"Körperliche Fitness";"Ausdauer & Kondition";"Empfehlungskarten";"Nächster Schritt";"Empfehlungskarte · Körperliche Fitness · konkreter nächster Schritt";"Wenn keine Warnzeichen dagegensprechen, wählen Sie eine gut bewältigbare Alltagsbelastung und steigern Sie langsam. Brechen Sie bei Brustbeschwerden, ungewöhnlicher Atemnot, Schwindel oder Benommenheit ab und lassen Sie das abklären.";"Se non vi sono segnali d’allarme, scelga un’attività quotidiana che riesce a gestire bene e aumenti lentamente. Interrompa in caso di disturbi al torace, difficoltà respiratoria insolita, vertigini o stordimento e faccia valutare i sintomi.";"";"";"Marketing, Medizin";"Prüfung erforderlich";"Pauschale Belastungssteigerung durch einen sicheren, symptomorientierten Einstieg ersetzt; durch Marketing und Medizin freigeben.";"";"";"recommendation.catalog.fi_kondition.step";"recommendations";"it-CH";"3";"v1:4c57ada7d55b51436b17bda45c5831ce8e05df24ae9d5f359035e7ea924ebe4f";"a3adf00af89369dc2e092f57a8d327d8adc61d2e70bd9c888f3b01765ee34f05"
"Körperliche Fitness";"Ausdauer & Kondition";"Empfehlungskarten";"Erwarteter Nutzen";"Empfehlungskarte · Körperliche Fitness · erwarteter Nutzen";"Mehr Alltagskondition macht den Tag leichter und stärkt Herz und Muskeln nebenbei.";"Una maggiore resistenza quotidiana rende la giornata più facile e rafforza nel contempo cuore e muscoli.";"";"";"Marketing, Medizin";"Prüfung erforderlich";"";"";"";"recommendation.catalog.fi_kondition.benefit";"recommendations";"it-CH";"3";"v1:4c57ada7d55b51436b17bda45c5831ce8e05df24ae9d5f359035e7ea924ebe4f";"fb44b1eb78527e1de5ee2748d58e15e9ed7749bdd7c50aa687cf517c7e63c4ff"
"Körperliche Fitness";"Ausdauer & Kondition";"4-Wochen-Pläne";"4-Wochen-Plan";"4-Wochen-Plan · Diese Woche";"Prüfen Sie zuerst: Treten neue oder starke Atemnot, Brustbeschwerden, Schwindel oder Benommenheit auf, lassen Sie das medizinisch einordnen. Andernfalls wählen Sie eine gut bewältigbare Alltagsbelastung – etwa eine kurze Treppe oder eine Haltestelle zu Fuss – und steigern Sie langsam.";"Verifichi prima se compaiono difficoltà respiratoria nuova o forte, disturbi al torace, vertigini o stordimento: in tal caso chieda una valutazione medica. Altrimenti scelga una sollecitazione quotidiana ben gestibile, per esempio una breve rampa di scale o una fermata a piedi, e aumenti lentamente.";"";"";"Marketing, Medizin";"Prüfung erforderlich";"Sicherheitsgrenze vor dem Trainingsplan ergänzt; durch Marketing und Medizin freigeben.";"";"";"recommendation.plan.fi_kondition.this_week";"recommendations";"it-CH";"3";"v1:4c57ada7d55b51436b17bda45c5831ce8e05df24ae9d5f359035e7ea924ebe4f";"05d5ad87e5cf270318b9bdacbdced8714e5d0d26638cef189dad92133c405e2d"
"Körperliche Fitness";"Ausdauer & Kondition";"4-Wochen-Pläne";"4-Wochen-Plan";"4-Wochen-Plan · Woche 2–3";"Wenn die Belastung beschwerdefrei bleibt, steigern Sie behutsam: etwas länger gehen oder eine zusätzliche kurze Treppe einbauen, danach erholen. Das trainiert Ihre Alltagskondition schrittweise.";"Se l’attività rimane priva di disturbi, aumenti con cautela: cammini un po’ più a lungo o aggiunga una breve rampa di scale e poi si riprenda. Così allena gradualmente la resistenza quotidiana.";"";"";"Marketing, Medizin";"Prüfung erforderlich";"Belastungssteigerung an Beschwerdefreiheit gekoppelt und Kausalbehauptung entschärft; durch Marketing und Medizin freigeben.";"";"";"recommendation.plan.fi_kondition.weeks_2_3";"recommendations";"it-CH";"3";"v1:4c57ada7d55b51436b17bda45c5831ce8e05df24ae9d5f359035e7ea924ebe4f";"b7cb1626d611418a4d313453fd72a14a96e3be4ae9d0eea9df6d7b41e81383bf"
"Körperliche Fitness";"Ausdauer & Kondition";"4-Wochen-Pläne";"4-Wochen-Plan";"4-Wochen-Plan · Woche 4";"Machen Sie die aktive Variante zur Standardwahl. Kontrolle ohne Geräte: Fällt Ihnen das Treppensteigen bereits leichter? Genau daran merken Sie den Fortschritt im Alltag.";"Faccia della variante attiva la scelta standard. Controllo senza attrezzi: salire le scale Le risulta già più facile? È proprio così che nota i progressi nella vita quotidiana.";"";"";"Marketing, Medizin";"Prüfung erforderlich";"Auf den Konditionsauslöser Treppensteigen präzisiert; redaktionell freigeben.";"";"";"recommendation.plan.fi_kondition.week_4";"recommendations";"it-CH";"3";"v1:4c57ada7d55b51436b17bda45c5831ce8e05df24ae9d5f359035e7ea924ebe4f";"b557f72835b36a09f4d26d575c4bc2937517e4c727a3858538b4053b95b2f9ad"
"Körperliche Fitness";"Ausdauer & Kondition";"Handlungsfelder";"Beschriftung";"Handlungsfeld · Körperliche Fitness · Kurzlabel";"Ausdauer Schritt für Schritt aufbauen (Ziel: 150 Min./Woche)";"Sviluppare la resistenza passo dopo passo (obiettivo: 150 min/settimana)";"";"";"Marketing, Medizin";"Prüfung erforderlich";"";"";"";"recommendation.lever.lv_ausdauer.label";"recommendations";"it-CH";"3";"v1:4c57ada7d55b51436b17bda45c5831ce8e05df24ae9d5f359035e7ea924ebe4f";"1afcc708ccddaa3a36a6f9407ff5aafd4b75b2de9094c962dbb30885204a0e61"
"Körperliche Fitness";"Ausdauer & Kondition";"Handlungsfelder";"Detailtext";"Handlungsfeld · Körperliche Fitness · Standardvariante";"Ausdauer ist ein wichtiger Baustein für Herz-Kreislauf-Gesundheit und Alltagsleistungsfähigkeit. Beginnen Sie mit gut verträglichen Spaziergängen und steigern Sie langsam.";"La resistenza è un elemento importante per la salute cardiovascolare e le prestazioni nella vita quotidiana. Inizi con passeggiate ben tollerate e aumenti lentamente.";"";"";"Marketing, Medizin";"Prüfung erforderlich";"Nicht belegte Rangfolge der Fitnesskomponenten entfernt; durch Marketing und Medizin freigeben.";"";"";"recommendation.lever.lv_ausdauer.detail.default";"recommendations";"it-CH";"3";"v1:4c57ada7d55b51436b17bda45c5831ce8e05df24ae9d5f359035e7ea924ebe4f";"b4f4a8f4d43db320bb5b2f436d3bd49b1ea96831d353e6fa5b2d3e1ac6aa215c"
"Körperliche Fitness";"Ausdauer & Kondition";"Handlungsfelder";"Detailtext";"Handlungsfeld · Körperliche Fitness · Variante bei erschwertem Treppensteigen";"Sie bewegen sich wenig und kommen beim Treppensteigen ausser Atem. Wenn die Atemnot neu, ungewöhnlich oder stark ist, lassen Sie sie zuerst medizinisch einordnen; sonst können kurze, gut verträgliche Spaziergänge ein passender Einstieg sein.";"Si muove poco e Le manca il fiato salendo le scale. Se la difficoltà respiratoria è nuova, insolita o forte, la faccia prima valutare dal punto di vista medico; altrimenti, passeggiate brevi e ben tollerate possono essere un inizio adeguato.";"";"";"Marketing, Medizin";"Prüfung erforderlich";"Belastungsatemnot nicht automatisch als Trainingsauftrag behandelt; durch Marketing und Medizin freigeben.";"";"";"recommendation.lever.lv_ausdauer.detail.stairs_difficult";"recommendations";"it-CH";"3";"v1:4c57ada7d55b51436b17bda45c5831ce8e05df24ae9d5f359035e7ea924ebe4f";"2096cf0414dce52793eeffb602cc30f5043521ce050b9b98c72c69d8720e3c35"
"Körperliche Fitness";"Ausdauer & Kondition";"Ergebnis-Einstieg";"Beschriftung";"Ergebnis-Zusammenfassung · Themenlabel «Ausdauer & Kondition»";"intensive Ausdauer";"resistenza intensa";"";"";"Marketing";"Prüfung erforderlich";"";"";"";"ui.hero.topic.ausdauer_intensiv";"ui";"it-CH";"3";"v1:4c57ada7d55b51436b17bda45c5831ce8e05df24ae9d5f359035e7ea924ebe4f";"ad108708cb76e260a24c589813c1da717ca04f249e9eb052e6c0429bbf0c9ed8"
"Körperliche Fitness";"Ausdauer & Kondition";"Ergebnis-Einstieg";"Beschriftung";"Ergebnis-Zusammenfassung · Themenlabel «Ausdauer & Kondition»";"moderate Ausdauer";"resistenza moderata";"";"";"Marketing";"Prüfung erforderlich";"";"";"";"ui.hero.topic.ausdauer_moderat";"ui";"it-CH";"3";"v1:4c57ada7d55b51436b17bda45c5831ce8e05df24ae9d5f359035e7ea924ebe4f";"4edb29176c5c6106c3a7841a28bf361cd6788f3f197d0f93e23c2d63bde7bc5c"
"Körperliche Fitness";"Ausdauer & Kondition";"Ergebnis-Einstieg";"Beschriftung";"Ergebnis-Zusammenfassung · Themenlabel «Ausdauer & Kondition»";"Treppensteigen";"salire le scale";"";"";"Marketing";"Prüfung erforderlich";"";"";"";"ui.hero.topic.treppen";"ui";"it-CH";"3";"v1:4c57ada7d55b51436b17bda45c5831ce8e05df24ae9d5f359035e7ea924ebe4f";"2cc8efa790d1f9983ba762e0168ba25c372ebf9ff3e014561bccce48a2a31cae"
"Körperliche Fitness";"Beweglichkeit & Gleichgewicht";"Dimensionsdetails";"Überschrift";"Dimensionsdetail · Titel";"Beweglichkeit und Gleichgewicht";"Mobilità ed equilibrio";"";"";"Marketing, Medizin";"Prüfung erforderlich";"";"";"";"recommendation.signal.balance.title";"recommendations";"it-CH";"3";"v1:4c57ada7d55b51436b17bda45c5831ce8e05df24ae9d5f359035e7ea924ebe4f";"639c3c93db6b5b5c449d7b402138be8eb51eee60c3e31de51148a921b5d70af7"
"Körperliche Fitness";"Beweglichkeit & Gleichgewicht";"Dimensionsdetails";"Persönliche Einordnung";"Dimensionsdetail · Einordnung";"Wie leicht Sie ohne Hände aufstehen und das Gleichgewicht halten, gibt einen praktischen Hinweis auf Kraft, Mobilität und funktionelle Selbstständigkeit. Es ersetzt keine medizinische Untersuchung.";"La facilità con cui si alza senza usare le mani e mantiene l’equilibrio fornisce un’indicazione pratica su forza, mobilità e autonomia funzionale. Non sostituisce un esame medico.";"";"";"Marketing, Medizin";"Prüfung erforderlich";"Nicht belegten Vergleich mit Laborwerten entfernt und Funktionstest korrekt eingeordnet; durch Marketing und Medizin freigeben.";"";"";"recommendation.signal.balance.insight";"recommendations";"it-CH";"3";"v1:4c57ada7d55b51436b17bda45c5831ce8e05df24ae9d5f359035e7ea924ebe4f";"7e84b808e6d372a0e172f49d895b29021d873159f9589fe99e78ef25998ee274"
"Körperliche Fitness";"Beweglichkeit & Gleichgewicht";"Dimensionsdetails";"Nächster Schritt";"Dimensionsdetail · konkreter nächster Schritt";"Fünfmal täglich ohne Hände vom Stuhl aufstehen – das trainiert Beinkraft und Aufstehmechanik zugleich.";"Si alzi dalla sedia cinque volte al giorno senza usare le mani: allena contemporaneamente la forza delle gambe e il movimento di alzarsi.";"";"";"Marketing, Medizin";"Prüfung erforderlich";"";"";"";"recommendation.signal.balance.action";"recommendations";"it-CH";"3";"v1:4c57ada7d55b51436b17bda45c5831ce8e05df24ae9d5f359035e7ea924ebe4f";"f9819f6a6dec77fe4d7e5f71e50d7f18680574877b96297aa26360f7a4c9d2b0"
"Körperliche Fitness";"Beweglichkeit & Gleichgewicht";"Risikosignale";"Risikosignal";"Ergebnisseite, Lebensstil-Signal Beweglichkeit und Gleichgewicht";"Beweglichkeit und Gleichgewicht bieten aktuell Spielraum – wichtig zur Sturzprävention.";"Mobilità ed equilibrio offrono attualmente un margine di miglioramento, importante per prevenire le cadute.";"";"";"Marketing, Medizin";"Prüfung erforderlich";"";"";"";"recommendation.risk_signal.balance.label";"recommendations";"it-CH";"3";"v1:4c57ada7d55b51436b17bda45c5831ce8e05df24ae9d5f359035e7ea924ebe4f";"569fc4c2bd050e56acedc9aee845138a8a676aac643a169d5bd96e7943dc2395"
"Körperliche Fitness";"Beweglichkeit & Gleichgewicht";"Empfehlungskarten";"Überschrift";"Empfehlungskarte · Körperliche Fitness · Titel";"Beweglichkeit und Gleichgewicht trainieren";"Allenare mobilità ed equilibrio";"";"";"Marketing";"Prüfung erforderlich";"";"";"";"recommendation.catalog.fi_beweglichkeit.title";"recommendations";"it-CH";"3";"v1:4c57ada7d55b51436b17bda45c5831ce8e05df24ae9d5f359035e7ea924ebe4f";"8166de8428eb1804dacc55e285d7c7d6c82156b2fcc79aa9fb157bdf7f7e4e40"
"Körperliche Fitness";"Beweglichkeit & Gleichgewicht";"Empfehlungskarten";"Begründung / Einordnung";"Empfehlungskarte · Körperliche Fitness · Begründung";"Ihre Angaben oder der Einbeinstand zeigen einen trainierbaren Ansatzpunkt bei Gleichgewicht oder Beweglichkeit. Beides unterstützt sichere Alltagsbewegungen und funktionelle Selbstständigkeit.";"Le Sue indicazioni o il test su una gamba mostrano un aspetto allenabile nell’equilibrio o nella mobilità. Entrambi sostengono movimenti quotidiani sicuri e l’autonomia funzionale.";"";"";"Marketing, Medizin";"Prüfung erforderlich";"Für den neuen Auslöser über den Einbeinstand verallgemeinert; medizinisch und redaktionell freigeben.";"";"";"recommendation.catalog.fi_beweglichkeit.why";"recommendations";"it-CH";"3";"v1:4c57ada7d55b51436b17bda45c5831ce8e05df24ae9d5f359035e7ea924ebe4f";"4ec877c8274ffbf3ccafdc3649805df3a75d3291bd729d4eeb3c4274dfef157d"
"Körperliche Fitness";"Beweglichkeit & Gleichgewicht";"Empfehlungskarten";"Nächster Schritt";"Empfehlungskarte · Körperliche Fitness · konkreter nächster Schritt";"Bauen Sie 2-mal pro Woche einfache Balance- und Mobilitätsübungen ein – z. B. auf einem Bein Zähneputzen oder ein kurzes Beweglichkeitsprogramm.";"Inserisca 2 volte alla settimana semplici esercizi di equilibrio e mobilità, ad es. lavarsi i denti su una gamba o svolgere un breve programma di mobilità.";"";"";"Marketing, Medizin";"Prüfung erforderlich";"";"";"";"recommendation.catalog.fi_beweglichkeit.step";"recommendations";"it-CH";"3";"v1:4c57ada7d55b51436b17bda45c5831ce8e05df24ae9d5f359035e7ea924ebe4f";"0ee84c2ebc9747e59cf76a7a31773d6b7a1292016e3e2dc3b6e2180a730a623a"
"Körperliche Fitness";"Beweglichkeit & Gleichgewicht";"Empfehlungskarten";"Erwarteter Nutzen";"Empfehlungskarte · Körperliche Fitness · erwarteter Nutzen";"Gezieltes Balance- und Mobilitätstraining kann Ihre Bewegungssicherheit verbessern und besonders im höheren Alter zur Sturzprävention beitragen.";"Un allenamento mirato dell’equilibrio e della mobilità può migliorare la sicurezza nei movimenti e contribuire alla prevenzione delle cadute, soprattutto in età avanzata.";"";"";"Marketing, Medizin";"Prüfung erforderlich";"Altersbezug und Wirkungsformulierung präzisiert; freigeben.";"";"";"recommendation.catalog.fi_beweglichkeit.benefit";"recommendations";"it-CH";"3";"v1:4c57ada7d55b51436b17bda45c5831ce8e05df24ae9d5f359035e7ea924ebe4f";"8626a725465405fb0729f9f4af73b47e735fd87e4d3564023813d580a6b97c62"
"Körperliche Fitness";"Beweglichkeit & Gleichgewicht";"4-Wochen-Pläne";"4-Wochen-Plan";"4-Wochen-Plan · Diese Woche";"Bauen Sie täglich zwei Mini-Übungen ein: in sicherer Umgebung auf einem Bein stehen, mit einer stabilen Haltemöglichkeit in Reichweite, und fünfmal kontrolliert ohne Hände vom Stuhl aufstehen. Brechen Sie bei Schmerzen oder Schwindel ab.";"Inserisca ogni giorno due mini-esercizi: in un ambiente sicuro stia su una gamba con un sostegno stabile a portata di mano e si alzi cinque volte dalla sedia in modo controllato senza usare le mani. Interrompa in caso di dolore o vertigini.";"";"";"Marketing, Medizin";"Prüfung erforderlich";"Nicht belegte Laborwert-Überhöhung entfernt und Sicherheit ergänzt; medizinisch freigeben.";"";"";"recommendation.plan.fi_beweglichkeit.this_week";"recommendations";"it-CH";"3";"v1:4c57ada7d55b51436b17bda45c5831ce8e05df24ae9d5f359035e7ea924ebe4f";"0b903f3bc8a30bdda3a5469419d8b0fcdc42b9c454b1e2fdad314ad900d5e432"
"Körperliche Fitness";"Beweglichkeit & Gleichgewicht";"4-Wochen-Pläne";"4-Wochen-Plan";"4-Wochen-Plan · Woche 2–3";"Ergänzen Sie zweimal pro Woche ein kurzes Mobilitätsprogramm für Hüfte, Schultern und Wirbelsäule. Steigern Sie die Balanceübung schrittweise, etwa durch weniger Abstützen oder eine etwas engere Fussposition – weiterhin mit sicherer Haltemöglichkeit.";"Due volte alla settimana aggiunga un breve programma di mobilità per anche, spalle e colonna vertebrale. Aumenti gradualmente la difficoltà dell’esercizio di equilibrio, per esempio sostenendosi meno o restringendo leggermente la posizione dei piedi, sempre con un appoggio sicuro a disposizione.";"";"";"Marketing, Medizin";"Prüfung erforderlich";"Augen-schliessen-Variante und pauschales Fortschrittsversprechen entfernt; medizinisch freigeben.";"";"";"recommendation.plan.fi_beweglichkeit.weeks_2_3";"recommendations";"it-CH";"3";"v1:4c57ada7d55b51436b17bda45c5831ce8e05df24ae9d5f359035e7ea924ebe4f";"0eb94831bde959d9429cdbdac6485c9b503343c30a3af9955f08404bb9618efc"
"Körperliche Fitness";"Beweglichkeit & Gleichgewicht";"4-Wochen-Pläne";"4-Wochen-Plan";"4-Wochen-Plan · Woche 4";"Verankern Sie die Übungen als feste Gewohnheit – am besten gekoppelt an etwas Bestehendes (Zähneputzen, Kaffeepause). Gleichgewicht und Beweglichkeit bleiben nur erhalten, wenn sie regelmässig gefordert werden.";"Stabilisca gli esercizi come abitudine fissa, preferibilmente collegandoli a qualcosa che fa già, come lavarsi i denti o la pausa caffè. Equilibrio e mobilità si mantengono solo se vengono sollecitati regolarmente.";"";"";"Marketing, Medizin";"Prüfung erforderlich";"";"";"";"recommendation.plan.fi_beweglichkeit.week_4";"recommendations";"it-CH";"3";"v1:4c57ada7d55b51436b17bda45c5831ce8e05df24ae9d5f359035e7ea924ebe4f";"4d7b7efe290414eadff8bf9b820c90a9da869a55dd2d33cb8e971ab48060e199"
"Körperliche Fitness";"Beweglichkeit & Gleichgewicht";"Fitness-Kurztests";"Überschrift";"Ergebnisdetail Körperliche Fitness, Titel des ausgefüllten Einbeinstand-Tests";"Einbeinstand";"Equilibrio su una gamba";"";"";"Marketing";"Prüfung erforderlich";"Neue Ergebnisdarstellung; redaktionell freigeben.";"";"";"recommendation.fitness_test.einbeinstand.title";"recommendations";"it-CH";"3";"v1:4c57ada7d55b51436b17bda45c5831ce8e05df24ae9d5f359035e7ea924ebe4f";"1ffcb337b5047173a2738a68ad61673a8235bf7e7d4f281eb80369d537dec6f9"
"Körperliche Fitness";"Beweglichkeit & Gleichgewicht";"Fitness-Kurztests";"Begründung / Einordnung";"Ergebnisdetail Einbeinstand ohne fachlich passende Altersreferenz";"Ihr Wert bleibt als persönliche Ausgangsmessung sichtbar. Für Ihr Alter zeigen wir bewusst keine Referenzstufe.";"Il Suo valore rimane visibile come misurazione iniziale personale. Per la Sua età non mostriamo volutamente un livello di riferimento.";"";"";"Marketing, Medizin";"Prüfung erforderlich";"Gilt aktuell für Personen unter 18 Jahren.";"";"";"recommendation.fitness_test.einbeinstand.interpretation.unrated";"recommendations";"it-CH";"3";"v1:4c57ada7d55b51436b17bda45c5831ce8e05df24ae9d5f359035e7ea924ebe4f";"3ef1042f691f7c682ff21e9f46bd293d52a7ef23e529c462900c4c7408deffb7"
"Körperliche Fitness";"Beweglichkeit & Gleichgewicht";"Fitness-Kurztests";"Begründung / Einordnung";"Ergebnisdetail Einbeinstand, gesundheitliche Relevanz";"Der Test gibt einen orientierenden Hinweis auf statisches Gleichgewicht und neuromuskuläre Kontrolle. Gute Balance unterstützt sichere Alltagsbewegungen und wird mit zunehmendem Alter besonders wichtig.";"Il test fornisce un’indicazione orientativa sull’equilibrio statico e sul controllo neuromuscolare. Un buon equilibrio sostiene movimenti quotidiani sicuri e diventa particolarmente importante con l’avanzare dell’età.";"";"";"Marketing, Medizin";"Prüfung erforderlich";"Keine individuelle Risiko- oder Mortalitätsaussage; medizinisch freigeben.";"";"";"recommendation.fitness_test.einbeinstand.relevance";"recommendations";"it-CH";"3";"v1:4c57ada7d55b51436b17bda45c5831ce8e05df24ae9d5f359035e7ea924ebe4f";"1303562e9e4267e408dfad398ca066f324e6819bd8310cf03fb087f8e001445c"
"Körperliche Fitness";"Beweglichkeit & Gleichgewicht";"Fitness-Kurztests";"Medizinischer Hinweis";"Ergebnisdetail Einbeinstand, Alter ausserhalb des Erwachsenen-Referenzbereichs";"Die hinterlegten Vergleichswerte sind für Erwachsene vorgesehen. Deshalb wird dieses Ergebnis nicht automatisch als Stärke oder Trainingsdefizit eingestuft.";"I valori comparativi memorizzati sono previsti per gli adulti. Per questo il risultato non viene classificato automaticamente come punto di forza o deficit di allenamento.";"";"";"Marketing, Medizin";"Prüfung erforderlich";"Zielalter des Navigators bleibt eine offene Go-live-Entscheidung.";"";"";"recommendation.fitness_test.einbeinstand.reference_note.age_outside";"recommendations";"it-CH";"3";"v1:4c57ada7d55b51436b17bda45c5831ce8e05df24ae9d5f359035e7ea924ebe4f";"ae2c42cd1fbddad26e93282a85afb471b887ffbcc7970ae75d5091c68d8638e7"
"Körperliche Fitness";"Beweglichkeit & Gleichgewicht";"Fitness-Kurztests";"Dynamischer Text";"4-Wochen-Plan · persönlicher Abschluss-Check nach tiefem Einbeinstand";"Wiederholen Sie den Einbeinstand unter denselben Bedingungen und mit einer stabilen Haltemöglichkeit in Reichweite. Vergleichen Sie mit Ihrem Ausgangswert von {{baselineValue}} Sekunden. Der nächste Vergleichswert liegt bei {{orientationValue}} Sekunden; er ist keine medizinische Grenzlinie und kein versprochener Vier-Wochen-Erfolg. Brechen Sie bei Schmerzen oder Schwindel ab.";"Ripeta il test di equilibrio su una gamba nelle stesse condizioni e con un sostegno stabile a portata di mano. Confronti il risultato con il Suo valore iniziale di {{baselineValue}} secondi. Il prossimo valore di confronto è {{orientationValue}} secondi; non è una soglia medica né un risultato garantito in quattro settimane. Interrompa in caso di dolore o vertigini.";"";"";"Marketing, Medizin";"Prüfung erforderlich";"Retest ist persönliche Verlaufskontrolle, kein Wirksamkeitsnachweis.";"{{baselineValue}} | {{orientationValue}}";"valore iniziale | non è una soglia medica | dolore | vertigini";"recommendation.fitness_test.retest.einbeinstand";"recommendations";"it-CH";"3";"v1:4c57ada7d55b51436b17bda45c5831ce8e05df24ae9d5f359035e7ea924ebe4f";"1baed325e7bf4f2faff2d54fb7da4f1b59f3bd3815d437c60047c0bab49dda05"
"Körperliche Fitness";"Beweglichkeit & Gleichgewicht";"Handlungsfelder";"Beschriftung";"Handlungsfeld · Körperliche Fitness · Kurzlabel";"Beweglichkeit & Gleichgewicht gezielt trainieren";"Allenare in modo mirato mobilità & equilibrio";"";"";"Marketing, Medizin";"Prüfung erforderlich";"";"";"";"recommendation.lever.lv_balance_fit.label";"recommendations";"it-CH";"3";"v1:4c57ada7d55b51436b17bda45c5831ce8e05df24ae9d5f359035e7ea924ebe4f";"74d97176d75128eb23abc6e0737dd77a1fae7c95c939ccf5b2ab59f7fe915b62"
"Körperliche Fitness";"Beweglichkeit & Gleichgewicht";"Handlungsfelder";"Detailtext";"Handlungsfeld · Körperliche Fitness · Detailtext";"Vom Boden aufstehen fällt Ihnen schwer. Übungen für Beinkraft, Mobilität und Gleichgewicht können diese funktionelle Fähigkeit gezielt trainieren.";"Alzarsi da terra Le risulta difficile. Esercizi per la forza delle gambe, la mobilità e l’equilibrio possono allenare in modo mirato questa capacità funzionale.";"";"";"Marketing, Medizin";"Prüfung erforderlich";"Nicht belegtes schnelles Fortschrittsversprechen entfernt; durch Marketing und Medizin freigeben.";"";"";"recommendation.lever.lv_balance_fit.detail";"recommendations";"it-CH";"3";"v1:4c57ada7d55b51436b17bda45c5831ce8e05df24ae9d5f359035e7ea924ebe4f";"3c8625fc570d2d99c178ba443eab145f6d3f81784541e6477e643d636cb682b5"
"Körperliche Fitness";"Beweglichkeit & Gleichgewicht";"Ergebnis-Einstieg";"Beschriftung";"Ergebnis-Zusammenfassung · Themenlabel «Beweglichkeit & Gleichgewicht»";"Beweglichkeit";"mobilità";"";"";"Marketing";"Prüfung erforderlich";"";"";"";"ui.hero.topic.beweglichkeit";"ui";"it-CH";"3";"v1:4c57ada7d55b51436b17bda45c5831ce8e05df24ae9d5f359035e7ea924ebe4f";"ed9a82493a720392b0ea7e09cc96595a5101181379729739ec42890e7db41174"
"Körperliche Fitness";"Bewegung im Alltag & Einstieg";"Dimensionsdetails";"Überschrift";"Dimensionsdetail · Titel";"Bewegung – der Einstieg wirkt am stärksten";"Movimento: iniziare produce il beneficio maggiore";"";"";"Marketing, Medizin";"Prüfung erforderlich";"";"";"";"recommendation.signal.bewegungsmangel.title";"recommendations";"it-CH";"3";"v1:4c57ada7d55b51436b17bda45c5831ce8e05df24ae9d5f359035e7ea924ebe4f";"47ad88549bc0e23a96eefbb0221ff144152d5530625f065dbbbdc708655fe018"
"Körperliche Fitness";"Bewegung im Alltag & Einstieg";"Dimensionsdetails";"Persönliche Einordnung";"Dimensionsdetail · Einordnung";"Schon zusätzliche Bewegung unterhalb des empfohlenen Wochenziels ist mit gesundheitlichem Nutzen verbunden. Kardiorespiratorische Fitness ist in Studien stark mit Gesundheit und Lebenserwartung assoziiert.";"Anche un aumento del movimento al di sotto dell’obiettivo settimanale raccomandato è associato a benefici per la salute. Negli studi, la forma cardiorespiratoria è fortemente associata alla salute e all’aspettativa di vita.";"";"";"Marketing, Medizin";"Prüfung erforderlich";"Rangfolge und Kausalität vorsichtiger formuliert; durch Marketing und Medizin freigeben.";"";"";"recommendation.signal.bewegungsmangel.insight";"recommendations";"it-CH";"3";"v1:4c57ada7d55b51436b17bda45c5831ce8e05df24ae9d5f359035e7ea924ebe4f";"bc71f3ff6700a9494f068f91b4379e4fb86c52241f303c7534f90512c3a15397"
"Körperliche Fitness";"Bewegung im Alltag & Einstieg";"Dimensionsdetails";"Nächster Schritt";"Dimensionsdetail · konkreter nächster Schritt";"Diese Woche dreimal 10–15 Minuten zügig gehen. Sprechtest: unterhalten ja, singen nein.";"Questa settimana cammini a passo sostenuto tre volte per 10–15 minuti. Test della conversazione: parlare sì, cantare no.";"";"";"Marketing, Medizin";"Prüfung erforderlich";"";"";"";"recommendation.signal.bewegungsmangel.action";"recommendations";"it-CH";"3";"v1:4c57ada7d55b51436b17bda45c5831ce8e05df24ae9d5f359035e7ea924ebe4f";"1742c8163b56224f4acd1b7e806191e8840a06985f442a6247a2f993b644ff3b"
"Körperliche Fitness";"Bewegung im Alltag & Einstieg";"Zusatzhinweise bei abgedeckten Aktionsschritten";"Vertiefung";"Zusatzhinweis bei bereits abgedecktem Aktionsschritt";"Kurze intensive Alltagsbewegungen können die Fitness ergänzen. Beobachtungsstudien verbinden wenige ein- bis zweiminütige Belastungsspitzen mit einem geringeren Herz-Kreislauf-Risiko; daraus folgt noch kein individueller Kausalnachweis. Beginnen Sie angepasst an Ihre Belastbarkeit.";"Brevi attività quotidiane intense possono integrare la forma fisica. Studi osservazionali associano poche sollecitazioni di uno o due minuti a un minore rischio cardiovascolare; ciò non dimostra ancora un rapporto causale individuale. Inizi in modo adeguato alla Sua capacità di carico.";"";"";"Marketing, Medizin";"Prüfung erforderlich";"Beobachtungsevidenz nicht mehr als kausale Risikosenkung dargestellt; durch Marketing und Medizin freigeben.";"";"";"recommendation.signal.bewegungsmangel.deepen";"recommendations";"it-CH";"3";"v1:4c57ada7d55b51436b17bda45c5831ce8e05df24ae9d5f359035e7ea924ebe4f";"0186b58e0c28110c8aabd48790444f514e24bea7d05ad4fdb4a637a0b3dc2039"
"Körperliche Fitness";"Bewegung im Alltag & Einstieg";"Risikosignale";"Risikosignal";"Ergebnisseite, Lebensstil-Signal Bewegungsmangel";"Aktuell bewegen Sie sich wenig – sowohl bei Ausdauer als auch bei Kraft.";"Attualmente si muove poco, sia per quanto riguarda la resistenza sia la forza.";"";"";"Marketing, Medizin";"Prüfung erforderlich";"";"";"";"recommendation.risk_signal.bewegungsmangel.label";"recommendations";"it-CH";"3";"v1:4c57ada7d55b51436b17bda45c5831ce8e05df24ae9d5f359035e7ea924ebe4f";"a874647f1279012753c2ce20df3072504e9fce5ce4043f823354e69859083c8a"
"Körperliche Fitness";"Bewegung im Alltag & Einstieg";"Empfehlungskarten";"Überschrift";"Empfehlungskarte · Körperliche Fitness · Titel";"Sanft in Bewegung kommen";"Iniziare a muoversi con gradualità";"";"";"Marketing";"Prüfung erforderlich";"";"";"";"recommendation.catalog.fi_einstieg.title";"recommendations";"it-CH";"3";"v1:4c57ada7d55b51436b17bda45c5831ce8e05df24ae9d5f359035e7ea924ebe4f";"db454b53ca5fa3a7eb982893f1e48a9100e38f9800939691796b42c1c9fa36c1"
"Körperliche Fitness";"Bewegung im Alltag & Einstieg";"Empfehlungskarten";"Begründung / Einordnung";"Empfehlungskarte · Körperliche Fitness · Begründung";"Aktuell bewegen Sie sich eher wenig. Die gute Nachricht: Gerade der Einstieg bringt den grössten gesundheitlichen Gewinn – jede Bewegung zählt.";"Attualmente si muove piuttosto poco. La buona notizia: è proprio l’inizio a produrre il maggiore beneficio per la salute; ogni movimento conta.";"";"";"Marketing, Medizin";"Prüfung erforderlich";"";"";"";"recommendation.catalog.fi_einstieg.why";"recommendations";"it-CH";"3";"v1:4c57ada7d55b51436b17bda45c5831ce8e05df24ae9d5f359035e7ea924ebe4f";"9e271cbdcd9aa4f2869956a9f94a2a97d55a3c44c68f22f121311e34be3eb0a3"
"Körperliche Fitness";"Bewegung im Alltag & Einstieg";"Empfehlungskarten";"Nächster Schritt";"Empfehlungskarte · Körperliche Fitness · konkreter nächster Schritt";"Starten Sie mit zwei bis drei kurzen Spaziergängen pro Woche à 10 bis 15 Minuten und steigern Sie sich langsam.";"Inizi con due o tre brevi passeggiate alla settimana di 10–15 minuti e aumenti lentamente.";"";"";"Marketing, Medizin";"Prüfung erforderlich";"";"";"";"recommendation.catalog.fi_einstieg.step";"recommendations";"it-CH";"3";"v1:4c57ada7d55b51436b17bda45c5831ce8e05df24ae9d5f359035e7ea924ebe4f";"9614f087e85de6c8f7b3be894c40ea9e2fa9213c2d019ee8f07298a2ca57f5ba"
"Körperliche Fitness";"Bewegung im Alltag & Einstieg";"Empfehlungskarten";"Erwarteter Nutzen";"Empfehlungskarte · Körperliche Fitness · erwarteter Nutzen";"Schon kleine, regelmässige Einheiten verbessern Energie, Stimmung und Herzgesundheit spürbar.";"Già piccole sessioni regolari migliorano sensibilmente l’energia, l’umore e la salute del cuore.";"";"";"Marketing, Medizin";"Prüfung erforderlich";"";"";"";"recommendation.catalog.fi_einstieg.benefit";"recommendations";"it-CH";"3";"v1:4c57ada7d55b51436b17bda45c5831ce8e05df24ae9d5f359035e7ea924ebe4f";"8681ad3c5a1e64ca62d2fae9dfeb3df75348a1206ddaf088bf90a5de5be524a8"
"Körperliche Fitness";"Bewegung im Alltag & Einstieg";"4-Wochen-Pläne";"4-Wochen-Plan";"4-Wochen-Plan · Diese Woche";"Dreimal 10–15 Minuten zügig gehen. Die richtige Intensität erkennen Sie am <b>Sprechtest</b>: Sie können sich noch unterhalten, aber nicht mehr singen. Feste Termine im Kalender schlagen gute Vorsätze.";"Cammini a passo sostenuto tre volte per 10–15 minuti. Riconosce l’intensità giusta con il <b>test della conversazione</b>: riesce ancora a parlare, ma non più a cantare. Appuntamenti fissi nel calendario funzionano meglio delle buone intenzioni.";"";"";"Marketing, Medizin";"Prüfung erforderlich";"";"";"";"recommendation.plan.fi_einstieg.this_week";"recommendations";"it-CH";"3";"v1:4c57ada7d55b51436b17bda45c5831ce8e05df24ae9d5f359035e7ea924ebe4f";"00e4da861da30eb02d9732261e641d2b17c41828d0d0de22463a645937a45897"
"Körperliche Fitness";"Bewegung im Alltag & Einstieg";"4-Wochen-Pläne";"4-Wochen-Plan";"4-Wochen-Plan · Woche 2–3";"Wenn Sie zügiges Gehen gut und beschwerdefrei vertragen, ergänzen Sie einmal pro Woche <b>kurze, etwas intensivere Abschnitte</b>: Gehen Sie 1–3 Minuten eine Steigung zügig hinauf, erholen Sie sich danach vollständig und wiederholen Sie dies ein- bis zweimal. Solche Reize können das Grundlagentraining ergänzen. <i>Bei bekannter Herzerkrankung, Brustschmerzen, ungewöhnlicher Atemnot, Schwindel oder Benommenheit zuerst ärztlich abklären.</i>";"Se tollera bene e senza disturbi la camminata a passo sostenuto, aggiunga una volta alla settimana <b>brevi tratti un po’ più intensi</b>: cammini rapidamente in salita per 1–3 minuti, si riprenda poi completamente e ripeta una o due volte. Questi stimoli possono integrare l’allenamento di base. <i>In caso di cardiopatia nota, dolore al petto, difficoltà respiratoria insolita, vertigini o stordimento, chieda prima una valutazione medica.</i>";"";"";"Marketing, Medizin";"Prüfung erforderlich";"Überlegene Wirkung intensiver Reize nicht behauptet und Sicherheitsschwelle erweitert; durch Marketing und Medizin freigeben.";"";"";"recommendation.plan.fi_einstieg.weeks_2_3";"recommendations";"it-CH";"3";"v1:4c57ada7d55b51436b17bda45c5831ce8e05df24ae9d5f359035e7ea924ebe4f";"196687444c3953261bb591816cf19a36706a6a66d7048cd9109c2c271537d640"
"Körperliche Fitness";"Bewegung im Alltag & Einstieg";"4-Wochen-Pläne";"4-Wochen-Plan";"4-Wochen-Plan · Woche 4";"Zielbild aufbauen: <b>150 Minuten moderate Bewegung pro Woche</b> (WHO) – oder 75 Minuten intensiv, beides kombinierbar. Kardiorespiratorische Fitness ist in Studien stark mit Gesundheit und Lebenserwartung verbunden. Besonders für bisher wenig aktive Menschen zählt deshalb jeder zusätzliche, gut verträgliche Bewegungsumfang.";"Costruisca l’obiettivo: <b>150 minuti di movimento moderato alla settimana</b> (OMS), oppure 75 minuti intensi; le due forme possono essere combinate. Negli studi, la forma cardiorespiratoria è fortemente associata alla salute e all’aspettativa di vita. Soprattutto per chi finora è stato poco attivo, conta quindi ogni quantità aggiuntiva di movimento ben tollerato.";"";"";"Marketing, Medizin";"Prüfung erforderlich";"Unzulässigen direkten Risikofaktorvergleich entfernt und Beobachtungszusammenhang korrekt qualifiziert; durch Marketing und Medizin freigeben.";"";"";"recommendation.plan.fi_einstieg.week_4";"recommendations";"it-CH";"3";"v1:4c57ada7d55b51436b17bda45c5831ce8e05df24ae9d5f359035e7ea924ebe4f";"cc2026dcd76a2f737a4e6cf83966e22839a6209fea51431fee4eaf9086f62ba5"
"Körperliche Fitness";"Bewegung im Alltag & Einstieg";"Handlungsfelder";"Beschriftung";"Handlungsfeld · Körperliche Fitness · Kurzlabel";"Mehr Bewegung in den Alltag einbauen";"Integrare più movimento nella vita quotidiana";"";"";"Marketing, Medizin";"Prüfung erforderlich";"";"";"";"recommendation.lever.lv_fitness_alltag.label";"recommendations";"it-CH";"3";"v1:4c57ada7d55b51436b17bda45c5831ce8e05df24ae9d5f359035e7ea924ebe4f";"139a1d5d7dc4eb71bd48f4a4a47828562af2199de402deea6ff64585909b16b9"
"Körperliche Fitness";"Bewegung im Alltag & Einstieg";"Handlungsfelder";"Detailtext";"Handlungsfeld · Körperliche Fitness · Detailtext";"Treppe statt Lift, eine Haltestelle früher aussteigen, kurze Gehpausen – Alltagsbewegung summiert sich schneller, als man denkt.";"Scale invece dell’ascensore, scendere una fermata prima, brevi pause per camminare: il movimento quotidiano si accumula più rapidamente di quanto si pensi.";"";"";"Marketing, Medizin";"Prüfung erforderlich";"";"";"";"recommendation.lever.lv_fitness_alltag.detail";"recommendations";"it-CH";"3";"v1:4c57ada7d55b51436b17bda45c5831ce8e05df24ae9d5f359035e7ea924ebe4f";"46f16c09efccb1c1f362b0af282d039b6dbbe8d69521e4ea3a3bd5ba415ede69"
"Körperliche Fitness";"Bewegung im Alltag & Einstieg";"Quellenlabels";"Quellenbezeichnung";"Sichtbares Label einer Fachquelle";"Schweizer Bewegungsempfehlungen (HEPA Schweiz / BASPO)";"Raccomandazioni svizzere sul movimento (HEPA Svizzera / UFSPO)";"";"";"Marketing, Medizin";"Prüfung erforderlich";"Korrigierte institutionelle Zuordnung vor Go-live durch Marketing und Medizin freigeben.";"";"";"recommendation.source.bag_bewegung.label";"recommendations";"it-CH";"3";"v1:4c57ada7d55b51436b17bda45c5831ce8e05df24ae9d5f359035e7ea924ebe4f";"81f00f1d5d67199087877d491ee5f181f3f9081d06bbf981166ab558a1130f8e"
"Körperliche Fitness";"Bewegung im Alltag & Einstieg";"Stärken";"Beschriftung";"Stärke · Körperliche Fitness · Kurzlabel";"Fit für den Alltag";"In forma per la vita quotidiana";"";"";"Marketing";"Prüfung erforderlich";"";"";"";"recommendation.strength.st_alltagsfit.label";"recommendations";"it-CH";"3";"v1:4c57ada7d55b51436b17bda45c5831ce8e05df24ae9d5f359035e7ea924ebe4f";"2d7d62b47b32357a56b947f62cd8626e016c7506c9e09e3418b002d170465bec"
"Körperliche Fitness";"Bewegung im Alltag & Einstieg";"Stärken";"Detailtext";"Stärke · Körperliche Fitness · Detailtext";"Aufstehen, Treppen, Tragen – die funktionellen Grundfähigkeiten meistern Sie ohne Mühe.";"Alzarsi, salire le scale, trasportare pesi: padroneggia senza difficoltà le capacità funzionali di base.";"";"";"Marketing, Medizin";"Prüfung erforderlich";"";"";"";"recommendation.strength.st_alltagsfit.detail";"recommendations";"it-CH";"3";"v1:4c57ada7d55b51436b17bda45c5831ce8e05df24ae9d5f359035e7ea924ebe4f";"15b73a7a07a1f1825492b0bf3a94ac67d925f92ce8030d5fde04a26c2b11581c"
"Körperliche Fitness";"Bewegung im Alltag & Einstieg";"Stärken";"Beschriftung";"Stärke · Körperliche Fitness · Kurzlabel";"WHO-Bewegungsziel erreicht";"Obiettivo di movimento dell’OMS raggiunto";"";"";"Marketing";"Prüfung erforderlich";"";"";"";"recommendation.strength.st_bewegung.label";"recommendations";"it-CH";"3";"v1:4c57ada7d55b51436b17bda45c5831ce8e05df24ae9d5f359035e7ea924ebe4f";"fc9b233d1170b1d6a886920147cd187c90c85a7bf919aaa5f05382509f27cd8a"
"Körperliche Fitness";"Bewegung im Alltag & Einstieg";"Stärken";"Detailtext";"Stärke · Körperliche Fitness · Detailtext";"Ihre wöchentliche Ausdaueraktivität liegt im empfohlenen Bereich – das schützt Herz, Stoffwechsel und Psyche.";"La Sua attività aerobica settimanale rientra nella fascia raccomandata: protegge il cuore, il metabolismo e la salute psichica.";"";"";"Marketing, Medizin";"Prüfung erforderlich";"";"";"";"recommendation.strength.st_bewegung.detail";"recommendations";"it-CH";"3";"v1:4c57ada7d55b51436b17bda45c5831ce8e05df24ae9d5f359035e7ea924ebe4f";"2192d9fffbcffc9465d54cc82ad6bcf192670e65c0b5b380b9e506ba66512568"
"Körperliche Fitness";"Krafttraining & Muskulatur";"Empfehlungskarten";"Überschrift";"Empfehlungskarte · Körperliche Fitness · Titel";"Kraft gezielt aufbauen";"Sviluppare la forza in modo mirato";"";"";"Marketing";"Prüfung erforderlich";"Titel gilt sowohl bei zu wenig Krafttraining als auch bei einem ausbaufähigen Kurztest; durch Marketing freigeben.";"";"";"recommendation.catalog.fi_kraft.title";"recommendations";"it-CH";"3";"v1:4c57ada7d55b51436b17bda45c5831ce8e05df24ae9d5f359035e7ea924ebe4f";"9927e5ac4f42feb98ad8c32e807fcd33b104fcf8d9332c704d1d9d792d85f9e3"
"Körperliche Fitness";"Krafttraining & Muskulatur";"Empfehlungskarten";"Begründung / Einordnung";"Empfehlungskarte · Körperliche Fitness · Begründung";"Ihre Angaben zur Alltagskraft, Ihr Krafttraining oder ein freiwilliger Kurztest zeigen Potenzial bei Muskelkraft oder lokaler Kraftausdauer. Kraft unterstützt Belastbarkeit, Knochen und funktionelle Selbstständigkeit – und wird mit zunehmendem Alter besonders wichtig.";"Le Sue indicazioni sulla forza nella vita quotidiana, l’allenamento della forza o un test breve facoltativo mostrano un potenziale di miglioramento della forza muscolare o della resistenza muscolare locale. La forza sostiene la capacità di carico, le ossa e l’autonomia funzionale e diventa particolarmente importante con l’avanzare dell’età.";"";"";"Marketing, Medizin";"Prüfung erforderlich";"Deckt Krafttraining, erschwertes Tragen sowie Fitness-Kurztests ab; redaktionell freigeben.";"";"";"recommendation.catalog.fi_kraft.why";"recommendations";"it-CH";"3";"v1:4c57ada7d55b51436b17bda45c5831ce8e05df24ae9d5f359035e7ea924ebe4f";"6b72718fed73a45f2ab529490b096d3f7e2fed5afdda6342895342261dcd083d"
"Körperliche Fitness";"Krafttraining & Muskulatur";"Empfehlungskarten";"Nächster Schritt";"Empfehlungskarte · Körperliche Fitness · konkreter nächster Schritt";"Nutzen Sie zwei feste Termine pro Woche für gezielten Kraftaufbau – zum Beispiel mit Kniebeugen, passenden Liegestütz-Varianten und Ausfallschritten. Wählen Sie eine sichere Variante, die Sie kontrolliert ausführen können.";"Riservi due appuntamenti fissi alla settimana allo sviluppo mirato della forza, per esempio con squat, varianti adeguate delle flessioni e affondi. Scelga una variante sicura che riesce a eseguire in modo controllato.";"";"";"Marketing, Medizin";"Prüfung erforderlich";"Funktioniert auch für Personen, die bereits mehrfach pro Woche trainieren, aber in einem Kurztest Potenzial zeigen.";"";"";"recommendation.catalog.fi_kraft.step";"recommendations";"it-CH";"3";"v1:4c57ada7d55b51436b17bda45c5831ce8e05df24ae9d5f359035e7ea924ebe4f";"d12dd18237cc23734748037ef6e3c44078289dc5072f78235a39bff522667e69"
"Körperliche Fitness";"Krafttraining & Muskulatur";"Empfehlungskarten";"Erwarteter Nutzen";"Empfehlungskarte · Körperliche Fitness · erwarteter Nutzen";"Regelmässiges Krafttraining kann Muskelkraft, Alltagsfunktion und körperliche Selbstständigkeit unterstützen.";"Un allenamento regolare della forza può sostenere la forza muscolare, la funzionalità quotidiana e l’autonomia fisica.";"";"";"Marketing, Medizin";"Prüfung erforderlich";"Medizinisch vorsichtiger formuliert; freigeben.";"";"";"recommendation.catalog.fi_kraft.benefit";"recommendations";"it-CH";"3";"v1:4c57ada7d55b51436b17bda45c5831ce8e05df24ae9d5f359035e7ea924ebe4f";"a78d36197ddabdd24dbb8cd6106f116ac09957d61831c5e90ed63a298ed83fa8"
"Körperliche Fitness";"Krafttraining & Muskulatur";"4-Wochen-Pläne";"4-Wochen-Plan";"4-Wochen-Plan · Diese Woche, aktuell ein Trainingstag";"Sie trainieren bereits einen Tag – bauen Sie einen <b>zweiten</b> festen Termin pro Woche ein. Pro Einheit 20 Minuten mit dem eigenen Körpergewicht: Kniebeugen, Liegestütze (auch an der Wand oder auf Knien) und Ausfallschritte, je 2–3 Sätze. Die letzten zwei Wiederholungen sollen deutlich anstrengend sein – genau dort entsteht der Reiz.";"Si allena già un giorno: aggiunga un <b>secondo</b> appuntamento fisso alla settimana. Ogni sessione: 20 minuti con il peso del corpo, usando squat, flessioni anche alla parete o sulle ginocchia e affondi, 2–3 serie ciascuno. Le ultime due ripetizioni devono risultare chiaramente impegnative: è proprio qui che nasce lo stimolo.";"";"";"Marketing, Medizin";"Prüfung erforderlich";"";"";"";"recommendation.plan.fi_kraft.this_week.one_day";"recommendations";"it-CH";"3";"v1:4c57ada7d55b51436b17bda45c5831ce8e05df24ae9d5f359035e7ea924ebe4f";"e4a260a968b8f2f8ce16a26b734d9bd69fb4f6b604a32fb7e462ec7465c75f34"
"Körperliche Fitness";"Krafttraining & Muskulatur";"4-Wochen-Pläne";"4-Wochen-Plan";"4-Wochen-Plan · Diese Woche, aktuell kein Krafttraining";"Zwei Einheiten à 20 Minuten mit dem eigenen Körpergewicht: Kniebeugen, Liegestütze (auch an der Wand oder auf Knien) und Ausfallschritte – je 2–3 Sätze. Die letzten zwei Wiederholungen sollen deutlich anstrengend sein; genau dort entsteht der Trainingsreiz.";"Due sessioni di 20 minuti con il peso del corpo: squat, flessioni anche alla parete o sulle ginocchia e affondi, 2–3 serie ciascuno. Le ultime due ripetizioni devono risultare chiaramente impegnative: è proprio qui che nasce lo stimolo allenante.";"";"";"Marketing, Medizin";"Prüfung erforderlich";"";"";"";"recommendation.plan.fi_kraft.this_week.zero_days";"recommendations";"it-CH";"3";"v1:4c57ada7d55b51436b17bda45c5831ce8e05df24ae9d5f359035e7ea924ebe4f";"6c27198d55dee380bab65cfce47193a92716ef781a4c6a9f9c6795fcbf1464b3"
"Körperliche Fitness";"Krafttraining & Muskulatur";"4-Wochen-Pläne";"4-Wochen-Plan";"4-Wochen-Plan · Diese Woche, Krafttraining bereits mindestens zweimal pro Woche, aber Kurztest mit Trainingspotenzial";"Sie trainieren bereits regelmässig. Wählen Sie für die nächsten vier Wochen zwei gut steuerbare Übungen, die zu Ihrem Testresultat passen, und dokumentieren Sie Sätze, Wiederholungen sowie Ausführungsvariante. Steigern Sie nur bei sauberer, schmerzfreier Ausführung.";"Si allena già regolarmente. Per le prossime quattro settimane scelga due esercizi ben controllabili e adatti al risultato del Suo test e documenti serie, ripetizioni e variante di esecuzione. Aumenti solo se l’esecuzione è corretta e senza dolore.";"";"";"Marketing, Medizin";"Prüfung erforderlich";"Neue Variante verhindert den falschen Hinweis auf fehlendes Krafttraining, wenn die Empfehlung allein aus einem Kurztest entsteht.";"";"";"recommendation.plan.fi_kraft.this_week.test_result";"recommendations";"it-CH";"3";"v1:4c57ada7d55b51436b17bda45c5831ce8e05df24ae9d5f359035e7ea924ebe4f";"03d97454fea4f75b4df5de74e29394e427e119af655899f8bae756e688bf8642"
"Körperliche Fitness";"Krafttraining & Muskulatur";"4-Wochen-Pläne";"4-Wochen-Plan";"4-Wochen-Plan · Woche 2–3, Alter ab 60";"Steigern Sie behutsam (langsamer ausführen, Pausen verkürzen, Widerstand ergänzen). Mit zunehmendem Alter werden Kraft und Muskelmasse für Sturzsicherheit und Selbstständigkeit besonders wichtig. Auch im höheren Alter lassen sich Kraft und Muskelfunktion gezielt verbessern.";"Aumenti con cautela: esegua più lentamente, riduca le pause o aggiunga resistenza. Con l’avanzare dell’età, forza e massa muscolare diventano particolarmente importanti per la sicurezza contro le cadute e l’autonomia. Anche in età avanzata è possibile migliorare in modo mirato forza e funzione muscolare.";"";"";"Marketing, Medizin";"Prüfung erforderlich";"Absolute Wiederherstellungsbehauptung evidenznäher formuliert; durch Marketing und Medizin freigeben.";"";"";"recommendation.plan.fi_kraft.weeks_2_3.age_60_plus";"recommendations";"it-CH";"3";"v1:4c57ada7d55b51436b17bda45c5831ce8e05df24ae9d5f359035e7ea924ebe4f";"07af054c3e5a47b7eee7e6fed41f32cc6b0fba5f99b527b296b00a90ddecb5c3"
"Körperliche Fitness";"Krafttraining & Muskulatur";"4-Wochen-Pläne";"4-Wochen-Plan";"4-Wochen-Plan · Woche 2–3, Alter unter 60";"Steigern Sie den Widerstand, nicht nur die Wiederholungszahl (langsamer ausführen, Pausen verkürzen, Gewicht ergänzen). Muskelmasse und Kraft nehmen ohne regelmässigen Trainingsreiz mit dem Alter tendenziell ab; Krafttraining kann beides auch im höheren Alter erhalten und verbessern.";"Aumenti la resistenza, non solo il numero di ripetizioni: esegua più lentamente, riduca le pause o aggiunga peso. Senza uno stimolo allenante regolare, massa e forza muscolare tendono a diminuire con l’età; l’allenamento della forza può mantenerle e migliorarle anche in età avanzata.";"";"";"Marketing, Medizin";"Prüfung erforderlich";"Falsche Aussage vom «einzigen Organ» entfernt und altersbezogene Wirkung vorsichtiger formuliert; durch Marketing und Medizin freigeben.";"";"";"recommendation.plan.fi_kraft.weeks_2_3.under_60";"recommendations";"it-CH";"3";"v1:4c57ada7d55b51436b17bda45c5831ce8e05df24ae9d5f359035e7ea924ebe4f";"f59a63fba474c037f9f34b050cf55fae34a116fc3b6eed08197400f08fb7707e"
"Körperliche Fitness";"Krafttraining & Muskulatur";"4-Wochen-Pläne";"4-Wochen-Plan";"4-Wochen-Plan · Woche 4";"Verankern Sie <b>zweimal pro Woche für alle grossen Muskelgruppen</b> (WHO-Empfehlung) als festen Termin. Kontrolle ohne Geräte: Wie fühlen sich zwei volle Einkaufstaschen an? Wie leicht stehen Sie vom Boden auf?";"Stabilisca come appuntamento fisso <b>due volte alla settimana per tutti i grandi gruppi muscolari</b>, secondo la raccomandazione dell’OMS. Controllo senza attrezzi: come Le sembrano due borse della spesa piene? Con quale facilità si alza da terra?";"";"";"Marketing, Medizin";"Prüfung erforderlich";"";"";"";"recommendation.plan.fi_kraft.week_4";"recommendations";"it-CH";"3";"v1:4c57ada7d55b51436b17bda45c5831ce8e05df24ae9d5f359035e7ea924ebe4f";"51b094a5b36ad0816b96cb9727e1a4d1e4934795a681597ca6141c05ad30bc2f"
"Körperliche Fitness";"Krafttraining & Muskulatur";"Fitness-Kurztests";"Überschrift";"Ergebnisdetail Körperliche Fitness, Titel des ausgefüllten Liegestütz-Tests";"Liegestütz-Test";"Test delle flessioni";"";"";"Marketing";"Prüfung erforderlich";"Neue Ergebnisdarstellung; redaktionell freigeben.";"";"";"recommendation.fitness_test.liegestuetze.title";"recommendations";"it-CH";"3";"v1:4c57ada7d55b51436b17bda45c5831ce8e05df24ae9d5f359035e7ea924ebe4f";"e98c1c5d92a798a01302508aa74d0f49b7f2d0b31853032f305b8b4b584efe21"
"Körperliche Fitness";"Krafttraining & Muskulatur";"Fitness-Kurztests";"Begründung / Einordnung";"Ergebnisdetail Liegestütz-Test ohne fachlich passendes Referenzprotokoll";"Ihr Ergebnis zeigt Ihre aktuelle Leistung in der gewählten Ausführungsform. Bis Protokoll und Referenztabelle eindeutig zusammenpassen, zeigen wir bewusst keine Normstufe.";"Il risultato mostra la Sua prestazione attuale nella variante di esecuzione scelta. Finché protocollo e tabella di riferimento non coincidono in modo univoco, non mostriamo volutamente alcun livello normativo.";"";"";"Marketing, Medizin";"Prüfung erforderlich";"Verhindert eine Scheinpräzision bei Protokoll- oder Altersabweichungen.";"";"";"recommendation.fitness_test.liegestuetze.interpretation.unrated";"recommendations";"it-CH";"3";"v1:4c57ada7d55b51436b17bda45c5831ce8e05df24ae9d5f359035e7ea924ebe4f";"052d20f3c0349c218eced8954421c744776e489bacb6a0c99ebe12f44d32792e"
"Körperliche Fitness";"Krafttraining & Muskulatur";"Fitness-Kurztests";"Begründung / Einordnung";"Ergebnisdetail Liegestütz-Test, gesundheitliche Relevanz";"Der Test bildet vor allem die Kraftausdauer von Brust, Schultern, Armen und Rumpf ab. Muskelkraft unterstützt Belastbarkeit, Mobilität und gesundes Altern. Das Ergebnis ist ein Trainingshinweis – kein Herz-Kreislauf-Risikotest.";"Il test riflette soprattutto la resistenza muscolare di petto, spalle, braccia e tronco. La forza muscolare sostiene la capacità di carico, la mobilità e un invecchiamento sano. Il risultato è un’indicazione per l’allenamento, non un test del rischio cardiovascolare.";"";"";"Marketing, Medizin";"Prüfung erforderlich";"Die begrenzte Beobachtungsstudie bei männlichen Feuerwehrleuten wird nicht als individueller Risikorechner dargestellt.";"";"";"recommendation.fitness_test.liegestuetze.relevance";"recommendations";"it-CH";"3";"v1:4c57ada7d55b51436b17bda45c5831ce8e05df24ae9d5f359035e7ea924ebe4f";"9ecd5969787023582c87fd8cdccb51860eb1e35790a734863da9d3c17b579d52"
"Körperliche Fitness";"Krafttraining & Muskulatur";"Fitness-Kurztests";"Medizinischer Hinweis";"Ergebnisdetail Liegestütz-Test, Alter ausserhalb des publizierten Referenzbereichs";"Die verwendete Referenztabelle deckt das Alter von 20 bis 69 Jahren ab. Ausserhalb dieses publizierten Altersbereichs wird Ihr Wert nur als persönliche Ausgangsmessung gezeigt.";"La tabella di riferimento utilizzata copre l’età dai 20 ai 69 anni. Al di fuori di questa fascia d’età pubblicata, il Suo valore viene mostrato soltanto come misurazione iniziale personale.";"";"";"Marketing, Medizin";"Prüfung erforderlich";"Vor Go-live Zielalter und Referenzmodell fachlich entscheiden.";"";"dai 20 ai 69 anni | misurazione iniziale personale";"recommendation.fitness_test.liegestuetze.reference_note.age_outside";"recommendations";"it-CH";"3";"v1:4c57ada7d55b51436b17bda45c5831ce8e05df24ae9d5f359035e7ea924ebe4f";"50f038208c362f27cd9655250ffc2943d9aacbf1495dcc0b8acb010ce88fbf5b"
"Körperliche Fitness";"Krafttraining & Muskulatur";"Fitness-Kurztests";"Medizinischer Hinweis";"Ergebnisdetail Liegestütz-Test, sichtbares Standardprotokoll passt nicht zur hinterlegten Referenztabelle";"Die verfügbare Vergleichstabelle für Frauen verwendet die Knie-Variante, die aktuelle Anleitung beschreibt Standard-Liegestütze. Bis diese Protokolle vereinheitlicht sind, wird keine Referenzstufe und keine automatische Empfehlung aus diesem Wert abgeleitet.";"La tabella comparativa disponibile per le donne utilizza la variante sulle ginocchia, mentre le istruzioni attuali descrivono le flessioni standard. Finché questi protocolli non saranno uniformati, dal valore non verranno ricavati né un livello di riferimento né una raccomandazione automatica.";"";"";"Marketing, Medizin";"Prüfung erforderlich";"Gilt technisch auch für intersex/andere, da derzeit keine eigene passende Referenz vorliegt.";"";"variante sulle ginocchia | flessioni standard | raccomandazione automatica";"recommendation.fitness_test.liegestuetze.reference_note.protocol_unconfirmed";"recommendations";"it-CH";"3";"v1:4c57ada7d55b51436b17bda45c5831ce8e05df24ae9d5f359035e7ea924ebe4f";"54ff1da9481a92cef2e41f400628127e4135523532971d482680296ab017a1f5"
"Körperliche Fitness";"Krafttraining & Muskulatur";"Fitness-Kurztests";"Dynamischer Text";"4-Wochen-Plan · persönliche Verlaufskontrolle nach tiefem Wandsitz-Wert ohne bekannten Bluthochdruck";"Wenn Sie sich beschwerdefrei fühlen, können Sie den Wandsitz unter denselben Bedingungen wiederholen und mit Ihrem Ausgangswert von {{baselineValue}} Sekunden vergleichen. Der nächste Vergleichswert liegt bei {{orientationValue}} Sekunden; er ist keine medizinische Grenze und kein versprochener Vier-Wochen-Erfolg. Brechen Sie bei Schmerzen, Schwindel oder Atemnot sofort ab.";"Se si sente privo/a di disturbi, può ripetere la posizione seduta al muro nelle stesse condizioni e confrontarla con il Suo valore iniziale di {{baselineValue}} secondi. Il prossimo valore di confronto è {{orientationValue}} secondi; non è un limite medico né un risultato garantito in quattro settimane. Interrompa immediatamente in caso di dolore, vertigini o difficoltà respiratoria.";"";"";"Marketing, Medizin";"Prüfung erforderlich";"Maximaler Wandsitz kann den Blutdruck stark erhöhen; medizinisch freigeben.";"{{baselineValue}} | {{orientationValue}}";"non è un limite medico | dolore | vertigini | difficoltà respiratoria";"recommendation.fitness_test.retest.wandsitz";"recommendations";"it-CH";"3";"v1:4c57ada7d55b51436b17bda45c5831ce8e05df24ae9d5f359035e7ea924ebe4f";"e2f81d59ce05f68d4f2b55b489bdfad0b1ebe47a74326b1c0136ee4ef08cf3db"
"Körperliche Fitness";"Krafttraining & Muskulatur";"Fitness-Kurztests";"Dynamischer Text";"4-Wochen-Plan · persönlicher Abschluss-Check nach tiefem Liegestütz-Test";"Wiederholen Sie den Liegestütz-Test mit derselben Ausführungsvariante und unter denselben Bedingungen. Vergleichen Sie mit Ihrem Ausgangswert von {{baselineValue}} Wiederholungen. Der nächste Vergleichswert liegt bei {{orientationValue}} Wiederholungen; er ist keine medizinische Grenzlinie und kein versprochener Vier-Wochen-Erfolg. Brechen Sie bei Schmerzen, Schwindel oder Atemnot ab.";"Ripeta il test delle flessioni con la stessa variante di esecuzione e nelle stesse condizioni. Confronti il risultato con il Suo valore iniziale di {{baselineValue}} ripetizioni. Il prossimo valore di confronto è {{orientationValue}} ripetizioni; non è una soglia medica né un risultato garantito in quattro settimane. Interrompa in caso di dolore, vertigini o difficoltà respiratoria.";"";"";"Marketing, Medizin";"Prüfung erforderlich";"Nur bei fachlich passendem männlichem Referenzprotokoll im Alter 20 bis 69 automatisch ausgespielt.";"{{baselineValue}} | {{orientationValue}}";"stessa variante di esecuzione | non è una soglia medica | dolore | vertigini | difficoltà respiratoria";"recommendation.fitness_test.retest.liegestuetze";"recommendations";"it-CH";"3";"v1:4c57ada7d55b51436b17bda45c5831ce8e05df24ae9d5f359035e7ea924ebe4f";"232bd0ab89d5a46fd9203f9aadb3de63da8d9c58a9a9250dda6a627d9329dd5a"
"Körperliche Fitness";"Krafttraining & Muskulatur";"Fitness-Kurztests";"Dynamischer Text";"4-Wochen-Plan · Sicherheitsersatz statt maximalem Wandsitz-Retest bei bekanntem Bluthochdruck";"Wegen Ihrer Angabe zu Bluthochdruck empfehlen wir keinen automatischen maximalen Wandsitz-Retest. Besprechen Sie zuerst mit einer Fachperson, welche Belastung für Sie passend ist. Ihr bisheriger Ausgangswert beträgt {{baselineValue}} Sekunden. Bei Schmerzen, Schwindel oder Atemnot brechen Sie körperliche Belastung ab.";"A causa della Sua indicazione relativa all’ipertensione, non raccomandiamo un retest automatico e massimale della posizione seduta al muro. Chiarisca prima con un professionista sanitario quale livello di sforzo è adatto a Lei. Il Suo precedente valore iniziale è di {{baselineValue}} secondi. In caso di dolore, vertigini o difficoltà respiratoria interrompa l’attività fisica.";"";"";"Marketing, Medizin";"Prüfung erforderlich";"Sicherheitsregel nach aktueller Evidenz zur akuten Blutdruckreaktion; medizinisch freigeben.";"{{baselineValue}}";"ipertensione | non raccomandiamo un retest automatico e massimale della posizione seduta al muro | professionista sanitario | dolore | vertigini | difficoltà respiratoria";"recommendation.fitness_test.retest.wandsitz.medical_clearance";"recommendations";"it-CH";"3";"v1:4c57ada7d55b51436b17bda45c5831ce8e05df24ae9d5f359035e7ea924ebe4f";"0f216c2f4382c8edcc9073b7efe592392862105cd1b80c4ae99d4cc3c19ecbcb"
"Körperliche Fitness";"Krafttraining & Muskulatur";"Fitness-Kurztests";"Überschrift";"Ergebnisdetail Körperliche Fitness, Titel des ausgefüllten Wandsitz-Tests";"Wandsitz-Test";"Test della posizione seduta al muro";"";"";"Marketing";"Prüfung erforderlich";"Neue Ergebnisdarstellung; redaktionell freigeben.";"";"";"recommendation.fitness_test.wandsitz.title";"recommendations";"it-CH";"3";"v1:4c57ada7d55b51436b17bda45c5831ce8e05df24ae9d5f359035e7ea924ebe4f";"60a4ab2013108c976803f0013dd8532c391ab4fcb730b47f3aed765f2697b626"
"Körperliche Fitness";"Krafttraining & Muskulatur";"Fitness-Kurztests";"Begründung / Einordnung";"Ergebnisdetail Wandsitz-Test ohne passende Vergleichsgruppe";"Für Ihre Angaben liegt keine passende Vergleichsgruppe vor. Ihr Wert bleibt als persönliche Ausgangsmessung sichtbar. Haltung, Winkel und Motivation können das Ergebnis beeinflussen.";"Per le Sue indicazioni non è disponibile un gruppo comparativo adeguato. Il Suo valore rimane visibile come misurazione iniziale personale. Postura, angolo e motivazione possono influenzare il risultato.";"";"";"Marketing, Medizin";"Prüfung erforderlich";"Bewusst keine Einordnung ohne passende Alters- und Geschlechtsreferenz.";"";"";"recommendation.fitness_test.wandsitz.interpretation.unrated";"recommendations";"it-CH";"3";"v1:4c57ada7d55b51436b17bda45c5831ce8e05df24ae9d5f359035e7ea924ebe4f";"b471470cb7e8988b14078ede086ae553f75b39efffa9d94f3b412f4fa746f002"
"Körperliche Fitness";"Krafttraining & Muskulatur";"Fitness-Kurztests";"Begründung / Einordnung";"Ergebnisdetail Wandsitz-Test, gesundheitliche Relevanz";"Der Wandsitz zeigt die lokale statische Kraftausdauer Ihrer Beinmuskulatur. Diese unterstützt Aufstehen, Treppensteigen und stabile Alltagsbewegungen. Der Test misst nicht Ihre Herz-Kreislauf-Ausdauer.";"La posizione seduta al muro mostra la resistenza muscolare statica locale delle gambe. Questa sostiene l’atto di alzarsi, il salire le scale e movimenti quotidiani stabili. Il test non misura la Sua resistenza cardiovascolare.";"";"";"Marketing, Medizin";"Prüfung erforderlich";"Zuordnung zur Muskulatur statt zur Kondition ist medizinisch freigegeben; Text redaktionell freigeben.";"";"resistenza muscolare statica locale | non misura la Sua resistenza cardiovascolare";"recommendation.fitness_test.wandsitz.relevance";"recommendations";"it-CH";"3";"v1:4c57ada7d55b51436b17bda45c5831ce8e05df24ae9d5f359035e7ea924ebe4f";"3ea62a49537866c8ffd81c86aa7634f74ad456e95f19784afa60511cfc813651"
"Körperliche Fitness";"Krafttraining & Muskulatur";"Fitness-Kurztests";"Medizinischer Hinweis";"Ergebnisdetail Wandsitz-Test ohne passende geschlechtsspezifische Vergleichsgruppe";"Die verfügbaren Vergleichswerte sind nach männlich und weiblich getrennt. Für Ihre Angabe zeigen wir deshalb keine Einordnung.";"I valori comparativi disponibili sono separati per sesso maschile e femminile. Per la Sua indicazione non mostriamo quindi alcuna classificazione.";"";"";"Marketing, Medizin";"Prüfung erforderlich";"Für intersex liegt in der verwendeten Literatur keine eigene Vergleichstabelle vor.";"";"sesso maschile e femminile | alcuna classificazione";"recommendation.fitness_test.wandsitz.reference_note.reference_unavailable";"recommendations";"it-CH";"3";"v1:4c57ada7d55b51436b17bda45c5831ce8e05df24ae9d5f359035e7ea924ebe4f";"c98f34c4a54d34155e8807983a9d24005195a066dbd2603a90d1bba4a9a286f8"
"Körperliche Fitness";"Krafttraining & Muskulatur";"Fitness-Kurztests";"Medizinischer Hinweis";"Ergebnisdetail Wandsitz-Test, Alter ausserhalb der harmonisierten Erwachsenentabelle";"Die Vergleichswerte gelten ab 18 Jahren. Unter 18 wird Ihr Ergebnis deshalb ohne Einordnung als persönliche Ausgangsmessung gezeigt.";"I valori comparativi valgono dai 18 anni. Sotto i 18 anni, il risultato viene quindi mostrato senza classificazione come misurazione iniziale personale.";"";"";"Marketing, Medizin";"Prüfung erforderlich";"Zielalter des Checks bleibt eine offene Go-live-Entscheidung.";"";"dai 18 anni | senza classificazione";"recommendation.fitness_test.wandsitz.reference_note.age_outside";"recommendations";"it-CH";"3";"v1:4c57ada7d55b51436b17bda45c5831ce8e05df24ae9d5f359035e7ea924ebe4f";"ceab460cd559f72281acace3037c4751e1f33d3143082a1c26a7f82f194507a6"
"Körperliche Fitness";"Krafttraining & Muskulatur";"Dimensionsdetails";"Überschrift";"Dimensionsdetail · Titel";"Krafttraining fehlt";"Manca l’allenamento della forza";"";"";"Marketing, Medizin";"Prüfung erforderlich";"";"";"";"recommendation.signal.keine_kraft.title";"recommendations";"it-CH";"3";"v1:4c57ada7d55b51436b17bda45c5831ce8e05df24ae9d5f359035e7ea924ebe4f";"752f1b2143da5183a580fae1d69c536082c96c57d7a343d00207b3e78c82f76c"
"Körperliche Fitness";"Krafttraining & Muskulatur";"Dimensionsdetails";"Persönliche Einordnung";"Dimensionsdetail · Einordnung";"Muskelmasse und Kraft nehmen ohne regelmässigen Trainingsreiz mit dem Alter tendenziell ab. Krafttraining an mindestens zwei Tagen pro Woche hilft, Kraft und Funktion zu erhalten oder zu verbessern.";"Senza uno stimolo allenante regolare, massa e forza muscolare tendono a diminuire con l’età. Allenarsi almeno due giorni alla settimana aiuta a mantenere o migliorare forza e funzionalità.";"";"";"Marketing, Medizin";"Prüfung erforderlich";"Falsche Organbehauptung und pauschales Erfolgsversprechen entfernt; durch Marketing und Medizin freigeben.";"";"";"recommendation.signal.keine_kraft.insight";"recommendations";"it-CH";"3";"v1:4c57ada7d55b51436b17bda45c5831ce8e05df24ae9d5f359035e7ea924ebe4f";"9552da75d6e192ff7668fbc09f92bae347775e9fda2c3344d264d4f6147f4df5"
"Körperliche Fitness";"Krafttraining & Muskulatur";"Dimensionsdetails";"Nächster Schritt";"Dimensionsdetail · konkreter nächster Schritt";"2× pro Woche 20 Minuten Kniebeugen, Liegestütze und Ausfallschritte – ohne Geräte, ohne Studio.";"Due volte alla settimana: 20 minuti di squat, flessioni e affondi, senza attrezzi né palestra.";"";"";"Marketing, Medizin";"Prüfung erforderlich";"";"";"";"recommendation.signal.keine_kraft.action";"recommendations";"it-CH";"3";"v1:4c57ada7d55b51436b17bda45c5831ce8e05df24ae9d5f359035e7ea924ebe4f";"ea892f8dd59f31a7f267b6b2b4a5be1bfdf8cf40479c41506d39f955efc1c869"
"Körperliche Fitness";"Krafttraining & Muskulatur";"Risikosignale";"Risikosignal";"Ergebnisseite, Lebensstil-Signal fehlendes Krafttraining";"Gezieltes Krafttraining fehlt aktuell.";"Attualmente manca un allenamento mirato della forza.";"";"";"Marketing, Medizin";"Prüfung erforderlich";"";"";"";"recommendation.risk_signal.keine_kraft.label";"recommendations";"it-CH";"3";"v1:4c57ada7d55b51436b17bda45c5831ce8e05df24ae9d5f359035e7ea924ebe4f";"b029d5857890fbd76822937056b68e43fb9d28d8c2f76917248e57b82b8987be"
"Körperliche Fitness";"Krafttraining & Muskulatur";"Handlungsfelder";"Beschriftung";"Handlungsfeld · Körperliche Fitness · Kurzlabel";"Mit 2× Krafttraining pro Woche starten";"Iniziare con due sessioni di allenamento della forza alla settimana";"";"";"Marketing, Medizin";"Prüfung erforderlich";"";"";"";"recommendation.lever.lv_kraft.label";"recommendations";"it-CH";"3";"v1:4c57ada7d55b51436b17bda45c5831ce8e05df24ae9d5f359035e7ea924ebe4f";"193e76a60332ae156bf8b0b09f089ff08fb8f73b18fe3d9c5658a5ad5d42ecf3"
"Körperliche Fitness";"Krafttraining & Muskulatur";"Handlungsfelder";"Detailtext";"Handlungsfeld · Körperliche Fitness · Variante Alter ab 50";"Ab 50 baut der Körper ohne Training jährlich Muskulatur ab – zweimal pro Woche Kraftreize erhalten Kraft, Stabilität und Selbstständigkeit.";"Dai 50 anni, senza allenamento il corpo perde massa muscolare ogni anno: due stimoli di forza alla settimana aiutano a preservare forza, stabilità e autonomia.";"";"";"Marketing, Medizin";"Prüfung erforderlich";"";"";"";"recommendation.lever.lv_kraft.detail.age_50_plus";"recommendations";"it-CH";"3";"v1:4c57ada7d55b51436b17bda45c5831ce8e05df24ae9d5f359035e7ea924ebe4f";"081343b8a9f27181bcc54792dc7cb7878c2061bcbbfa4f28fa40f6b122b00cb7"
"Körperliche Fitness";"Krafttraining & Muskulatur";"Handlungsfelder";"Detailtext";"Handlungsfeld · Körperliche Fitness · Variante Alter unter 50";"Muskulatur ist Ihr Stoffwechsel- und Stabilitätsorgan – schon zwei kurze Einheiten pro Woche (auch mit Körpergewicht) wirken.";"La muscolatura è un organo importante per il metabolismo e la stabilità: già due brevi sessioni alla settimana, anche con il peso del corpo, sono efficaci.";"";"";"Marketing, Medizin";"Prüfung erforderlich";"";"";"";"recommendation.lever.lv_kraft.detail.under_50";"recommendations";"it-CH";"3";"v1:4c57ada7d55b51436b17bda45c5831ce8e05df24ae9d5f359035e7ea924ebe4f";"4c8f3221a5b6165c1ae86c7d0f750eb160c4bdf53b7c704a4054f2bb501764d5"
"Körperliche Fitness";"Krafttraining & Muskulatur";"Stärken";"Beschriftung";"Stärke · Körperliche Fitness · Kurzlabel";"Regelmässiges Krafttraining";"Allenamento regolare della forza";"";"";"Marketing";"Prüfung erforderlich";"";"";"";"recommendation.strength.st_kraft.label";"recommendations";"it-CH";"3";"v1:4c57ada7d55b51436b17bda45c5831ce8e05df24ae9d5f359035e7ea924ebe4f";"3a346c0c0304085826ecb33adcd077624288d8be7bdca252ba0702da068abab6"
"Körperliche Fitness";"Krafttraining & Muskulatur";"Stärken";"Detailtext";"Stärke · Körperliche Fitness · Detailtext";"Mit mindestens zwei Krafteinheiten pro Woche erfüllen Sie die WHO-Empfehlung und erhalten Muskulatur und Stabilität.";"Con almeno due sessioni di forza alla settimana soddisfa la raccomandazione dell’OMS e preserva muscolatura e stabilità.";"";"";"Marketing, Medizin";"Prüfung erforderlich";"";"";"";"recommendation.strength.st_kraft.detail";"recommendations";"it-CH";"3";"v1:4c57ada7d55b51436b17bda45c5831ce8e05df24ae9d5f359035e7ea924ebe4f";"7f6f73598f0d06f9c83b0399ecf534636391f525764b05987320c5a753ca6a6a"
"Körperliche Fitness";"Krafttraining & Muskulatur";"Ergebnis-Einstieg";"Beschriftung";"Ergebnis-Zusammenfassung · Themenlabel «Krafttraining & Muskulatur»";"Tragkraft im Alltag";"forza per trasportare pesi nella vita quotidiana";"";"";"Marketing";"Prüfung erforderlich";"";"";"";"ui.hero.topic.einkaufstaschen";"ui";"it-CH";"3";"v1:4c57ada7d55b51436b17bda45c5831ce8e05df24ae9d5f359035e7ea924ebe4f";"47302743812503f2d74032fce7dbe5200162df503413b174c67d4571c1ecd9f2"
"Körperliche Fitness";"Krafttraining & Muskulatur";"Ergebnis-Einstieg";"Beschriftung";"Ergebnis-Zusammenfassung · Themenlabel «Krafttraining & Muskulatur»";"Krafttraining";"allenamento della forza";"";"";"Marketing";"Prüfung erforderlich";"";"";"";"ui.hero.topic.krafttraining";"ui";"it-CH";"3";"v1:4c57ada7d55b51436b17bda45c5831ce8e05df24ae9d5f359035e7ea924ebe4f";"c4801760ff83625ff60a18231db12ef661ac58d2f5bce858cbd310ca72fcdc1d"
"Ernährung";"Allgemeine Ernährung";"Coach-Antworten";"Dynamischer Text";"Demo-Coach-Antwort zu Ernährung oder Gewicht";"Kleine Umstellungen wirken: pro Tag eine zusätzliche Portion Gemüse, Hülsenfrüchte oder Vollkorn und gesüsste Getränke reduzieren. Ihr Ernährungs-Wert: <b>{{nutritionScore}}</b>.";"Piccoli cambiamenti possono fare la differenza: aggiunga ogni giorno una porzione di verdura, legumi o prodotti integrali e riduca le bevande zuccherate. Il Suo valore dell’alimentazione: <b>{{nutritionScore}}</b>.";"";"";"Marketing, Medizin";"Prüfung erforderlich";"";"{{nutritionScore}}";"";"coach.answer.nutrition";"coach";"it-CH";"3";"v1:4c57ada7d55b51436b17bda45c5831ce8e05df24ae9d5f359035e7ea924ebe4f";"fbe1eb6e863004410d7cf9d05d5b0d06aefd70ac3f29961b8d67087b6774ccc5"
"Ernährung";"Allgemeine Ernährung";"Dimensionsdetails";"Überschrift";"Dimensionsdetail · Titel";"Zucker und stark Verarbeitetes";"Zucchero e alimenti fortemente trasformati";"";"";"Marketing, Medizin";"Prüfung erforderlich";"";"";"";"recommendation.signal.ernaehrung.title";"recommendations";"it-CH";"3";"v1:4c57ada7d55b51436b17bda45c5831ce8e05df24ae9d5f359035e7ea924ebe4f";"fa75b7411d9a5754839eedf9bd82dced97bfd78483ae058e346abee23e05b8ff"
"Ernährung";"Allgemeine Ernährung";"Gemeinsame Bereichstexte (Fragebogen und Ergebnis)";"Beschriftung";"Gemeinsam in Fragebogen und Ergebnis · Ernährung · Kurzlabel für Navigation und Ergebnisvisualisierung";"Ernährung";"Alimentazione";"";"";"Marketing";"Prüfung erforderlich";"";"";"";"service.dimension.ernaehrung.short";"services";"it-CH";"3";"v1:4c57ada7d55b51436b17bda45c5831ce8e05df24ae9d5f359035e7ea924ebe4f";"17e363a8b7ab552d40cb23326a2234f44b8826b60f9ad33ab3c257b38ff2c6b1"
"Ernährung";"Allgemeine Ernährung";"Gemeinsame Bereichstexte (Fragebogen und Ergebnis)";"Überschrift";"Gemeinsam in Fragebogen und Ergebnis · Ernährung · vollständiger Bereichstitel";"Ernährung";"Alimentazione";"";"";"Marketing, Medizin";"Prüfung erforderlich";"";"";"";"service.dimension.ernaehrung.title";"services";"it-CH";"3";"v1:4c57ada7d55b51436b17bda45c5831ce8e05df24ae9d5f359035e7ea924ebe4f";"42c703b2f5297770e4a26c35cd2bb18686534b1c23d8eac8ef7c60da452f5a30"
"Ernährung";"Allgemeine Ernährung";"Dimensionsdetails";"Persönliche Einordnung";"Dimensionsdetail · Einordnung";"Zuckerhaltige Getränke sättigen meist deutlich weniger als feste Lebensmittel. Je nach Produkt kann ein halber Liter Softdrink rund 50 g Zucker enthalten; Wasser oder Ungesüsstes ist deshalb ein gut umsetzbarer Ersatz.";"Le bevande zuccherate in genere saziano molto meno degli alimenti solidi. A seconda del prodotto, mezzo litro di bibita può contenere circa 50 g di zucchero; acqua o bevande non zuccherate sono quindi sostituti facili da adottare.";"";"";"Marketing, Medizin";"Prüfung erforderlich";"Unbelegte Absolutheit zur Sättigung und Priorität entfernt; durch Marketing und Medizin freigeben.";"";"";"recommendation.signal.ernaehrung.insight";"recommendations";"it-CH";"3";"v1:4c57ada7d55b51436b17bda45c5831ce8e05df24ae9d5f359035e7ea924ebe4f";"1c5816e9dd8234b7ecf3787842bb466247a785a7ec084bb1489d7bb9e814acae"
"Ernährung";"Allgemeine Ernährung";"Gemeinsame Bereichstexte (Fragebogen und Ergebnis)";"Begründung / Einordnung";"Gemeinsam in Fragebogen und Ergebnis · Ernährung · Einleitung im Fragebogen und in den Ergebnisdetails";"Ihre Essgewohnheiten beeinflussen direkt Ihre Gesundheit und Ihr Wohlbefinden.";"Le Sue abitudini alimentari influiscono direttamente sulla Sua salute e sul Suo benessere.";"";"";"Marketing, Medizin";"Prüfung erforderlich";"";"";"";"service.dimension.ernaehrung.intro";"services";"it-CH";"3";"v1:4c57ada7d55b51436b17bda45c5831ce8e05df24ae9d5f359035e7ea924ebe4f";"a8f00b65af19f79237b0040f8e024dbfe898488554f1fdbac8cc898997825fc6"
"Ernährung";"Allgemeine Ernährung";"Dimensionsdetails";"Nächster Schritt";"Dimensionsdetail · konkreter nächster Schritt";"Ein Zuckergetränk pro Tag durch Wasser ersetzen – reine Fruchtsäfte zählen dazu.";"Sostituisca una bevanda zuccherata al giorno con acqua; anche i succhi di frutta puri rientrano in questa categoria.";"";"";"Marketing, Medizin";"Prüfung erforderlich";"";"";"";"recommendation.signal.ernaehrung.action";"recommendations";"it-CH";"3";"v1:4c57ada7d55b51436b17bda45c5831ce8e05df24ae9d5f359035e7ea924ebe4f";"6b3410a77eaaa05aa9e62e4ee325a077e3d3717de92a261b6c5bc3cf87470602"
"Ernährung";"Allgemeine Ernährung";"Zusatzhinweise bei abgedeckten Aktionsschritten";"Vertiefung";"Zusatzhinweis bei bereits abgedecktem Aktionsschritt";"Achten Sie zusätzlich auf die Kombination: Flüssiger Zucker und stark verarbeitete Produkte verstärken sich, weil beide viel Energie liefern und nur kurz sättigen. Der Plan setzt deshalb beim leichtesten täglichen Tausch an.";"Presti inoltre attenzione alla combinazione: zucchero liquido e prodotti fortemente trasformati si rafforzano a vicenda, perché entrambi forniscono molta energia e saziano solo per poco. Il piano parte quindi dal cambiamento quotidiano più semplice.";"";"";"Marketing, Medizin";"Prüfung erforderlich";"";"";"";"recommendation.signal.ernaehrung.deepen";"recommendations";"it-CH";"3";"v1:4c57ada7d55b51436b17bda45c5831ce8e05df24ae9d5f359035e7ea924ebe4f";"66dc9d939f6f462520bbf907455ac8b2e414bb8eba2e3712f3eecd9a951f8c56"
"Ernährung";"Allgemeine Ernährung";"Risikosignale";"Risikosignal";"Ergebnisseite, Lebensstil-Signal Ernährung";"Zuckerhaltige Getränke oder stark verarbeitete Lebensmittel kommen sehr häufig vor.";"Bevande zuccherate o alimenti fortemente trasformati sono presenti molto spesso.";"";"";"Marketing, Medizin";"Prüfung erforderlich";"";"";"";"recommendation.risk_signal.ernaehrung.label";"recommendations";"it-CH";"3";"v1:4c57ada7d55b51436b17bda45c5831ce8e05df24ae9d5f359035e7ea924ebe4f";"6dcc9c5fb7cdbb37ce967a88885369fc6e838d31235bfa94cb0cae79e3d6101a"
"Ernährung";"Allgemeine Ernährung";"Positive Dimensionstexte";"Positive Rückmeldung";"Positive Verstärkung für die Dimension ernaehrung";"Ihre Ernährung bietet eine gute Grundlage. Geniessen Sie es, dranzubleiben.";"La Sua alimentazione offre una buona base. Continui con piacere su questa strada.";"";"";"Marketing, Medizin";"Prüfung erforderlich";"Positive Rückmeldung wird nur noch im Status Stark ausgegeben; durch Marketing und Medizin freigeben.";"";"";"recommendation.positive.ernaehrung";"recommendations";"it-CH";"3";"v1:4c57ada7d55b51436b17bda45c5831ce8e05df24ae9d5f359035e7ea924ebe4f";"15556ed47679dfbf1ca1713938b7afcd68016c92290e765550bb1a4b4eb0013e"
"Ernährung";"Allgemeine Ernährung";"Solide Dimensionstexte";"Solide Rückmeldung";"Zurückhaltende Rückmeldung für die Dimension ernaehrung im Status Solide";"Mehrere Ihrer Ernährungsgewohnheiten sind bereits günstig. Kleine, alltagstaugliche Anpassungen können die Qualität weiter verbessern.";"Diverse Sue abitudini alimentari sono già favorevoli. Piccoli adeguamenti pratici possono migliorare ulteriormente la qualità.";"";"";"Marketing, Medizin";"Prüfung erforderlich";"Neu vom positiven Feedback ab Score 80 getrennt; durch Marketing und Medizin freigeben.";"";"";"recommendation.solid.ernaehrung";"recommendations";"it-CH";"3";"v1:4c57ada7d55b51436b17bda45c5831ce8e05df24ae9d5f359035e7ea924ebe4f";"b91d6c29a01d7a947a3c57583f7e292cc6eda448c1db2ecdf59fd094b2c5644e"
"Ernährung";"Allgemeine Ernährung";"Ergebnis-Einstieg";"Beschriftung";"Hero-Zusammenfassung, Dimension ernaehrung im Nominativ";"Ihre Ernährung";"La Sua alimentazione";"";"";"Marketing";"Prüfung erforderlich";"";"";"";"ui.hero.dimension.ernaehrung.nominative";"ui";"it-CH";"3";"v1:4c57ada7d55b51436b17bda45c5831ce8e05df24ae9d5f359035e7ea924ebe4f";"e237073cabecd95ae423759a888e0eaefb61950eee59637e50543416537a05db"
"Ernährung";"Allgemeine Ernährung";"Ergebnis-Einstieg";"Beschriftung";"Hero-Zusammenfassung, Dimension ernaehrung nach «bei»";"bei Ihrer Ernährung";"nella Sua alimentazione";"";"";"Marketing";"Prüfung erforderlich";"";"";"";"ui.hero.dimension.ernaehrung.prepositional";"ui";"it-CH";"3";"v1:4c57ada7d55b51436b17bda45c5831ce8e05df24ae9d5f359035e7ea924ebe4f";"0a8c07736c0ace7d34e5ed00def6a0d983ab8a4205c74ddee554b901527490d4"
"Ernährung";"Getränke & Zucker";"Empfehlungskarten";"Überschrift";"Empfehlungskarte · Ernährung · Titel";"Flüssige Kalorien reduzieren";"Ridurre le calorie liquide";"";"";"Marketing";"Prüfung erforderlich";"";"";"";"recommendation.catalog.er_getraenke.title";"recommendations";"it-CH";"3";"v1:4c57ada7d55b51436b17bda45c5831ce8e05df24ae9d5f359035e7ea924ebe4f";"cf92b4d69affda4c71e56c5578307ec47b3e624911ecac9c3961271d0c2edf26"
"Ernährung";"Getränke & Zucker";"Empfehlungskarten";"Begründung / Einordnung";"Empfehlungskarte · Ernährung · Begründung";"Gesüsste Getränke liefern viel Zucker, ohne satt zu machen, und können Blutzucker und Gewicht ungünstig beeinflussen.";"Le bevande zuccherate forniscono molto zucchero senza saziare e possono influire negativamente su glicemia e peso.";"";"";"Marketing, Medizin";"Prüfung erforderlich";"";"";"";"recommendation.catalog.er_getraenke.why";"recommendations";"it-CH";"3";"v1:4c57ada7d55b51436b17bda45c5831ce8e05df24ae9d5f359035e7ea924ebe4f";"08d97d07561ba0301864906e31e8b29eac0e96c5e24b60f30152835b7749db51"
"Ernährung";"Getränke & Zucker";"Empfehlungskarten";"Nächster Schritt";"Empfehlungskarte · Ernährung · konkreter nächster Schritt";"Ersetzen Sie zuckerhaltige Getränke schrittweise durch Wasser, ungesüssten Tee oder mit Früchten aromatisiertes Wasser.";"Sostituisca gradualmente le bevande zuccherate con acqua, tè non zuccherato o acqua aromatizzata con frutta.";"";"";"Marketing, Medizin";"Prüfung erforderlich";"";"";"";"recommendation.catalog.er_getraenke.step";"recommendations";"it-CH";"3";"v1:4c57ada7d55b51436b17bda45c5831ce8e05df24ae9d5f359035e7ea924ebe4f";"a770bbfde0e139f2dd94786ca928434bb6a4efba476329da6aeb3b7d840a07be"
"Ernährung";"Getränke & Zucker";"Empfehlungskarten";"Erwarteter Nutzen";"Empfehlungskarte · Ernährung · erwarteter Nutzen";"Weniger flüssiger Zucker entlastet Stoffwechsel und Gewicht spürbar.";"Meno zucchero liquido alleggerisce sensibilmente il metabolismo e favorisce il controllo del peso.";"";"";"Marketing, Medizin";"Prüfung erforderlich";"";"";"";"recommendation.catalog.er_getraenke.benefit";"recommendations";"it-CH";"3";"v1:4c57ada7d55b51436b17bda45c5831ce8e05df24ae9d5f359035e7ea924ebe4f";"5df72a365e8a77d6c0008d1c760dfffbc95fdda9320d4df6bbcf8974433604d7"
"Ernährung";"Getränke & Zucker";"4-Wochen-Pläne";"4-Wochen-Plan";"4-Wochen-Plan · Diese Woche";"Ersetzen Sie das erste tägliche Zuckergetränk durch Wasser oder Ungesüsstes. Je nach Produkt kann ein halber Liter Softdrink rund <b>50 g Zucker</b> enthalten und sättigt meist nur wenig.";"Sostituisca la prima bevanda zuccherata quotidiana con acqua o una bevanda non zuccherata. A seconda del prodotto, mezzo litro di bibita può contenere circa <b>50 g di zucchero</b> e in genere sazia poco.";"";"";"Marketing, Medizin";"Prüfung erforderlich";"Produktabhängigkeit ergänzt und absolute Sättigungsbehauptung entfernt; durch Marketing und Medizin freigeben.";"";"";"recommendation.plan.er_getraenke.this_week";"recommendations";"it-CH";"3";"v1:4c57ada7d55b51436b17bda45c5831ce8e05df24ae9d5f359035e7ea924ebe4f";"9d9f85e7d3b8ff0d444cd8487279b57a2a7f69e4b2f220d24b11254675bd491e"
"Ernährung";"Getränke & Zucker";"4-Wochen-Pläne";"4-Wochen-Plan";"4-Wochen-Plan · Woche 2–3";"Auch <b>reine Fruchtsäfte</b> zählen dazu: Ohne die Fasern der ganzen Frucht bleibt vor allem der Zucker. Machen Sie das gesündere Getränk zur Standardoption – Wasserflasche sichtbar auf den Tisch, Süssgetränke nicht mehr auf Vorrat kaufen.";"Anche i <b>succhi di frutta puri</b> rientrano in questa categoria: senza le fibre del frutto intero rimane soprattutto lo zucchero. Faccia della bevanda più sana l’opzione standard: tenga la bottiglia d’acqua in vista sul tavolo e non faccia più scorte di bevande zuccherate.";"";"";"Marketing, Medizin";"Prüfung erforderlich";"";"";"";"recommendation.plan.er_getraenke.weeks_2_3";"recommendations";"it-CH";"3";"v1:4c57ada7d55b51436b17bda45c5831ce8e05df24ae9d5f359035e7ea924ebe4f";"d26dc8dbca72db809a67f7b13db12460ab3a1974c09812d7351c2e68d0dde899"
"Ernährung";"Getränke & Zucker";"4-Wochen-Pläne";"4-Wochen-Plan";"4-Wochen-Plan · Woche 4";"Bilanz: An wie vielen Tagen kamen Sie ohne aus? Der Effekt wirkt doppelt – weniger Kalorien und stabilere Blutzuckerkurven, was Heisshunger reduziert. Erlauben Sie sich bewusste Ausnahmen statt Verbote; nur die Regel muss stimmen.";"Bilancio: in quanti giorni è riuscito/a a farne a meno? L’effetto è duplice: meno calorie e curve glicemiche più stabili, con una riduzione della fame intensa. Si conceda eccezioni consapevoli invece di divieti; ciò che conta è la regola.";"";"";"Marketing, Medizin";"Prüfung erforderlich";"";"";"";"recommendation.plan.er_getraenke.week_4";"recommendations";"it-CH";"3";"v1:4c57ada7d55b51436b17bda45c5831ce8e05df24ae9d5f359035e7ea924ebe4f";"3397d23b52f7dad9ceb6c6c7b7a4b988b8f4342d14effa55ddb760098a859509"
"Ernährung";"Getränke & Zucker";"Handlungsfelder";"Beschriftung";"Handlungsfeld · Ernährung · Kurzlabel";"Zuckergetränke durch Wasser oder Ungesüsstes ersetzen";"Sostituire le bevande zuccherate con acqua o bevande non zuccherate";"";"";"Marketing, Medizin";"Prüfung erforderlich";"";"";"";"recommendation.lever.lv_zucker.label";"recommendations";"it-CH";"3";"v1:4c57ada7d55b51436b17bda45c5831ce8e05df24ae9d5f359035e7ea924ebe4f";"16c9f26ef156adc6e573c023d00cfec2eaf66ef8ceec8eb359c4150b3ac037a4"
"Ernährung";"Getränke & Zucker";"Handlungsfelder";"Detailtext";"Handlungsfeld · Ernährung · Detailtext";"Zuckerhaltige Getränke sättigen meist deutlich weniger als feste Lebensmittel. Sie durch Wasser oder Ungesüsstes zu ersetzen, ist deshalb ein gut umsetzbarer Ernährungshebel.";"Le bevande zuccherate in genere saziano molto meno degli alimenti solidi. Sostituirle con acqua o bevande non zuccherate è quindi una leva alimentare facile da attuare.";"";"";"Marketing, Medizin";"Prüfung erforderlich";"Unbelegte Absolutheit zur Sättigung und Priorität entfernt; durch Marketing und Medizin freigeben.";"";"";"recommendation.lever.lv_zucker.detail";"recommendations";"it-CH";"3";"v1:4c57ada7d55b51436b17bda45c5831ce8e05df24ae9d5f359035e7ea924ebe4f";"f2350724d4bdf97159e327a6af7f4553ee26dd2273c2886849d9d0bd64b78d99"
"Ernährung";"Getränke & Zucker";"Ergebnis-Einstieg";"Beschriftung";"Ergebnis-Zusammenfassung · Themenlabel «Getränke & Zucker»";"zuckerhaltige Getränke";"bevande zuccherate";"";"";"Marketing";"Prüfung erforderlich";"";"";"";"ui.hero.topic.zuckergetraenke";"ui";"it-CH";"3";"v1:4c57ada7d55b51436b17bda45c5831ce8e05df24ae9d5f359035e7ea924ebe4f";"7e9aea2bc7703c28b81d24b090c7b9bc63b0548de274254e5732ff9d5ad39b19"
"Ernährung";"Omega-3";"Empfehlungskarten";"Überschrift";"Empfehlungskarte · Ernährung · Titel";"Mehr Omega-3 einbauen";"Integrare più omega-3";"";"";"Marketing";"Prüfung erforderlich";"";"";"";"recommendation.catalog.er_omega3.title";"recommendations";"it-CH";"3";"v1:4c57ada7d55b51436b17bda45c5831ce8e05df24ae9d5f359035e7ea924ebe4f";"a3976fa3ab5048e8eb1b3200cc99d3bff6d7dd02b4be233e58573bb00acca59c"
"Ernährung";"Omega-3";"Empfehlungskarten";"Begründung / Einordnung";"Empfehlungskarte · Ernährung · Begründung";"Omega-3-reiche Lebensmittel kommen aktuell selten vor. Sie unterstützen Herz, Gehirn und die Entzündungsregulation.";"Attualmente gli alimenti ricchi di omega-3 sono poco presenti. Sostengono il cuore, il cervello e la regolazione dell’infiammazione.";"";"";"Marketing, Medizin";"Prüfung erforderlich";"";"";"";"recommendation.catalog.er_omega3.why";"recommendations";"it-CH";"3";"v1:4c57ada7d55b51436b17bda45c5831ce8e05df24ae9d5f359035e7ea924ebe4f";"46b1dc5f98ad6cba502690323af5af72119a796158013e14614eefa72e2c1141"
"Ernährung";"Omega-3";"Empfehlungskarten";"Nächster Schritt";"Empfehlungskarte · Ernährung · konkreter nächster Schritt";"Planen Sie 1- bis 2-mal pro Woche fetten Fisch (Lachs, Hering, Makrele) ein oder streuen Sie täglich Leinsamen bzw. Baumnüsse über Ihre Mahlzeiten.";"Pianifichi pesce grasso (salmone, aringa, sgombro) 1–2 volte alla settimana oppure aggiunga ogni giorno semi di lino o noci ai pasti.";"";"";"Marketing, Medizin";"Prüfung erforderlich";"";"";"";"recommendation.catalog.er_omega3.step";"recommendations";"it-CH";"3";"v1:4c57ada7d55b51436b17bda45c5831ce8e05df24ae9d5f359035e7ea924ebe4f";"b0a385b517f395320c09250639b617ffe15c49e7d7669b45b8b2fa40c6e6f92b"
"Ernährung";"Omega-3";"Empfehlungskarten";"Erwarteter Nutzen";"Empfehlungskarte · Ernährung · erwarteter Nutzen";"Eine bessere Omega-3-Versorgung unterstützt Herz-Kreislauf-Gesundheit und Wohlbefinden.";"Un migliore apporto di omega-3 sostiene la salute cardiovascolare e il benessere.";"";"";"Marketing, Medizin";"Prüfung erforderlich";"";"";"";"recommendation.catalog.er_omega3.benefit";"recommendations";"it-CH";"3";"v1:4c57ada7d55b51436b17bda45c5831ce8e05df24ae9d5f359035e7ea924ebe4f";"9e58ecb3147dd108e3709f9289537f4fdc5b689018dfd6e5e6cf7aea96626ac9"
"Ernährung";"Omega-3";"4-Wochen-Pläne";"4-Wochen-Plan";"4-Wochen-Plan · Diese Woche";"Planen Sie <b>ein bis zwei feste «Fischtage»</b> pro Woche mit fettem Fisch (Lachs, Hering, Makrele, Sardinen). Vegetarisch/vegan: Algenöl liefert Omega-3, das der Körper direkt nutzen kann – anders als die Vorstufe aus Leinöl.";"Pianifichi <b>uno o due «giorni del pesce» fissi</b> alla settimana con pesce grasso (salmone, aringa, sgombro, sardine). Per chi segue un’alimentazione vegetariana o vegana: l’olio di alghe fornisce omega-3 che l’organismo può utilizzare direttamente, diversamente dal precursore contenuto nell’olio di lino.";"";"";"Marketing, Medizin";"Prüfung erforderlich";"";"";"";"recommendation.plan.er_omega3.this_week";"recommendations";"it-CH";"3";"v1:4c57ada7d55b51436b17bda45c5831ce8e05df24ae9d5f359035e7ea924ebe4f";"722a971327772dab01faa5f7b7cf41215bcff9ec67c4883e5a83990219f18dc9"
"Ernährung";"Omega-3";"4-Wochen-Pläne";"4-Wochen-Plan";"4-Wochen-Plan · Woche 2–3";"Streuen Sie täglich eine Portion Leinsamen (geschrotet), Chiasamen oder Baumnüsse über Mahlzeiten. Omega-3 wirkt entzündungshemmend und unterstützt Herz und Gehirn – der Körper bildet es nicht selbst, deshalb zählt die regelmässige Zufuhr.";"Aggiunga ogni giorno ai pasti una porzione di semi di lino macinati, semi di chia o noci. Gli omega-3 hanno un effetto antinfiammatorio e sostengono cuore e cervello; l’organismo non li produce da solo, quindi conta un apporto regolare.";"";"";"Marketing, Medizin";"Prüfung erforderlich";"";"";"";"recommendation.plan.er_omega3.weeks_2_3";"recommendations";"it-CH";"3";"v1:4c57ada7d55b51436b17bda45c5831ce8e05df24ae9d5f359035e7ea924ebe4f";"0361cda28cff4c7c2be6c2a3c01279f467c8c6025e0080f01cff6f2838ad4ee7"
"Ernährung";"Omega-3";"4-Wochen-Pläne";"4-Wochen-Plan";"4-Wochen-Plan · Woche 4";"Verankern Sie die Fischtage als festen Wochenrhythmus und halten Sie eine pflanzliche Omega-3-Quelle immer griffbereit. Regelmässigkeit schlägt Menge.";"Stabilisca i giorni del pesce come ritmo settimanale fisso e tenga sempre a portata di mano una fonte vegetale di omega-3. La regolarità conta più della quantità.";"";"";"Marketing, Medizin";"Prüfung erforderlich";"";"";"";"recommendation.plan.er_omega3.week_4";"recommendations";"it-CH";"3";"v1:4c57ada7d55b51436b17bda45c5831ce8e05df24ae9d5f359035e7ea924ebe4f";"c455b6218f9f1440d5aabaf6a54fe978adf958a61f87f0d9e5afd89ce3671248"
"Ernährung";"Omega-3";"Handlungsfelder";"Beschriftung";"Handlungsfeld · Ernährung · Kurzlabel";"Feste Omega-3-Quelle einplanen (fettreicher Fisch oder Algenöl)";"Pianificare una fonte fissa di omega-3 (pesce grasso o olio di alghe)";"";"";"Marketing, Medizin";"Prüfung erforderlich";"";"";"";"recommendation.lever.lv_omega.label";"recommendations";"it-CH";"3";"v1:4c57ada7d55b51436b17bda45c5831ce8e05df24ae9d5f359035e7ea924ebe4f";"a8e557955ebe530cdbaa836ed764176e2d4c42f3fc1ac1e6eff180ff38a30698"
"Ernährung";"Omega-3";"Handlungsfelder";"Detailtext";"Handlungsfeld · Ernährung · Detailtext";"Fetter Fisch liefert die Omega-3-Fettsäuren EPA und DHA. Zwei Fischportionen pro Woche entsprechen gängigen Ernährungsempfehlungen; Nahrungsergänzungsmittel sollten nicht pauschal gleichgesetzt werden.";"Il pesce grasso fornisce gli acidi grassi omega-3 EPA e DHA. Due porzioni di pesce alla settimana corrispondono alle comuni raccomandazioni alimentari; gli integratori non devono essere equiparati in modo generalizzato.";"";"";"Marketing, Medizin";"Prüfung erforderlich";"Lebensmittel- und Supplementevidenz getrennt und Wirkungsversprechen entfernt; durch Marketing und Medizin freigeben.";"";"";"recommendation.lever.lv_omega.detail";"recommendations";"it-CH";"3";"v1:4c57ada7d55b51436b17bda45c5831ce8e05df24ae9d5f359035e7ea924ebe4f";"84f9b93bc184b1e9ba65d982473645ae2ae88184f45188ceadd804957c3b8e88"
"Ernährung";"Omega-3";"Ergebnis-Einstieg";"Beschriftung";"Ergebnis-Zusammenfassung · Themenlabel «Omega-3»";"Omega-3";"omega-3";"";"";"Marketing";"Prüfung erforderlich";"";"";"";"ui.hero.topic.omega3";"ui";"it-CH";"3";"v1:4c57ada7d55b51436b17bda45c5831ce8e05df24ae9d5f359035e7ea924ebe4f";"adaa730cbae4d79111af4a7cc08b8233193d8506886b6526c8db9a756671ae08"
"Ernährung";"Pflanzenvielfalt";"Empfehlungskarten";"Überschrift";"Empfehlungskarte · Ernährung · Titel";"Pflanzliche Vielfalt erhöhen";"Aumentare la varietà vegetale";"";"";"Marketing";"Prüfung erforderlich";"";"";"";"recommendation.catalog.er_vielfalt.title";"recommendations";"it-CH";"3";"v1:4c57ada7d55b51436b17bda45c5831ce8e05df24ae9d5f359035e7ea924ebe4f";"2c98daf52a62bc6391c4445323ac242f7ebfecb85ef586bf7e3dd38d8b50c2b9"
"Ernährung";"Pflanzenvielfalt";"Empfehlungskarten";"Begründung / Einordnung";"Empfehlungskarte · Ernährung · Begründung";"Aktuell essen Sie eher wenige verschiedene pflanzliche Lebensmittel. Vielfalt fördert ein gesundes Darmmikrobiom und liefert wertvolle Ballast- und Pflanzenstoffe.";"Attualmente mangia piuttosto pochi alimenti vegetali diversi. La varietà favorisce un microbioma intestinale sano e fornisce preziose fibre e sostanze vegetali.";"";"";"Marketing, Medizin";"Prüfung erforderlich";"";"";"";"recommendation.catalog.er_vielfalt.why";"recommendations";"it-CH";"3";"v1:4c57ada7d55b51436b17bda45c5831ce8e05df24ae9d5f359035e7ea924ebe4f";"1d5bfc143a9bb881810a3fb6660fc6becf52c9ecfa996ace7a135c2ac38ca143"
"Ernährung";"Pflanzenvielfalt";"Empfehlungskarten";"Nächster Schritt";"Empfehlungskarte · Ernährung · konkreter nächster Schritt";"Nehmen Sie sich vor, pro Woche ein paar neue Sorten einzubauen – z. B. eine zusätzliche Gemüse-, Hülsenfrucht- oder Vollkornsorte pro Tag.";"Si proponga di introdurre ogni settimana alcune nuove varietà, ad es. ogni giorno un tipo aggiuntivo di verdura, legumi o cereali integrali.";"";"";"Marketing, Medizin";"Prüfung erforderlich";"";"";"";"recommendation.catalog.er_vielfalt.step";"recommendations";"it-CH";"3";"v1:4c57ada7d55b51436b17bda45c5831ce8e05df24ae9d5f359035e7ea924ebe4f";"5cd04618c56c989351e0a3c953fd43dc65ea613a82420945f5812a70ec4a8918"
"Ernährung";"Pflanzenvielfalt";"Empfehlungskarten";"Erwarteter Nutzen";"Empfehlungskarte · Ernährung · erwarteter Nutzen";"Mehr pflanzliche Vielfalt wirkt sich gleich auf mehrere Gesundheitsbereiche positiv aus.";"Una maggiore varietà vegetale ha effetti positivi su diversi ambiti della salute.";"";"";"Marketing, Medizin";"Prüfung erforderlich";"";"";"";"recommendation.catalog.er_vielfalt.benefit";"recommendations";"it-CH";"3";"v1:4c57ada7d55b51436b17bda45c5831ce8e05df24ae9d5f359035e7ea924ebe4f";"7d72a95feb949031b5c66814b4d0a6f94aa8e5b150bb9540b4d9e0af86b072e0"
"Ernährung";"Pflanzenvielfalt";"4-Wochen-Pläne";"4-Wochen-Plan";"4-Wochen-Plan · Diese Woche";"Nehmen Sie sich <b>zwei bis drei neue pflanzliche Sorten</b> vor. Auch Gewürze, Kräuter, Nüsse und Samen zählen – der Einstieg ist leichter, als viele denken.";"Si proponga <b>due o tre nuove varietà vegetali</b>. Contano anche spezie, erbe aromatiche, noci e semi: iniziare è più facile di quanto molti pensino.";"";"";"Marketing, Medizin";"Prüfung erforderlich";"";"";"";"recommendation.plan.er_vielfalt.this_week";"recommendations";"it-CH";"3";"v1:4c57ada7d55b51436b17bda45c5831ce8e05df24ae9d5f359035e7ea924ebe4f";"02752ac5f045747b4bd2c59b579cdda0e14d71c462dfe63409793a823f09ae0d"
"Ernährung";"Pflanzenvielfalt";"4-Wochen-Pläne";"4-Wochen-Plan";"4-Wochen-Plan · Woche 2–3";"Richtwert: rund 30 verschiedene pflanzliche Lebensmittel pro Woche. Vielfalt füttert das Darmmikrobiom, das wiederum Immunsystem, Stoffwechsel und sogar Stimmung beeinflusst. Trick: pro Einkauf eine neue Sorte ausprobieren.";"Valore orientativo: circa 30 alimenti vegetali diversi alla settimana. La varietà nutre il microbioma intestinale, che a sua volta influenza il sistema immunitario, il metabolismo e persino l’umore. Un trucco: provi una nuova varietà a ogni spesa.";"";"";"Marketing, Medizin";"Prüfung erforderlich";"";"";"";"recommendation.plan.er_vielfalt.weeks_2_3";"recommendations";"it-CH";"3";"v1:4c57ada7d55b51436b17bda45c5831ce8e05df24ae9d5f359035e7ea924ebe4f";"7ccd2254f2303125a4758f5d468c0704b86b810c3de5c15f500b65caf4e89aee"
"Ernährung";"Pflanzenvielfalt";"4-Wochen-Pläne";"4-Wochen-Plan";"4-Wochen-Plan · Woche 4";"Etablieren Sie feste «Vielfalt-Anker» (z. B. eine Handvoll gemischte Nüsse/Samen täglich, wöchentlich wechselndes Gemüse), damit Abwechslung ohne Aufwand läuft.";"Stabilisca «ancore di varietà» fisse, ad es. una manciata di noci e semi misti ogni giorno o verdure diverse ogni settimana, affinché la varietà diventi spontanea.";"";"";"Marketing, Medizin";"Prüfung erforderlich";"";"";"";"recommendation.plan.er_vielfalt.week_4";"recommendations";"it-CH";"3";"v1:4c57ada7d55b51436b17bda45c5831ce8e05df24ae9d5f359035e7ea924ebe4f";"053fa486669a0d102d7707638e05314af4eededcbe80635e969777e277eabf7f"
"Ernährung";"Pflanzenvielfalt";"Handlungsfelder";"Beschriftung";"Handlungsfeld · Ernährung · Kurzlabel";"Pflanzliche Vielfalt schrittweise erhöhen";"Aumentare gradualmente la varietà vegetale";"";"";"Marketing, Medizin";"Prüfung erforderlich";"Beobachtenden 30-Pflanzen-Wert nicht als klinischen Grenzwert ausgegeben; durch Marketing und Medizin freigeben.";"";"";"recommendation.lever.lv_pflanzen.label";"recommendations";"it-CH";"3";"v1:4c57ada7d55b51436b17bda45c5831ce8e05df24ae9d5f359035e7ea924ebe4f";"4d1332f62aba54e8bef314fb153f98a789b53b979fb90f1912743ba13766e2a6"
"Ernährung";"Pflanzenvielfalt";"Handlungsfelder";"Detailtext";"Handlungsfeld · Ernährung · Detailtext";"Vielfalt füttert Ihr Darmmikrobiom – Gewürze, Kräuter, Nüsse und Samen zählen mit und machen den Einstieg leicht.";"La varietà nutre il Suo microbioma intestinale: spezie, erbe aromatiche, noci e semi contano e rendono facile iniziare.";"";"";"Marketing, Medizin";"Prüfung erforderlich";"";"";"";"recommendation.lever.lv_pflanzen.detail";"recommendations";"it-CH";"3";"v1:4c57ada7d55b51436b17bda45c5831ce8e05df24ae9d5f359035e7ea924ebe4f";"76dd2e2436a9a9eb0679cdff5b53852a9cab465882d24124d59e782b1a8aa80d"
"Ernährung";"Pflanzenvielfalt";"Stärken";"Beschriftung";"Stärke · Ernährung · Kurzlabel";"Grosse pflanzliche Vielfalt";"Grande varietà vegetale";"";"";"Marketing";"Prüfung erforderlich";"";"";"";"recommendation.strength.st_pflanzen.label";"recommendations";"it-CH";"3";"v1:4c57ada7d55b51436b17bda45c5831ce8e05df24ae9d5f359035e7ea924ebe4f";"36ae430e1754291d9b2ad005166bdc31515417a2d0dbd690d75fdfc958e92f13"
"Ernährung";"Pflanzenvielfalt";"Stärken";"Detailtext";"Stärke · Ernährung · Detailtext";"Ihre vielfältige Auswahl pflanzlicher Lebensmittel trägt zu einer abwechslungsreichen Ballaststoff- und Mikronährstoffzufuhr bei.";"La Sua scelta variata di alimenti vegetali contribuisce a un apporto diversificato di fibre e micronutrienti.";"";"";"Marketing, Medizin";"Prüfung erforderlich";"Nicht validierte Aussage zum optimalen Mikrobiom entfernt; durch Marketing und Medizin freigeben.";"";"";"recommendation.strength.st_pflanzen.detail";"recommendations";"it-CH";"3";"v1:4c57ada7d55b51436b17bda45c5831ce8e05df24ae9d5f359035e7ea924ebe4f";"9e29229c68b025e8a16bee00bdf674db0dfe80e2a25076b842c317b5c9d6366d"
"Ernährung";"Pflanzenvielfalt";"Ergebnis-Einstieg";"Beschriftung";"Ergebnis-Zusammenfassung · Themenlabel «Pflanzenvielfalt»";"pflanzliche Vielfalt";"varietà vegetale";"";"";"Marketing";"Prüfung erforderlich";"";"";"";"ui.hero.topic.pflanzenvielfalt";"ui";"it-CH";"3";"v1:4c57ada7d55b51436b17bda45c5831ce8e05df24ae9d5f359035e7ea924ebe4f";"1c77aa73bff5fa5610342485d4bde8fa04926b3d6b269c0bceed756997693433"
"Ernährung";"Protein & Muskelerhalt";"Empfehlungskarten";"Überschrift";"Empfehlungskarte · Ernährung · Titel";"Proteinquellen regelmässig einplanen";"Pianificare regolarmente fonti proteiche";"";"";"Marketing";"Prüfung erforderlich";"Beschreibt die tatsächlich erfasste Gewohnheit statt eine nicht gemessene Gesamtversorgung; durch Marketing freigeben.";"";"";"recommendation.catalog.er_protein.title";"recommendations";"it-CH";"3";"v1:4c57ada7d55b51436b17bda45c5831ce8e05df24ae9d5f359035e7ea924ebe4f";"e1ddd2a83df0c4844d95676d3146726b5d4b86165298c7afc96c138105d28e71"
"Ernährung";"Protein & Muskelerhalt";"Empfehlungskarten";"Begründung / Einordnung";"Empfehlungskarte · Ernährung · Begründung";"Ihre Antwort zeigt, dass Sie bisher eher selten zu mehreren Mahlzeiten oder Snacks eine klare Proteinquelle einbauen. Krafttraining setzt den Reiz für Muskelanpassungen, Protein liefert die Bausteine. Die Frage erfasst diese Routine, aber nicht Ihre tatsächliche Tagesmenge.";"La Sua risposta mostra che finora include piuttosto raramente una chiara fonte proteica in più pasti o spuntini. L’allenamento della forza fornisce lo stimolo per gli adattamenti muscolari, le proteine i componenti necessari. La domanda rileva questa abitudine, ma non la quantità giornaliera effettiva.";"";"";"Marketing, Medizin";"Prüfung erforderlich";"Versorgungsdiagnose und pauschale Altersaussage entfernt; durch Marketing und Medizin freigeben.";"";"";"recommendation.catalog.er_protein.why";"recommendations";"it-CH";"3";"v1:4c57ada7d55b51436b17bda45c5831ce8e05df24ae9d5f359035e7ea924ebe4f";"f9b88a2c2de3626dc50b1a2cc19282675fbada0bbe088cf6c70bf7bc338745b9"
"Ernährung";"Protein & Muskelerhalt";"Empfehlungskarten";"Nächster Schritt";"Empfehlungskarte · Ernährung · konkreter nächster Schritt";"Beginnen Sie mit zwei Hauptmahlzeiten pro Tag: Planen Sie jeweils eine klare Proteinquelle ein, zum Beispiel Hülsenfrüchte, Tofu, Eier, Quark, Joghurt, Fisch oder Fleisch. Wenn das zuverlässig klappt, ergänzen Sie eine dritte Gelegenheit.";"Inizi con due pasti principali al giorno: pianifichi per ciascuno una chiara fonte proteica, per esempio legumi, tofu, uova, quark, yogurt, pesce o carne. Quando riesce a farlo con regolarità, aggiunga una terza occasione.";"";"";"Marketing, Medizin";"Prüfung erforderlich";"Niederschwelliger Aufbau statt pauschaler Portions- oder Grammanforderung; durch Marketing und Medizin freigeben.";"";"";"recommendation.catalog.er_protein.step";"recommendations";"it-CH";"3";"v1:4c57ada7d55b51436b17bda45c5831ce8e05df24ae9d5f359035e7ea924ebe4f";"d35aa4a42f91226e71f955a9615718d53bb308e6c7e62f988b1db0dcac7b691b"
"Ernährung";"Protein & Muskelerhalt";"Empfehlungskarten";"Erwarteter Nutzen";"Empfehlungskarte · Ernährung · erwarteter Nutzen";"Eine passende Gesamtzufuhr unterstützt zusammen mit Krafttraining den Aufbau und Erhalt der Muskulatur. Mehr Protein ist dabei nicht automatisch besser.";"Insieme all’allenamento della forza, un apporto complessivo adeguato sostiene lo sviluppo e il mantenimento della muscolatura. Più proteine non significa automaticamente un risultato migliore.";"";"";"Marketing, Medizin";"Prüfung erforderlich";"Pauschales Sättigungsversprechen entfernt und Zusammenspiel mit dem Trainingsreiz präzisiert; durch Marketing und Medizin freigeben.";"";"";"recommendation.catalog.er_protein.benefit";"recommendations";"it-CH";"3";"v1:4c57ada7d55b51436b17bda45c5831ce8e05df24ae9d5f359035e7ea924ebe4f";"ce93056f72f818c62b3202592d9bb03f475b197c52174835328c30526c9a28cb"
"Ernährung";"Protein & Muskelerhalt";"4-Wochen-Pläne";"4-Wochen-Plan";"4-Wochen-Plan · Diese Woche";"Markieren Sie an zwei typischen Tagen, zu welchen Mahlzeiten bereits eine klare Proteinquelle gehört. Ergänzen Sie zunächst <b>zwei Hauptmahlzeiten pro Tag</b> mit Hülsenfrüchten, Tofu, Eiern, Quark, Joghurt, Fisch oder Fleisch.";"In due giornate tipiche segni quali pasti includono già una chiara fonte proteica. Per prima cosa completi <b>due pasti principali al giorno</b> con legumi, tofu, uova, quark, yogurt, pesce o carne.";"";"";"Marketing, Medizin";"Prüfung erforderlich";"Unpräzise Handflächen-Faustregel durch beobachtbaren ersten Gewohnheitsschritt ersetzt; durch Marketing und Medizin freigeben.";"";"";"recommendation.plan.er_protein.this_week";"recommendations";"it-CH";"3";"v1:4c57ada7d55b51436b17bda45c5831ce8e05df24ae9d5f359035e7ea924ebe4f";"2a03747d9ece9e8408d85a779d7b462a67c79fb29d88c510a17f4211b12ca5e3"
"Ernährung";"Protein & Muskelerhalt";"4-Wochen-Pläne";"4-Wochen-Plan";"4-Wochen-Plan · Woche 2–3";"Erweitern Sie die Routine nach Möglichkeit auf drei Mahlzeiten oder Snacks mit einer klaren Proteinquelle. Die Frage berechnet kein persönliches Grammziel. Bei einer Nierenerkrankung oder medizinisch verordneten Ernährung sollten Sie die passende Menge fachlich klären.";"Se possibile, estenda l’abitudine a tre pasti o spuntini con una chiara fonte proteica. La domanda non calcola un obiettivo personale in grammi. In caso di malattia renale o alimentazione prescritta dal medico, chiarisca la quantità adeguata con una figura professionale.";"";"";"Marketing, Medizin";"Prüfung erforderlich";"Generische Variante ohne unbelegtes Blutzucker- oder Altersschutzversprechen; durch Marketing und Medizin freigeben.";"";"";"recommendation.plan.er_protein.weeks_2_3";"recommendations";"it-CH";"3";"v1:4c57ada7d55b51436b17bda45c5831ce8e05df24ae9d5f359035e7ea924ebe4f";"26495c6c4fadffeb8a194b66b805aa771aaa5378a2446ded30a29944432a6b7b"
"Ernährung";"Protein & Muskelerhalt";"4-Wochen-Pläne";"4-Wochen-Plan";"4-Wochen-Plan · Woche 2–3, Erwachsene mit mindestens zwei Krafttrainingstagen pro Woche";"Wenn Sie als gesunder Erwachsener regelmässig Kraft trainieren, sind etwa 1,4–1,6 g/kg/Tag eine praktische Orientierung. In der Meta-Analyse flachten die durchschnittlichen zusätzlichen Vorteile für den Aufbau fettfreier Masse ab rund 1,6 g/kg/Tag deutlich ab. Bis etwa 2,0 g/kg/Tag können bei sehr hoher Trainingsbelastung oder einem gezielten Energiedefizit als individueller Spielraum sinnvoll sein; für die meisten Menschen ist das nicht nötig, und das Alter allein begründet dieses Ziel nicht. Bei einer Nierenerkrankung oder medizinisch verordneten Ernährung gilt: zuerst fachlich klären.";"Se è un adulto sano e pratica regolarmente l’allenamento della forza, circa 1,4–1,6 g/kg/giorno rappresentano un’indicazione pratica. Nella meta-analisi, i benefici aggiuntivi medi per l’aumento della massa magra si attenuavano nettamente a partire da circa 1,6 g/kg/giorno. Fino a circa 2,0 g/kg/giorno possono costituire un margine individuale sensato in caso di carico di allenamento molto elevato o deficit energetico mirato; per la maggior parte delle persone non è necessario e l’età da sola non giustifica questo obiettivo. In caso di malattia renale o alimentazione prescritta dal medico, occorre prima un chiarimento professionale.";"";"";"Marketing, Medizin";"Prüfung erforderlich";"Neue evidenzgebundene Variante nach Morton et al.; Zahlen und Anwendungsgrenzen durch Marketing und Medizin freigeben.";"";"1,4–1,6 g/kg/giorno | 1,6 g/kg/giorno | 2,0 g/kg/giorno";"recommendation.plan.er_protein.weeks_2_3.strength_training";"recommendations";"it-CH";"3";"v1:4c57ada7d55b51436b17bda45c5831ce8e05df24ae9d5f359035e7ea924ebe4f";"854dfb1c6a17338f0a3ecfe106593220b00b8d3c5caa1d1b042590345583d8e3"
"Ernährung";"Protein & Muskelerhalt";"4-Wochen-Pläne";"4-Wochen-Plan";"4-Wochen-Plan · Woche 4";"Prüfen Sie an drei typischen Tagen, ob die geplanten Proteinquellen alltagstauglich geworden sind. Wenn für Training oder Ernährung ein genaues g/kg-Ziel relevant ist, lassen Sie es anhand Ihrer Situation einordnen; Proteinpulver ist nicht automatisch erforderlich.";"In tre giornate tipiche verifichi se le fonti proteiche pianificate sono diventate pratiche nella vita quotidiana. Se per l’allenamento o l’alimentazione è rilevante un obiettivo preciso in g/kg, lo faccia valutare in base alla Sua situazione; le proteine in polvere non sono automaticamente necessarie.";"";"";"Marketing, Medizin";"Prüfung erforderlich";"Erfolgskontrolle und Grenze der Selbsteinschätzung ergänzt; durch Marketing und Medizin freigeben.";"";"";"recommendation.plan.er_protein.week_4";"recommendations";"it-CH";"3";"v1:4c57ada7d55b51436b17bda45c5831ce8e05df24ae9d5f359035e7ea924ebe4f";"e92dc69c0d2b80192f7df9141fb1de1093aac9aa42c3111494da5bb01647884b"
"Ernährung";"Protein & Muskelerhalt";"Handlungsfelder";"Beschriftung";"Handlungsfeld · Ernährung · Kurzlabel";"Proteinquellen regelmässig einplanen";"Pianificare regolarmente fonti proteiche";"";"";"Marketing, Medizin";"Prüfung erforderlich";"Auf den tatsächlich gemessenen Häufigkeits- und Verteilungsindikator präzisiert; durch Marketing und Medizin freigeben.";"";"";"recommendation.lever.lv_protein.label";"recommendations";"it-CH";"3";"v1:4c57ada7d55b51436b17bda45c5831ce8e05df24ae9d5f359035e7ea924ebe4f";"ef4327b693060c66c425a05f1a161e37feb75811fca0b524b753df02f8f25533"
"Ernährung";"Protein & Muskelerhalt";"Handlungsfelder";"Detailtext";"Handlungsfeld · Ernährung · Variante Alter ab 60";"Regelmässige Proteinquellen können zusammen mit Krafttraining den Erhalt von Muskelmasse und Funktion unterstützen. Die passende Menge hängt von Körpergewicht, Training, Energiezufuhr und Gesundheitszustand ab; das Alter allein begründet kein Ziel von 2,0 g/kg/Tag.";"Fonti proteiche regolari possono sostenere, insieme all’allenamento della forza, il mantenimento della massa muscolare e della funzionalità. La quantità adeguata dipende da peso corporeo, allenamento, apporto energetico e stato di salute; l’età da sola non giustifica un obiettivo di 2,0 g/kg/giorno.";"";"";"Marketing, Medizin";"Prüfung erforderlich";"Altersrelevanz ohne pauschales 2-g-Ziel eingeordnet; durch Marketing und Medizin freigeben.";"";"2,0 g/kg/giorno";"recommendation.lever.lv_protein.detail.age_60_plus";"recommendations";"it-CH";"3";"v1:4c57ada7d55b51436b17bda45c5831ce8e05df24ae9d5f359035e7ea924ebe4f";"643b8f9016597be2e158fd3307dd41894ceb5c45c5cd597497621c52e9825d66"
"Ernährung";"Protein & Muskelerhalt";"Handlungsfelder";"Detailtext";"Handlungsfeld · Ernährung · Variante Alter unter 60";"Regelmässige Proteinquellen sind eine hilfreiche Ernährungsroutine. Ob die persönliche Tagesmenge passt, lässt sich aus dieser Antwort nicht ableiten; dafür sind unter anderem Körpergewicht, Krafttraining, Energiezufuhr und Gesundheitszustand relevant.";"Inserire regolarmente fonti proteiche è un’abitudine alimentare utile. Da questa risposta non si può dedurre se la quantità giornaliera personale sia adeguata; sono rilevanti, tra l’altro, il peso corporeo, l’allenamento della forza, l’apporto energetico e lo stato di salute.";"";"";"Marketing, Medizin";"Prüfung erforderlich";"Die Aussage wird ausdrücklich als Gewohnheitsindikator statt Versorgungsnachweis geführt; durch Marketing und Medizin freigeben.";"";"";"recommendation.lever.lv_protein.detail.under_60";"recommendations";"it-CH";"3";"v1:4c57ada7d55b51436b17bda45c5831ce8e05df24ae9d5f359035e7ea924ebe4f";"ce2cf01a4238df51ec46ed3ecb495d0be2cdee272492fd8b9c8ad3076cd82beb"
"Ernährung";"Protein & Muskelerhalt";"Quellenlabels";"Quellenbezeichnung";"Sichtbares Label der Meta-Analyse zu Protein und Krafttraining";"Morton et al.: Protein und Krafttraining – Meta-Analyse";"Morton et al.: proteine e allenamento della forza – meta-analisi";"";"";"Marketing, Medizin";"Prüfung erforderlich";"Neue Primärquelle für die konditionale Protein-Planvariante; sichtbares Quellenlabel freigeben.";"";"";"recommendation.source.morton_protein.label";"recommendations";"it-CH";"3";"v1:4c57ada7d55b51436b17bda45c5831ce8e05df24ae9d5f359035e7ea924ebe4f";"8c3cbafd51e4f3ee0271eaf4004db665dcc64bf9a88c4f4bcda265e36addcea7"
"Ernährung";"Protein & Muskelerhalt";"Stärken";"Beschriftung";"Stärke · Ernährung · Kurzlabel";"Proteinquellen regelmässig eingeplant";"Fonti proteiche pianificate regolarmente";"";"";"Marketing";"Prüfung erforderlich";"Vermeidet eine nicht gemessene Aussage zur Gesamtversorgung; durch Marketing freigeben.";"";"";"recommendation.strength.st_protein.label";"recommendations";"it-CH";"3";"v1:4c57ada7d55b51436b17bda45c5831ce8e05df24ae9d5f359035e7ea924ebe4f";"0634af824187765836ae3f43e5f6c16e6cd686bd58d42f31bed045c41d37e857"
"Ernährung";"Protein & Muskelerhalt";"Stärken";"Detailtext";"Stärke · Ernährung · Detailtext";"Sie bauen an den meisten Tagen zu mehreren Mahlzeiten oder Snacks eine Proteinquelle ein. Das ist eine gute Routine; die Antwort zeigt jedoch nicht, ob Ihre persönliche Tagesmenge bereits passend ist.";"Nella maggior parte dei giorni include una fonte proteica in più pasti o spuntini. È una buona abitudine; la risposta non indica però se la Sua quantità giornaliera personale sia già adeguata.";"";"";"Marketing, Medizin";"Prüfung erforderlich";"Positive Verhaltensrückmeldung ohne unbelegtes Versorgungs-, Muskel- oder Sättigungsversprechen; durch Marketing und Medizin freigeben.";"";"";"recommendation.strength.st_protein.detail";"recommendations";"it-CH";"3";"v1:4c57ada7d55b51436b17bda45c5831ce8e05df24ae9d5f359035e7ea924ebe4f";"12f46c687a733c5e407a366d4e1d9a86b08630ae1dfe8a3a76605821814a2341"
"Ernährung";"Protein & Muskelerhalt";"Ergebnis-Einstieg";"Beschriftung";"Ergebnis-Zusammenfassung · Themenlabel «Protein & Muskelerhalt»";"Protein-Routine";"abitudine relativa alle proteine";"";"";"Marketing";"Prüfung erforderlich";"Vermeidet eine nicht gemessene Aussage zur Gesamtversorgung; durch Marketing freigeben.";"";"";"ui.hero.topic.protein";"ui";"it-CH";"3";"v1:4c57ada7d55b51436b17bda45c5831ce8e05df24ae9d5f359035e7ea924ebe4f";"480f3315fa80b354cdc9fcececd10dc7f130167235386c3b984549394bd3ece8"
"Ernährung";"Sättigung & Essverhalten";"Empfehlungskarten";"Überschrift";"Empfehlungskarte · Ernährung · Titel";"Mahlzeiten sättigender gestalten";"Rendere i pasti più sazianti";"";"";"Marketing";"Prüfung erforderlich";"";"";"";"recommendation.catalog.er_saettigung.title";"recommendations";"it-CH";"3";"v1:4c57ada7d55b51436b17bda45c5831ce8e05df24ae9d5f359035e7ea924ebe4f";"4c63e3d275e247d68316b9da174f37db6373a81485c03b7658cdc35076c8e69f"
"Ernährung";"Sättigung & Essverhalten";"Empfehlungskarten";"Begründung / Einordnung";"Empfehlungskarte · Ernährung · Begründung";"Sie fühlen sich nach Hauptmahlzeiten nicht verlässlich mehrere Stunden satt. Eine ausgewogene Zusammensetzung kann helfen, Snackbedarf und Energietiefs zu reduzieren.";"Dopo i pasti principali non si sente sazio/a in modo affidabile per diverse ore. Una composizione equilibrata può aiutare a ridurre il bisogno di spuntini e i cali di energia.";"";"";"Marketing, Medizin";"Prüfung erforderlich";"Text deckt neu auch die neutrale Antwort «manchmal» ab; durch Marketing und Medizin freigeben.";"";"";"recommendation.catalog.er_saettigung.why";"recommendations";"it-CH";"3";"v1:4c57ada7d55b51436b17bda45c5831ce8e05df24ae9d5f359035e7ea924ebe4f";"629988f13b8c4e44cc2fd3653eb03f606154acb6ff21bbed83e22714b0cf4074"
"Ernährung";"Sättigung & Essverhalten";"Empfehlungskarten";"Nächster Schritt";"Empfehlungskarte · Ernährung · konkreter nächster Schritt";"Kombinieren Sie zu jeder Hauptmahlzeit Eiweiss, Ballaststoffe (Gemüse, Hülsenfrüchte, Vollkorn) und etwas gesundes Fett.";"A ogni pasto principale combini proteine, fibre (verdure, legumi, cereali integrali) e un po’ di grassi salutari.";"";"";"Marketing, Medizin";"Prüfung erforderlich";"";"";"";"recommendation.catalog.er_saettigung.step";"recommendations";"it-CH";"3";"v1:4c57ada7d55b51436b17bda45c5831ce8e05df24ae9d5f359035e7ea924ebe4f";"822cbc42172e387c644c600853c32ede9f95df0986e1bd8c175a881c89b8fe23"
"Ernährung";"Sättigung & Essverhalten";"Empfehlungskarten";"Erwarteter Nutzen";"Empfehlungskarte · Ernährung · erwarteter Nutzen";"Ausgewogen zusammengesetzte Mahlzeiten können die Sättigung unterstützen und den Blutzuckeranstieg nach dem Essen abflachen.";"Pasti composti in modo equilibrato possono favorire la sazietà e attenuare l’aumento della glicemia dopo aver mangiato.";"";"";"Marketing, Medizin";"Prüfung erforderlich";"Individuelle Sättigungs- und Blutzuckerwirkung vorsichtig formuliert; durch Marketing und Medizin freigeben.";"";"";"recommendation.catalog.er_saettigung.benefit";"recommendations";"it-CH";"3";"v1:4c57ada7d55b51436b17bda45c5831ce8e05df24ae9d5f359035e7ea924ebe4f";"fc19128fb1c1ad363314d4474acd71b8875f190d1e4a57ae4d26bc457bd04c21"
"Ernährung";"Sättigung & Essverhalten";"4-Wochen-Pläne";"4-Wochen-Plan";"4-Wochen-Plan · Diese Woche";"Bauen Sie in jede Hauptmahlzeit Eiweiss, ballaststoffreiche Lebensmittel (Gemüse, Hülsenfrüchte, Vollkorn) und eine passende Fettquelle ein. Diese Kombination kann die Sättigung unterstützen und den Blutzuckeranstieg nach der Mahlzeit abflachen.";"Includa in ogni pasto principale proteine, alimenti ricchi di fibre (verdure, legumi, cereali integrali) e una fonte adeguata di grassi. Questa combinazione può favorire la sazietà e attenuare l’aumento della glicemia dopo il pasto.";"";"";"Marketing, Medizin";"Prüfung erforderlich";"Blutzucker- und Heisshungerversprechen vorsichtig formuliert; durch Marketing und Medizin freigeben.";"";"";"recommendation.plan.er_saettigung.this_week";"recommendations";"it-CH";"3";"v1:4c57ada7d55b51436b17bda45c5831ce8e05df24ae9d5f359035e7ea924ebe4f";"6c3ddb9dc33aa697b6c429b3e4f30f3f5877b9965f477c224237d0bb030a3a35"
"Ernährung";"Sättigung & Essverhalten";"4-Wochen-Pläne";"4-Wochen-Plan";"4-Wochen-Plan · Woche 2–3";"Testen Sie bei passenden Mahlzeiten, Gemüse oder Salat und eine Eiweissquelle vor den kohlenhydratreichen Bestandteilen zu essen. Diese Reihenfolge kann den Blutzuckeranstieg abflachen. Beobachten Sie vor allem, welche Zusammensetzung Sie angenehm und ausreichend lange sättigt.";"Nei pasti adatti, provi a mangiare verdure o insalata e una fonte proteica prima degli alimenti ricchi di carboidrati. Questo ordine può attenuare l’aumento della glicemia. Osservi soprattutto quale composizione La sazia in modo piacevole e sufficientemente a lungo.";"";"";"Marketing, Medizin";"Prüfung erforderlich";"Kleinstudien nicht als garantierten Effekt ausgegeben und starre Vier-Stunden-Norm entfernt; durch Marketing und Medizin freigeben.";"";"";"recommendation.plan.er_saettigung.weeks_2_3";"recommendations";"it-CH";"3";"v1:4c57ada7d55b51436b17bda45c5831ce8e05df24ae9d5f359035e7ea924ebe4f";"0516e3673a2cf728d236bf3967f7e7e12e155af3dab68662649e7e6e28b2db34"
"Ernährung";"Sättigung & Essverhalten";"4-Wochen-Pläne";"4-Wochen-Plan";"4-Wochen-Plan · Woche 4";"Machen Sie die sättigenden Kombinationen zu Ihren Standard-Rezepten. Bleibt trotz guter Zusammensetzung ständiger Hunger bestehen, lohnt sich ein Gespräch mit einer Ernährungsfachperson – dahinter können andere Ursachen stecken.";"Faccia delle combinazioni sazianti le Sue ricette standard. Se la fame costante persiste nonostante una buona composizione, vale la pena parlarne con una figura professionale della nutrizione: potrebbero esservi altre cause.";"";"";"Marketing, Medizin";"Prüfung erforderlich";"";"";"";"recommendation.plan.er_saettigung.week_4";"recommendations";"it-CH";"3";"v1:4c57ada7d55b51436b17bda45c5831ce8e05df24ae9d5f359035e7ea924ebe4f";"b08959766d4215321a85378dfae2dcaf7a62b083c96ec62a94b0727ab747bf5d"
"Ernährung";"Sättigung & Essverhalten";"Handlungsfelder";"Beschriftung";"Handlungsfeld · Ernährung · Kurzlabel";"Anhaltendes Hungergefühl mit einer Fachperson besprechen";"Parlare del senso di fame persistente con una figura professionale";"";"";"Marketing, Medizin";"Prüfung erforderlich";"";"";"";"recommendation.lever.lv_saettigung.label";"recommendations";"it-CH";"3";"v1:4c57ada7d55b51436b17bda45c5831ce8e05df24ae9d5f359035e7ea924ebe4f";"858fd94302f7adf50a14ad0d5b04718943e8993df4350747a9c2e30ac0da4ebc"
"Ernährung";"Sättigung & Essverhalten";"Handlungsfelder";"Detailtext";"Handlungsfeld · Ernährung · Detailtext";"Wenn Mahlzeiten kaum sättigen, lohnt der Blick auf Zusammensetzung und mögliche andere Ursachen – das ist gut lösbar.";"Se i pasti saziano poco, vale la pena considerare la loro composizione e altre possibili cause: è un problema che spesso si può risolvere bene.";"";"";"Marketing, Medizin";"Prüfung erforderlich";"";"";"";"recommendation.lever.lv_saettigung.detail";"recommendations";"it-CH";"3";"v1:4c57ada7d55b51436b17bda45c5831ce8e05df24ae9d5f359035e7ea924ebe4f";"370669d29456a158942430b05139195c7797100e4ad1a8555ebc30b20cb4a578"
"Ernährung";"Sättigung & Essverhalten";"Ergebnis-Einstieg";"Beschriftung";"Ergebnis-Zusammenfassung · Themenlabel «Sättigung & Essverhalten»";"Sättigung nach Mahlzeiten";"sazietà dopo i pasti";"";"";"Marketing";"Prüfung erforderlich";"";"";"";"ui.hero.topic.saettigung";"ui";"it-CH";"3";"v1:4c57ada7d55b51436b17bda45c5831ce8e05df24ae9d5f359035e7ea924ebe4f";"96838da28537937d62db247a3674ae36487732683eef97395f63ea6bfdd52648"
"Ernährung";"Verarbeitete Lebensmittel";"Empfehlungskarten";"Überschrift";"Empfehlungskarte · Ernährung · Titel";"Stark verarbeitete Lebensmittel reduzieren";"Ridurre gli alimenti fortemente trasformati";"";"";"Marketing";"Prüfung erforderlich";"";"";"";"recommendation.catalog.er_verarbeitet.title";"recommendations";"it-CH";"3";"v1:4c57ada7d55b51436b17bda45c5831ce8e05df24ae9d5f359035e7ea924ebe4f";"48cb5bf4182e8db4815e4a6e17ffbe3f26d706202e1782195d07e4c7269df340"
"Ernährung";"Verarbeitete Lebensmittel";"Empfehlungskarten";"Begründung / Einordnung";"Empfehlungskarte · Ernährung · Begründung";"Stark verarbeitete Produkte stehen häufig auf Ihrem Speiseplan. Sie liefern oft viel Energie, Salz und Zucker bei wenig Sättigung.";"I prodotti fortemente trasformati compaiono spesso nel Suo menu. Forniscono spesso molta energia, sale e zucchero, ma saziano poco.";"";"";"Marketing, Medizin";"Prüfung erforderlich";"";"";"";"recommendation.catalog.er_verarbeitet.why";"recommendations";"it-CH";"3";"v1:4c57ada7d55b51436b17bda45c5831ce8e05df24ae9d5f359035e7ea924ebe4f";"a361da27fc6f1ce09ba5302a9f15926a509d34158426827056b7e27d72f3f427"
"Ernährung";"Verarbeitete Lebensmittel";"Empfehlungskarten";"Nächster Schritt";"Empfehlungskarte · Ernährung · konkreter nächster Schritt";"Ersetzen Sie pro Tag ein stark verarbeitetes Produkt durch eine möglichst natürliche Alternative – z. B. Nüsse oder Früchte statt Snacks.";"Ogni giorno sostituisca un prodotto fortemente trasformato con un’alternativa il più possibile naturale, ad es. noci o frutta al posto degli snack.";"";"";"Marketing, Medizin";"Prüfung erforderlich";"";"";"";"recommendation.catalog.er_verarbeitet.step";"recommendations";"it-CH";"3";"v1:4c57ada7d55b51436b17bda45c5831ce8e05df24ae9d5f359035e7ea924ebe4f";"1c90b6b50c354d90990fcd1674cc0c6f5be833a2c72452d37bb364596885bd24"
"Ernährung";"Verarbeitete Lebensmittel";"Empfehlungskarten";"Erwarteter Nutzen";"Empfehlungskarte · Ernährung · erwarteter Nutzen";"Schon kleine Tauschaktionen verbessern Nährstoffdichte und Sättigung.";"Già piccoli cambiamenti migliorano la densità nutrizionale e il senso di sazietà.";"";"";"Marketing, Medizin";"Prüfung erforderlich";"";"";"";"recommendation.catalog.er_verarbeitet.benefit";"recommendations";"it-CH";"3";"v1:4c57ada7d55b51436b17bda45c5831ce8e05df24ae9d5f359035e7ea924ebe4f";"c6a08a93037f9312265af40e09f1f27f317e19dd637fcb19b3449ab99ece7c91"
"Ernährung";"Verarbeitete Lebensmittel";"4-Wochen-Pläne";"4-Wochen-Plan";"4-Wochen-Plan · Diese Woche";"Ersetzen Sie <b>eine stark verarbeitete Mahlzeit/Snack pro Tag</b> durch etwas Frisches (Obst, Nüsse, Joghurt, selbst Gekochtes). Faustregel: mehr als fünf Zutaten oder schwer aussprechbare Namen = meist stark verarbeitet.";"Sostituisca <b>un pasto o spuntino fortemente trasformato al giorno</b> con qualcosa di fresco (frutta, noci, yogurt, cibo cucinato in casa). Regola pratica: più di cinque ingredienti o nomi difficili da pronunciare = nella maggior parte dei casi fortemente trasformato.";"";"";"Marketing, Medizin";"Prüfung erforderlich";"";"";"";"recommendation.plan.er_verarbeitet.this_week";"recommendations";"it-CH";"3";"v1:4c57ada7d55b51436b17bda45c5831ce8e05df24ae9d5f359035e7ea924ebe4f";"67d4cc912e65a9ade4758cb2332e05a2e121b55d037009477eed3271d92a3a20"
"Ernährung";"Verarbeitete Lebensmittel";"4-Wochen-Pläne";"4-Wochen-Plan";"4-Wochen-Plan · Woche 2–3";"Kochen Sie zwei- bis dreimal pro Woche einfach frisch und bereiten Sie bewusst etwas mehr zu (Reste als Mittagessen). So sinkt der Griff zu Fertigem automatisch. Nicht Perfektion zählt, sondern der sinkende Anteil.";"Cucini qualcosa di semplice e fresco due o tre volte alla settimana e prepari consapevolmente una quantità maggiore, utilizzando gli avanzi per il pranzo. Così diminuirà automaticamente il ricorso ai piatti pronti. Non conta la perfezione, ma la riduzione della quota.";"";"";"Marketing, Medizin";"Prüfung erforderlich";"";"";"";"recommendation.plan.er_verarbeitet.weeks_2_3";"recommendations";"it-CH";"3";"v1:4c57ada7d55b51436b17bda45c5831ce8e05df24ae9d5f359035e7ea924ebe4f";"39a02c3273fad6d63f359b7806c3a0d0305911ee3147647bd913260e608e94c2"
"Ernährung";"Verarbeitete Lebensmittel";"4-Wochen-Pläne";"4-Wochen-Plan";"4-Wochen-Plan · Woche 4";"Machen Sie frische Grundzutaten zur Standardausstattung zu Hause. Beim Einkauf: vorwiegend am Rand des Ladens (Frisches) statt in den Regalgängen (Verarbeitetes).";"Faccia degli ingredienti freschi di base la dotazione standard di casa. Durante la spesa scelga soprattutto le zone periferiche del negozio, dove si trovano i prodotti freschi, invece delle corsie con i prodotti trasformati.";"";"";"Marketing, Medizin";"Prüfung erforderlich";"";"";"";"recommendation.plan.er_verarbeitet.week_4";"recommendations";"it-CH";"3";"v1:4c57ada7d55b51436b17bda45c5831ce8e05df24ae9d5f359035e7ea924ebe4f";"31b7accfdf4d9a24e3d697ac0a980322a1d060e96fe0e7dd346fcab3a34c5483"
"Ernährung";"Verarbeitete Lebensmittel";"Handlungsfelder";"Beschriftung";"Handlungsfeld · Ernährung · Kurzlabel";"Stark Verarbeitetes schrittweise durch Frisches ersetzen";"Sostituire gradualmente gli alimenti fortemente trasformati con cibi freschi";"";"";"Marketing, Medizin";"Prüfung erforderlich";"";"";"";"recommendation.lever.lv_verarbeitet.label";"recommendations";"it-CH";"3";"v1:4c57ada7d55b51436b17bda45c5831ce8e05df24ae9d5f359035e7ea924ebe4f";"2d3086564171855e97a04bd304b2b12397b728b6eab158938c02793ebb01327b"
"Ernährung";"Verarbeitete Lebensmittel";"Handlungsfelder";"Detailtext";"Handlungsfeld · Ernährung · Detailtext";"Hochverarbeitete Produkte liefern viel Zucker, Salz und ungünstige Fette – jede ersetzte Mahlzeit zählt, Perfektion ist nicht nötig.";"I prodotti altamente trasformati forniscono molto zucchero, sale e grassi sfavorevoli: ogni pasto sostituito conta, non serve la perfezione.";"";"";"Marketing, Medizin";"Prüfung erforderlich";"";"";"";"recommendation.lever.lv_verarbeitet.detail";"recommendations";"it-CH";"3";"v1:4c57ada7d55b51436b17bda45c5831ce8e05df24ae9d5f359035e7ea924ebe4f";"9b4cb2fe8f25233b5433db89d9714041903d702056ce1bb6ed90e51b599e82cc"
"Ernährung";"Verarbeitete Lebensmittel";"Stärken";"Beschriftung";"Stärke · Ernährung · Kurzlabel";"Wenig Zucker & Hochverarbeitetes";"Poco zucchero & alimenti altamente trasformati";"";"";"Marketing";"Prüfung erforderlich";"";"";"";"recommendation.strength.st_ernaehrung_clean.label";"recommendations";"it-CH";"3";"v1:4c57ada7d55b51436b17bda45c5831ce8e05df24ae9d5f359035e7ea924ebe4f";"156cd0fa8c672124072d7ef493c4613068b73428e27b1ca70a6a4a2c38a4fd89"
"Ernährung";"Verarbeitete Lebensmittel";"Stärken";"Detailtext";"Stärke · Ernährung · Detailtext";"Sie greifen selten zu Zuckergetränken und stark verarbeiteten Produkten – eine der wirksamsten Ernährungsgewohnheiten überhaupt.";"Consuma raramente bevande zuccherate e prodotti fortemente trasformati: è una delle abitudini alimentari più efficaci in assoluto.";"";"";"Marketing, Medizin";"Prüfung erforderlich";"";"";"";"recommendation.strength.st_ernaehrung_clean.detail";"recommendations";"it-CH";"3";"v1:4c57ada7d55b51436b17bda45c5831ce8e05df24ae9d5f359035e7ea924ebe4f";"ccad0adca9190755e850adfc83b26acc729187bac15da8fdf8944668f2996c90"
"Ernährung";"Verarbeitete Lebensmittel";"Ergebnis-Einstieg";"Beschriftung";"Ergebnis-Zusammenfassung · Themenlabel «Verarbeitete Lebensmittel»";"stark verarbeitete Lebensmittel";"alimenti altamente trasformati";"";"";"Marketing";"Prüfung erforderlich";"";"";"";"ui.hero.topic.verarbeitet";"ui";"it-CH";"3";"v1:4c57ada7d55b51436b17bda45c5831ce8e05df24ae9d5f359035e7ea924ebe4f";"7505a9d408a8a1fcd70f7542d598ecf07affb9d26face9a93bbf579910fe6b15"
"Schlaf";"Allgemeiner Schlaf";"Coach-Antworten";"Dynamischer Text";"Demo-Coach-Antwort zum Schlaf";"Beim Schlaf hilft oft eine ruhige, konstante Abendroutine: Bildschirme 30–60 Min. vorher aus, kein Koffein am Abend und möglichst feste Aufstehzeiten. Ihr Schlaf-Wert: <b>{{sleepScore}}</b>.";"Per il sonno è spesso utile una routine serale tranquilla e costante: spegnere gli schermi 30–60 minuti prima, evitare la caffeina la sera e mantenere orari di risveglio il più possibile regolari. Il Suo valore del sonno: <b>{{sleepScore}}</b>.";"";"";"Marketing, Medizin";"Prüfung erforderlich";"";"{{sleepScore}}";"";"coach.answer.sleep";"coach";"it-CH";"3";"v1:4c57ada7d55b51436b17bda45c5831ce8e05df24ae9d5f359035e7ea924ebe4f";"92c8be48f1e20130c63fead7cbafd089b25d52e5db8cbfcc273adf0dde31cd8d"
"Schlaf";"Allgemeiner Schlaf";"Positive Dimensionstexte";"Positive Rückmeldung";"Positive Verstärkung für die Dimension schlaf";"Ihr Schlaf erholt Sie gut – eine wertvolle Basis für alles andere.";"Il Suo sonno La ristora bene: una base preziosa per tutto il resto.";"";"";"Marketing, Medizin";"Prüfung erforderlich";"";"";"";"recommendation.positive.schlaf";"recommendations";"it-CH";"3";"v1:4c57ada7d55b51436b17bda45c5831ce8e05df24ae9d5f359035e7ea924ebe4f";"e0a62f32e36b224676c92df17f4372a0a27c6c61e4f9c3c1a14619a579614fa6"
"Schlaf";"Allgemeiner Schlaf";"Solide Dimensionstexte";"Solide Rückmeldung";"Zurückhaltende Rückmeldung für die Dimension schlaf im Status Solide";"Mehrere Aspekte Ihres Schlafs unterstützen Ihre Erholung bereits. Kleine Anpassungen können Qualität oder Regelmässigkeit weiter stärken.";"Diversi aspetti del Suo sonno sostengono già il recupero. Piccoli adeguamenti possono rafforzarne ulteriormente la qualità o la regolarità.";"";"";"Marketing, Medizin";"Prüfung erforderlich";"Neu vom positiven Feedback ab Score 80 getrennt; durch Marketing und Medizin freigeben.";"";"";"recommendation.solid.schlaf";"recommendations";"it-CH";"3";"v1:4c57ada7d55b51436b17bda45c5831ce8e05df24ae9d5f359035e7ea924ebe4f";"dbfc665675fe2c85eead8cc0a6241e1d2d6e2ddb3a9d3fbbc7e37b3eb31c2817"
"Schlaf";"Allgemeiner Schlaf";"Dimensionsdetails";"Überschrift";"Dimensionsdetail · Titel";"Wenig erholsamer Schlaf";"Sonno poco ristoratore";"";"";"Marketing, Medizin";"Prüfung erforderlich";"";"";"";"recommendation.signal.schlaf.title";"recommendations";"it-CH";"3";"v1:4c57ada7d55b51436b17bda45c5831ce8e05df24ae9d5f359035e7ea924ebe4f";"0f69ad27bcd97bd27bab72b5d684d6b7dcc45846dc2ddbde397f5040fd15b8f8"
"Schlaf";"Allgemeiner Schlaf";"Gemeinsame Bereichstexte (Fragebogen und Ergebnis)";"Beschriftung";"Gemeinsam in Fragebogen und Ergebnis · Schlaf · Kurzlabel für Navigation und Ergebnisvisualisierung";"Schlaf";"Sonno";"";"";"Marketing";"Prüfung erforderlich";"";"";"";"service.dimension.schlaf.short";"services";"it-CH";"3";"v1:4c57ada7d55b51436b17bda45c5831ce8e05df24ae9d5f359035e7ea924ebe4f";"f5685fdece5254de09aaba296b314be6b72612dc03ee1480bdf9334b9b235bf7"
"Schlaf";"Allgemeiner Schlaf";"Gemeinsame Bereichstexte (Fragebogen und Ergebnis)";"Überschrift";"Gemeinsam in Fragebogen und Ergebnis · Schlaf · vollständiger Bereichstitel";"Schlaf";"Sonno";"";"";"Marketing, Medizin";"Prüfung erforderlich";"";"";"";"service.dimension.schlaf.title";"services";"it-CH";"3";"v1:4c57ada7d55b51436b17bda45c5831ce8e05df24ae9d5f359035e7ea924ebe4f";"a2345024d83d319223f89e3854f646eaa5f4f1b2163b25fda1cf5b65e09447e0"
"Schlaf";"Allgemeiner Schlaf";"Dimensionsdetails";"Persönliche Einordnung";"Dimensionsdetail · Einordnung";"Alkohol kann das Einschlafen erleichtern, fragmentiert aber häufig den Schlaf und reduziert besonders den REM-Schlaf. Koffein wird individuell unterschiedlich abgebaut; spätes Koffein kann den Schlaf noch Stunden später beeinträchtigen.";"L’alcol può facilitare l’addormentamento, ma spesso frammenta il sonno e riduce soprattutto il sonno REM. La caffeina viene metabolizzata in modo diverso da persona a persona; se assunta tardi può compromettere il sonno anche ore dopo.";"";"";"Marketing, Medizin";"Prüfung erforderlich";"Rechenfehler zur Koffein-Halbwertszeit und absolute Alkoholaussage korrigiert; durch Marketing und Medizin freigeben.";"";"";"recommendation.signal.schlaf.insight";"recommendations";"it-CH";"3";"v1:4c57ada7d55b51436b17bda45c5831ce8e05df24ae9d5f359035e7ea924ebe4f";"0e0562599bfe53672c4926f16c8fd77914a1a560ad71f1067daf59729300702c"
"Schlaf";"Allgemeiner Schlaf";"Gemeinsame Bereichstexte (Fragebogen und Ergebnis)";"Begründung / Einordnung";"Gemeinsam in Fragebogen und Ergebnis · Schlaf · Einleitung im Fragebogen und in den Ergebnisdetails";"Qualitativ guter Schlaf ist zentral für Ihre Gesundheit. Während Sie schlafen, werden Zellen repariert, das Immunsystem gestärkt und das Gedächtnis gefestigt.";"Un sonno di buona qualità è fondamentale per la Sua salute. Durante il sonno, le cellule si riparano, il sistema immunitario si rafforza e la memoria si consolida.";"";"";"Marketing, Medizin";"Prüfung erforderlich";"";"";"";"service.dimension.schlaf.intro";"services";"it-CH";"3";"v1:4c57ada7d55b51436b17bda45c5831ce8e05df24ae9d5f359035e7ea924ebe4f";"9fdad95ab47cd6495700cbbc5b8d6d9ca67bd0790697119e3e8a2999a90db144"
"Schlaf";"Allgemeiner Schlaf";"Dimensionsdetails";"Nächster Schritt";"Dimensionsdetail · konkreter nächster Schritt";"Halten Sie die Aufstehzeit möglichst konstant, auch am Wochenende, und suchen Sie nach dem Aufstehen möglichst bald Tageslicht. Beides unterstützt einen regelmässigen Schlaf-Wach-Rhythmus.";"Mantenga l’ora del risveglio il più possibile costante, anche nel fine settimana, e cerchi quanto prima la luce del giorno dopo essersi alzato/a. Entrambe le misure sostengono un ritmo sonno-veglia regolare.";"";"";"Marketing, Medizin";"Prüfung erforderlich";"Starre Zeitangabe und absoluten Taktgebervergleich entfernt; durch Marketing und Medizin freigeben.";"";"";"recommendation.signal.schlaf.action";"recommendations";"it-CH";"3";"v1:4c57ada7d55b51436b17bda45c5831ce8e05df24ae9d5f359035e7ea924ebe4f";"9ace17dbd40835526d9721e63b5ecab60e30758e8d9b8e3e5c0a8a5568b62e60"
"Schlaf";"Allgemeiner Schlaf";"Risikosignale";"Risikosignal";"Ergebnisseite, Lebensstil-Signal Schlaf";"Ihr Schlaf erholt Sie aktuell wenig.";"Attualmente il Suo sonno La ristora poco.";"";"";"Marketing, Medizin";"Prüfung erforderlich";"";"";"";"recommendation.risk_signal.schlaf.label";"recommendations";"it-CH";"3";"v1:4c57ada7d55b51436b17bda45c5831ce8e05df24ae9d5f359035e7ea924ebe4f";"9021f951db395b362e66d9a22209a83e8dc3a70a72e6b0b5c5853665d88b4919"
"Schlaf";"Allgemeiner Schlaf";"Stärken";"Beschriftung";"Stärke · Schlaf · Kurzlabel";"Erholsamer Schlaf";"Sonno ristoratore";"";"";"Marketing";"Prüfung erforderlich";"";"";"";"recommendation.strength.st_erholsamer_schlaf.label";"recommendations";"it-CH";"3";"v1:4c57ada7d55b51436b17bda45c5831ce8e05df24ae9d5f359035e7ea924ebe4f";"3279025d9df1bef275cfb49f96318c1aa7b0e1886db8b11d72c54323f921a4a1"
"Schlaf";"Allgemeiner Schlaf";"Stärken";"Detailtext";"Stärke · Schlaf · Detailtext";"Sie schlafen insgesamt gut – eine Basis, von der Konzentration, Stimmung und Regeneration jeden Tag profitieren.";"Nel complesso dorme bene: una base di cui beneficiano ogni giorno la concentrazione, l’umore e la rigenerazione.";"";"";"Marketing, Medizin";"Prüfung erforderlich";"";"";"";"recommendation.strength.st_erholsamer_schlaf.detail";"recommendations";"it-CH";"3";"v1:4c57ada7d55b51436b17bda45c5831ce8e05df24ae9d5f359035e7ea924ebe4f";"a1037ed87f558998773e2c9832d59c461f21535a14cbbb0a46a6354b0f9d6ec9"
"Schlaf";"Allgemeiner Schlaf";"Stärken";"Beschriftung";"Stärke · Schlaf · Kurzlabel";"Stabiler, ausreichender Schlaf";"Sonno stabile e sufficiente";"";"";"Marketing";"Prüfung erforderlich";"";"";"";"recommendation.strength.st_schlaf.label";"recommendations";"it-CH";"3";"v1:4c57ada7d55b51436b17bda45c5831ce8e05df24ae9d5f359035e7ea924ebe4f";"4c2a94a307b49ebf811bf02c29f0911718d4a42aa030e3fc6bb8c2c013fb5ce8"
"Schlaf";"Allgemeiner Schlaf";"Stärken";"Detailtext";"Stärke · Schlaf · Detailtext";"Ausreichende Schlafdauer, gute Qualität und ein regelmässiger Rhythmus unterstützen die Erholung. Wie viel Schlaf ausreichend ist, hängt unter anderem vom Alter ab.";"Una durata sufficiente, una buona qualità e un ritmo regolare favoriscono il recupero. La quantità di sonno sufficiente dipende, tra l’altro, dall’età.";"";"";"Marketing, Medizin";"Prüfung erforderlich";"Superlativ entfernt und altersabhängigen Schlafbedarf berücksichtigt; durch Marketing und Medizin freigeben.";"";"";"recommendation.strength.st_schlaf.detail";"recommendations";"it-CH";"3";"v1:4c57ada7d55b51436b17bda45c5831ce8e05df24ae9d5f359035e7ea924ebe4f";"4d2e2344a9cafdd0ea658b58a049112552fbbc351a628f9be7813c7c1a0bb0f5"
"Schlaf";"Allgemeiner Schlaf";"Ergebnis-Einstieg";"Beschriftung";"Hero-Zusammenfassung, Dimension schlaf im Nominativ";"Ihr Schlaf";"Il Suo sonno";"";"";"Marketing";"Prüfung erforderlich";"";"";"";"ui.hero.dimension.schlaf.nominative";"ui";"it-CH";"3";"v1:4c57ada7d55b51436b17bda45c5831ce8e05df24ae9d5f359035e7ea924ebe4f";"51d82bb867edc44cb99f6d80518ae2fb9a0f9411c35ebc207975811f4743b0fc"
"Schlaf";"Allgemeiner Schlaf";"Ergebnis-Einstieg";"Beschriftung";"Hero-Zusammenfassung, Dimension schlaf nach «bei»";"bei Ihrem Schlaf";"nel Suo sonno";"";"";"Marketing";"Prüfung erforderlich";"";"";"";"ui.hero.dimension.schlaf.prepositional";"ui";"it-CH";"3";"v1:4c57ada7d55b51436b17bda45c5831ce8e05df24ae9d5f359035e7ea924ebe4f";"bd1c2500c057f401b3da5107373e3372c83e0159f23bf1f4cdd255ed5a2369e5"
"Schlaf";"Schlafdauer";"Handlungsfelder";"Beschriftung";"Handlungsfeld · Schlaf · Kurzlabel";"Schlaffenster auf 7–9 Stunden ausweiten";"Estendere la finestra del sonno a 7–9 ore";"";"";"Marketing, Medizin";"Prüfung erforderlich";"";"";"";"recommendation.lever.lv_schlafdauer.label";"recommendations";"it-CH";"3";"v1:4c57ada7d55b51436b17bda45c5831ce8e05df24ae9d5f359035e7ea924ebe4f";"1fa72213c7967f9f6e706fcd21f3206c7306fde744fc06bbb051ec12b47108a2"
"Schlaf";"Schlafdauer";"Handlungsfelder";"Detailtext";"Handlungsfeld · Schlaf · Detailtext";"Zu kurzer Schlaf wirkt auf Konzentration, Stoffwechsel und Immunsystem – verlegen Sie die Bettzeit in kleinen 15-Minuten-Schritten nach vorn.";"Dormire troppo poco influisce sulla concentrazione, sul metabolismo e sul sistema immunitario: anticipi l’ora di coricarsi a piccoli passi di 15 minuti.";"";"";"Marketing, Medizin";"Prüfung erforderlich";"";"";"";"recommendation.lever.lv_schlafdauer.detail";"recommendations";"it-CH";"3";"v1:4c57ada7d55b51436b17bda45c5831ce8e05df24ae9d5f359035e7ea924ebe4f";"19681457c564b7429ceb358321e3a87744c4c456efcfdd126150793f5b6144cf"
"Schlaf";"Schlafdauer";"Empfehlungskarten";"Überschrift";"Empfehlungskarte · Schlaf · Titel";"Mehr Raum für Schlaf schaffen";"Creare più spazio per il sonno";"";"";"Marketing";"Prüfung erforderlich";"";"";"";"recommendation.catalog.sl_dauer.title";"recommendations";"it-CH";"3";"v1:4c57ada7d55b51436b17bda45c5831ce8e05df24ae9d5f359035e7ea924ebe4f";"25a8c5624cd54bcbbac572187c5d141b868157dec848fc6572f9c6779bf3adf5"
"Schlaf";"Schlafdauer";"Empfehlungskarten";"Begründung / Einordnung";"Empfehlungskarte · Schlaf · Begründung";"Sie schlafen aktuell eher wenig. Der Bedarf hängt vom Alter und von persönlichen Faktoren ab: Erwachsene benötigen meist mindestens sieben Stunden, Jugendliche in der Regel acht bis zehn Stunden. Schlaf unterstützt Erholung, Stoffwechsel und Stimmung.";"Attualmente dorme piuttosto poco. Il fabbisogno dipende dall’età e da fattori personali: gli adulti necessitano in genere di almeno sette ore, gli adolescenti di solito di otto–dieci ore. Il sonno sostiene il recupero, il metabolismo e l’umore.";"";"";"Marketing, Medizin";"Prüfung erforderlich";"Erwachsenen- und Jugendbedarf wegen des aktuellen Mindestalters getrennt; durch Marketing und Medizin freigeben.";"";"";"recommendation.catalog.sl_dauer.why";"recommendations";"it-CH";"3";"v1:4c57ada7d55b51436b17bda45c5831ce8e05df24ae9d5f359035e7ea924ebe4f";"35b0032f4e80463cc340110e506086ef60164fc18f8acb4ab41b6e303ebdb456"
"Schlaf";"Schlafdauer";"Empfehlungskarten";"Nächster Schritt";"Empfehlungskarte · Schlaf · konkreter nächster Schritt";"Verschieben Sie Ihre Schlafenszeit schrittweise um 15 bis 30 Minuten nach vorne und halten Sie sie möglichst konstant.";"Anticipi gradualmente l’ora di coricarsi di 15–30 minuti e cerchi di mantenerla il più possibile costante.";"";"";"Marketing, Medizin";"Prüfung erforderlich";"";"";"";"recommendation.catalog.sl_dauer.step";"recommendations";"it-CH";"3";"v1:4c57ada7d55b51436b17bda45c5831ce8e05df24ae9d5f359035e7ea924ebe4f";"b061367e75ff659924f283a7b21ddd87608bc390afd29cc5a100df3d28d0b7e6"
"Schlaf";"Schlafdauer";"Empfehlungskarten";"Erwarteter Nutzen";"Empfehlungskarte · Schlaf · erwarteter Nutzen";"Etwas mehr Schlaf verbessert Energie, Konzentration und Appetitregulation.";"Dormire un po’ di più migliora l’energia, la concentrazione e la regolazione dell’appetito.";"";"";"Marketing, Medizin";"Prüfung erforderlich";"";"";"";"recommendation.catalog.sl_dauer.benefit";"recommendations";"it-CH";"3";"v1:4c57ada7d55b51436b17bda45c5831ce8e05df24ae9d5f359035e7ea924ebe4f";"dbd5e99c5dde990c466a5267b39800301a9cdbc2e495ebd2d27df4414331c87b"
"Schlaf";"Schlafdauer";"4-Wochen-Pläne";"4-Wochen-Plan";"4-Wochen-Plan · Diese Woche, 5–6 Stunden";"Verschieben Sie die Bettzeit in <b>15-Minuten-Schritten</b> nach vorn – abrupte Sprünge scheitern meist. Setzen Sie sich einen Alarm nicht zum Aufstehen, sondern zum Zubettgehen.";"Anticipi l’ora di coricarsi a <b>passi di 15 minuti</b>; cambiamenti bruschi in genere non durano. Imposti una sveglia non per alzarsi, ma per andare a letto.";"";"";"Marketing, Medizin";"Prüfung erforderlich";"";"";"";"recommendation.plan.sl_dauer.this_week.five_to_six_hours";"recommendations";"it-CH";"3";"v1:4c57ada7d55b51436b17bda45c5831ce8e05df24ae9d5f359035e7ea924ebe4f";"c1a82378a37b7c8786898b5e72e5aeadf940504a7366e8a5897dc168afe7457b"
"Schlaf";"Schlafdauer";"4-Wochen-Pläne";"4-Wochen-Plan";"4-Wochen-Plan · Diese Woche, 6–7 Stunden";"Für Erwachsene werden regelmässig mindestens sieben Stunden Schlaf empfohlen. Testen Sie eine Woche lang eine <b>15 Minuten frühere Bettzeit</b> und beobachten Sie Energie und Konzentration am Tag.";"Per gli adulti sono raccomandate regolarmente almeno sette ore di sonno. Per una settimana provi ad andare a letto <b>15 minuti prima</b> e osservi l’energia e la concentrazione durante il giorno.";"";"";"Marketing, Medizin";"Prüfung erforderlich";"Neue Variante für die evidenzbasierte Mindestempfehlung von sieben Stunden; durch Marketing und Medizin freigeben.";"";"";"recommendation.plan.sl_dauer.this_week.six_to_seven_hours";"recommendations";"it-CH";"3";"v1:4c57ada7d55b51436b17bda45c5831ce8e05df24ae9d5f359035e7ea924ebe4f";"72a899b78bf451a05059f38a2d78d076941546df0e2989977150a5c795aec376"
"Schlaf";"Schlafdauer";"4-Wochen-Pläne";"4-Wochen-Plan";"4-Wochen-Plan · Diese Woche, weniger als 5 Stunden";"Weniger als 5 Stunden zehren spürbar an Konzentration und Gesundheit – hier lohnt jede zusätzliche halbe Stunde. Verschieben Sie die Bettzeit in <b>15-Minuten-Schritten</b> nach vorn – abrupte Sprünge scheitern meist. Setzen Sie sich einen Alarm nicht zum Aufstehen, sondern zum Zubettgehen.";"Meno di 5 ore compromettono sensibilmente la concentrazione e la salute: qui vale ogni mezz’ora in più. Anticipi l’ora di coricarsi a <b>passi di 15 minuti</b>; cambiamenti bruschi in genere non durano. Imposti una sveglia non per alzarsi, ma per andare a letto.";"";"";"Marketing, Medizin";"Prüfung erforderlich";"";"";"";"recommendation.plan.sl_dauer.this_week.under_5_hours";"recommendations";"it-CH";"3";"v1:4c57ada7d55b51436b17bda45c5831ce8e05df24ae9d5f359035e7ea924ebe4f";"5483ffb0a119dd76aac3e4bae5d77f26527a194d07469b78bc79a5a41c8e550a"
"Schlaf";"Schlafdauer";"4-Wochen-Pläne";"4-Wochen-Plan";"4-Wochen-Plan · Woche 2–3";"Halten Sie vor allem die <b>Aufstehzeit</b> möglichst konstant, auch am Wochenende. Koffein wird individuell unterschiedlich abgebaut und kann den Schlaf noch Stunden später beeinträchtigen. Alkohol kann zwar müde machen, fragmentiert aber häufig den Schlaf und reduziert besonders den REM-Schlaf.";"Mantenga soprattutto l’<b>ora del risveglio</b> il più possibile costante, anche nel fine settimana. La caffeina viene metabolizzata in modo diverso da persona a persona e può compromettere il sonno anche ore dopo. L’alcol può indurre sonnolenza, ma spesso frammenta il sonno e riduce soprattutto il sonno REM.";"";"";"Marketing, Medizin";"Prüfung erforderlich";"Absolute und rechnerisch missverständliche Schlafaussagen evidenznäher formuliert; durch Marketing und Medizin freigeben.";"";"";"recommendation.plan.sl_dauer.weeks_2_3";"recommendations";"it-CH";"3";"v1:4c57ada7d55b51436b17bda45c5831ce8e05df24ae9d5f359035e7ea924ebe4f";"42a4201dc904f98483725359bdeca075b805dc4a2872984dcb3c3270585fd8b5"
"Schlaf";"Schlafdauer";"4-Wochen-Pläne";"4-Wochen-Plan";"4-Wochen-Plan · Woche 4";"Prüfen Sie das Ergebnis am Tag, nicht in der Nacht: Wachen Sie erholt auf, ohne Mittagstief? Die meisten Erwachsenen brauchen <b>7–9 Stunden</b>. Bleibt die Müdigkeit trotz ausreichender Schlafdauer bestehen, gehört das ärztlich abgeklärt – dahinter können Schlafapnoe, Eisenmangel oder Schilddrüsenwerte stecken.";"Valuti il risultato durante il giorno, non di notte: si sveglia riposato/a, senza un calo a metà giornata? La maggior parte degli adulti necessita di <b>7–9 ore</b>. Se la stanchezza persiste nonostante una durata sufficiente, occorre una valutazione medica: potrebbero esservi apnea del sonno, carenza di ferro o valori tiroidei alterati.";"";"";"Marketing, Medizin";"Prüfung erforderlich";"";"";"";"recommendation.plan.sl_dauer.week_4";"recommendations";"it-CH";"3";"v1:4c57ada7d55b51436b17bda45c5831ce8e05df24ae9d5f359035e7ea924ebe4f";"21d1cc47fd97447fd8dd214b122a7ae051b6ed5b7ee780fe3f1ca4c0c27f4209"
"Schlaf";"Schlafdauer";"Ergebnis-Einstieg";"Beschriftung";"Ergebnis-Zusammenfassung · Themenlabel «Schlafdauer»";"Schlafdauer";"durata del sonno";"";"";"Marketing";"Prüfung erforderlich";"";"";"";"ui.hero.topic.schlafdauer";"ui";"it-CH";"3";"v1:4c57ada7d55b51436b17bda45c5831ce8e05df24ae9d5f359035e7ea924ebe4f";"dbc6a6af6c2f9e6ad3e8313ac6a8007ef0709022bb2e6ddf39529ca3ed219494"
"Schlaf";"Schlafqualität & Abklärung";"Spezialaktionen";"Überschrift";"Ärztliche Abklärung anhaltender Erschöpfung, Titel";"Starke Schlafbeeinträchtigung ärztlich abklären";"Far valutare dal medico una forte compromissione dovuta al sonno";"";"";"Marketing, Medizin";"Prüfung erforderlich";"Auslöser umfasst neben Müdigkeit auch Konzentration, Stimmung und soziale Aktivität; durch Marketing und Medizin freigeben.";"";"";"recommendation.special.act_schlaf_abklaerung.title";"recommendations";"it-CH";"3";"v1:4c57ada7d55b51436b17bda45c5831ce8e05df24ae9d5f359035e7ea924ebe4f";"3b7a2d58a23ce9b140f54c819ab8a02e41d2933424337b223ef8b91d90ea1367"
"Schlaf";"Schlafqualität & Abklärung";"Spezialaktionen";"Begründung / Einordnung";"Ärztliche Abklärung anhaltender Erschöpfung, Begründung";"Ihr Schlaf beeinträchtigt Ihren Alltag massiv. Wenn das anhält, sollten mögliche körperliche oder psychische Ursachen ärztlich eingeordnet werden.";"Il sonno compromette fortemente la Sua vita quotidiana. Se la situazione persiste, eventuali cause fisiche o psichiche dovrebbero essere valutate da un medico.";"";"";"Marketing, Medizin";"Prüfung erforderlich";"Medizinischer Hinweis gilt unabhängig von der angegebenen Schlafdauer; durch Marketing und Medizin freigeben.";"";"";"recommendation.special.act_schlaf_abklaerung.why";"recommendations";"it-CH";"3";"v1:4c57ada7d55b51436b17bda45c5831ce8e05df24ae9d5f359035e7ea924ebe4f";"462f66272de686ce5db0a3352b136ec3d8cb82e9f8a198308a26bd5e6c79fb93"
"Schlaf";"Schlafqualität & Abklärung";"Spezialaktionen";"Nächster Schritt";"Ärztliche Abklärung anhaltender Erschöpfung, Startschritt";"Vereinbaren Sie einen Termin bei Ihrer Hausärztin oder Ihrem Hausarzt und schildern Sie, seit wann und in welcher Form der Schlaf Ihren Alltag beeinträchtigt – etwa Energie, Konzentration, Stimmung oder soziale Aktivitäten.";"Fissi un appuntamento con il medico di famiglia e descriva da quando e in che modo il sonno compromette la Sua vita quotidiana, per esempio per quanto riguarda energia, concentrazione, umore o attività sociali.";"";"";"Marketing, Medizin";"Prüfung erforderlich";"Startschritt an den vollständigen Antwortvertrag der Auswirkungsfrage angeglichen; durch Marketing und Medizin freigeben.";"";"";"recommendation.special.act_schlaf_abklaerung.step";"recommendations";"it-CH";"3";"v1:4c57ada7d55b51436b17bda45c5831ce8e05df24ae9d5f359035e7ea924ebe4f";"5f6720b657c96c7277f317ab0fc8f2728ae07354562120dd998880073d17dda0"
"Schlaf";"Schlafqualität & Abklärung";"Spezialaktionen";"Erwarteter Nutzen";"Ärztliche Abklärung anhaltender Erschöpfung, Nutzen";"Sie erhalten Klarheit über mögliche Ursachen und können passende nächste Schritte festlegen.";"Ottiene chiarezza sulle possibili cause e può stabilire i prossimi passi adeguati.";"";"";"Marketing, Medizin";"Prüfung erforderlich";"Nicht belegtes Zeitversprechen entfernt; durch Marketing und Medizin freigeben.";"";"";"recommendation.special.act_schlaf_abklaerung.benefit";"recommendations";"it-CH";"3";"v1:4c57ada7d55b51436b17bda45c5831ce8e05df24ae9d5f359035e7ea924ebe4f";"a1c996500bb7d8ef2b61b004fabd95ba11771376eaf581c7d7402abe5755f552"
"Schlaf";"Schlafqualität & Abklärung";"4-Wochen-Pläne";"4-Wochen-Plan";"4-Wochen-Plan · Diese Woche";"Vereinbaren Sie einen <b>hausärztlichen Termin</b> und notieren Sie vorab: seit wann die Müdigkeit besteht, wie stark sie den Alltag beeinträchtigt und ob es Begleitsymptome gibt (Schnarchen, Atemaussetzer, Kopfschmerzen).";"Fissi un <b>appuntamento con il medico di famiglia</b> e annoti prima: da quando persiste la stanchezza, quanto compromette la vita quotidiana e se vi sono sintomi associati (russamento, pause respiratorie, mal di testa).";"";"";"Marketing, Medizin";"Prüfung erforderlich";"";"";"";"recommendation.plan.act_schlaf_abklaerung.this_week";"recommendations";"it-CH";"3";"v1:4c57ada7d55b51436b17bda45c5831ce8e05df24ae9d5f359035e7ea924ebe4f";"483740e778f3e24c8410b17502c50967d7be0ae66046fc2accc5541a5fa3d748"
"Schlaf";"Schlafqualität & Abklärung";"4-Wochen-Pläne";"4-Wochen-Plan";"4-Wochen-Plan · Woche 2–3";"Führen Sie bis zum Termin ein kurzes Schlaf-/Energie-Tagebuch (Bettzeiten, Aufwachen, Tagesenergie). Häufige, gut behandelbare Ursachen sind z. B. Schlafapnoe, Eisenmangel oder Schilddrüsenwerte – das lässt sich gezielt abklären.";"Fino all’appuntamento tenga un breve diario del sonno e dell’energia (orari a letto, risvegli, energia diurna). Cause frequenti e ben trattabili sono, ad es., apnea del sonno, carenza di ferro o valori tiroidei alterati: possono essere esaminate in modo mirato.";"";"";"Marketing, Medizin";"Prüfung erforderlich";"";"";"";"recommendation.plan.act_schlaf_abklaerung.weeks_2_3";"recommendations";"it-CH";"3";"v1:4c57ada7d55b51436b17bda45c5831ce8e05df24ae9d5f359035e7ea924ebe4f";"ede98d75e34135adb99d2d7073bebd6c45f708923ae29c79f284b9991335c046"
"Schlaf";"Schlafqualität & Abklärung";"4-Wochen-Pläne";"4-Wochen-Plan";"4-Wochen-Plan · Woche 4";"Besprechen Sie die Ergebnisse und die empfohlenen nächsten Schritte. Bleiben Sie dran, bis die Ursache gefunden ist – anhaltende Erschöpfung ist kein Zustand, den man einfach hinnehmen muss.";"Discuta i risultati e i prossimi passi raccomandati. Continui finché non viene individuata la causa: una stanchezza persistente non è una condizione da accettare semplicemente.";"";"";"Marketing, Medizin";"Prüfung erforderlich";"";"";"";"recommendation.plan.act_schlaf_abklaerung.week_4";"recommendations";"it-CH";"3";"v1:4c57ada7d55b51436b17bda45c5831ce8e05df24ae9d5f359035e7ea924ebe4f";"ec592884e0dbad33f0f8badfe4f2568c769cd966711322c04f6739afff3cd8b6"
"Schlaf";"Schlafqualität & Abklärung";"Handlungsfelder";"Beschriftung";"Handlungsfeld · Schlaf · Kurzlabel";"Anhaltende Erschöpfung ärztlich abklären";"Far valutare dal medico una stanchezza persistente";"";"";"Marketing, Medizin";"Prüfung erforderlich";"";"";"";"recommendation.lever.lv_schlaf_abklaerung.label";"recommendations";"it-CH";"3";"v1:4c57ada7d55b51436b17bda45c5831ce8e05df24ae9d5f359035e7ea924ebe4f";"58a66eb86886fd50f30a82a519a0117690fb51c8f4c972b28ac3cec6d3c1ec8c"
"Schlaf";"Schlafqualität & Abklärung";"Handlungsfelder";"Detailtext";"Handlungsfeld · Schlaf · Detailtext";"Sie schlafen lange genug, sind aber massiv beeinträchtigt – das kann körperliche Ursachen haben und gehört in ärztliche Hände.";"Dorme abbastanza a lungo, ma avverte una compromissione molto forte: potrebbero esservi cause fisiche che richiedono una valutazione medica.";"";"";"Marketing, Medizin";"Prüfung erforderlich";"";"";"";"recommendation.lever.lv_schlaf_abklaerung.detail";"recommendations";"it-CH";"3";"v1:4c57ada7d55b51436b17bda45c5831ce8e05df24ae9d5f359035e7ea924ebe4f";"85a3a095a45aa0020114a173b8bbcd9ae177d00a1fcdad30cc2f50ea6151dfe7"
"Schlaf";"Schlafqualität & Abklärung";"Handlungsfelder";"Beschriftung";"Handlungsfeld · Schlaf · Kurzlabel";"Abendroutine für besseren Schlaf aufbauen";"Creare una routine serale per dormire meglio";"";"";"Marketing, Medizin";"Prüfung erforderlich";"";"";"";"recommendation.lever.lv_schlafqualitaet.label";"recommendations";"it-CH";"3";"v1:4c57ada7d55b51436b17bda45c5831ce8e05df24ae9d5f359035e7ea924ebe4f";"57ed45be41b5b8288e3305eed808aa92edf69a330af9805b17c78299fe621c2a"
"Schlaf";"Schlafqualität & Abklärung";"Handlungsfelder";"Detailtext";"Handlungsfeld · Schlaf · Detailtext";"Gleiche Rituale, gedimmtes Licht und ein kühles Schlafzimmer verbessern die Schlafqualität oft schon in wenigen Wochen.";"Rituali costanti, luce attenuata e una camera fresca spesso migliorano la qualità del sonno già in poche settimane.";"";"";"Marketing, Medizin";"Prüfung erforderlich";"";"";"";"recommendation.lever.lv_schlafqualitaet.detail";"recommendations";"it-CH";"3";"v1:4c57ada7d55b51436b17bda45c5831ce8e05df24ae9d5f359035e7ea924ebe4f";"6055644c4612f559c5a078c13b2d7d142e4dcf0c582b8d37050c6cdf7239b0b0"
"Schlaf";"Schlafqualität & Abklärung";"Empfehlungskarten";"Überschrift";"Empfehlungskarte · Schlaf · Titel";"Schlafqualität gezielt verbessern";"Migliorare in modo mirato la qualità del sonno";"";"";"Marketing";"Prüfung erforderlich";"";"";"";"recommendation.catalog.sl_qualitaet.title";"recommendations";"it-CH";"3";"v1:4c57ada7d55b51436b17bda45c5831ce8e05df24ae9d5f359035e7ea924ebe4f";"832f68d4aab33160b38bf800c361e8e2a51c9272d2d19468c06aede88907804b"
"Schlaf";"Schlafqualität & Abklärung";"Empfehlungskarten";"Begründung / Einordnung";"Empfehlungskarte · Schlaf · Begründung";"Ihr Schlaf erholt Sie aktuell wenig und beeinträchtigt Ihren Alltag. Oft helfen schon Anpassungen an Umgebung und Abendroutine.";"Attualmente il sonno La ristora poco e compromette la Sua vita quotidiana. Spesso sono già utili adeguamenti dell’ambiente e della routine serale.";"";"";"Marketing, Medizin";"Prüfung erforderlich";"";"";"";"recommendation.catalog.sl_qualitaet.why";"recommendations";"it-CH";"3";"v1:4c57ada7d55b51436b17bda45c5831ce8e05df24ae9d5f359035e7ea924ebe4f";"344cef571a2fd23b73d58e9a537c36fbc59c59615e353d5c68cdd1ea62ff2790"
"Schlaf";"Schlafqualität & Abklärung";"Empfehlungskarten";"Nächster Schritt";"Empfehlungskarte · Schlaf · konkreter nächster Schritt";"Sorgen Sie für ein dunkles, kühles, ruhiges Schlafzimmer und eine ruhige letzte Stunde ohne Bildschirm. Halten die Beschwerden über Wochen an, klären Sie sie ärztlich ab.";"Mantenga la camera da letto buia, fresca e silenziosa e trascorra in tranquillità l’ultima ora senza schermi. Se i disturbi persistono per settimane, li faccia valutare da un medico.";"";"";"Marketing, Medizin";"Prüfung erforderlich";"";"";"";"recommendation.catalog.sl_qualitaet.step";"recommendations";"it-CH";"3";"v1:4c57ada7d55b51436b17bda45c5831ce8e05df24ae9d5f359035e7ea924ebe4f";"d4393726169a298887fc1f9cfc9848f5aa19c6410186d545cccc25654b8a0778"
"Schlaf";"Schlafqualität & Abklärung";"Empfehlungskarten";"Erwarteter Nutzen";"Empfehlungskarte · Schlaf · erwarteter Nutzen";"Besserer Schlaf stärkt Energie, Stimmung, Immunsystem und Konzentration.";"Un sonno migliore rafforza l’energia, l’umore, il sistema immunitario e la concentrazione.";"";"";"Marketing, Medizin";"Prüfung erforderlich";"";"";"";"recommendation.catalog.sl_qualitaet.benefit";"recommendations";"it-CH";"3";"v1:4c57ada7d55b51436b17bda45c5831ce8e05df24ae9d5f359035e7ea924ebe4f";"adf2efafaad5d044f5208bc245d18f0c1f851d53a56f7756caa248e9028458a6"
"Schlaf";"Schlafqualität & Abklärung";"4-Wochen-Pläne";"4-Wochen-Plan";"4-Wochen-Plan · Diese Woche";"Optimieren Sie das Schlafzimmer: <b>dunkel, kühl (~18 °C), ruhig</b>. Eine ruhige letzte Stunde ohne Bildschirm einführen – gedämpftes Licht signalisiert dem Körper «bald Schlaf».";"Ottimizzi la camera da letto: <b>buia, fresca (~18 °C), silenziosa</b>. Introduca un’ultima ora tranquilla senza schermi: la luce attenuata segnala al corpo che «presto si dorme».";"";"";"Marketing, Medizin";"Prüfung erforderlich";"";"";"";"recommendation.plan.sl_qualitaet.this_week";"recommendations";"it-CH";"3";"v1:4c57ada7d55b51436b17bda45c5831ce8e05df24ae9d5f359035e7ea924ebe4f";"993b7cce1302a7ead2eaf7a656daa5264c4f9b5dca5574b7e185a6e4304c395a"
"Schlaf";"Schlafqualität & Abklärung";"4-Wochen-Pläne";"4-Wochen-Plan";"4-Wochen-Plan · Woche 2–3";"Verlegen Sie Koffein möglichst in die erste Tageshälfte; der individuelle Abbau variiert, und spätes Koffein kann den Schlaf noch Stunden später beeinträchtigen. Alkohol kann zwar müde machen, fragmentiert aber häufig den Schlaf und reduziert besonders den REM-Schlaf. Regelmässige Aufsteh- und Zubettgehzeiten geben dem Schlaf Struktur.";"Se possibile, concentri la caffeina nella prima metà della giornata; il metabolismo individuale varia e la caffeina assunta tardi può compromettere il sonno anche ore dopo. L’alcol può indurre sonnolenza, ma spesso frammenta il sonno e riduce soprattutto il sonno REM. Orari regolari per alzarsi e coricarsi danno struttura al sonno.";"";"";"Marketing, Medizin";"Prüfung erforderlich";"Variable Koffeinwirkung und Alkohol-Schlaf-Effekt evidenznäher formuliert; durch Marketing und Medizin freigeben.";"";"";"recommendation.plan.sl_qualitaet.weeks_2_3";"recommendations";"it-CH";"3";"v1:4c57ada7d55b51436b17bda45c5831ce8e05df24ae9d5f359035e7ea924ebe4f";"cf78f0136ca7906e92444fadab2d7274f94428be992c66bec233ff907effe33c"
"Schlaf";"Schlafqualität & Abklärung";"4-Wochen-Pläne";"4-Wochen-Plan";"4-Wochen-Plan · Woche 4";"Halten Sie die Routine konstant. Bleiben die Beschwerden trotz guter Gewohnheiten über mehrere Wochen bestehen, klären Sie sie ärztlich ab – dahinter kann eine gut behandelbare Ursache stecken.";"Mantenga costante la routine. Se i disturbi persistono per diverse settimane nonostante buone abitudini, chieda una valutazione medica: potrebbe esservi una causa ben trattabile.";"";"";"Marketing, Medizin";"Prüfung erforderlich";"";"";"";"recommendation.plan.sl_qualitaet.week_4";"recommendations";"it-CH";"3";"v1:4c57ada7d55b51436b17bda45c5831ce8e05df24ae9d5f359035e7ea924ebe4f";"ad0271bdacc0526f44732370e7f5522fe696c98fb3393b26bf4cfc4b3c26f1f6"
"Schlaf";"Schlafqualität & Abklärung";"Ergebnis-Einstieg";"Beschriftung";"Ergebnis-Zusammenfassung · Themenlabel «Schlafqualität & Abklärung»";"Auswirkungen auf den Alltag";"effetti sulla vita quotidiana";"";"";"Marketing";"Prüfung erforderlich";"";"";"";"ui.hero.topic.schlaf_auswirkung";"ui";"it-CH";"3";"v1:4c57ada7d55b51436b17bda45c5831ce8e05df24ae9d5f359035e7ea924ebe4f";"323dd04a463001d5424887312b871e5bc9c59757bc23cfb4ed0d0e2afcdd1c8d"
"Schlaf";"Schlafqualität & Abklärung";"Ergebnis-Einstieg";"Beschriftung";"Ergebnis-Zusammenfassung · Themenlabel «Schlafqualität & Abklärung»";"Schlafqualität";"qualità del sonno";"";"";"Marketing";"Prüfung erforderlich";"";"";"";"ui.hero.topic.schlafqualitaet";"ui";"it-CH";"3";"v1:4c57ada7d55b51436b17bda45c5831ce8e05df24ae9d5f359035e7ea924ebe4f";"1f2a60c673d640b6ccbf32ef71b58c6a561eaa04284164564adcc6d6162e222b"
"Schlaf";"Schlafrhythmus & Abendroutine";"Spezialaktionen";"Überschrift";"Bildschirm am Abend früher weglegen, Titel";"Bildschirm am Abend früher weglegen";"Mettere via prima gli schermi la sera";"";"";"Marketing, Medizin";"Prüfung erforderlich";"";"";"";"recommendation.special.act_bildschirm_abend.title";"recommendations";"it-CH";"3";"v1:4c57ada7d55b51436b17bda45c5831ce8e05df24ae9d5f359035e7ea924ebe4f";"49945722d0edb117a6f94926dca810680ee0077781e5573878ec28f0f0112df8"
"Schlaf";"Schlafrhythmus & Abendroutine";"Spezialaktionen";"Begründung / Einordnung";"Bildschirm am Abend früher weglegen, Begründung";"Häufige Social-Media-Nutzung und ein unruhiger Schlaf treten bei Ihnen gemeinsam auf. Testen Sie eine ruhigere, bildschirmfreie Phase am Abend, um zu sehen, ob Ihnen das Abschalten leichter fällt.";"Nel Suo caso, un uso frequente dei social media e un sonno agitato si presentano insieme. Provi una fase serale più tranquilla e senza schermi per vedere se Le risulta più facile staccare.";"";"";"Marketing, Medizin";"Prüfung erforderlich";"Nicht erhobene Abendnutzung und Kausalität nicht unterstellt; durch Marketing und Medizin freigeben.";"";"";"recommendation.special.act_bildschirm_abend.why";"recommendations";"it-CH";"3";"v1:4c57ada7d55b51436b17bda45c5831ce8e05df24ae9d5f359035e7ea924ebe4f";"2514889b0e1682c41ded2d2b62646ce270f722196309e11b8b7dd792b8da539b"
"Schlaf";"Schlafrhythmus & Abendroutine";"Spezialaktionen";"Nächster Schritt";"Bildschirm am Abend früher weglegen, Startschritt";"Testen Sie vor dem Zubettgehen eine feste bildschirmfreie Phase. Das Handy ausser Reichweite oder ausserhalb des Schlafzimmers zu laden kann die Umsetzung erleichtern.";"Prima di coricarsi provi una fase fissa senza schermi. Caricare il telefono fuori portata o fuori dalla camera da letto può facilitare l’attuazione.";"";"";"Marketing, Medizin";"Prüfung erforderlich";"Starre Stunde und unbelegten Superlativ entfernt; durch Marketing und Medizin freigeben.";"";"";"recommendation.special.act_bildschirm_abend.step";"recommendations";"it-CH";"3";"v1:4c57ada7d55b51436b17bda45c5831ce8e05df24ae9d5f359035e7ea924ebe4f";"78ad5ad5276d81ebdf41b4ff9fdd864c817b02d82593d66e90823c7e4bf71df5"
"Schlaf";"Schlafrhythmus & Abendroutine";"Spezialaktionen";"Erwarteter Nutzen";"Bildschirm am Abend früher weglegen, Nutzen";"Eine ruhigere Abendroutine kann das Abschalten erleichtern und möglicherweise die Schlafqualität unterstützen; zugleich gewinnen Sie bildschirmfreie Zeit zurück.";"Una routine serale più tranquilla può facilitare il distacco e forse sostenere la qualità del sonno; nel contempo recupera tempo senza schermi.";"";"";"Marketing, Medizin";"Prüfung erforderlich";"Garantiertes individuelles Schlafergebnis entfernt; durch Marketing und Medizin freigeben.";"";"";"recommendation.special.act_bildschirm_abend.benefit";"recommendations";"it-CH";"3";"v1:4c57ada7d55b51436b17bda45c5831ce8e05df24ae9d5f359035e7ea924ebe4f";"fb0ce2c7bd3d89eb4bf048013a30e09537317f3a443df8481a740ab76dbb5906"
"Schlaf";"Schlafrhythmus & Abendroutine";"4-Wochen-Pläne";"4-Wochen-Plan";"4-Wochen-Plan · Diese Woche";"Führen Sie eine <b>feste bildschirmfreie Stunde</b> vor dem Zubettgehen ein und laden Sie das Handy ausserhalb des Schlafzimmers. Der grösste Effekt entsteht, wenn das Gerät gar nicht erst griffbereit ist.";"Introduca <b>un’ora fissa senza schermi</b> prima di coricarsi e carichi il telefono fuori dalla camera da letto. L’effetto maggiore si ottiene se il dispositivo non è nemmeno a portata di mano.";"";"";"Marketing, Medizin";"Prüfung erforderlich";"";"";"";"recommendation.plan.act_bildschirm_abend.this_week";"recommendations";"it-CH";"3";"v1:4c57ada7d55b51436b17bda45c5831ce8e05df24ae9d5f359035e7ea924ebe4f";"da17127aa9bcf76ba0f67aec989e443cc4b4f016deb9d149d9456754c00b0e80"
"Schlaf";"Schlafrhythmus & Abendroutine";"4-Wochen-Pläne";"4-Wochen-Plan";"4-Wochen-Plan · Woche 2–3";"Ersetzen Sie das abendliche Scrollen durch eine ruhige Routine (Lesen, Dehnen, Musik). Erhöhen Sie die Hürde für die zeitintensivsten Apps: vom Startbildschirm entfernen, Benachrichtigungen aus. Dass Loslassen schwerfällt, ist Produktdesign – kein Willensmangel.";"Sostituisca lo scorrimento serale con una routine tranquilla (leggere, fare stretching, ascoltare musica). Aumenti gli ostacoli per le app che occupano più tempo: le rimuova dalla schermata iniziale e disattivi le notifiche. La difficoltà a staccarsi è dovuta al design del prodotto, non a una mancanza di volontà.";"";"";"Marketing, Medizin";"Prüfung erforderlich";"";"";"";"recommendation.plan.act_bildschirm_abend.weeks_2_3";"recommendations";"it-CH";"3";"v1:4c57ada7d55b51436b17bda45c5831ce8e05df24ae9d5f359035e7ea924ebe4f";"f51df77adbe8c2e83dc1391ec0ed98dd941ab893e5d1902bcd99e1c0b198d7e9"
"Schlaf";"Schlafrhythmus & Abendroutine";"4-Wochen-Pläne";"4-Wochen-Plan";"4-Wochen-Plan · Woche 4";"Machen Sie die bildschirmfreie Abendstunde zur Selbstverständlichkeit. Achten Sie darauf, wie sich Einschlafzeit und Schlafqualität verändert haben.";"Faccia dell’ora serale senza schermi una consuetudine. Osservi come sono cambiati il tempo di addormentamento e la qualità del sonno.";"";"";"Marketing, Medizin";"Prüfung erforderlich";"";"";"";"recommendation.plan.act_bildschirm_abend.week_4";"recommendations";"it-CH";"3";"v1:4c57ada7d55b51436b17bda45c5831ce8e05df24ae9d5f359035e7ea924ebe4f";"014cecc49705275b0387bcb36e33c7d9610405d30828a990321116c2f03717ba"
"Schlaf";"Schlafrhythmus & Abendroutine";"Handlungsfelder";"Beschriftung";"Handlungsfeld · Schlaf · Kurzlabel";"Bildschirm am Abend früher weglegen";"Mettere via prima gli schermi la sera";"";"";"Marketing, Medizin";"Prüfung erforderlich";"";"";"";"recommendation.lever.lv_bildschirm_abend.label";"recommendations";"it-CH";"3";"v1:4c57ada7d55b51436b17bda45c5831ce8e05df24ae9d5f359035e7ea924ebe4f";"40c73ff75e6aebe553bbd387fd33e22ac2dbde8e731d341ec949735dd7e78048"
"Schlaf";"Schlafrhythmus & Abendroutine";"Handlungsfelder";"Detailtext";"Handlungsfeld · Schlaf · Detailtext";"Häufige Social-Media-Nutzung und unruhiger Schlaf treten bei Ihnen gemeinsam auf. Eine ruhigere, bildschirmfreie Phase am Abend kann helfen zu prüfen, ob sich das Abschalten dadurch erleichtert.";"Nel Suo caso, un uso frequente dei social media e un sonno agitato si presentano insieme. Una fase serale più tranquilla e senza schermi può aiutare a verificare se diventa più facile staccare.";"";"";"Marketing, Medizin";"Prüfung erforderlich";"Nicht erhobene Abendnutzung als Experiment statt Ursache formuliert; durch Marketing und Medizin freigeben.";"";"";"recommendation.lever.lv_bildschirm_abend.detail";"recommendations";"it-CH";"3";"v1:4c57ada7d55b51436b17bda45c5831ce8e05df24ae9d5f359035e7ea924ebe4f";"ad6ac07dbb8bde81a85c2a7168126bf46de185e27c0c303aaf1681870c20f764"
"Schlaf";"Schlafrhythmus & Abendroutine";"Handlungsfelder";"Beschriftung";"Handlungsfeld · Schlaf · Kurzlabel";"Feste Schlaf- und Aufstehzeiten etablieren";"Stabilire orari fissi per dormire e alzarsi";"";"";"Marketing, Medizin";"Prüfung erforderlich";"";"";"";"recommendation.lever.lv_schlafrhythmus.label";"recommendations";"it-CH";"3";"v1:4c57ada7d55b51436b17bda45c5831ce8e05df24ae9d5f359035e7ea924ebe4f";"8e2fced09832bd5ea7d6329cc50a228fd640fa8bc9836f190ceece333c7ee43e"
"Schlaf";"Schlafrhythmus & Abendroutine";"Handlungsfelder";"Detailtext";"Handlungsfeld · Schlaf · Detailtext";"Ihre innere Uhr liebt Regelmässigkeit – vor allem eine konstante Aufstehzeit (auch am Wochenende) stabilisiert den Schlaf.";"Il Suo orologio interno beneficia della regolarità: soprattutto un’ora di risveglio costante, anche nel fine settimana, stabilizza il sonno.";"";"";"Marketing, Medizin";"Prüfung erforderlich";"";"";"";"recommendation.lever.lv_schlafrhythmus.detail";"recommendations";"it-CH";"3";"v1:4c57ada7d55b51436b17bda45c5831ce8e05df24ae9d5f359035e7ea924ebe4f";"d13d10c67bd8da31723b0621a0c04bbf07db3c7b51235ab7a3c42a67921b43e9"
"Schlaf";"Schlafrhythmus & Abendroutine";"Empfehlungskarten";"Überschrift";"Empfehlungskarte · Schlaf · Titel";"Schlafrhythmus stabilisieren";"Stabilizzare il ritmo del sonno";"";"";"Marketing";"Prüfung erforderlich";"";"";"";"recommendation.catalog.sl_rhythmus.title";"recommendations";"it-CH";"3";"v1:4c57ada7d55b51436b17bda45c5831ce8e05df24ae9d5f359035e7ea924ebe4f";"61003326c2721acc74720d80b43bfe581ad1a89e90e7f139fc8dd42360d18eae"
"Schlaf";"Schlafrhythmus & Abendroutine";"Empfehlungskarten";"Begründung / Einordnung";"Empfehlungskarte · Schlaf · Begründung";"Unregelmässige Schlafenszeiten bringen die innere Uhr durcheinander und erschweren erholsamen Schlaf.";"Orari del sonno irregolari alterano l’orologio interno e rendono più difficile un sonno ristoratore.";"";"";"Marketing, Medizin";"Prüfung erforderlich";"";"";"";"recommendation.catalog.sl_rhythmus.why";"recommendations";"it-CH";"3";"v1:4c57ada7d55b51436b17bda45c5831ce8e05df24ae9d5f359035e7ea924ebe4f";"eb9fdae27327abc356d00d771f44b062330ff030efb280f9985b23bdde0673c6"
"Schlaf";"Schlafrhythmus & Abendroutine";"Empfehlungskarten";"Nächster Schritt";"Empfehlungskarte · Schlaf · konkreter nächster Schritt";"Stehen Sie möglichst zu ähnlichen Zeiten auf – auch am Wochenende – und holen Sie sich morgens etwas Tageslicht.";"Cerchi di alzarsi a orari simili, anche nel fine settimana, e si esponga alla luce del giorno al mattino.";"";"";"Marketing, Medizin";"Prüfung erforderlich";"";"";"";"recommendation.catalog.sl_rhythmus.step";"recommendations";"it-CH";"3";"v1:4c57ada7d55b51436b17bda45c5831ce8e05df24ae9d5f359035e7ea924ebe4f";"2af98ea9da0394fde826e5fa9769a07edce0a921d3806f4a6c3ecd8e94e87397"
"Schlaf";"Schlafrhythmus & Abendroutine";"Empfehlungskarten";"Erwarteter Nutzen";"Empfehlungskarte · Schlaf · erwarteter Nutzen";"Ein regelmässiger Rhythmus macht das Ein- und Durchschlafen leichter.";"Un ritmo regolare facilita l’addormentamento e la continuità del sonno.";"";"";"Marketing, Medizin";"Prüfung erforderlich";"";"";"";"recommendation.catalog.sl_rhythmus.benefit";"recommendations";"it-CH";"3";"v1:4c57ada7d55b51436b17bda45c5831ce8e05df24ae9d5f359035e7ea924ebe4f";"5d4752b33768f969fa1b3fe6eb0b2b1d44f5da2a7a4ef25eb46b29dd20faa90e"
"Schlaf";"Schlafrhythmus & Abendroutine";"4-Wochen-Pläne";"4-Wochen-Plan";"4-Wochen-Plan · Diese Woche";"Legen Sie eine möglichst konstante Aufstehzeit fest, auch am Wochenende. Suchen Sie nach dem Aufstehen möglichst bald Tageslicht, idealerweise draussen: Morgenlicht unterstützt die Ausrichtung der inneren Uhr.";"Stabilisca un’ora del risveglio il più possibile costante, anche nel fine settimana. Dopo essersi alzato/a, cerchi quanto prima la luce del giorno, idealmente all’aperto: la luce mattutina aiuta ad allineare l’orologio interno.";"";"";"Marketing, Medizin";"Prüfung erforderlich";"Starre 30-/10-Minuten-Vorgaben und unbelegten Überlegenheitsvergleich entfernt; durch Marketing und Medizin freigeben.";"";"";"recommendation.plan.sl_rhythmus.this_week";"recommendations";"it-CH";"3";"v1:4c57ada7d55b51436b17bda45c5831ce8e05df24ae9d5f359035e7ea924ebe4f";"a97b31eb6a572313a39bfaf7bd8d3097f2b25ff9aa3a34d165957c9ce9e8e7e8"
"Schlaf";"Schlafrhythmus & Abendroutine";"4-Wochen-Pläne";"4-Wochen-Plan";"4-Wochen-Plan · Woche 2–3";"Reduzieren Sie grosse Unterschiede zwischen Arbeits- und freien Tagen. Stark wechselnde Schlafzeiten werden als «sozialer Jetlag» bezeichnet und sind in Studien mit ungünstigen Schlaf- und Stoffwechselmerkmalen verbunden. Wählen Sie eine möglichst alltagstaugliche, regelmässige Aufstehzeit.";"Riduca le grandi differenze tra giorni lavorativi e liberi. Orari del sonno molto variabili sono definiti «jet lag sociale» e negli studi sono associati a caratteristiche sfavorevoli del sonno e del metabolismo. Scelga un’ora di risveglio regolare e compatibile con la vita quotidiana.";"";"";"Marketing, Medizin";"Prüfung erforderlich";"Kausale Zeitzonenmetapher und starre Ein-Stunden-Grenze durch eine beobachtungsbasierte Einordnung ersetzt; durch Marketing und Medizin freigeben.";"";"";"recommendation.plan.sl_rhythmus.weeks_2_3";"recommendations";"it-CH";"3";"v1:4c57ada7d55b51436b17bda45c5831ce8e05df24ae9d5f359035e7ea924ebe4f";"6e376f1d2910811286f9b67ff7c5893d57ed68d20d150e4a9c5bebf60d666c32"
"Schlaf";"Schlafrhythmus & Abendroutine";"4-Wochen-Pläne";"4-Wochen-Plan";"4-Wochen-Plan · Woche 4";"Verankern Sie eine kurze, immer gleiche Abendsequenz (z. B. Licht dimmen, lüften, lesen). Nicht der Inhalt wirkt, sondern die Wiederholung: Der Körper lernt das Signal und beginnt vorzuschlafen.";"Stabilisca una breve sequenza serale sempre uguale (ad es. attenuare la luce, arieggiare, leggere). Non è il contenuto a fare effetto, ma la ripetizione: il corpo impara il segnale e inizia a prepararsi al sonno.";"";"";"Marketing, Medizin";"Prüfung erforderlich";"";"";"";"recommendation.plan.sl_rhythmus.week_4";"recommendations";"it-CH";"3";"v1:4c57ada7d55b51436b17bda45c5831ce8e05df24ae9d5f359035e7ea924ebe4f";"eb6b825cc4c9984a0755e34e02ee73c127479b61e2ad81f06d9d8527c267124d"
"Schlaf";"Schlafrhythmus & Abendroutine";"Ergebnis-Einstieg";"Beschriftung";"Ergebnis-Zusammenfassung · Themenlabel «Schlafrhythmus & Abendroutine»";"Schlafrhythmus";"ritmo del sonno";"";"";"Marketing";"Prüfung erforderlich";"";"";"";"ui.hero.topic.schlafrhythmus";"ui";"it-CH";"3";"v1:4c57ada7d55b51436b17bda45c5831ce8e05df24ae9d5f359035e7ea924ebe4f";"0ea4d1809d98b263c8b4136acffd9f3fa0a372115c9af85b594cc564d840afb3"
"Mentales Wohlbefinden";"Allgemeines mentales Wohlbefinden";"Gemeinsame Bereichstexte (Fragebogen und Ergebnis)";"Beschriftung";"Gemeinsam in Fragebogen und Ergebnis · Mentales Wohlbefinden · Kurzlabel für Navigation und Ergebnisvisualisierung";"Mentales";"Salute mentale";"";"";"Marketing";"Prüfung erforderlich";"";"";"";"service.dimension.mental.short";"services";"it-CH";"3";"v1:4c57ada7d55b51436b17bda45c5831ce8e05df24ae9d5f359035e7ea924ebe4f";"50de0185377f38293be72bd553cd550273c1ded829988547d4b71158ad7f1ae6"
"Mentales Wohlbefinden";"Allgemeines mentales Wohlbefinden";"Gemeinsame Bereichstexte (Fragebogen und Ergebnis)";"Überschrift";"Gemeinsam in Fragebogen und Ergebnis · Mentales Wohlbefinden · vollständiger Bereichstitel";"Mentale Gesundheit";"Salute mentale";"";"";"Marketing, Medizin";"Prüfung erforderlich";"";"";"";"service.dimension.mental.title";"services";"it-CH";"3";"v1:4c57ada7d55b51436b17bda45c5831ce8e05df24ae9d5f359035e7ea924ebe4f";"b536417b2ae1a1478f78baf3b74fcb595287b8be6114931bb95e97feea52e17b"
"Mentales Wohlbefinden";"Allgemeines mentales Wohlbefinden";"Gemeinsame Bereichstexte (Fragebogen und Ergebnis)";"Begründung / Einordnung";"Gemeinsam in Fragebogen und Ergebnis · Mentales Wohlbefinden · Einleitung im Fragebogen und in den Ergebnisdetails";"Ihre mentale und emotionale Gesundheit ist genauso wichtig wie Ihre körperliche. Was Sie fühlen, denken und erleben, wirkt sich auf Ihren Körper aus und umgekehrt.";"La Sua salute mentale ed emotiva è importante quanto quella fisica. Ciò che prova, pensa e vive influisce sul Suo corpo e viceversa.";"";"";"Marketing, Medizin";"Prüfung erforderlich";"";"";"";"service.dimension.mental.intro";"services";"it-CH";"3";"v1:4c57ada7d55b51436b17bda45c5831ce8e05df24ae9d5f359035e7ea924ebe4f";"607d570a1e956e2097169a9ab9cd26aadc93de5394e45ce121bc386e51247e0b"
"Mentales Wohlbefinden";"Allgemeines mentales Wohlbefinden";"Positive Dimensionstexte";"Positive Rückmeldung";"Positive Verstärkung für die Dimension mental";"Sie verfügen über spürbare mentale Ressourcen. Pflegen Sie weiterhin Pausen, Beziehungen und Dinge, die Ihnen guttun.";"Dispone di risorse mentali percepibili. Continui a curare le pause, le relazioni e le attività che Le fanno bene.";"";"";"Marketing, Medizin";"Prüfung erforderlich";"";"";"";"recommendation.positive.mental";"recommendations";"it-CH";"3";"v1:4c57ada7d55b51436b17bda45c5831ce8e05df24ae9d5f359035e7ea924ebe4f";"dcc601f8bac3105e63d3d90378eb0ede0e3e600ca97ceb58905bfec04f037f84"
"Mentales Wohlbefinden";"Allgemeines mentales Wohlbefinden";"Solide Dimensionstexte";"Solide Rückmeldung";"Zurückhaltende Rückmeldung für die Dimension mental im Status Solide";"Sie verfügen über mentale Ressourcen. Regelmässige Pausen, Beziehungen und hilfreiche Routinen können sie weiter stärken.";"Dispone di risorse mentali. Pause regolari, relazioni e routine utili possono rafforzarle ulteriormente.";"";"";"Marketing, Medizin";"Prüfung erforderlich";"Neu vom positiven Feedback ab Score 80 getrennt; durch Marketing und Medizin freigeben.";"";"";"recommendation.solid.mental";"recommendations";"it-CH";"3";"v1:4c57ada7d55b51436b17bda45c5831ce8e05df24ae9d5f359035e7ea924ebe4f";"2a9e5b17c37f808d01c7f5ad09a62f265f2143e67bf67a5ba42d910a8b8d1ee9"
"Mentales Wohlbefinden";"Allgemeines mentales Wohlbefinden";"Stärken";"Beschriftung";"Stärke · Mentales Wohlbefinden · Kurzlabel";"Psychische Widerstandskraft";"Resilienza psichica";"";"";"Marketing";"Prüfung erforderlich";"";"";"";"recommendation.strength.st_resilienz.label";"recommendations";"it-CH";"3";"v1:4c57ada7d55b51436b17bda45c5831ce8e05df24ae9d5f359035e7ea924ebe4f";"4f879c216cf8186bea7718c8c1728886ead8d5a9e51d08b9b28f2e0d829dd230"
"Mentales Wohlbefinden";"Allgemeines mentales Wohlbefinden";"Stärken";"Detailtext";"Stärke · Mentales Wohlbefinden · Detailtext";"Sie behalten in schwierigen Situationen den Überblick und finden Wege, klarzukommen – eine belastbare Ressource.";"Nelle situazioni difficili mantiene la visione d’insieme e trova modi per affrontarle: è una risorsa solida.";"";"";"Marketing, Medizin";"Prüfung erforderlich";"";"";"";"recommendation.strength.st_resilienz.detail";"recommendations";"it-CH";"3";"v1:4c57ada7d55b51436b17bda45c5831ce8e05df24ae9d5f359035e7ea924ebe4f";"eef53d29422bf17d0b66b16ce9575ca66a0c5df5ebf8c52a5c9bdae3c2060c1c"
"Mentales Wohlbefinden";"Allgemeines mentales Wohlbefinden";"Ergebnis-Einstieg";"Beschriftung";"Hero-Zusammenfassung, Dimension mental im Nominativ";"Ihr mentales Wohlbefinden";"Il Suo benessere mentale";"";"";"Marketing";"Prüfung erforderlich";"";"";"";"ui.hero.dimension.mental.nominative";"ui";"it-CH";"3";"v1:4c57ada7d55b51436b17bda45c5831ce8e05df24ae9d5f359035e7ea924ebe4f";"55664e0e29e64248a32bb040432f2559233f31abd78e8eafa07632121d0ea5be"
"Mentales Wohlbefinden";"Allgemeines mentales Wohlbefinden";"Ergebnis-Einstieg";"Beschriftung";"Hero-Zusammenfassung, Dimension mental nach «bei»";"bei Ihrem mentalen Wohlbefinden";"nel Suo benessere mentale";"";"";"Marketing";"Prüfung erforderlich";"";"";"";"ui.hero.dimension.mental.prepositional";"ui";"it-CH";"3";"v1:4c57ada7d55b51436b17bda45c5831ce8e05df24ae9d5f359035e7ea924ebe4f";"6d7a413138dc7ea0198dbca8b542df4dbaced7be6b1f0c8a9bd68fec8e5512c7"
"Mentales Wohlbefinden";"Belastung & Stresskompetenz";"Dimensionsdetails";"Überschrift";"Dimensionsdetail · Titel";"Spürbarer Druck im Alltag";"Pressione percepibile nella vita quotidiana";"";"";"Marketing, Medizin";"Prüfung erforderlich";"";"";"";"recommendation.signal.belastung.title";"recommendations";"it-CH";"3";"v1:4c57ada7d55b51436b17bda45c5831ce8e05df24ae9d5f359035e7ea924ebe4f";"2b3da26dc1c032afb3ea1b8732f3b1565a044270cf52cde6a901f514a7f074fa"
"Mentales Wohlbefinden";"Belastung & Stresskompetenz";"Dimensionsdetails";"Persönliche Einordnung";"Dimensionsdetail · Einordnung";"Erholung entsteht nicht in der Restzeit, die übrig bleibt – sie muss geplant werden wie ein Termin. Schon wenige Minuten bewusste Pause senken die Stressreaktion messbar.";"Il recupero non nasce nel tempo residuo: va pianificato come un appuntamento. Già pochi minuti di pausa consapevole riducono in modo misurabile la reazione allo stress.";"";"";"Marketing, Medizin";"Prüfung erforderlich";"";"";"";"recommendation.signal.belastung.insight";"recommendations";"it-CH";"3";"v1:4c57ada7d55b51436b17bda45c5831ce8e05df24ae9d5f359035e7ea924ebe4f";"4fd4933ff8b41b85bb96db52f1ab31efbb98de389db1cfea6b78a025afc8693a"
"Mentales Wohlbefinden";"Belastung & Stresskompetenz";"Dimensionsdetails";"Nächster Schritt";"Dimensionsdetail · konkreter nächster Schritt";"Zwei fixe 10-Minuten-Pausen pro Tag im Kalender blockieren – ohne Bildschirm.";"Blocchi nel calendario due pause fisse di 10 minuti al giorno, senza schermi.";"";"";"Marketing, Medizin";"Prüfung erforderlich";"";"";"";"recommendation.signal.belastung.action";"recommendations";"it-CH";"3";"v1:4c57ada7d55b51436b17bda45c5831ce8e05df24ae9d5f359035e7ea924ebe4f";"5aea4449422b8bc21be7b8c1a7f87afbe4f048983fd2bc1694638838e4882987"
"Mentales Wohlbefinden";"Belastung & Stresskompetenz";"Risikosignale";"Risikosignal";"Ergebnisseite, Lebensstil-Signal Belastung";"Sie stehen gerade spürbar unter Druck oder finden schwer zur Ruhe.";"In questo momento sente una pressione percepibile o fatica a rilassarsi.";"";"";"Marketing, Medizin";"Prüfung erforderlich";"";"";"";"recommendation.risk_signal.belastung.label";"recommendations";"it-CH";"3";"v1:4c57ada7d55b51436b17bda45c5831ce8e05df24ae9d5f359035e7ea924ebe4f";"3ea676a8eeb54bdc2166d736ff47e138490bfca3df8723cf19b95a1c3089461a"
"Mentales Wohlbefinden";"Belastung & Stresskompetenz";"Coach-Antworten";"Begründung / Einordnung";"Demo-Coach-Antwort zu Stress, Entspannung oder Atemübung";"Probieren Sie die Atemübung etwas weiter oben auf dieser Seite (4s ein · 7s halten · 8s aus) – schon ein paar Minuten können die Anspannung senken. Hält die Belastung länger an, ist Helsana für Sie da: Gesundheitsberatung <b>058 340 15 69</b>. Bei einer akuten Krise: <b>143</b>.";"Provi l’esercizio di respirazione poco più in alto in questa pagina (inspiri per 4 s · trattenga il respiro per 7 s · espiri per 8 s). Anche pochi minuti possono contribuire a ridurre la tensione. Se il carico persiste, Helsana è al Suo fianco: consulenza sanitaria al numero <b>058 340 15 69</b>. In caso di crisi acuta: <b>143</b>.";"";"";"Marketing, Medizin";"Prüfung erforderlich";"";"";"058 340 15 69 | 143";"coach.answer.breathing";"coach";"it-CH";"3";"v1:4c57ada7d55b51436b17bda45c5831ce8e05df24ae9d5f359035e7ea924ebe4f";"28206a7255ba7d9f0142df0a17181197f9c75782057a92bf775e38f75bff6ace"
"Mentales Wohlbefinden";"Belastung & Stresskompetenz";"Dimensionsdetails";"Überschrift";"Dimensionsdetail · Titel";"Erhöhte seelische Belastung";"Maggiore carico emotivo";"";"";"Marketing, Medizin";"Prüfung erforderlich";"";"";"";"recommendation.signal.hohe_belastung.title";"recommendations";"it-CH";"3";"v1:4c57ada7d55b51436b17bda45c5831ce8e05df24ae9d5f359035e7ea924ebe4f";"83b60657546016b1370a188b534fa307d5df79b17ea0fdabf3f4e0452d36c3d6"
"Mentales Wohlbefinden";"Belastung & Stresskompetenz";"Dimensionsdetails";"Persönliche Einordnung";"Dimensionsdetail · Einordnung";"Anhaltende Belastung verändert nachweislich auch körperliche Prozesse – Schlaf, Blutdruck, Immunsystem. Sie ist behandelbar, und früh geholt wirkt Unterstützung schneller.";"Un carico persistente modifica in modo comprovato anche processi fisici come sonno, pressione e sistema immunitario. È trattabile e, se richiesto precocemente, il sostegno agisce più rapidamente.";"";"";"Marketing, Medizin";"Prüfung erforderlich";"";"";"";"recommendation.signal.hohe_belastung.insight";"recommendations";"it-CH";"3";"v1:4c57ada7d55b51436b17bda45c5831ce8e05df24ae9d5f359035e7ea924ebe4f";"52c7ccdd7c32587fce908873be76598e226ae5b88b3f8b2942cf1823a0a1e657"
"Mentales Wohlbefinden";"Belastung & Stresskompetenz";"Dimensionsdetails";"Medizinische Klärung";"Dimensionsdetail · medizinischer Klärungshinweis";"Eine Fachperson unterscheidet vorübergehende Belastung von einer behandlungsbedürftigen Störung und findet die passende Begleitung.";"Una figura professionale distingue un carico temporaneo da un disturbo che richiede trattamento e individua l’accompagnamento adeguato.";"";"";"Marketing, Medizin";"Prüfung erforderlich";"";"";"";"recommendation.signal.hohe_belastung.clarify";"recommendations";"it-CH";"3";"v1:4c57ada7d55b51436b17bda45c5831ce8e05df24ae9d5f359035e7ea924ebe4f";"bb81cac413494efced96957259ca3828178ce13ff44cd6d14e4e5a31a73ca6f8"
"Mentales Wohlbefinden";"Belastung & Stresskompetenz";"Zusatzhinweise bei abgedeckten Aktionsschritten";"Vertiefung";"Zusatzhinweis bei bereits abgedecktem Aktionsschritt";"Eine Hausarztpraxis kann eine erste Anlaufstelle sein und bei Bedarf an passende psychologische oder psychiatrische Unterstützung weitervermitteln. Früh Unterstützung zu suchen kann helfen, Belastungen einzuordnen und geeignete Schritte zu beginnen.";"Lo studio del medico di famiglia può essere un primo punto di contatto e, se necessario, indirizzare verso un sostegno psicologico o psichiatrico adeguato. Cercare aiuto precocemente può aiutare a valutare il carico e ad avviare passi appropriati.";"";"";"Marketing, Medizin";"Prüfung erforderlich";"Unbelegte Aussage zur typischen Verkürzung und zum einzigen Versorgungsweg entfernt; durch Marketing und Medizin freigeben.";"";"";"recommendation.signal.hohe_belastung.deepen";"recommendations";"it-CH";"3";"v1:4c57ada7d55b51436b17bda45c5831ce8e05df24ae9d5f359035e7ea924ebe4f";"227add39b0808b7a712bf5017e29ca8d0e1f54f4e8eac8ac3a9e31e1b28e2c8f"
"Mentales Wohlbefinden";"Belastung & Stresskompetenz";"Risikosignale";"Risikosignal";"Ergebnisseite, medizinisches Signal hohe seelische Belastung";"Einige Ihrer Angaben deuten auf eine erhöhte seelische Belastung hin – eine fachliche Begleitung kann entlasten.";"Alcune Sue indicazioni suggeriscono un maggiore carico emotivo: un accompagnamento professionale può dare sollievo.";"";"";"Marketing, Medizin";"Prüfung erforderlich";"";"";"";"recommendation.risk_signal.hohe_belastung.label";"recommendations";"it-CH";"3";"v1:4c57ada7d55b51436b17bda45c5831ce8e05df24ae9d5f359035e7ea924ebe4f";"495dd0e97a8ae15462de3e9d78bdf66aaa288c199f3182915ecb2c29396f5a69"
"Mentales Wohlbefinden";"Belastung & Stresskompetenz";"Handlungsfelder";"Beschriftung";"Handlungsfeld · Mentales Wohlbefinden · Kurzlabel";"Unterstützung annehmen – ein Gespräch mit einer Fachperson";"Accettare sostegno: un colloquio con una figura professionale";"";"";"Marketing, Medizin";"Prüfung erforderlich";"";"";"";"recommendation.lever.lv_mental_support.label";"recommendations";"it-CH";"3";"v1:4c57ada7d55b51436b17bda45c5831ce8e05df24ae9d5f359035e7ea924ebe4f";"65465d85a7dea391f65d0f209bd374ed7fbaa4f5b4ad7932342247755e0caac4"
"Mentales Wohlbefinden";"Belastung & Stresskompetenz";"Handlungsfelder";"Detailtext";"Handlungsfeld · Mentales Wohlbefinden · Detailtext";"Ihre Antworten zeigen eine spürbare Belastung. Sich Unterstützung zu holen ist ein Zeichen von Stärke – und wirkt.";"Le Sue risposte mostrano un carico percepibile. Chiedere sostegno è un segno di forza ed è efficace.";"";"";"Marketing, Medizin";"Prüfung erforderlich";"";"";"";"recommendation.lever.lv_mental_support.detail";"recommendations";"it-CH";"3";"v1:4c57ada7d55b51436b17bda45c5831ce8e05df24ae9d5f359035e7ea924ebe4f";"95f0d9653bc60ee11e620adf60251bb39222f53d38bc25e0aa25867a87d0e11d"
"Mentales Wohlbefinden";"Belastung & Stresskompetenz";"Handlungsfelder";"Beschriftung";"Handlungsfeld · Mentales Wohlbefinden · Kurzlabel";"Stresskompetenz gezielt stärken";"Rafforzare in modo mirato la gestione dello stress";"";"";"Marketing, Medizin";"Prüfung erforderlich";"";"";"";"recommendation.lever.lv_stresskompetenz.label";"recommendations";"it-CH";"3";"v1:4c57ada7d55b51436b17bda45c5831ce8e05df24ae9d5f359035e7ea924ebe4f";"e1a0761abbad5e8ef16b4ea1ea25d12d1124669d59d20dff5780b437fe095dc7"
"Mentales Wohlbefinden";"Belastung & Stresskompetenz";"Handlungsfelder";"Detailtext";"Handlungsfeld · Mentales Wohlbefinden · Detailtext";"Umgang mit Druck ist lernbar – Atemübungen, kurze Pausen und klare Prioritäten sind wirksame erste Werkzeuge.";"Gestire la pressione si può imparare: esercizi di respirazione, brevi pause e priorità chiare sono primi strumenti efficaci.";"";"";"Marketing, Medizin";"Prüfung erforderlich";"";"";"";"recommendation.lever.lv_stresskompetenz.detail";"recommendations";"it-CH";"3";"v1:4c57ada7d55b51436b17bda45c5831ce8e05df24ae9d5f359035e7ea924ebe4f";"b3c35b81aebb92b9b4cb42894ed888ca888b99eeb332bea3992a70d2a8195a22"
"Mentales Wohlbefinden";"Belastung & Stresskompetenz";"Empfehlungskarten";"Überschrift";"Empfehlungskarte · Mentales Wohlbefinden · Titel";"Belastung aktiv ausgleichen";"Compensare attivamente lo stress";"";"";"Marketing";"Prüfung erforderlich";"";"";"";"recommendation.catalog.me_belastung.title";"recommendations";"it-CH";"3";"v1:4c57ada7d55b51436b17bda45c5831ce8e05df24ae9d5f359035e7ea924ebe4f";"a33dd98d1e6ad395916dd925cb04c3e977c2e5b16009e332610e870dd2e74989"
"Mentales Wohlbefinden";"Belastung & Stresskompetenz";"Empfehlungskarten";"Begründung / Einordnung";"Empfehlungskarte · Mentales Wohlbefinden · Begründung";"Sie stehen gerade spürbar unter Druck oder finden schwer zur Ruhe. Dauerhafte Anspannung wirkt sich auf Schlaf, Herz, Stoffwechsel und Stimmung aus.";"In questo momento sente una pressione marcata o fatica a rilassarsi. Una tensione persistente influisce sul sonno, sul cuore, sul metabolismo e sull’umore.";"";"";"Marketing, Medizin";"Prüfung erforderlich";"";"";"";"recommendation.catalog.me_belastung.why";"recommendations";"it-CH";"3";"v1:4c57ada7d55b51436b17bda45c5831ce8e05df24ae9d5f359035e7ea924ebe4f";"9ffe21678bdcd7827d985eaa4ac82eee47a8c129ad44e742d6720c80e0b18bee"
"Mentales Wohlbefinden";"Belastung & Stresskompetenz";"Empfehlungskarten";"Nächster Schritt";"Empfehlungskarte · Mentales Wohlbefinden · konkreter nächster Schritt";"Planen Sie täglich eine kurze bewusste Pause: ein paar tiefe Atemzüge, ein Spaziergang oder ein paar Minuten ohne Bildschirm.";"Pianifichi ogni giorno una breve pausa consapevole: alcuni respiri profondi, una passeggiata o qualche minuto senza schermi.";"";"";"Marketing, Medizin";"Prüfung erforderlich";"";"";"";"recommendation.catalog.me_belastung.step";"recommendations";"it-CH";"3";"v1:4c57ada7d55b51436b17bda45c5831ce8e05df24ae9d5f359035e7ea924ebe4f";"55b4f68c32c12206ebcae06e05f3e13bfe1d37af8d0359b85eb7a8dcc82afc0d"
"Mentales Wohlbefinden";"Belastung & Stresskompetenz";"Empfehlungskarten";"Erwarteter Nutzen";"Empfehlungskarte · Mentales Wohlbefinden · erwarteter Nutzen";"Regelmässige Mini-Pausen senken die Anspannung und stärken Ihre Widerstandskraft.";"Pause brevi e regolari riducono la tensione e rafforzano la Sua resilienza.";"";"";"Marketing, Medizin";"Prüfung erforderlich";"";"";"";"recommendation.catalog.me_belastung.benefit";"recommendations";"it-CH";"3";"v1:4c57ada7d55b51436b17bda45c5831ce8e05df24ae9d5f359035e7ea924ebe4f";"827a3fe518f50b5e9e8d8db0b9772d88ef72b9aa03d916880520164b5ab15a23"
"Mentales Wohlbefinden";"Belastung & Stresskompetenz";"4-Wochen-Pläne";"4-Wochen-Plan";"4-Wochen-Plan · Diese Woche";"Planen Sie <b>zwei fixe 10-Minuten-Pausen pro Tag</b> fest in den Kalender – ohne Bildschirm. Erholung entsteht nicht in der Restzeit, sie muss wie ein Termin geplant werden.";"Inserisca nel calendario <b>due pause fisse di 10 minuti al giorno</b>, senza schermi. Il recupero non nasce nel tempo residuo: va pianificato come un appuntamento.";"";"";"Marketing, Medizin";"Prüfung erforderlich";"";"";"";"recommendation.plan.me_belastung.this_week";"recommendations";"it-CH";"3";"v1:4c57ada7d55b51436b17bda45c5831ce8e05df24ae9d5f359035e7ea924ebe4f";"1a1dcdface87dea5a95443c163a3de1ab58f06451c3c15d538bc530c35c18cd6"
"Mentales Wohlbefinden";"Belastung & Stresskompetenz";"4-Wochen-Pläne";"4-Wochen-Plan";"4-Wochen-Plan · Woche 2–3";"Bauen Sie eine kurze Technik ein, die nachweislich die Stressreaktion senkt: einige Minuten bewusste, langsame Atmung (z. B. 4 Sek. ein, 6 Sek. aus) oder ein Spaziergang in der Natur. Regelmässigkeit wirkt stärker als Dauer.";"Introduca una breve tecnica che riduce in modo comprovato la reazione allo stress: alcuni minuti di respirazione lenta e consapevole (ad es. 4 sec. inspirare, 6 sec. espirare) oppure una passeggiata nella natura. La regolarità è più efficace della durata.";"";"";"Marketing, Medizin";"Prüfung erforderlich";"";"";"";"recommendation.plan.me_belastung.weeks_2_3";"recommendations";"it-CH";"3";"v1:4c57ada7d55b51436b17bda45c5831ce8e05df24ae9d5f359035e7ea924ebe4f";"026af40e909d6734762d508053a371deae7f8530233460281219c2e240083856"
"Mentales Wohlbefinden";"Belastung & Stresskompetenz";"4-Wochen-Pläne";"4-Wochen-Plan";"4-Wochen-Plan · Woche 4";"Machen Sie die wirksamste Pause zum festen täglichen Ritual. Bemerken Sie, dass die Belastung dauerhaft hoch bleibt, holen Sie sich zusätzlich Unterstützung – das ist ein Zeichen von Stärke.";"Faccia della pausa più efficace un rituale quotidiano fisso. Se nota che il carico rimane costantemente elevato, cerchi anche sostegno: è un segno di forza.";"";"";"Marketing, Medizin";"Prüfung erforderlich";"";"";"";"recommendation.plan.me_belastung.week_4";"recommendations";"it-CH";"3";"v1:4c57ada7d55b51436b17bda45c5831ce8e05df24ae9d5f359035e7ea924ebe4f";"5d5aa7569334ec5d0293e1a2f0c965266f2b45c07061af336d690c218f30a667"
"Mentales Wohlbefinden";"Belastung & Stresskompetenz";"Empfehlungskarten";"Überschrift";"Empfehlungskarte · Mentales Wohlbefinden · Titel";"Unterstützung holen – Sie müssen das nicht allein tragen";"Chiedere sostegno: non deve affrontare tutto da solo/a";"";"";"Marketing, Medizin";"Prüfung erforderlich";"";"";"";"recommendation.catalog.me_unterstuetzung.title";"recommendations";"it-CH";"3";"v1:4c57ada7d55b51436b17bda45c5831ce8e05df24ae9d5f359035e7ea924ebe4f";"07e627b1ec7e45377ff0d0a771cb991b06d99de3fa1699451a8a71602f833dab"
"Mentales Wohlbefinden";"Belastung & Stresskompetenz";"Empfehlungskarten";"Begründung / Einordnung";"Empfehlungskarte · Mentales Wohlbefinden · Begründung";"Einige Ihrer Antworten deuten auf eine erhöhte seelische Belastung hin. Das kann jede und jeden treffen und ist kein Zeichen von Schwäche. Hilfe anzunehmen ist ein starker Schritt.";"Alcune Sue risposte indicano un maggiore carico emotivo. Può accadere a chiunque e non è un segno di debolezza. Accettare aiuto è un passo importante.";"";"";"Marketing, Medizin";"Prüfung erforderlich";"";"";"";"recommendation.catalog.me_unterstuetzung.why";"recommendations";"it-CH";"3";"v1:4c57ada7d55b51436b17bda45c5831ce8e05df24ae9d5f359035e7ea924ebe4f";"191bf4a48eef966c1c25d8ad2556e2a9121e2901e56375596f4be7390217b1c8"
"Mentales Wohlbefinden";"Belastung & Stresskompetenz";"Empfehlungskarten";"Nächster Schritt";"Empfehlungskarte · Mentales Wohlbefinden · konkreter nächster Schritt";"Sprechen Sie mit einer Vertrauensperson und ziehen Sie professionelle Unterstützung in Betracht. In einer akuten Krise wenden Sie sich sofort an eine Notfallstelle (z. B. Tel. 143, «Die Dargebotene Hand») oder den Notruf 144.";"Parli con una persona di fiducia e consideri un sostegno professionale. In una crisi acuta si rivolga immediatamente a un servizio d’emergenza (ad es. tel. 143, «Telefono Amico») oppure chiami il numero d’emergenza 144.";"";"";"Marketing, Medizin";"Prüfung erforderlich";"";"";"143 | 144";"recommendation.catalog.me_unterstuetzung.step";"recommendations";"it-CH";"3";"v1:4c57ada7d55b51436b17bda45c5831ce8e05df24ae9d5f359035e7ea924ebe4f";"f79c4239672e09ba8fef2dccf17f2ffc65c27246816e17f3352f5ea8fb55e080"
"Mentales Wohlbefinden";"Belastung & Stresskompetenz";"Empfehlungskarten";"Erwarteter Nutzen";"Empfehlungskarte · Mentales Wohlbefinden · erwarteter Nutzen";"Frühe Unterstützung entlastet spürbar und eröffnet neue Handlungsmöglichkeiten.";"Un sostegno precoce allevia sensibilmente il carico e apre nuove possibilità d’azione.";"";"";"Marketing, Medizin";"Prüfung erforderlich";"";"";"";"recommendation.catalog.me_unterstuetzung.benefit";"recommendations";"it-CH";"3";"v1:4c57ada7d55b51436b17bda45c5831ce8e05df24ae9d5f359035e7ea924ebe4f";"6ac678ebe7b8eccfac02944d1919a527ded44e24f1158267fa2b2967b10bddc0"
"Mentales Wohlbefinden";"Belastung & Stresskompetenz";"4-Wochen-Pläne";"4-Wochen-Plan";"4-Wochen-Plan · Diese Woche";"Machen Sie den ersten Schritt: Sprechen Sie mit Ihrer Hausärztin oder Ihrem Hausarzt – das ist der übliche und unkomplizierte Einstieg in psychologische Unterstützung. Wenn es akut wird, ist die <b>Dargebotene Hand: 143</b> rund um die Uhr erreichbar, kostenlos und anonym.";"Faccia il primo passo: parli con il medico di famiglia; è il modo abituale e semplice per accedere a un sostegno psicologico. Se la situazione diventa acuta, il <b>Telefono Amico: 143</b> è raggiungibile a qualsiasi ora, gratuitamente e in forma anonima.";"";"";"Marketing, Medizin";"Prüfung erforderlich";"";"";"143";"recommendation.plan.me_unterstuetzung.this_week";"recommendations";"it-CH";"3";"v1:4c57ada7d55b51436b17bda45c5831ce8e05df24ae9d5f359035e7ea924ebe4f";"5f5f9e9db0bf394715dcd1977fe4bc96112a3b37ce2ecd9be38045224d65f281"
"Mentales Wohlbefinden";"Belastung & Stresskompetenz";"4-Wochen-Pläne";"4-Wochen-Plan";"4-Wochen-Plan · Woche 2–3";"Bis zum Termin: Schreiben Sie täglich zwei Minuten auf, was belastet und was gut tat. Das klingt banal, verschafft aber Abstand – und Sie kommen mit konkretem Material ins Gespräch, statt es aus dem Moment heraus rekonstruieren zu müssen. Sagen Sie zusätzlich einer Person Ihres Vertrauens, wie es Ihnen geht.";"Fino all’appuntamento, scriva ogni giorno per due minuti ciò che Le pesa e ciò che Le ha fatto bene. Può sembrare banale, ma aiuta a prendere le distanze e ad arrivare al colloquio con elementi concreti invece di doverli ricostruire sul momento. Dica inoltre a una persona di fiducia come si sente.";"";"";"Marketing, Medizin";"Prüfung erforderlich";"";"";"";"recommendation.plan.me_unterstuetzung.weeks_2_3";"recommendations";"it-CH";"3";"v1:4c57ada7d55b51436b17bda45c5831ce8e05df24ae9d5f359035e7ea924ebe4f";"f1ef3301216fc814a4b60acc1abcd567ee186ac7bce77c3f4c6251f2520e7262"
"Mentales Wohlbefinden";"Belastung & Stresskompetenz";"4-Wochen-Pläne";"4-Wochen-Plan";"4-Wochen-Plan · Woche 4";"Dranbleiben ist hier das Ziel, nicht Leistung. Psychische Belastung ist behandelbar, und frühe Unterstützung verkürzt den Verlauf deutlich. Halten Sie den vereinbarten Termin – auch wenn es Ihnen zwischenzeitlich besser geht.";"L’obiettivo è continuare, non ottenere una prestazione. Il disagio psichico è trattabile e un sostegno precoce ne accorcia sensibilmente il decorso. Mantenga l’appuntamento concordato, anche se nel frattempo si sente meglio.";"";"";"Marketing, Medizin";"Prüfung erforderlich";"";"";"";"recommendation.plan.me_unterstuetzung.week_4";"recommendations";"it-CH";"3";"v1:4c57ada7d55b51436b17bda45c5831ce8e05df24ae9d5f359035e7ea924ebe4f";"0a19885bbf20f2f29ff5ab52701abffafdb76cbd83880d8fb64d3e4e3ca5037e"
"Mentales Wohlbefinden";"Belastung & Stresskompetenz";"Atemübung";"Beschriftung";"Atemübungs-Sektion, Rubrik";"Technik zum Sofort-Anwenden";"Tecnica da applicare subito";"";"";"Marketing";"Prüfung erforderlich";"";"";"";"ui.breathing.eyebrow";"ui";"it-CH";"3";"v1:4c57ada7d55b51436b17bda45c5831ce8e05df24ae9d5f359035e7ea924ebe4f";"4c5f6ea63328c29d9ca9a36df939db454d7a2aa416a40554455067236d5250d3"
"Mentales Wohlbefinden";"Belastung & Stresskompetenz";"Atemübung";"Überschrift";"Atemübungs-Sektion, Überschrift";"Kurze Atemübung zum Runterkommen";"Breve esercizio di respirazione per ritrovare la calma";"";"";"Marketing";"Prüfung erforderlich";"";"";"";"ui.breathing.title";"ui";"it-CH";"3";"v1:4c57ada7d55b51436b17bda45c5831ce8e05df24ae9d5f359035e7ea924ebe4f";"a0a482af97b447083366c7b9d5da8c45b14ff793763e11e2ea9e4f636ea69d3c"
"Mentales Wohlbefinden";"Belastung & Stresskompetenz";"Atemübung";"Begründung / Einordnung";"Kurzanleitung unter dem Atemkreis";"<b>4s</b> einatmen · <b>7s</b> halten · <b>8s</b> ausatmen. Sie können jederzeit abbrechen.";"<b>4 s</b> inspirare · <b>7 s</b> trattenere · <b>8 s</b> espirare. Può interrompere in qualsiasi momento.";"";"";"Marketing, Medizin";"Prüfung erforderlich";"";"";"";"ui.breathing.instructions";"ui";"it-CH";"3";"v1:4c57ada7d55b51436b17bda45c5831ce8e05df24ae9d5f359035e7ea924ebe4f";"e88771d54beb106c2a8590123f538288b5950ccf6814698a342ecce03a65255c"
"Mentales Wohlbefinden";"Belastung & Stresskompetenz";"Atemübung";"Dynamischer Text";"Atemübungs-Sektion, Beschreibung mit optionalem Belastungshinweis";"Die 4-7-8-Atmung kann Anspannung in wenigen Minuten senken{{stressHint}}. Atmen Sie einfach mit dem Kreis.";"La respirazione 4-7-8 può ridurre la tensione in pochi minuti{{stressHint}}. Segua semplicemente il cerchio con il respiro.";"";"";"Marketing, Medizin";"Prüfung erforderlich";"";"{{stressHint}}";"";"ui.breathing.description";"ui";"it-CH";"3";"v1:4c57ada7d55b51436b17bda45c5831ce8e05df24ae9d5f359035e7ea924ebe4f";"18c2911c45c17173ccdf4207c7d3b455647583fbfd262a4cc70b9203c0cfa414"
"Mentales Wohlbefinden";"Belastung & Stresskompetenz";"Atemübung";"Dynamischer Text";"Dynamischer Zusatz bei aktivem Belastungssignal";" – gerade bei erhöhter Anspannung, wie sie Ihre Antworten andeuten";" – soprattutto in caso di maggiore tensione, come suggeriscono le Sue risposte";"";"";"Marketing, Medizin";"Prüfung erforderlich";"";"";"";"ui.breathing.stress_hint";"ui";"it-CH";"3";"v1:4c57ada7d55b51436b17bda45c5831ce8e05df24ae9d5f359035e7ea924ebe4f";"f5d8899a5ea427e092d94bf498bfd66acfc0c2835164af77ea019335506342f3"
"Mentales Wohlbefinden";"Belastung & Stresskompetenz";"Atemübung";"Nächster Schritt";"Button zum Beenden der Atemübung";"Übung beenden";"Termina esercizio";"";"";"Marketing";"Prüfung erforderlich";"";"";"";"ui.breathing.button.stop";"ui";"it-CH";"3";"v1:4c57ada7d55b51436b17bda45c5831ce8e05df24ae9d5f359035e7ea924ebe4f";"46a7264e33f560189db610c329a07ef842010ca0e9b4bf4b75568b3e74e54d8d"
"Mentales Wohlbefinden";"Belastung & Stresskompetenz";"Atemübung";"Nächster Schritt";"Button zum Starten der Atemübung";"Übung starten";"Avvia esercizio";"";"";"Marketing";"Prüfung erforderlich";"";"";"";"ui.breathing.button.start";"ui";"it-CH";"3";"v1:4c57ada7d55b51436b17bda45c5831ce8e05df24ae9d5f359035e7ea924ebe4f";"82f127cdd350a717e7b855e68dd9be56ec7c73f2dfdfd69eee468193e17eb825"
"Mentales Wohlbefinden";"Belastung & Stresskompetenz";"Atemübung";"Beschriftung";"Atemkreis vor beziehungsweise nach der Übung";"Bereit?";"Iniziamo?";"";"";"Marketing";"Prüfung erforderlich";"";"";"";"ui.breathing.cue.ready";"ui";"it-CH";"3";"v1:4c57ada7d55b51436b17bda45c5831ce8e05df24ae9d5f359035e7ea924ebe4f";"aab245744331512eda5b6b55ddc492135cf1fa7d0c38ff028694588008cec6a4"
"Mentales Wohlbefinden";"Belastung & Stresskompetenz";"Atemübung";"Beschriftung";"Atemkreis, Ausatemphase";"Ausatmen";"Espirare";"";"";"Marketing";"Prüfung erforderlich";"";"";"";"ui.breathing.cue.exhale";"ui";"it-CH";"3";"v1:4c57ada7d55b51436b17bda45c5831ce8e05df24ae9d5f359035e7ea924ebe4f";"82064513f9973b43c133224e3ff9d77f61ca54c61d2a89b756b80903c24e95b9"
"Mentales Wohlbefinden";"Belastung & Stresskompetenz";"Atemübung";"Beschriftung";"Atemkreis, Einatemphase";"Einatmen";"Inspirare";"";"";"Marketing";"Prüfung erforderlich";"";"";"";"ui.breathing.cue.inhale";"ui";"it-CH";"3";"v1:4c57ada7d55b51436b17bda45c5831ce8e05df24ae9d5f359035e7ea924ebe4f";"11406a83f0af20b0597714defdce25c42c46a205281207f11fbd13896cdf115e"
"Mentales Wohlbefinden";"Belastung & Stresskompetenz";"Atemübung";"Beschriftung";"Atemkreis, Haltephase";"Halten";"Trattenere";"";"";"Marketing";"Prüfung erforderlich";"";"";"";"ui.breathing.cue.hold";"ui";"it-CH";"3";"v1:4c57ada7d55b51436b17bda45c5831ce8e05df24ae9d5f359035e7ea924ebe4f";"f6c5c306e2cfe0cc0461007ed882c4832e9009022b13604a8ee51f515b3d4c92"
"Mentales Wohlbefinden";"Belastung & Stresskompetenz";"Atemübung";"Beschriftung";"Zähler vor Beginn der Atemübung";"0 Zyklen";"0 cicli";"";"";"Marketing";"Prüfung erforderlich";"";"";"";"ui.breathing.cycles.initial";"ui";"it-CH";"3";"v1:4c57ada7d55b51436b17bda45c5831ce8e05df24ae9d5f359035e7ea924ebe4f";"e145766968e8624f733cdbcaf069601eb8d413a913bba5d87791c29e7444a136"
"Mentales Wohlbefinden";"Belastung & Stresskompetenz";"Atemübung";"Dynamischer Text";"Zähler bei genau einem Atemzyklus";"{{cycleCount}} Zyklus";"{{cycleCount}} ciclo";"";"";"Marketing";"Prüfung erforderlich";"";"{{cycleCount}}";"";"ui.breathing.cycles.one";"ui";"it-CH";"3";"v1:4c57ada7d55b51436b17bda45c5831ce8e05df24ae9d5f359035e7ea924ebe4f";"b89b4f56499604a798c5588e82ca5a9b1a5d9efe9b8c316daa409168d12710d6"
"Mentales Wohlbefinden";"Belastung & Stresskompetenz";"Atemübung";"Dynamischer Text";"Zähler bei mehreren Atemzyklen";"{{cycleCount}} Zyklen";"{{cycleCount}} cicli";"";"";"Marketing";"Prüfung erforderlich";"";"{{cycleCount}}";"";"ui.breathing.cycles.multiple";"ui";"it-CH";"3";"v1:4c57ada7d55b51436b17bda45c5831ce8e05df24ae9d5f359035e7ea924ebe4f";"ee4f3c89d042da6adc665ea6dfcdea8003e3a4112ea526199fcb1ca91124b78a"
"Mentales Wohlbefinden";"Belastung & Stresskompetenz";"Ergebnis-Einstieg";"Beschriftung";"Ergebnis-Zusammenfassung · Themenlabel «Belastung & Stresskompetenz»";"Belastbarkeit";"capacità di affrontare i carichi";"";"";"Marketing";"Prüfung erforderlich";"";"";"";"ui.hero.topic.belastbarkeit";"ui";"it-CH";"3";"v1:4c57ada7d55b51436b17bda45c5831ce8e05df24ae9d5f359035e7ea924ebe4f";"c2f5287de73aa1c924764c9ebaf37adda61a7d64f75afee80d271483d264a6c7"
"Mentales Wohlbefinden";"Belastung & Stresskompetenz";"Ergebnis-Einstieg";"Beschriftung";"Ergebnis-Zusammenfassung · Themenlabel «Belastung & Stresskompetenz»";"Umgang mit Belastung";"gestione del carico";"";"";"Marketing";"Prüfung erforderlich";"";"";"";"ui.hero.topic.coping";"ui";"it-CH";"3";"v1:4c57ada7d55b51436b17bda45c5831ce8e05df24ae9d5f359035e7ea924ebe4f";"e0b9157475a87ab283ff384116d5f3300c4c44c47429564620e3368b38b1cf4b"
"Mentales Wohlbefinden";"Selbstfürsorge & positive Emotionen";"Handlungsfelder";"Beschriftung";"Handlungsfeld · Mentales Wohlbefinden · Kurzlabel";"Feste Erholungsinseln im Alltag einplanen";"Pianificare momenti fissi di recupero nella vita quotidiana";"";"";"Marketing, Medizin";"Prüfung erforderlich";"";"";"";"recommendation.lever.lv_selbstfuersorge.label";"recommendations";"it-CH";"3";"v1:4c57ada7d55b51436b17bda45c5831ce8e05df24ae9d5f359035e7ea924ebe4f";"98c7784febae8749c7d6210a744ed10961c937bbd3b09bcad8157f3d9ce489c8"
"Mentales Wohlbefinden";"Selbstfürsorge & positive Emotionen";"Handlungsfelder";"Detailtext";"Handlungsfeld · Mentales Wohlbefinden · Detailtext";"Erholung passiert selten von allein – planen Sie kleine, fixe Momente der Ruhe wie einen Termin mit sich selbst.";"Il recupero avviene raramente da solo: pianifichi piccoli momenti fissi di tranquillità come un appuntamento con sé stesso/a.";"";"";"Marketing, Medizin";"Prüfung erforderlich";"";"";"";"recommendation.lever.lv_selbstfuersorge.detail";"recommendations";"it-CH";"3";"v1:4c57ada7d55b51436b17bda45c5831ce8e05df24ae9d5f359035e7ea924ebe4f";"e5cf5e516416bd55a2c5965dfa21e4017ebbfe5150924eebf1a3d5e70c2b3266"
"Mentales Wohlbefinden";"Selbstfürsorge & positive Emotionen";"Empfehlungskarten";"Überschrift";"Empfehlungskarte · Mentales Wohlbefinden · Titel";"Eine kleine Erholungsroutine etablieren";"Stabilire una piccola routine di recupero";"";"";"Marketing";"Prüfung erforderlich";"";"";"";"recommendation.catalog.me_selbstfuersorge.title";"recommendations";"it-CH";"3";"v1:4c57ada7d55b51436b17bda45c5831ce8e05df24ae9d5f359035e7ea924ebe4f";"b1886a2887650a84ce128e8adc0e4650c8be8f985499fa48cc8c3e5c209011dd"
"Mentales Wohlbefinden";"Selbstfürsorge & positive Emotionen";"Empfehlungskarten";"Begründung / Einordnung";"Empfehlungskarte · Mentales Wohlbefinden · Begründung";"Regelmässiges Auftanken hilft, Belastungen besser zu verarbeiten. Aktuell nehmen Sie sich dafür wenig bewusste Zeit.";"Ricaricarsi regolarmente aiuta a gestire meglio le sollecitazioni. Attualmente vi dedica poco tempo in modo consapevole.";"";"";"Marketing, Medizin";"Prüfung erforderlich";"";"";"";"recommendation.catalog.me_selbstfuersorge.why";"recommendations";"it-CH";"3";"v1:4c57ada7d55b51436b17bda45c5831ce8e05df24ae9d5f359035e7ea924ebe4f";"85ceb6adb67536e5e60472f2cab9ed99986398a32dbc7dfca0f6a200b6785745"
"Mentales Wohlbefinden";"Selbstfürsorge & positive Emotionen";"Empfehlungskarten";"Nächster Schritt";"Empfehlungskarte · Mentales Wohlbefinden · konkreter nächster Schritt";"Wählen Sie eine Aktivität, die Ihnen guttut (Bewegung, Natur, Musik, Hobby), und reservieren Sie dafür diese Woche zwei feste Zeitfenster.";"Scelga un’attività che Le fa bene (movimento, natura, musica, hobby) e questa settimana le riservi due momenti fissi.";"";"";"Marketing, Medizin";"Prüfung erforderlich";"";"";"";"recommendation.catalog.me_selbstfuersorge.step";"recommendations";"it-CH";"3";"v1:4c57ada7d55b51436b17bda45c5831ce8e05df24ae9d5f359035e7ea924ebe4f";"f41f744fe95345b9a4ce1391559ff41fd50fab9afc87d04bbb18153f201eda88"
"Mentales Wohlbefinden";"Selbstfürsorge & positive Emotionen";"Empfehlungskarten";"Erwarteter Nutzen";"Empfehlungskarte · Mentales Wohlbefinden · erwarteter Nutzen";"Bewusste Erholung stärkt Ihre mentale Widerstandskraft im Alltag.";"Un recupero consapevole rafforza la Sua resilienza mentale nella vita quotidiana.";"";"";"Marketing, Medizin";"Prüfung erforderlich";"";"";"";"recommendation.catalog.me_selbstfuersorge.benefit";"recommendations";"it-CH";"3";"v1:4c57ada7d55b51436b17bda45c5831ce8e05df24ae9d5f359035e7ea924ebe4f";"c63bac42f732955c7fe7be5956cddb54af176a33e007bdbfa9704b5b00a5e26d"
"Mentales Wohlbefinden";"Selbstfürsorge & positive Emotionen";"4-Wochen-Pläne";"4-Wochen-Plan";"4-Wochen-Plan · Diese Woche";"Planen Sie <b>eine feste kleine Erholungsinsel pro Tag</b> – wie einen Termin mit sich selbst (10 Minuten ohne Bildschirm, Spaziergang, Tee, Musik). Erholung entsteht selten von allein.";"Pianifichi <b>un piccolo momento fisso di recupero al giorno</b>, come un appuntamento con sé stesso/a: 10 minuti senza schermi, una passeggiata, un tè o musica. Il recupero raramente avviene da solo.";"";"";"Marketing, Medizin";"Prüfung erforderlich";"";"";"";"recommendation.plan.me_selbstfuersorge.this_week";"recommendations";"it-CH";"3";"v1:4c57ada7d55b51436b17bda45c5831ce8e05df24ae9d5f359035e7ea924ebe4f";"313ddef4d6a96cc558338f54bcfafd85c7c92eeea73d32ad91e6428914e2a2f4"
"Mentales Wohlbefinden";"Selbstfürsorge & positive Emotionen";"4-Wochen-Pläne";"4-Wochen-Plan";"4-Wochen-Plan · Woche 2–3";"Beobachten Sie, was Ihnen wirklich Energie gibt (nicht nur ablenkt), und bauen Sie davon mehr ein. Kurze, regelmässige Momente wirken stärker als seltene lange Auszeiten.";"Osservi che cosa Le dà davvero energia, non soltanto distrazione, e ne inserisca di più. Momenti brevi e regolari sono più efficaci di rare pause lunghe.";"";"";"Marketing, Medizin";"Prüfung erforderlich";"";"";"";"recommendation.plan.me_selbstfuersorge.weeks_2_3";"recommendations";"it-CH";"3";"v1:4c57ada7d55b51436b17bda45c5831ce8e05df24ae9d5f359035e7ea924ebe4f";"4310d261e3c0f34e25c51ef827d2e7d02c4058ce1d6af0d8b8d6f9043c56eadb"
"Mentales Wohlbefinden";"Selbstfürsorge & positive Emotionen";"4-Wochen-Pläne";"4-Wochen-Plan";"4-Wochen-Plan · Woche 4";"Machen Sie die wirksamste Erholungsinsel zum festen täglichen Ritual, das nicht verhandelbar ist.";"Faccia del momento di recupero più efficace un rituale quotidiano fisso e non negoziabile.";"";"";"Marketing, Medizin";"Prüfung erforderlich";"";"";"";"recommendation.plan.me_selbstfuersorge.week_4";"recommendations";"it-CH";"3";"v1:4c57ada7d55b51436b17bda45c5831ce8e05df24ae9d5f359035e7ea924ebe4f";"b6c5d816f607bc4b6c0b12aa8f68f79e910ac7b51ee30b3df3afb5cb683748b1"
"Mentales Wohlbefinden";"Selbstfürsorge & positive Emotionen";"Ergebnis-Einstieg";"Beschriftung";"Ergebnis-Zusammenfassung · Themenlabel «Selbstfürsorge & positive Emotionen»";"positive Momente im Alltag";"momenti positivi nella vita quotidiana";"";"";"Marketing";"Prüfung erforderlich";"";"";"";"ui.hero.topic.positive_emotionen";"ui";"it-CH";"3";"v1:4c57ada7d55b51436b17bda45c5831ce8e05df24ae9d5f359035e7ea924ebe4f";"e1d560758734d70f462ea41a7fe06410b3d99008f0162bd1b7d5bab7e6479f66"
"Mentales Wohlbefinden";"Selbstfürsorge & positive Emotionen";"Ergebnis-Einstieg";"Beschriftung";"Ergebnis-Zusammenfassung · Themenlabel «Selbstfürsorge & positive Emotionen»";"Selbstfürsorge";"cura di sé";"";"";"Marketing";"Prüfung erforderlich";"";"";"";"ui.hero.topic.selbstfuersorge";"ui";"it-CH";"3";"v1:4c57ada7d55b51436b17bda45c5831ce8e05df24ae9d5f359035e7ea924ebe4f";"8f79237a3b13a2396edfbf27b61e5bb90f7d4be5e40d70bfc20f0297ec04ad89"
"Mentales Wohlbefinden";"Sinn & Selbstwirksamkeit";"Empfehlungskarten";"Überschrift";"Empfehlungskarte · Mentales Wohlbefinden · Titel";"Sinn und Zuversicht stärken";"Rafforzare il senso e la fiducia";"";"";"Marketing";"Prüfung erforderlich";"";"";"";"recommendation.catalog.me_sinn.title";"recommendations";"it-CH";"3";"v1:4c57ada7d55b51436b17bda45c5831ce8e05df24ae9d5f359035e7ea924ebe4f";"be7f5c610fa25316ecb908b62d3abdaf6496696c079601d216632ff58e55ec47"
"Mentales Wohlbefinden";"Sinn & Selbstwirksamkeit";"Empfehlungskarten";"Begründung / Einordnung";"Empfehlungskarte · Mentales Wohlbefinden · Begründung";"Sinn im Alltag und ein zuversichtlicher Blick nach vorn sind wichtige seelische Ressourcen. Beides erleben Sie gerade eher schwach.";"Trovare un senso nella vita quotidiana e guardare avanti con fiducia sono importanti risorse emotive. Attualmente li percepisce piuttosto deboli.";"";"";"Marketing, Medizin";"Prüfung erforderlich";"";"";"";"recommendation.catalog.me_sinn.why";"recommendations";"it-CH";"3";"v1:4c57ada7d55b51436b17bda45c5831ce8e05df24ae9d5f359035e7ea924ebe4f";"d799523c97b324046b80490bc4f91fe4e4699f20c2999b1465809703754c4006"
"Mentales Wohlbefinden";"Sinn & Selbstwirksamkeit";"Empfehlungskarten";"Nächster Schritt";"Empfehlungskarte · Mentales Wohlbefinden · konkreter nächster Schritt";"Überlegen Sie, welche Tätigkeit oder welcher Kontakt Ihnen Sinn gibt, und planen Sie diese Woche bewusst etwas davon ein.";"Rifletta su quale attività o contatto Le dà un senso e questa settimana pianifichi consapevolmente qualcosa in questa direzione.";"";"";"Marketing, Medizin";"Prüfung erforderlich";"";"";"";"recommendation.catalog.me_sinn.step";"recommendations";"it-CH";"3";"v1:4c57ada7d55b51436b17bda45c5831ce8e05df24ae9d5f359035e7ea924ebe4f";"f042fb992c137c57bc07b0eb25d048c28495e2323db74d918119a351c51e56bc"
"Mentales Wohlbefinden";"Sinn & Selbstwirksamkeit";"Empfehlungskarten";"Erwarteter Nutzen";"Empfehlungskarte · Mentales Wohlbefinden · erwarteter Nutzen";"Mehr Sinnerleben und kleine Erfolge stärken Zuversicht und seelische Gesundheit.";"Una maggiore percezione di senso e piccoli successi rafforzano la fiducia e la salute emotiva.";"";"";"Marketing, Medizin";"Prüfung erforderlich";"";"";"";"recommendation.catalog.me_sinn.benefit";"recommendations";"it-CH";"3";"v1:4c57ada7d55b51436b17bda45c5831ce8e05df24ae9d5f359035e7ea924ebe4f";"ebd1a9c990ae831bfe08b8416672fc0945a4b8954c79541fc39a6b87d344e04c"
"Mentales Wohlbefinden";"Sinn & Selbstwirksamkeit";"4-Wochen-Pläne";"4-Wochen-Plan";"4-Wochen-Plan · Diese Woche";"Planen Sie bewusst <b>eine Tätigkeit ein, die Ihnen Sinn oder Freude gibt</b> – so klein sie auch scheint. Sinn entsteht selten von allein; er wird gemacht, oft in ganz alltäglichen Momenten.";"Pianifichi consapevolmente <b>un’attività che Le dà senso o gioia</b>, per quanto piccola possa sembrare. Il senso raramente nasce da solo: viene creato, spesso in momenti del tutto quotidiani.";"";"";"Marketing, Medizin";"Prüfung erforderlich";"";"";"";"recommendation.plan.me_sinn.this_week";"recommendations";"it-CH";"3";"v1:4c57ada7d55b51436b17bda45c5831ce8e05df24ae9d5f359035e7ea924ebe4f";"53bc2bbc91b87e978bc99206ecc41021bb33c44890bdaad89c3a64b39ac9bd2f"
"Mentales Wohlbefinden";"Sinn & Selbstwirksamkeit";"4-Wochen-Pläne";"4-Wochen-Plan";"4-Wochen-Plan · Woche 2–3";"Probieren Sie eine einfache Dankbarkeits-Übung: notieren Sie abends drei Dinge, die heute gut waren. Das lenkt die Aufmerksamkeit nachweislich auf das Positive und stärkt den zuversichtlichen Blick nach vorn.";"Provi un semplice esercizio di gratitudine: ogni sera annoti tre cose positive della giornata. Questo orienta in modo comprovato l’attenzione verso gli aspetti positivi e rafforza uno sguardo fiducioso sul futuro.";"";"";"Marketing, Medizin";"Prüfung erforderlich";"";"";"";"recommendation.plan.me_sinn.weeks_2_3";"recommendations";"it-CH";"3";"v1:4c57ada7d55b51436b17bda45c5831ce8e05df24ae9d5f359035e7ea924ebe4f";"d65ece42a53384b9fec62693465f07af6b868fb261891e369c23b8e3e8f99387"
"Mentales Wohlbefinden";"Sinn & Selbstwirksamkeit";"4-Wochen-Pläne";"4-Wochen-Plan";"4-Wochen-Plan · Woche 4";"Verankern Sie das, was Ihnen guttut, als festen Teil Ihrer Woche (Kontakt, Tätigkeit, Engagement). Hält die Sinnkrise oder Antriebslosigkeit an, ist das ein guter Grund, Unterstützung zu suchen – das ist ein Zeichen von Stärke.";"Stabilisca ciò che Le fa bene come parte fissa della settimana, che si tratti di un contatto, un’attività o un impegno. Se la perdita di senso o la mancanza di motivazione persistono, è un buon motivo per cercare sostegno: è un segno di forza.";"";"";"Marketing, Medizin";"Prüfung erforderlich";"";"";"";"recommendation.plan.me_sinn.week_4";"recommendations";"it-CH";"3";"v1:4c57ada7d55b51436b17bda45c5831ce8e05df24ae9d5f359035e7ea924ebe4f";"cf9d33e42a0262ee71278f7020845e49943fea10b8a5b59758e028040f760ca1"
"Mentales Wohlbefinden";"Sinn & Selbstwirksamkeit";"Stärken";"Beschriftung";"Stärke · Mentales Wohlbefinden · Kurzlabel";"Sinn & Freude im Alltag";"Senso & gioia nella vita quotidiana";"";"";"Marketing";"Prüfung erforderlich";"";"";"";"recommendation.strength.st_sinn.label";"recommendations";"it-CH";"3";"v1:4c57ada7d55b51436b17bda45c5831ce8e05df24ae9d5f359035e7ea924ebe4f";"a5e17772c78b6019558a2f7901cd879a9db1ca0c0329be51a2c4eea1e0143a52"
"Mentales Wohlbefinden";"Sinn & Selbstwirksamkeit";"Stärken";"Detailtext";"Stärke · Mentales Wohlbefinden · Detailtext";"Sie erleben Ihr Leben als sinnvoll und finden regelmässig Momente der Freude – ein starker Schutz für die mentale Gesundheit.";"Percepisce la Sua vita come significativa e vive regolarmente momenti di gioia: una forte protezione per la salute mentale.";"";"";"Marketing, Medizin";"Prüfung erforderlich";"";"";"";"recommendation.strength.st_sinn.detail";"recommendations";"it-CH";"3";"v1:4c57ada7d55b51436b17bda45c5831ce8e05df24ae9d5f359035e7ea924ebe4f";"ab57ded6d8cae0b55c08d0039f9a9aefc39b9c6ed63d0afe8136962e84770fa2"
"Mentales Wohlbefinden";"Sinn & Selbstwirksamkeit";"Ergebnis-Einstieg";"Beschriftung";"Ergebnis-Zusammenfassung · Themenlabel «Sinn & Selbstwirksamkeit»";"Selbstwirksamkeit";"autoefficacia";"";"";"Marketing";"Prüfung erforderlich";"";"";"";"ui.hero.topic.selbstwirksamkeit";"ui";"it-CH";"3";"v1:4c57ada7d55b51436b17bda45c5831ce8e05df24ae9d5f359035e7ea924ebe4f";"264372a7b5ce6eece6b3677ebcf3dfe20da88023a672d78594340508ef97ff0a"
"Mentales Wohlbefinden";"Sinn & Selbstwirksamkeit";"Ergebnis-Einstieg";"Beschriftung";"Ergebnis-Zusammenfassung · Themenlabel «Sinn & Selbstwirksamkeit»";"Sinnerleben";"senso percepito";"";"";"Marketing";"Prüfung erforderlich";"";"";"";"ui.hero.topic.sinnhaftigkeit";"ui";"it-CH";"3";"v1:4c57ada7d55b51436b17bda45c5831ce8e05df24ae9d5f359035e7ea924ebe4f";"2335db064e6f55472ab1bbbed34dc18412fd3edd539378712bd9961ce5c298b1"
"Mentales Wohlbefinden";"Sinn & Selbstwirksamkeit";"Ergebnis-Einstieg";"Beschriftung";"Ergebnis-Zusammenfassung · Themenlabel «Sinn & Selbstwirksamkeit»";"Zukunftszuversicht";"fiducia nel futuro";"";"";"Marketing";"Prüfung erforderlich";"";"";"";"ui.hero.topic.zukunft";"ui";"it-CH";"3";"v1:4c57ada7d55b51436b17bda45c5831ce8e05df24ae9d5f359035e7ea924ebe4f";"b1a33201c5e293dbd6e6d72898bda19475a5175839b11954ce3987d084da5fa5"
"Mentales Wohlbefinden";"Soziale Verbundenheit";"Dimensionsdetails";"Überschrift";"Dimensionsdetail · Titel";"Wenig soziale Verbundenheit";"Poca vicinanza sociale";"";"";"Marketing, Medizin";"Prüfung erforderlich";"";"";"";"recommendation.signal.einsamkeit.title";"recommendations";"it-CH";"3";"v1:4c57ada7d55b51436b17bda45c5831ce8e05df24ae9d5f359035e7ea924ebe4f";"3ba6af8668da6bcb34ab467e42b7aa8a8c4cdc169f718e8c04b053c970ec3094"
"Mentales Wohlbefinden";"Soziale Verbundenheit";"Dimensionsdetails";"Persönliche Einordnung";"Dimensionsdetail · Einordnung";"Soziale Verbundenheit gehört zu den stärksten bekannten Schutzfaktoren für Gesundheit und Lebenserwartung – vergleichbar mit klassischen Lebensstilfaktoren. Sie wird trotzdem selten aktiv gepflegt.";"La vicinanza sociale rientra tra i fattori protettivi più importanti conosciuti per la salute e l’aspettativa di vita, paragonabile ai classici fattori dello stile di vita. Tuttavia, raramente viene coltivata attivamente.";"";"";"Marketing, Medizin";"Prüfung erforderlich";"";"";"";"recommendation.signal.einsamkeit.insight";"recommendations";"it-CH";"3";"v1:4c57ada7d55b51436b17bda45c5831ce8e05df24ae9d5f359035e7ea924ebe4f";"ef40cbfdf15b59f1b0bca6709946d89d23b5dba2216c9e82f9c6120a42f20fb1"
"Mentales Wohlbefinden";"Soziale Verbundenheit";"Dimensionsdetails";"Nächster Schritt";"Dimensionsdetail · konkreter nächster Schritt";"Diese Woche eine Person aktiv kontaktieren und etwas Konkretes verabreden – nicht «mal wieder treffen».";"Questa settimana contatti attivamente una persona e fissi qualcosa di concreto, non soltanto «vedersi prima o poi».";"";"";"Marketing, Medizin";"Prüfung erforderlich";"";"";"";"recommendation.signal.einsamkeit.action";"recommendations";"it-CH";"3";"v1:4c57ada7d55b51436b17bda45c5831ce8e05df24ae9d5f359035e7ea924ebe4f";"18f92da6a052d7d489318b16756f3db07c157bf7788e21ea7650ab95c1986bd4"
"Mentales Wohlbefinden";"Soziale Verbundenheit";"Risikosignale";"Risikosignal";"Ergebnisseite, Lebensstil-Signal soziale Verbundenheit";"Sie fühlen sich aktuell wenig mit anderen Menschen verbunden.";"Attualmente si sente poco legato/a alle altre persone.";"";"";"Marketing, Medizin";"Prüfung erforderlich";"";"";"";"recommendation.risk_signal.einsamkeit.label";"recommendations";"it-CH";"3";"v1:4c57ada7d55b51436b17bda45c5831ce8e05df24ae9d5f359035e7ea924ebe4f";"fff940e14ecfbc881d6527d23d91178b1c24dd2001eb8420798e65e40f7003e7"
"Mentales Wohlbefinden";"Soziale Verbundenheit";"Handlungsfelder";"Beschriftung";"Handlungsfeld · Mentales Wohlbefinden · Kurzlabel";"Soziale Kontakte aktiv pflegen";"Coltivare attivamente i contatti sociali";"";"";"Marketing, Medizin";"Prüfung erforderlich";"";"";"";"recommendation.lever.lv_verbundenheit.label";"recommendations";"it-CH";"3";"v1:4c57ada7d55b51436b17bda45c5831ce8e05df24ae9d5f359035e7ea924ebe4f";"10f7a1e0946f599fa81cbd89ab3bd692b74863ff5652fbb77e018c7290b7031c"
"Mentales Wohlbefinden";"Soziale Verbundenheit";"Handlungsfelder";"Detailtext";"Handlungsfeld · Mentales Wohlbefinden · Detailtext";"Verbundenheit ist einer der stärksten Schutzfaktoren für die Gesundheit – ein kleiner erster Schritt: eine Person diese Woche aktiv kontaktieren.";"Il senso di vicinanza è uno dei fattori protettivi più importanti per la salute. Un piccolo primo passo: contatti attivamente una persona questa settimana.";"";"";"Marketing, Medizin";"Prüfung erforderlich";"";"";"";"recommendation.lever.lv_verbundenheit.detail";"recommendations";"it-CH";"3";"v1:4c57ada7d55b51436b17bda45c5831ce8e05df24ae9d5f359035e7ea924ebe4f";"99ea09c9303f12b3db820a4555086611253c816451ec8ad366a0b9b9145042fd"
"Mentales Wohlbefinden";"Soziale Verbundenheit";"Empfehlungskarten";"Überschrift";"Empfehlungskarte · Mentales Wohlbefinden · Titel";"Soziale Verbindungen stärken";"Rafforzare i legami sociali";"";"";"Marketing";"Prüfung erforderlich";"";"";"";"recommendation.catalog.me_sozial.title";"recommendations";"it-CH";"3";"v1:4c57ada7d55b51436b17bda45c5831ce8e05df24ae9d5f359035e7ea924ebe4f";"9fbcd175f73da915c517f661a7fa5d4baeb2fe726ae2b4a7033bdd9bbd7a4c2d"
"Mentales Wohlbefinden";"Soziale Verbundenheit";"Empfehlungskarten";"Begründung / Einordnung";"Empfehlungskarte · Mentales Wohlbefinden · Begründung";"Tragfähige Beziehungen gehören zu den stärksten Schutzfaktoren für die Gesundheit. Aktuell fühlen Sie sich wenig verbunden oder wenig unterstützt.";"Relazioni solide rientrano tra i più importanti fattori protettivi per la salute. Attualmente si sente poco legato/a agli altri o poco sostenuto/a.";"";"";"Marketing, Medizin";"Prüfung erforderlich";"";"";"";"recommendation.catalog.me_sozial.why";"recommendations";"it-CH";"3";"v1:4c57ada7d55b51436b17bda45c5831ce8e05df24ae9d5f359035e7ea924ebe4f";"abab4ef8d9141dabf5ee9763db2ff92f0bb2e66b827c0dc092997a0d6bad6ccc"
"Mentales Wohlbefinden";"Soziale Verbundenheit";"Empfehlungskarten";"Nächster Schritt";"Empfehlungskarte · Mentales Wohlbefinden · konkreter nächster Schritt";"Nehmen Sie diese Woche bewusst Kontakt zu einer Person auf, die Ihnen guttut – ein Anruf oder eine kurze Nachricht genügt für den Anfang.";"Questa settimana contatti consapevolmente una persona che Le fa bene: per iniziare bastano una telefonata o un breve messaggio.";"";"";"Marketing, Medizin";"Prüfung erforderlich";"";"";"";"recommendation.catalog.me_sozial.step";"recommendations";"it-CH";"3";"v1:4c57ada7d55b51436b17bda45c5831ce8e05df24ae9d5f359035e7ea924ebe4f";"8f144e362166f32bf07b5196da3d754528e4dccd69f1afa93ddf6953bb3cf6dd"
"Mentales Wohlbefinden";"Soziale Verbundenheit";"Empfehlungskarten";"Erwarteter Nutzen";"Empfehlungskarte · Mentales Wohlbefinden · erwarteter Nutzen";"Mehr Verbundenheit wirkt sich positiv auf Stimmung, Stress und körperliche Gesundheit aus.";"Un maggiore senso di vicinanza ha effetti positivi sull’umore, sullo stress e sulla salute fisica.";"";"";"Marketing, Medizin";"Prüfung erforderlich";"";"";"";"recommendation.catalog.me_sozial.benefit";"recommendations";"it-CH";"3";"v1:4c57ada7d55b51436b17bda45c5831ce8e05df24ae9d5f359035e7ea924ebe4f";"a97cdf5f22ed1eb003192d5a41feb4f2c06452bc137ea0176b96babc2e07fa55"
"Mentales Wohlbefinden";"Soziale Verbundenheit";"4-Wochen-Pläne";"4-Wochen-Plan";"4-Wochen-Plan · Diese Woche";"Nehmen Sie <b>zu einer Person aktiv Kontakt auf</b>, die Ihnen guttut – und verabreden Sie etwas Konkretes (nicht «mal wieder treffen», sondern Tag und Uhrzeit).";"Prenda <b>attivamente contatto con una persona</b> che Le fa bene e fissi qualcosa di concreto: non «vedersi prima o poi», ma un giorno e un’ora.";"";"";"Marketing, Medizin";"Prüfung erforderlich";"";"";"";"recommendation.plan.me_sozial.this_week";"recommendations";"it-CH";"3";"v1:4c57ada7d55b51436b17bda45c5831ce8e05df24ae9d5f359035e7ea924ebe4f";"7775199b848a818e8bd69f9f67a722a9977eb10b13cc773004502179434e4884"
"Mentales Wohlbefinden";"Soziale Verbundenheit";"4-Wochen-Pläne";"4-Wochen-Plan";"4-Wochen-Plan · Woche 2–3";"Bauen Sie einen wiederkehrenden Kontakt auf (fester Spaziergang, Anruf, gemeinsames Essen). Soziale Verbundenheit zählt zu den stärksten bekannten Schutzfaktoren für Gesundheit und Lebenserwartung.";"Crei un contatto ricorrente, come una passeggiata fissa, una telefonata o un pasto insieme. La vicinanza sociale rientra tra i fattori protettivi più importanti conosciuti per la salute e l’aspettativa di vita.";"";"";"Marketing, Medizin";"Prüfung erforderlich";"";"";"";"recommendation.plan.me_sozial.weeks_2_3";"recommendations";"it-CH";"3";"v1:4c57ada7d55b51436b17bda45c5831ce8e05df24ae9d5f359035e7ea924ebe4f";"67fcc6798a75017ae6b4bbbd18386d7d24306a16e626177eac17c05de4e3070e"
"Mentales Wohlbefinden";"Soziale Verbundenheit";"4-Wochen-Pläne";"4-Wochen-Plan";"4-Wochen-Plan · Woche 4";"Verankern Sie mindestens einen regelmässigen sozialen Fixpunkt pro Woche. Auch ein Verein, Kurs oder Ehrenamt schafft verlässliche Begegnungen.";"Stabilisca almeno un appuntamento sociale regolare alla settimana. Anche un’associazione, un corso o il volontariato creano incontri affidabili.";"";"";"Marketing, Medizin";"Prüfung erforderlich";"";"";"";"recommendation.plan.me_sozial.week_4";"recommendations";"it-CH";"3";"v1:4c57ada7d55b51436b17bda45c5831ce8e05df24ae9d5f359035e7ea924ebe4f";"caa2c8f63b166041f30ab76895f71e279338f7911415cac4a6fea9ebdbdc0b55"
"Mentales Wohlbefinden";"Soziale Verbundenheit";"Stärken";"Beschriftung";"Stärke · Mentales Wohlbefinden · Kurzlabel";"Starkes soziales Netz";"Una rete sociale forte";"";"";"Marketing";"Prüfung erforderlich";"";"";"";"recommendation.strength.st_sozial.label";"recommendations";"it-CH";"3";"v1:4c57ada7d55b51436b17bda45c5831ce8e05df24ae9d5f359035e7ea924ebe4f";"0a4f4936d2e22515b04ddc5f553e179e1cad98e2c27d413baf2251b594b68297"
"Mentales Wohlbefinden";"Soziale Verbundenheit";"Stärken";"Detailtext";"Stärke · Mentales Wohlbefinden · Detailtext";"Sie fühlen sich akzeptiert und eingebunden – soziale Verbundenheit ist einer der stärksten bekannten Schutzfaktoren.";"Si sente accettato/a e integrato/a: la vicinanza sociale è uno dei fattori protettivi più importanti conosciuti.";"";"";"Marketing, Medizin";"Prüfung erforderlich";"";"";"";"recommendation.strength.st_sozial.detail";"recommendations";"it-CH";"3";"v1:4c57ada7d55b51436b17bda45c5831ce8e05df24ae9d5f359035e7ea924ebe4f";"872f707847f66a437aba323dc1b5484ff642669bb6fdc6db8dab88d39ba82250"
"Mentales Wohlbefinden";"Soziale Verbundenheit";"Ergebnis-Einstieg";"Beschriftung";"Ergebnis-Zusammenfassung · Themenlabel «Soziale Verbundenheit»";"soziale Verbundenheit";"legami sociali";"";"";"Marketing";"Prüfung erforderlich";"";"";"";"ui.hero.topic.verbundenheit";"ui";"it-CH";"3";"v1:4c57ada7d55b51436b17bda45c5831ce8e05df24ae9d5f359035e7ea924ebe4f";"8b93d7846400ed9d830e8b5ec586619c87d184986d957f3e6b4636e4603f6d31"
"Digital Coach";"Coach-Dialog & Übergabe";"Coach-Antworten";"Begründung / Einordnung";"Demo-Coach-Antwort zu Protein oder Eiweiss";"Für gesunde Erwachsene mit regelmässigem Krafttraining sind etwa <b>1,4–1,6 g/kg/Tag</b> eine praktische Orientierung. Die durchschnittlichen zusätzlichen Vorteile für den Aufbau fettfreier Masse flachen ab rund <b>1,6 g/kg/Tag</b> deutlich ab. Bis etwa <b>2,0 g/kg/Tag</b> können bei sehr hoher Trainingsbelastung oder einem gezielten Energiedefizit als individueller Spielraum sinnvoll sein; für die meisten Menschen ist das nicht nötig, und das Alter allein begründet dieses Ziel nicht. Für Personen unter 18 Jahren sowie bei einer Nierenerkrankung oder medizinisch verordneter Ernährung sollte die Menge fachlich geklärt werden.";"Per adulti sani che praticano regolarmente allenamento della forza, circa <b>1,4–1,6 g/kg/giorno</b> rappresentano un orientamento pratico. In media, i benefici aggiuntivi per l’aumento della massa magra si riducono nettamente intorno a <b>1,6 g/kg/giorno</b>. Fino a circa <b>2,0 g/kg/giorno</b> può essere un margine individuale ragionevole in caso di carichi di allenamento molto elevati o di un deficit energetico mirato; per la maggior parte delle persone non è necessario e l’età da sola non giustifica questo obiettivo. Per le persone sotto i 18 anni e in caso di malattia renale o di alimentazione prescritta dal medico, la quantità va concordata con un professionista sanitario.";"";"";"Marketing, Medizin";"Prüfung erforderlich";"Neue evidenzgebundene Proteinantwort mit klaren Anwendungs- und Sicherheitsgrenzen; durch Marketing und Medizin freigeben.";"";"1,4–1,6 g/kg/giorno | 1,6 g/kg/giorno | 2,0 g/kg/giorno";"coach.answer.protein";"coach";"it-CH";"3";"v1:4c57ada7d55b51436b17bda45c5831ce8e05df24ae9d5f359035e7ea924ebe4f";"ebd7ba2c14a359ed1dac66a3eb8b6cf6409c4cf2fa7cc0167f7c7b6b0f972006"
"Digital Coach";"Coach-Dialog & Übergabe";"Coach-Antworten";"Dynamischer Text";"Allgemeine Demo-Coach-Antwort, wenn keine speziellere Regel greift";"Ich bin eine Vorschau und antworte mit Beispielen zu Ihrer Auswertung. Am meisten Wirkung hat bei Ihnen gerade <b>{{weakestTitle}}</b> ({{weakestScore}}/100). Fragen Sie mich z. B. „Womit fange ich an?“ oder tippen Sie oben auf einen Vorschlag.";"Sono un assistente in versione dimostrativa e fornisco risposte esemplificative sui Suoi risultati. L’ambito in cui può ottenere ora il maggiore effetto è <b>{{weakestTitle}}</b> ({{weakestScore}}/100). Mi chieda, ad esempio, «Da dove comincio?» oppure selezioni uno dei suggerimenti qui sopra.";"";"";"Marketing";"Prüfung erforderlich";"";"{{weakestScore}} | {{weakestTitle}}";"";"coach.answer.fallback";"coach";"it-CH";"3";"v1:4c57ada7d55b51436b17bda45c5831ce8e05df24ae9d5f359035e7ea924ebe4f";"1514a5e229348b64fac28c2700bafae51af08d0ab7f226fce00e3bc7f40530fd"
"Digital Coach";"Coach-Dialog & Übergabe";"Coach-Antworten";"Dynamischer Text";"Demo-Coach-Antwort zum Gesamtscore";"Ihr Gesamtscore liegt bei <b>{{overallScore}}/100</b> („{{statusLabel}}“). Am stärksten sind Sie bei <b>{{strongestTitle}}</b> ({{strongestScore}}/100), am meisten Hebel haben Sie bei <b>{{weakestTitle}}</b> ({{weakestScore}}/100). Das ist eine Momentaufnahme – kein medizinisches Urteil.";"Il Suo punteggio complessivo è <b>{{overallScore}}/100</b> («{{statusLabel}}»). Il Suo ambito più forte è <b>{{strongestTitle}}</b> ({{strongestScore}}/100), mentre <b>{{weakestTitle}}</b> ({{weakestScore}}/100) offre il maggiore potenziale di miglioramento. È un’istantanea, non una valutazione medica.";"";"";"Marketing, Medizin";"Prüfung erforderlich";"";"{{overallScore}} | {{statusLabel}} | {{strongestScore}} | {{strongestTitle}} | {{weakestScore}} | {{weakestTitle}}";"";"coach.answer.overall_score";"coach";"it-CH";"3";"v1:4c57ada7d55b51436b17bda45c5831ce8e05df24ae9d5f359035e7ea924ebe4f";"e0bd3d60187a9f4968e4bdd97894007523b318283bc8c7b40c82bb60d18313e4"
"Digital Coach";"Coach-Dialog & Übergabe";"Coach-Antworten";"Nächster Schritt";"Demo-Coach-Antwort zum Einstieg ohne vorhandenen Aktionsschritt";"Aus Ihren Antworten lässt sich aktuell kein einzelner priorisierter Startschritt ableiten. Nutzen Sie die Dimensionswerte und Hinweise zur Einordnung und wählen Sie einen kleinen Schritt, der zu Ihrem Alltag passt.";"Dalle Sue risposte non emerge attualmente un singolo passo iniziale prioritario. Utilizzi i valori delle dimensioni e le indicazioni per interpretare il risultato, quindi scelga un piccolo passo adatto alla Sua vita quotidiana.";"";"";"Marketing";"Prüfung erforderlich";"Leerzustand nicht mehr mit fehlendem Handlungsbedarf gleichgesetzt; durch Marketing freigeben.";"";"";"coach.answer.first_step.without_plan";"coach";"it-CH";"3";"v1:4c57ada7d55b51436b17bda45c5831ce8e05df24ae9d5f359035e7ea924ebe4f";"b8dbbfbbd428613e333d11d1762fe534617249d2313160f8e54cdd6fed27e108"
"Digital Coach";"Coach-Dialog & Übergabe";"Coach-Antworten";"Dynamischer Text";"Demo-Coach-Antwort zum Einstieg mit vorhandenem Aktionsschritt";"Fangen Sie am besten klein an: <b>{{recommendationTitle}}</b>. Ihr erster Schritt: {{recommendationStep}} Wählen Sie nur diesen einen Schritt für diese Woche.";"Il modo migliore per iniziare è procedere a piccoli passi: <b>{{recommendationTitle}}</b>. Il Suo primo passo: {{recommendationStep}} Per questa settimana si concentri soltanto su questo passo.";"";"";"Marketing";"Prüfung erforderlich";"";"{{recommendationStep}} | {{recommendationTitle}}";"";"coach.answer.first_step.with_plan";"coach";"it-CH";"3";"v1:4c57ada7d55b51436b17bda45c5831ce8e05df24ae9d5f359035e7ea924ebe4f";"27f4258004b1b6375a8df91f2d56ec157d517ab7c24b9f484e1f04e65d0a61b9"
"Digital Coach";"Coach-Dialog & Übergabe";"Coach-Kontext";"Beschriftung";"Fallback-Titel, wenn keine schwächste Dimension vorliegt";"diesem Bereich";"questo ambito";"";"";"Marketing";"Prüfung erforderlich";"";"";"";"coach.context.weakest_title_fallback";"coach";"it-CH";"3";"v1:4c57ada7d55b51436b17bda45c5831ce8e05df24ae9d5f359035e7ea924ebe4f";"d959402444764f3c9fadd77206e7073c31980c1b4d522af9d4c20b4b23dc65d9"
"Digital Coach";"Coach-Dialog & Übergabe";"Coach-Kontext";"Beschriftung";"Fallback-Titel, wenn keine stärkste Dimension vorliegt";"—";"—";"";"";"Marketing";"Prüfung erforderlich";"";"";"";"coach.context.strongest_title_fallback";"coach";"it-CH";"3";"v1:4c57ada7d55b51436b17bda45c5831ce8e05df24ae9d5f359035e7ea924ebe4f";"b3516f366162818a82b82f1fe91ea434b4dc2e56dbd760def38a9cc84ed7308c"
"Digital Coach";"Coach-Dialog & Übergabe";"Coach-Kontext";"Beschriftung";"Fallback, wenn ein Dimensionsscore im Coach-Kontext fehlt";"noch nicht ermittelt";"non ancora determinato";"";"";"Marketing";"Prüfung erforderlich";"";"";"";"coach.context.score_unknown";"coach";"it-CH";"3";"v1:4c57ada7d55b51436b17bda45c5831ce8e05df24ae9d5f359035e7ea924ebe4f";"106363e2afc0520ce827378418f42245649481c123c5db3b8cbef826a1afac89"
"Digital Coach";"Coach-Dialog & Übergabe";"Coach-Antworten";"Dynamischer Text";"Antwort zur Verbesserung einer Dimension mit passendem Top-Schritt";"Für <b>{{dimensionTitle}}</b> ist Ihr wirksamster Schritt: {{recommendationStep}} Klein anfangen und dranbleiben schlägt Perfektion.";"Per <b>{{dimensionTitle}}</b>, il passo più efficace è: {{recommendationStep}} Iniziare in piccolo e perseverare è meglio che cercare la perfezione.";"";"";"Marketing";"Prüfung erforderlich";"";"{{dimensionTitle}} | {{recommendationStep}}";"";"coach.improve_dimension.with_recommendation";"coach";"it-CH";"3";"v1:4c57ada7d55b51436b17bda45c5831ce8e05df24ae9d5f359035e7ea924ebe4f";"f56d829f8742ed4671af364529c21fe14601d1da14416ba4cd0363055c2c53db"
"Digital Coach";"Coach-Dialog & Übergabe";"Coach-Antworten";"Dynamischer Text";"Antwort zur Verbesserung einer Dimension ohne passenden Top-Schritt";"Für <b>{{dimensionTitle}}</b> ({{dimensionScore}}/100) lässt sich aus den aktuellen Antworten keine einzelne spezifische Empfehlung ableiten. Nutzen Sie die Einordnung im Detailbereich und wählen Sie bei Bedarf eine kleine, alltagstaugliche Anpassung.";"Per <b>{{dimensionTitle}}</b> ({{dimensionScore}}/100), dalle Sue risposte attuali non emerge una singola raccomandazione specifica. Consulti la valutazione nella sezione dettagliata e, se utile, scelga un piccolo cambiamento adatto alla vita quotidiana.";"";"";"Marketing";"Prüfung erforderlich";"Funktioniert bei niedrigen wie hohen Scores ohne nicht vorhandene Empfehlungen zu versprechen; durch Marketing freigeben.";"{{dimensionScore}} | {{dimensionTitle}}";"";"coach.improve_dimension.without_recommendation";"coach";"it-CH";"3";"v1:4c57ada7d55b51436b17bda45c5831ce8e05df24ae9d5f359035e7ea924ebe4f";"bd760725d48ae19e82923b011bb63c0a9415ddc635c10432c6a67cb473ed54b4"
"Digital Coach";"Coach-Dialog & Übergabe";"Vorschlagsfragen";"Nächster Schritt";"Immer sichtbarer Vorschlags-Chip zum Gesamtscore";"Was bedeutet mein Gesamtscore?";"Che cosa significa il mio punteggio complessivo?";"";"";"Marketing";"Prüfung erforderlich";"";"";"";"coach.prompt.overall_score";"coach";"it-CH";"3";"v1:4c57ada7d55b51436b17bda45c5831ce8e05df24ae9d5f359035e7ea924ebe4f";"e74126c94bc44385a8e23a2f391299e75b7b95f5a49c069574f0c1c3a7630587"
"Digital Coach";"Coach-Dialog & Übergabe";"Vorschlagsfragen";"Nächster Schritt";"Vorschlags-Chip bei Belastungssignal";"Zeigen Sie mir eine Atemübung";"Mi mostri un esercizio di respirazione";"";"";"Marketing";"Prüfung erforderlich";"";"";"";"coach.prompt.breathing";"coach";"it-CH";"3";"v1:4c57ada7d55b51436b17bda45c5831ce8e05df24ae9d5f359035e7ea924ebe4f";"4af217152e1c3e8b375fc64b058dcd25421307c9c72f2f6928ddab550748c469"
"Digital Coach";"Coach-Dialog & Übergabe";"Vorschlagsfragen";"Nächster Schritt";"Vorschlags-Chip zur Coach App";"Was kann die Coach App für mich tun?";"Che cosa può fare per me l’app Helsana Coach?";"";"";"Marketing";"Prüfung erforderlich";"";"";"";"coach.prompt.coach_app";"coach";"it-CH";"3";"v1:4c57ada7d55b51436b17bda45c5831ce8e05df24ae9d5f359035e7ea924ebe4f";"a01e3da3378dfbb97ccd8b38779689cc737ef0f561b2341f3f2a5e5577c31a54"
"Digital Coach";"Coach-Dialog & Übergabe";"Vorschlagsfragen";"Nächster Schritt";"Vorschlags-Chip, wenn ein Aktionsschritt vorhanden ist";"Womit fange ich am besten an?";"Da dove mi conviene iniziare?";"";"";"Marketing";"Prüfung erforderlich";"";"";"";"coach.prompt.first_step";"coach";"it-CH";"3";"v1:4c57ada7d55b51436b17bda45c5831ce8e05df24ae9d5f359035e7ea924ebe4f";"4c86ff2a81876f0321390871684944c7a4e43d3359cc6114d5e5f777fe9b98e4"
"Digital Coach";"Coach-Dialog & Übergabe";"Vorschlagsfragen";"Dynamischer Text";"Vorschlags-Chip für die schwächste Dimension";"Wie verbessere ich „{{dimensionTitle}}“?";"Come posso migliorare «{{dimensionTitle}}»?";"";"";"Marketing";"Prüfung erforderlich";"";"{{dimensionTitle}}";"";"coach.prompt.improve_dimension";"coach";"it-CH";"3";"v1:4c57ada7d55b51436b17bda45c5831ce8e05df24ae9d5f359035e7ea924ebe4f";"36349d487b2b777329e89d1f547ed230f1595d054b62357cc3abd413ba5c657a"
"Digital Coach";"Coach-Dialog & Übergabe";"Defensiver Ersatzplan";"Beschriftung";"Defensiver 4-Wochen-Plan ohne eigenen Plan, erster Zeitraum";"Diese Woche";"Questa settimana";"";"";"Marketing";"Prüfung erforderlich";"";"";"";"coach.week_plan.fallback.label.this_week";"coach";"it-CH";"3";"v1:4c57ada7d55b51436b17bda45c5831ce8e05df24ae9d5f359035e7ea924ebe4f";"839953b2a2fbc3e6ec63a2f0ef8831ca146c6292c36328e00996873810f2c86d"
"Digital Coach";"Coach-Dialog & Übergabe";"Defensiver Ersatzplan";"Beschriftung";"Defensiver 4-Wochen-Plan ohne eigenen Plan, letzter Zeitraum";"Woche 4";"Settimana 4";"";"";"Marketing";"Prüfung erforderlich";"";"";"";"coach.week_plan.fallback.label.week_four";"coach";"it-CH";"3";"v1:4c57ada7d55b51436b17bda45c5831ce8e05df24ae9d5f359035e7ea924ebe4f";"09d0e97debc3a6f8763e908fbaafa38d9a744b4cbca4bba82665afe3f5568dae"
"Digital Coach";"Coach-Dialog & Übergabe";"Defensiver Ersatzplan";"Beschriftung";"Defensiver 4-Wochen-Plan ohne eigenen Plan, mittlerer Zeitraum";"Woche 2–3";"Settimane 2–3";"";"";"Marketing";"Prüfung erforderlich";"";"";"";"coach.week_plan.fallback.label.weeks_two_three";"coach";"it-CH";"3";"v1:4c57ada7d55b51436b17bda45c5831ce8e05df24ae9d5f359035e7ea924ebe4f";"0cef5dc9d2a668011eb9a41058940a006430fe0e073717834436e9e08c9583c7"
"Digital Coach";"Coach-Dialog & Übergabe";"Defensiver Ersatzplan";"Nächster Schritt";"Defensiver erster Planschritt, wenn auch kein Empfehlungsschritt vorhanden ist";"Wählen Sie einen einzigen, kleinen Startschritt.";"Scelga un unico piccolo passo iniziale.";"";"";"Marketing";"Prüfung erforderlich";"";"";"";"coach.week_plan.fallback.step.this_week";"coach";"it-CH";"3";"v1:4c57ada7d55b51436b17bda45c5831ce8e05df24ae9d5f359035e7ea924ebe4f";"5a0bb0d61c0f0556502b7edc929c5ee88d923cba51feca076146cd512e9fc8a6"
"Digital Coach";"Coach-Dialog & Übergabe";"Defensiver Ersatzplan";"Nächster Schritt";"Defensiver letzter Planschritt";"Machen Sie den Schritt zu einer festen Gewohnheit.";"Trasformi questo passo in un’abitudine stabile.";"";"";"Marketing";"Prüfung erforderlich";"";"";"";"coach.week_plan.fallback.step.week_four";"coach";"it-CH";"3";"v1:4c57ada7d55b51436b17bda45c5831ce8e05df24ae9d5f359035e7ea924ebe4f";"702335c219619061afc0bab922062ffd95e0b6fbc63677dc97b7a3fba0ad29f8"
"Digital Coach";"Coach-Dialog & Übergabe";"Defensiver Ersatzplan";"Nächster Schritt";"Defensiver mittlerer Planschritt";"Wiederholen Sie den Schritt regelmässig und steigern Sie sich langsam.";"Ripeta regolarmente questo passo e aumenti gradualmente.";"";"";"Marketing";"Prüfung erforderlich";"";"";"";"coach.week_plan.fallback.step.weeks_two_three";"coach";"it-CH";"3";"v1:4c57ada7d55b51436b17bda45c5831ce8e05df24ae9d5f359035e7ea924ebe4f";"a820dbbbcd4314f51b0e4d06e48817695d564fbd4fe2345d285d48ec03283b2d"
"Digital Coach";"Coach-Dialog & Übergabe";"Coach-Dialog";"Beschriftung";"Barrierefreie Beschriftung des Senden-Buttons";"Senden";"Inviare";"";"";"Marketing";"Prüfung erforderlich";"";"";"";"ui.chat.send_aria";"ui";"it-CH";"3";"v1:4c57ada7d55b51436b17bda45c5831ce8e05df24ae9d5f359035e7ea924ebe4f";"5ece63267910a626459b406768fd306016dc135e503b0b06ade2ef46b6aab55c"
"Digital Coach";"Coach-Dialog & Übergabe";"Coach-Dialog";"Beschriftung";"Chat-Sektion, Demo-Badge";"Vorschau · Demo";"Anteprima · Demo";"";"";"Marketing";"Prüfung erforderlich";"";"";"";"ui.chat.badge";"ui";"it-CH";"3";"v1:4c57ada7d55b51436b17bda45c5831ce8e05df24ae9d5f359035e7ea924ebe4f";"a23a30f6b3ffccb516e51fc8abdbd8a7db48882d3dedce430cd5a4f3e310303f"
"Digital Coach";"Coach-Dialog & Übergabe";"Coach-Dialog";"Beschriftung";"Chat-Sektion, Rubrik";"Ihr Gesundheits-Coach";"Il Suo coach della salute";"";"";"Marketing";"Prüfung erforderlich";"";"";"";"ui.chat.eyebrow";"ui";"it-CH";"3";"v1:4c57ada7d55b51436b17bda45c5831ce8e05df24ae9d5f359035e7ea924ebe4f";"3d3042ef168da947fd8436ff8e1b8d05ccc301747ee697e5155ff640f3797949"
"Digital Coach";"Coach-Dialog & Übergabe";"Coach-Dialog";"Überschrift";"Chat-Sektion, Überschrift";"Haben Sie Fragen? Der Helsana Digital Coach ist für Sie da.";"Ha domande? Il Digital Coach Helsana è al Suo fianco.";"";"";"Marketing";"Prüfung erforderlich";"Neue Chat-Überschrift durch Marketing freigeben.";"";"";"ui.chat.title";"ui";"it-CH";"3";"v1:4c57ada7d55b51436b17bda45c5831ce8e05df24ae9d5f359035e7ea924ebe4f";"17476b64ce3ff2210b4b3e86187582c7b720d65b03e8a5d11e6e541ed5ff77ee"
"Digital Coach";"Coach-Dialog & Übergabe";"Coach-Dialog";"Beschriftung";"Sichtbarer Platzhalter im Eingabefeld";"Fragen Sie Ihren Coach …";"Faccia una domanda al Suo coach…";"";"";"Marketing";"Prüfung erforderlich";"";"";"";"ui.chat.input_placeholder";"ui";"it-CH";"3";"v1:4c57ada7d55b51436b17bda45c5831ce8e05df24ae9d5f359035e7ea924ebe4f";"89104cad56501a610df214f1efe56cf49dd108ecc2f964ac137d8499fe035cda"
"Digital Coach";"Coach-Dialog & Übergabe";"Coach-Dialog";"Begründung / Einordnung";"Chat-Sektion, Funktionsbeschreibung";"Der Coach kennt Ihre Auswertung (Score, Bereiche, Empfehlungen). In dieser Vorschau sehen Sie Beispielantworten – es werden keine Daten gesendet, alles bleibt auf Ihrem Gerät.";"Il coach conosce la Sua valutazione (punteggio, ambiti, raccomandazioni). In questa anteprima vede risposte esemplificative: non viene inviato alcun dato e tutto rimane sul Suo dispositivo.";"";"";"Marketing, Recht";"Prüfung erforderlich";"Aussage zur lokalen Datenverarbeitung vor Go-live durch Legal/Datenschutz freigeben.";"";"";"ui.chat.description";"ui";"it-CH";"3";"v1:4c57ada7d55b51436b17bda45c5831ce8e05df24ae9d5f359035e7ea924ebe4f";"c49653c480bd8329675b1305e2915a796e90691999346610cc224f7391e228df"
"Digital Coach";"Coach-Dialog & Übergabe";"Coach-Dialog";"Begründung / Einordnung";"Hinweis unter dem Demo-Chat";"Konzept-Vorschau mit Beispielantworten. Ein echter Coach würde ein EU/CH-gehostetes KI-Modell nutzen – erst nach Ihrer ausdrücklichen Zustimmung. Keine medizinische Beratung; im Notfall <b>144</b>.";"Anteprima del concetto con risposte esemplificative. Un coach reale utilizzerebbe un modello di IA ospitato nell’UE/in Svizzera, soltanto dopo il Suo consenso esplicito. Nessuna consulenza medica; in caso d’emergenza <b>144</b>.";"";"";"Marketing, Medizin, Recht";"Prüfung erforderlich";"KI-Hosting-, Einwilligungs- und medizinischen Hinweis vor Go-live fachlich und rechtlich freigeben.";"";"144";"ui.chat.disclaimer";"ui";"it-CH";"3";"v1:4c57ada7d55b51436b17bda45c5831ce8e05df24ae9d5f359035e7ea924ebe4f";"bcca85f2ef47c81dcfdc57662b9781f804189bd687fed36560c97cdd4fdff2af"
"Digital Coach";"Coach-Dialog & Übergabe";"Coach-Dialog";"Dynamischer Text";"Erste sichtbare Nachricht des Demo-Coachs mit priorisiertem Aktionsplan";"Hallo! Ich kenne Ihre Auswertung: Gesamtscore <b>{{overallScore}}/100</b> („{{statusLabel}}“). Fragen Sie mich, wie Sie Ihre nächsten Schritte angehen – oder tippen Sie unten auf einen Vorschlag.";"Buongiorno! Conosco la Sua valutazione: punteggio complessivo <b>{{overallScore}}/100</b> («{{statusLabel}}»). Mi chieda come affrontare i prossimi passi oppure selezioni uno dei suggerimenti qui sotto.";"";"";"Marketing";"Prüfung erforderlich";"";"{{overallScore}} | {{statusLabel}}";"";"ui.chat.greeting";"ui";"it-CH";"3";"v1:4c57ada7d55b51436b17bda45c5831ce8e05df24ae9d5f359035e7ea924ebe4f";"ef4ea6d6d4a68fb168e312c356e068b7e584caecca643911adaf54d45c5a08da"
"Digital Coach";"Coach-Dialog & Übergabe";"Coach-Dialog";"Dynamischer Text";"Erste sichtbare Nachricht des Demo-Coachs ohne priorisierten Handlungsbedarf";"Hallo! Ich kenne Ihre Auswertung: Gesamtscore <b>{{overallScore}}/100</b> („{{statusLabel}}“). Fragen Sie mich, wie Sie das Ergebnis einordnen oder einen passenden nächsten Schritt finden – oder tippen Sie unten auf einen Vorschlag.";"Buongiorno! Conosco la Sua valutazione: punteggio complessivo <b>{{overallScore}}/100</b> («{{statusLabel}}»). Mi chieda come interpretare il risultato o trovare un prossimo passo adatto, oppure selezioni uno dei suggerimenti qui sotto.";"";"";"Marketing";"Prüfung erforderlich";"Leerzustand behauptet weder einen guten Kurs noch fehlenden Handlungsbedarf; durch Marketing freigeben.";"{{overallScore}} | {{statusLabel}}";"";"ui.chat.greeting.empty";"ui";"it-CH";"3";"v1:4c57ada7d55b51436b17bda45c5831ce8e05df24ae9d5f359035e7ea924ebe4f";"639dc0922091313722c97259b1ed6b5a6d9f6062dd8b4e8e787741071488bff1"
"Digital Coach";"Coach-Dialog & Übergabe";"Coach-Übergabe";"Beschriftung";"Coach-App-Karte, Rubrik";"Weiter mit Begleitung";"Proseguire con un accompagnamento";"";"";"Marketing";"Prüfung erforderlich";"";"";"";"ui.coach_handoff.eyebrow";"ui";"it-CH";"3";"v1:4c57ada7d55b51436b17bda45c5831ce8e05df24ae9d5f359035e7ea924ebe4f";"65e20660021df5d8c995c80ab15bebce26577bd1fa807920fa7dc0a5bba9eab4"
"Digital Coach";"Coach-Dialog & Übergabe";"Coach-Übergabe";"Überschrift";"Coach-App-Karte, Überschrift";"Nehmen Sie Ihre Ergebnisse mit in die Coach App";"Porti i Suoi risultati nell’app Coach";"";"";"Marketing";"Prüfung erforderlich";"";"";"";"ui.coach_handoff.title";"ui";"it-CH";"3";"v1:4c57ada7d55b51436b17bda45c5831ce8e05df24ae9d5f359035e7ea924ebe4f";"09b9646ffb43f6a4b55bb29ce32bc46a959345564db8be4e40dd5f40d90a0556"
"Digital Coach";"Coach-Dialog & Übergabe";"Coach-Übergabe";"Beschriftung";"Fallback, wenn keine Fokus-Bereiche benannt werden";"werden aus Ihrer Auswertung abgeleitet";"vengono dedotti dalla Sua valutazione";"";"";"Marketing";"Prüfung erforderlich";"";"";"";"ui.coach_handoff.focus_fallback";"ui";"it-CH";"3";"v1:4c57ada7d55b51436b17bda45c5831ce8e05df24ae9d5f359035e7ea924ebe4f";"269053a5696934629331dc7a94cb7ad94b40ecfe72efc6d4010085f019e491f8"
"Digital Coach";"Coach-Dialog & Übergabe";"Coach-Übergabe";"Begründung / Einordnung";"Coach-App-Karte, Beschreibung";"Die Helsana Coach App begleitet Sie täglich beim Dranbleiben – mit persönlichen Plänen, Erinnerungen und Übungen. Ihr Gesundheitscheck kann Ihnen dort den Start abnehmen.";"L’app Helsana Coach La aiuta ogni giorno a mantenere le Sue abitudini con piani personali, promemoria ed esercizi. Il Suo check della salute può facilitarle l’inizio.";"";"";"Marketing";"Prüfung erforderlich";"";"";"";"ui.coach_handoff.description";"ui";"it-CH";"3";"v1:4c57ada7d55b51436b17bda45c5831ce8e05df24ae9d5f359035e7ea924ebe4f";"73a677274b3292c7be7e8ad5f459997c3920581e4a99d046c72f285bdf7979f1"
"Digital Coach";"Coach-Dialog & Übergabe";"Coach-Übergabe";"Nächster Schritt";"CTA zur Helsana Coach App";"Helsana Coach öffnen";"Aprire Helsana Coach";"";"";"Marketing";"Prüfung erforderlich";"";"";"";"ui.coach_handoff.cta";"ui";"it-CH";"3";"v1:4c57ada7d55b51436b17bda45c5831ce8e05df24ae9d5f359035e7ea924ebe4f";"cf1faad116ffe0bcaadd400e57375bee4c917db92233091e49bcd0610b7df552"
"Digital Coach";"Coach-Dialog & Übergabe";"Coach-Übergabe";"Dynamischer Text";"Coach-App-Karte, Fokus-Bereiche-Zeile";"Ihre Fokus-Bereiche: {{focusTitles}}";"I Suoi ambiti prioritari: {{focusTitles}}";"";"";"Marketing";"Prüfung erforderlich";"";"{{focusTitles}}";"";"ui.coach_handoff.focus";"ui";"it-CH";"3";"v1:4c57ada7d55b51436b17bda45c5831ce8e05df24ae9d5f359035e7ea924ebe4f";"98c225baf792b28682522c1d51d259df01220c005d7a224b89139c9fb020ac42"
"Digital Coach";"Coach-Dialog & Übergabe";"Coach-Übergabe";"Dynamischer Text";"Coach-App-Karte, Gesamtprofil-Zeile";"Ihr Gesamtprofil: <b>{{overallScore}}/100</b> ({{statusLabel}})";"Il Suo profilo complessivo: <b>{{overallScore}}/100</b> ({{statusLabel}})";"";"";"Marketing";"Prüfung erforderlich";"";"{{overallScore}} | {{statusLabel}}";"";"ui.coach_handoff.profile";"ui";"it-CH";"3";"v1:4c57ada7d55b51436b17bda45c5831ce8e05df24ae9d5f359035e7ea924ebe4f";"2347bea4fc321dfe4bb3798831d8644cf8a800d0afe9a32b5104dda12834f7a0"
"Digital Coach";"Coach-Dialog & Übergabe";"Coach-Übergabe";"Beschriftung";"Coach-App-Karte mit drei Startschritten";"Ihre nächsten drei Schritte als fertiger Startplan";"I Suoi prossimi tre passi come piano iniziale pronto all’uso";"";"";"Marketing";"Prüfung erforderlich";"";"";"";"ui.coach_handoff.plan.three";"ui";"it-CH";"3";"v1:4c57ada7d55b51436b17bda45c5831ce8e05df24ae9d5f359035e7ea924ebe4f";"59620e51547e2605f25fc5f5e4e437cd4769ac24cc988085a64c3c92792b4a2b"
"Digital Coach";"Coach-Dialog & Übergabe";"Coach-Übergabe";"Beschriftung";"Coach-App-Karte mit genau einem Startschritt";"Ihr nächster Schritt als fertiger Startplan";"Il Suo prossimo passo come piano iniziale pronto all’uso";"";"";"Marketing";"Prüfung erforderlich";"";"";"";"ui.coach_handoff.plan.one";"ui";"it-CH";"3";"v1:4c57ada7d55b51436b17bda45c5831ce8e05df24ae9d5f359035e7ea924ebe4f";"a524001f18f3866c95141dc81c946be1ad25f5cd52d7d67e29995b9c79504aa0"
"Digital Coach";"Coach-Dialog & Übergabe";"Coach-Übergabe";"Beschriftung";"Coach-App-Karte mit zwei Startschritten";"Ihre nächsten zwei Schritte als fertiger Startplan";"I Suoi prossimi due passi come piano iniziale pronto all’uso";"";"";"Marketing";"Prüfung erforderlich";"";"";"";"ui.coach_handoff.plan.two";"ui";"it-CH";"3";"v1:4c57ada7d55b51436b17bda45c5831ce8e05df24ae9d5f359035e7ea924ebe4f";"635d5080bf901a8289ef291ed36831fc076edc36ea332f67efd35f68853bb49f"
"Digital Coach";"Coach-Dialog & Übergabe";"Coach-Übergabe";"Begründung / Einordnung";"Coach-App-Karte ohne eindeutig priorisierten Aktionsschritt";"Kein einzelner priorisierter Schritt; Fokus anhand der fünf Dimensionen gemeinsam festlegen";"Nessun singolo passo prioritario; definire insieme l’obiettivo in base alle cinque dimensioni";"";"";"Marketing";"Prüfung erforderlich";"Neutraler Leerzustand ohne unzulässigen Rückschluss auf eine starke Ausgangslage; durch Marketing freigeben.";"";"";"ui.coach_handoff.plan.empty";"ui";"it-CH";"3";"v1:4c57ada7d55b51436b17bda45c5831ce8e05df24ae9d5f359035e7ea924ebe4f";"9d287ed687f37084afa50b7ca7b5ff0bba72cf844d98d7b606398fd4495971cc"
"Digital Coach";"Coach-Dialog & Übergabe";"Gesundheitsberatung";"Überschrift";"Kontaktkarte, Überschrift";"Unsere Gesundheitsberatung ist gerne für Sie da";"La nostra consulenza sanitaria è volentieri a Sua disposizione";"";"";"Marketing";"Prüfung erforderlich";"";"";"";"ui.contact.title";"ui";"it-CH";"3";"v1:4c57ada7d55b51436b17bda45c5831ce8e05df24ae9d5f359035e7ea924ebe4f";"8b2654978249a2f69bd4a7c7febdb776c3efa5b1efe597a733bb7bfc254d5adb"
"Digital Coach";"Coach-Dialog & Übergabe";"Gesundheitsberatung";"Beschriftung";"Sichtbare Telefonnummer der Gesundheitsberatung; die technische tel-URL bleibt ausserhalb des Textkatalogs";"058 340 15 69";"058 340 15 69";"";"";"Marketing";"Prüfung erforderlich";"";"";"058 340 15 69";"ui.contact.phone";"ui";"it-CH";"3";"v1:4c57ada7d55b51436b17bda45c5831ce8e05df24ae9d5f359035e7ea924ebe4f";"271f7ed9a76487c873f4d5e1551cb2af0c51c39a0e417ed0524d9a4cbcb738f1"
"Digital Coach";"Coach-Dialog & Übergabe";"Gesundheitsberatung";"Nächster Schritt";"Kontaktkarte, Anruf-CTA";"Jetzt anrufen";"Chiama ora";"";"";"Marketing";"Prüfung erforderlich";"";"";"";"ui.contact.cta";"ui";"it-CH";"3";"v1:4c57ada7d55b51436b17bda45c5831ce8e05df24ae9d5f359035e7ea924ebe4f";"809879835e26f525df81b305b85b93a661891568e4d80812aba4daa6d1dae059"
"Helsana-Angebote & Versicherung";"Angebote: Bewegung";"Helsana-Angebote";"Beschriftung";"Helsana-Angebot · sichtbarer Platzhalter solange keine echte URL hinterlegt ist";"[Helsana Bewegungsangebot verlinken]";"[Inserire il link a un’offerta Helsana per l’attività fisica]";"";"";"Marketing";"Prüfung erforderlich";"";"";"";"service.offer.bewegung.placeholder";"services";"it-CH";"3";"v1:4c57ada7d55b51436b17bda45c5831ce8e05df24ae9d5f359035e7ea924ebe4f";"867781da4341b3265f4f9ddffd4448fcb47fb9c56093dc4f37b602e938957d9a"
"Helsana-Angebote & Versicherung";"Angebote: Bewegung";"Helsana-Angebote";"Beschriftung";"Helsana-Angebot · sichtbares Linklabel; leere fit-Felder werden nicht katalogisiert, weil sie keinen sichtbaren Text erzeugen";"Bewegungsangebote & Ratgeber Bewegung";"Offerte per l’attività fisica e guide sul movimento";"";"";"Marketing";"Prüfung erforderlich";"";"";"";"service.offer.bewegung.label";"services";"it-CH";"3";"v1:4c57ada7d55b51436b17bda45c5831ce8e05df24ae9d5f359035e7ea924ebe4f";"edb049975e240635d033a6f25c023a0eafd5fecaee707497333f4e63d92e0fbb"
"Helsana-Angebote & Versicherung";"Angebote: Bewegung";"Helsana-Angebote";"Begründung / Einordnung";"Helsana-Angebot · sichtbare Einordnung der Angebots-Passung";"Niederschwellige Impulse, um mehr Bewegung in den Alltag zu bringen.";"Suggerimenti facilmente accessibili per integrare più movimento nella vita quotidiana.";"";"";"Marketing";"Prüfung erforderlich";"";"";"";"service.offer.bewegung.fit";"services";"it-CH";"3";"v1:4c57ada7d55b51436b17bda45c5831ce8e05df24ae9d5f359035e7ea924ebe4f";"b801850581d60fb4e006b880c736417b1fd66c5dc468008109b8d331d232530a"
"Helsana-Angebote & Versicherung";"Angebote: Bewegung";"Helsana-Angebote";"Beschriftung";"Helsana-Angebot · sichtbarer Platzhalter solange keine echte URL hinterlegt ist";"[Helsana Wissensinhalt zu Bewegung verlinken – z. B. warum der Einstieg den grössten Gewinn bringt, Konzept kurzer intensiver Alltags-Einheiten (VILPA: Treppe/steilen Weg 1–2 Min.), Fitness als starker Prädiktor für Lebenserwartung]";"[Inserire il link a un contenuto informativo Helsana sull’attività fisica, ad es. perché iniziare offre il maggiore beneficio, il concetto di brevi attività quotidiane intense (VILPA: scale o salita ripida per 1–2 min) e la forma fisica come forte indicatore della speranza di vita]";"";"";"Marketing";"Prüfung erforderlich";"";"";"";"service.offer.wissen_bewegung.placeholder";"services";"it-CH";"3";"v1:4c57ada7d55b51436b17bda45c5831ce8e05df24ae9d5f359035e7ea924ebe4f";"ef9a630009093c5d1648f1a97afef0606d66c6659d1372a5e820f5e457d2a110"
"Helsana-Angebote & Versicherung";"Angebote: Bewegung";"Helsana-Angebote";"Beschriftung";"Helsana-Angebot · sichtbares Linklabel; leere fit-Felder werden nicht katalogisiert, weil sie keinen sichtbaren Text erzeugen";"Verständlich erklärt: Warum schon kurze, intensive Bewegung so viel bewirkt";"Spiegato in modo chiaro: perché anche brevi attività intense possono avere un grande effetto";"";"";"Marketing";"Prüfung erforderlich";"";"";"";"service.offer.wissen_bewegung.label";"services";"it-CH";"3";"v1:4c57ada7d55b51436b17bda45c5831ce8e05df24ae9d5f359035e7ea924ebe4f";"b4ff57ab5d527471b0149aef3fedce2b308e81fd97ec45a856d941c0df70e628"
"Helsana-Angebote & Versicherung";"Angebote: Bewegung";"Helsana-Angebote";"Begründung / Einordnung";"Helsana-Angebot · sichtbare Einordnung der Angebots-Passung";"Warum der Einstieg am meisten bringt und kurze intensive Einheiten besonders wirksam sind.";"Perché iniziare offre il maggiore beneficio e perché brevi attività intense possono essere particolarmente efficaci.";"";"";"Marketing";"Prüfung erforderlich";"";"";"";"service.offer.wissen_bewegung.fit";"services";"it-CH";"3";"v1:4c57ada7d55b51436b17bda45c5831ce8e05df24ae9d5f359035e7ea924ebe4f";"f8cb72399efd740516ae061612877c8ff4c291554e5c986a4c92a5ce318eb77f"
"Helsana-Angebote & Versicherung";"Angebote: Ernährung & Stoffwechsel";"Helsana-Angebote";"Beschriftung";"Helsana-Angebot · sichtbarer Platzhalter solange keine echte URL hinterlegt ist";"[Helsana Ernährungsberatung verlinken]";"[Inserire il link alla consulenza nutrizionale Helsana]";"";"";"Marketing";"Prüfung erforderlich";"";"";"";"service.offer.ernaehrung.placeholder";"services";"it-CH";"3";"v1:4c57ada7d55b51436b17bda45c5831ce8e05df24ae9d5f359035e7ea924ebe4f";"417cec363324b6bc7579e881f53d0bf9c4a601c1c88b3247e35e4ac7e3b1efd2"
"Helsana-Angebote & Versicherung";"Angebote: Ernährung & Stoffwechsel";"Helsana-Angebote";"Beschriftung";"Helsana-Angebot · sichtbares Linklabel; leere fit-Felder werden nicht katalogisiert, weil sie keinen sichtbaren Text erzeugen";"Ernährungsberatung & Ratgeber Ernährung";"Consulenza nutrizionale e guida all’alimentazione";"";"";"Marketing";"Prüfung erforderlich";"";"";"";"service.offer.ernaehrung.label";"services";"it-CH";"3";"v1:4c57ada7d55b51436b17bda45c5831ce8e05df24ae9d5f359035e7ea924ebe4f";"d0edeb692ae042071bd66284411654a6dfd0b7199eab92a149b6a5a530667c28"
"Helsana-Angebote & Versicherung";"Angebote: Ernährung & Stoffwechsel";"Helsana-Angebote";"Begründung / Einordnung";"Helsana-Angebot · sichtbare Einordnung der Angebots-Passung";"Persönliche Begleitung für eine alltagstaugliche, gesunde Ernährung.";"Accompagnamento personale per un’alimentazione sana e adatta alla vita quotidiana.";"";"";"Marketing";"Prüfung erforderlich";"";"";"";"service.offer.ernaehrung.fit";"services";"it-CH";"3";"v1:4c57ada7d55b51436b17bda45c5831ce8e05df24ae9d5f359035e7ea924ebe4f";"0e3892759effc5d64a09a5bec876c33dea913efb07477b7e70464fc9678f577a"
"Helsana-Angebote & Versicherung";"Angebote: Ernährung & Stoffwechsel";"Helsana-Angebote";"Beschriftung";"Helsana-Angebot · sichtbarer Platzhalter solange keine echte URL hinterlegt ist";"[Helsana Angebot metabolische Gesundheit verlinken]";"[Inserire il link a un’offerta Helsana sulla salute metabolica]";"";"";"Marketing";"Prüfung erforderlich";"";"";"";"service.offer.metabolisch.placeholder";"services";"it-CH";"3";"v1:4c57ada7d55b51436b17bda45c5831ce8e05df24ae9d5f359035e7ea924ebe4f";"a0b03bd29547838de922fa2c3120a4e93eb0dfd5383608099d96c1c48f26c1f5"
"Helsana-Angebote & Versicherung";"Angebote: Ernährung & Stoffwechsel";"Helsana-Angebote";"Beschriftung";"Helsana-Angebot · sichtbares Linklabel; leere fit-Felder werden nicht katalogisiert, weil sie keinen sichtbaren Text erzeugen";"Inhalte zu Stoffwechsel & gesundem Gewicht";"Contenuti sul metabolismo e sul peso sano";"";"";"Marketing";"Prüfung erforderlich";"";"";"";"service.offer.metabolisch.label";"services";"it-CH";"3";"v1:4c57ada7d55b51436b17bda45c5831ce8e05df24ae9d5f359035e7ea924ebe4f";"41a5e55b5592d2fe415dc87e93db95b9ac8cda457bffd820a75bd5e83f1c20c5"
"Helsana-Angebote & Versicherung";"Angebote: Ernährung & Stoffwechsel";"Helsana-Angebote";"Begründung / Einordnung";"Helsana-Angebot · sichtbare Einordnung der Angebots-Passung";"Unterstützt Sie rund um Blutzucker, Gewicht und Energie.";"La sostiene per quanto riguarda glicemia, peso ed energia.";"";"";"Marketing";"Prüfung erforderlich";"";"";"";"service.offer.metabolisch.fit";"services";"it-CH";"3";"v1:4c57ada7d55b51436b17bda45c5831ce8e05df24ae9d5f359035e7ea924ebe4f";"0cb03770aa6bf487a4b66a90992e12cd47f50a75ceea88f46bfeda98c2fd93e4"
"Helsana-Angebote & Versicherung";"Angebote: Krafttraining";"Helsana-Angebote";"Beschriftung";"Helsana-Angebot · sichtbarer Platzhalter solange keine echte URL hinterlegt ist";"[Helsana Krafttraining-/Trainingsangebot verlinken]";"[Inserire il link a un’offerta Helsana per l’allenamento della forza o a un programma di allenamento]";"";"";"Marketing";"Prüfung erforderlich";"";"";"";"service.offer.kraft.placeholder";"services";"it-CH";"3";"v1:4c57ada7d55b51436b17bda45c5831ce8e05df24ae9d5f359035e7ea924ebe4f";"cc3234777d723596e35fec8eef72ad74a740667f66e7b05a9a0cbcef62dfd32a"
"Helsana-Angebote & Versicherung";"Angebote: Krafttraining";"Helsana-Angebote";"Beschriftung";"Helsana-Angebot · sichtbares Linklabel; leere fit-Felder werden nicht katalogisiert, weil sie keinen sichtbaren Text erzeugen";"Krafttraining-Einstieg & Trainingspläne";"Introduzione all’allenamento della forza e piani di allenamento";"";"";"Marketing";"Prüfung erforderlich";"";"";"";"service.offer.kraft.label";"services";"it-CH";"3";"v1:4c57ada7d55b51436b17bda45c5831ce8e05df24ae9d5f359035e7ea924ebe4f";"bf3f47dc2b5907b79cfa880bae2c33bba6c759cc8d93f053439cfae6ee596677"
"Helsana-Angebote & Versicherung";"Angebote: Krafttraining";"Helsana-Angebote";"Begründung / Einordnung";"Helsana-Angebot · sichtbare Einordnung der Angebots-Passung";"Hilft Ihnen, gezielt und sicher mit Krafttraining zu starten.";"La aiuta a iniziare l’allenamento della forza in modo mirato e sicuro.";"";"";"Marketing";"Prüfung erforderlich";"";"";"";"service.offer.kraft.fit";"services";"it-CH";"3";"v1:4c57ada7d55b51436b17bda45c5831ce8e05df24ae9d5f359035e7ea924ebe4f";"028e8c111c8356cf048b49b63d4e27849287631ce8952fd0d01665c44c70460f"
"Helsana-Angebote & Versicherung";"Angebote: Mentales Wohlbefinden";"Helsana-Angebote";"Beschriftung";"Helsana-Angebot · sichtbarer Platzhalter solange keine echte URL hinterlegt ist";"[Helsana Angebot psychische Gesundheit / Beratung verlinken]";"[Inserire il link a un’offerta Helsana per la salute mentale o la consulenza]";"";"";"Marketing";"Prüfung erforderlich";"";"";"";"service.offer.mentale_hilfe.placeholder";"services";"it-CH";"3";"v1:4c57ada7d55b51436b17bda45c5831ce8e05df24ae9d5f359035e7ea924ebe4f";"b08b3605b8033de92402e89203b01867eddd46e2367f1ebad04d9dba6ac595dd"
"Helsana-Angebote & Versicherung";"Angebote: Mentales Wohlbefinden";"Helsana-Angebote";"Beschriftung";"Helsana-Angebot · sichtbares Linklabel; leere fit-Felder werden nicht katalogisiert, weil sie keinen sichtbaren Text erzeugen";"Unterstützungsangebote bei psychischer Belastung";"Offerte di sostegno in caso di disagio psichico";"";"";"Marketing";"Prüfung erforderlich";"";"";"";"service.offer.mentale_hilfe.label";"services";"it-CH";"3";"v1:4c57ada7d55b51436b17bda45c5831ce8e05df24ae9d5f359035e7ea924ebe4f";"3073e2664ceb4d7ff6b3de62fdb4867ee3f9683074fdf13f7c76f621f0908c66"
"Helsana-Angebote & Versicherung";"Angebote: Mentales Wohlbefinden";"Helsana-Angebote";"Begründung / Einordnung";"Helsana-Angebot · sichtbare Einordnung der Angebots-Passung";"Vertrauliche Hilfe, wenn die Belastung gross wird.";"Aiuto confidenziale quando il carico diventa difficile da gestire.";"";"";"Marketing";"Prüfung erforderlich";"";"";"";"service.offer.mentale_hilfe.fit";"services";"it-CH";"3";"v1:4c57ada7d55b51436b17bda45c5831ce8e05df24ae9d5f359035e7ea924ebe4f";"87a4c3645c047600ed0291d613d8348300d68a5c1b84dfeb9940bb880b796acf"
"Helsana-Angebote & Versicherung";"Angebote: Mentales Wohlbefinden";"Helsana-Angebote";"Beschriftung";"Helsana-Angebot · sichtbarer Platzhalter solange keine echte URL hinterlegt ist";"[Helsana Stressmanagement-Angebot verlinken]";"[Inserire il link a un’offerta Helsana per la gestione dello stress]";"";"";"Marketing";"Prüfung erforderlich";"";"";"";"service.offer.stress.placeholder";"services";"it-CH";"3";"v1:4c57ada7d55b51436b17bda45c5831ce8e05df24ae9d5f359035e7ea924ebe4f";"90d18abb2425c1100be90218b790883bdf0c96b9bb65573763c4a8fe1dc652ab"
"Helsana-Angebote & Versicherung";"Angebote: Mentales Wohlbefinden";"Helsana-Angebote";"Beschriftung";"Helsana-Angebot · sichtbares Linklabel; leere fit-Felder werden nicht katalogisiert, weil sie keinen sichtbaren Text erzeugen";"Stressmanagement & mentale Gesundheit";"Gestione dello stress e salute mentale";"";"";"Marketing";"Prüfung erforderlich";"";"";"";"service.offer.stress.label";"services";"it-CH";"3";"v1:4c57ada7d55b51436b17bda45c5831ce8e05df24ae9d5f359035e7ea924ebe4f";"640734f6febb2c367ac70940b9f64539a47a6e92c9d63498fd91c2b7eafc248e"
"Helsana-Angebote & Versicherung";"Angebote: Mentales Wohlbefinden";"Helsana-Angebote";"Begründung / Einordnung";"Helsana-Angebot · sichtbare Einordnung der Angebots-Passung";"Begleitung und Übungen, um Belastung zu reduzieren und aufzutanken.";"Accompagnamento ed esercizi per ridurre il carico e recuperare le energie.";"";"";"Marketing";"Prüfung erforderlich";"";"";"";"service.offer.stress.fit";"services";"it-CH";"3";"v1:4c57ada7d55b51436b17bda45c5831ce8e05df24ae9d5f359035e7ea924ebe4f";"95f747542232dd2445cf5d84f7dbde4893bd04f3cd8982f4c26e92d9ff423c68"
"Helsana-Angebote & Versicherung";"Angebote: Rauchstopp";"Helsana-Angebote";"Beschriftung";"Helsana-Angebot · sichtbarer Platzhalter solange keine echte URL hinterlegt ist";"[Helsana Rauchstopp-Angebot verlinken]";"[Inserire il link a un’offerta Helsana per smettere di fumare]";"";"";"Marketing";"Prüfung erforderlich";"";"";"";"service.offer.rauchstopp.placeholder";"services";"it-CH";"3";"v1:4c57ada7d55b51436b17bda45c5831ce8e05df24ae9d5f359035e7ea924ebe4f";"966029d51a7cbd596af89c9adf7359f56070cfb8777e162bca4f781c986c59e1"
"Helsana-Angebote & Versicherung";"Angebote: Rauchstopp";"Helsana-Angebote";"Beschriftung";"Helsana-Angebot · sichtbares Linklabel; leere fit-Felder werden nicht katalogisiert, weil sie keinen sichtbaren Text erzeugen";"Rauchstopp-Angebote & Beratung";"Offerte e consulenza per smettere di fumare";"";"";"Marketing";"Prüfung erforderlich";"";"";"";"service.offer.rauchstopp.label";"services";"it-CH";"3";"v1:4c57ada7d55b51436b17bda45c5831ce8e05df24ae9d5f359035e7ea924ebe4f";"17a1e410c36da50a7bbba336b824631c4b7634d4ec0f74ecf680839c99562a13"
"Helsana-Angebote & Versicherung";"Angebote: Rauchstopp";"Helsana-Angebote";"Begründung / Einordnung";"Helsana-Angebot · sichtbare Einordnung der Angebots-Passung";"Begleitung und Methoden für einen erfolgreichen Rauchstopp.";"Accompagnamento e metodi per riuscire a smettere di fumare.";"";"";"Marketing";"Prüfung erforderlich";"";"";"";"service.offer.rauchstopp.fit";"services";"it-CH";"3";"v1:4c57ada7d55b51436b17bda45c5831ce8e05df24ae9d5f359035e7ea924ebe4f";"ba2cf89d2f46482549ad9dc3af3dedd7272d3c12b35e1fd91dac05342b77d65e"
"Helsana-Angebote & Versicherung";"Angebote: Rauchstopp";"Helsana-Angebote";"Beschriftung";"Helsana-Angebot · sichtbarer Platzhalter solange keine echte URL hinterlegt ist";"[Helsana Wissensinhalt zum Rauchstopp verlinken – z. B. Erholungs-Zeitleiste (20 Min. bis 15 Jahre), Umgang mit Entzug und Rückfällen, warum Begleitung + Nikotinersatz die Erfolgschance vervielfacht]";"[Inserire il link a un contenuto informativo Helsana sulla cessazione del fumo, ad es. una cronologia del recupero (da 20 min a 15 anni), consigli per gestire astinenza e ricadute e informazioni sul perché il sostegno associato alla sostituzione nicotinica può moltiplicare le probabilità di successo]";"";"";"Marketing";"Prüfung erforderlich";"";"";"";"service.offer.wissen_rauchstopp.placeholder";"services";"it-CH";"3";"v1:4c57ada7d55b51436b17bda45c5831ce8e05df24ae9d5f359035e7ea924ebe4f";"df5ab36b34a53fcadc2a6cab296a4e96fefcbd025c370a8332e5fbaf039e451e"
"Helsana-Angebote & Versicherung";"Angebote: Rauchstopp";"Helsana-Angebote";"Beschriftung";"Helsana-Angebot · sichtbares Linklabel; leere fit-Felder werden nicht katalogisiert, weil sie keinen sichtbaren Text erzeugen";"Verständlich erklärt: Was im Körper nach dem Rauchstopp passiert";"Spiegato in modo chiaro: che cosa succede nel corpo dopo aver smesso di fumare";"";"";"Marketing";"Prüfung erforderlich";"";"";"";"service.offer.wissen_rauchstopp.label";"services";"it-CH";"3";"v1:4c57ada7d55b51436b17bda45c5831ce8e05df24ae9d5f359035e7ea924ebe4f";"a05572e188e1b337388e3e514b85727db6a0a24e9fc9df9430f5ad5d7412f0fb"
"Helsana-Angebote & Versicherung";"Angebote: Rauchstopp";"Helsana-Angebote";"Begründung / Einordnung";"Helsana-Angebot · sichtbare Einordnung der Angebots-Passung";"Die Erholungs-Zeitleiste und warum professionelle Begleitung den Unterschied macht.";"La cronologia del recupero e il motivo per cui un sostegno professionale può fare la differenza.";"";"";"Marketing";"Prüfung erforderlich";"";"";"";"service.offer.wissen_rauchstopp.fit";"services";"it-CH";"3";"v1:4c57ada7d55b51436b17bda45c5831ce8e05df24ae9d5f359035e7ea924ebe4f";"21b81c2941cbb80a931f9b2264c1a677e9a083d64b0bfb77244016f8316d078e"
"Helsana-Angebote & Versicherung";"Angebote: Schlaf";"Helsana-Angebote";"Beschriftung";"Helsana-Angebot · sichtbarer Platzhalter solange keine echte URL hinterlegt ist";"[Helsana Schlafratgeber verlinken]";"[Inserire il link alla guida Helsana sul sonno]";"";"";"Marketing";"Prüfung erforderlich";"";"";"";"service.offer.schlaf.placeholder";"services";"it-CH";"3";"v1:4c57ada7d55b51436b17bda45c5831ce8e05df24ae9d5f359035e7ea924ebe4f";"7082d14d1c4b612b8725bfc41034dc01249af91be6b9878b9b90fcda9faf32ea"
"Helsana-Angebote & Versicherung";"Angebote: Schlaf";"Helsana-Angebote";"Beschriftung";"Helsana-Angebot · sichtbares Linklabel; leere fit-Felder werden nicht katalogisiert, weil sie keinen sichtbaren Text erzeugen";"Schlafratgeber & Regeneration";"Guida al sonno e recupero";"";"";"Marketing";"Prüfung erforderlich";"";"";"";"service.offer.schlaf.label";"services";"it-CH";"3";"v1:4c57ada7d55b51436b17bda45c5831ce8e05df24ae9d5f359035e7ea924ebe4f";"b92905fbbf44ad4896d71175194d6f84a02361c121757a2caef324b14cc10749"
"Helsana-Angebote & Versicherung";"Angebote: Schlaf";"Helsana-Angebote";"Begründung / Einordnung";"Helsana-Angebot · sichtbare Einordnung der Angebots-Passung";"Praktische Tipps für besseren, erholsameren Schlaf.";"Consigli pratici per un sonno migliore e più ristoratore.";"";"";"Marketing";"Prüfung erforderlich";"";"";"";"service.offer.schlaf.fit";"services";"it-CH";"3";"v1:4c57ada7d55b51436b17bda45c5831ce8e05df24ae9d5f359035e7ea924ebe4f";"f7dd4aa26be2dd3034c2cf9207e82f3aefd9152b3363b1cacc95593b3e20002d"
"Helsana-Angebote & Versicherung";"Angebote: Vorsorge";"Helsana-Angebote";"Beschriftung";"Helsana-Angebot · sichtbarer Platzhalter solange keine echte URL hinterlegt ist";"[Helsana Blutdruck-/Herzgesundheit-Angebot verlinken]";"[Inserire il link a un’offerta Helsana sulla pressione arteriosa o sulla salute del cuore]";"";"";"Marketing";"Prüfung erforderlich";"";"";"";"service.offer.blutdruck.placeholder";"services";"it-CH";"3";"v1:4c57ada7d55b51436b17bda45c5831ce8e05df24ae9d5f359035e7ea924ebe4f";"bec1e6ae8240cc4aef62b18481ee12997e827f6b6ecf5f253090f6c337f0a2a3"
"Helsana-Angebote & Versicherung";"Angebote: Vorsorge";"Helsana-Angebote";"Beschriftung";"Helsana-Angebot · sichtbares Linklabel; leere fit-Felder werden nicht katalogisiert, weil sie keinen sichtbaren Text erzeugen";"Inhalte zu Blutdruck & Herzgesundheit";"Contenuti sulla pressione arteriosa e sulla salute del cuore";"";"";"Marketing";"Prüfung erforderlich";"";"";"";"service.offer.blutdruck.label";"services";"it-CH";"3";"v1:4c57ada7d55b51436b17bda45c5831ce8e05df24ae9d5f359035e7ea924ebe4f";"190a2b741b0d14b2e26a149806a166b899ce0afada3fc5b65b712c9b6d809e67"
"Helsana-Angebote & Versicherung";"Angebote: Vorsorge";"Helsana-Angebote";"Begründung / Einordnung";"Helsana-Angebot · sichtbare Einordnung der Angebots-Passung";"Wissen und Impulse rund um Blutdruck und Herz-Kreislauf.";"Informazioni e suggerimenti pratici sulla pressione arteriosa e sulla salute cardiovascolare.";"";"";"Marketing";"Prüfung erforderlich";"";"";"";"service.offer.blutdruck.fit";"services";"it-CH";"3";"v1:4c57ada7d55b51436b17bda45c5831ce8e05df24ae9d5f359035e7ea924ebe4f";"64a7428ee051ead74371bfd2cc049ca800fd316f0c834663ced5b27056712987"
"Helsana-Angebote & Versicherung";"Angebote: Vorsorge";"Helsana-Angebote";"Beschriftung";"Helsana-Angebot · sichtbarer Platzhalter solange keine echte URL hinterlegt ist";"[Helsana Vorsorgeangebot verlinken]";"[Inserire il link a un’offerta Helsana per la prevenzione]";"";"";"Marketing";"Prüfung erforderlich";"";"";"";"service.offer.vorsorge.placeholder";"services";"it-CH";"3";"v1:4c57ada7d55b51436b17bda45c5831ce8e05df24ae9d5f359035e7ea924ebe4f";"e37a0d21dd2670ae6965546f254b5b06b9055d0c26e3cb218a4435ecded9619b"
"Helsana-Angebote & Versicherung";"Angebote: Vorsorge";"Helsana-Angebote";"Beschriftung";"Helsana-Angebot · sichtbares Linklabel; leere fit-Felder werden nicht katalogisiert, weil sie keinen sichtbaren Text erzeugen";"Vorsorge- & Check-up-Informationen";"Informazioni sulla prevenzione e sui check-up";"";"";"Marketing";"Prüfung erforderlich";"";"";"";"service.offer.vorsorge.label";"services";"it-CH";"3";"v1:4c57ada7d55b51436b17bda45c5831ce8e05df24ae9d5f359035e7ea924ebe4f";"2655f63327514c507e7f68cf8af6f6d90179a80ba46f672a545f487d6d4fab7a"
"Helsana-Angebote & Versicherung";"Angebote: Vorsorge";"Helsana-Angebote";"Begründung / Einordnung";"Helsana-Angebot · sichtbare Einordnung der Angebots-Passung";"Orientierung zu sinnvollen Vorsorge- und Kontrolluntersuchungen.";"Indicazioni sugli esami preventivi e di controllo appropriati.";"";"";"Marketing";"Prüfung erforderlich";"";"";"";"service.offer.vorsorge.fit";"services";"it-CH";"3";"v1:4c57ada7d55b51436b17bda45c5831ce8e05df24ae9d5f359035e7ea924ebe4f";"998a683c59a81aeb4eca3f58872d8f408d7d84f12eec76360a6ca75f6e44bcf4"
"Helsana-Angebote & Versicherung";"Angebote: Vorsorge";"Helsana-Angebote";"Beschriftung";"Helsana-Angebot · sichtbarer Platzhalter solange keine echte URL hinterlegt ist";"[Helsana Wissensinhalt zu kardiovaskulären Markern & Prävention verlinken – z. B. erklärender Artikel/Video dazu, wie LDL-C, ApoB und Lp(a) unterschiedliche Aspekte des Herz-Kreislauf-Risikos abbilden und wann zusätzliche Messungen sinnvoll sind]";"[Inserire il link a un contenuto informativo Helsana sui marcatori cardiovascolari e sulla prevenzione, ad es. un articolo o video che spieghi come LDL-C, ApoB e Lp(a) rappresentano aspetti diversi del rischio cardiovascolare e quando possono essere utili misurazioni supplementari]";"";"";"Marketing";"Prüfung erforderlich";"LDL-C ergänzt und ApoB/Lp(a) nicht als pauschal aussagekräftigste Marker bezeichnet; durch Marketing freigeben.";"";"";"service.offer.wissen_kardio.placeholder";"services";"it-CH";"3";"v1:4c57ada7d55b51436b17bda45c5831ce8e05df24ae9d5f359035e7ea924ebe4f";"4b39a795daba57eccc36d7de5f8f01ad43c0c06c9e2ace5c49d336b0c5bc7b7b"
"Helsana-Angebote & Versicherung";"Angebote: Vorsorge";"Helsana-Angebote";"Beschriftung";"Helsana-Angebot · sichtbares Linklabel; leere fit-Felder werden nicht katalogisiert, weil sie keinen sichtbaren Text erzeugen";"Verständlich erklärt: ApoB, Lp(a) & moderne Herz-Kreislauf-Vorsorge";"Spiegato in modo chiaro: ApoB, Lp(a) e prevenzione cardiovascolare moderna";"";"";"Marketing";"Prüfung erforderlich";"";"";"";"service.offer.wissen_kardio.label";"services";"it-CH";"3";"v1:4c57ada7d55b51436b17bda45c5831ce8e05df24ae9d5f359035e7ea924ebe4f";"eaed8ec580748ebcdea7855ccab493737e4dfaec13203c02d742c25827a13d00"
"Helsana-Angebote & Versicherung";"Angebote: Vorsorge";"Helsana-Angebote";"Begründung / Einordnung";"Helsana-Angebot · sichtbare Einordnung der Angebots-Passung";"Einfach erklärt, warum diese Werte zählen und warum frühes Handeln so wirksam ist.";"Spiega in modo semplice perché questi valori sono importanti e perché intervenire precocemente può essere efficace.";"";"";"Marketing";"Prüfung erforderlich";"";"";"";"service.offer.wissen_kardio.fit";"services";"it-CH";"3";"v1:4c57ada7d55b51436b17bda45c5831ce8e05df24ae9d5f359035e7ea924ebe4f";"fc76aa5fd17380e9ad144d56db1122da7c656e2ed0b4e7e9014ea179d70dffc8"
"Helsana-Angebote & Versicherung";"Datenschutz & Einwilligung";"Coach-Antworten";"Begründung / Einordnung";"Demo-Coach-Antwort zur Helsana Coach App";"Die Helsana Coach App begleitet Sie täglich beim Dranbleiben – mit Plänen, Erinnerungen und Übungen. Mit Ihrer Zustimmung könnten Sie Ihr Profil (Score, Fokus-Bereiche, nächste Schritte) direkt übernehmen. Den Absprung finden Sie weiter unten auf dieser Seite.";"L’app Helsana Coach La aiuta ogni giorno a mantenere le Sue abitudini con programmi, promemoria ed esercizi. Con il Suo consenso, il profilo (punteggio, ambiti prioritari e prossimi passi) potrebbe essere trasferito direttamente. Trova il link più in basso in questa pagina.";"";"";"Marketing, Recht";"Prüfung erforderlich";"Aussage zu Einwilligung und möglicher Profilübernahme vor Go-live durch Legal/Datenschutz freigeben.";"";"";"coach.answer.coach_app";"coach";"it-CH";"3";"v1:4c57ada7d55b51436b17bda45c5831ce8e05df24ae9d5f359035e7ea924ebe4f";"dedecb368891cc0b8115bd8719234b269aefb833611d4dc09f491ce2efd308ca"
"Helsana-Angebote & Versicherung";"Datenschutz & Einwilligung";"Coach-Übergabe";"Überschrift";"Coach-App-Karte, Überschrift der übergebenen Daten";"Das würde übergeben – nur mit Ihrer Zustimmung:";"Questi dati verrebbero trasmessi, solo con il Suo consenso:";"";"";"Marketing, Recht";"Prüfung erforderlich";"Einwilligungsformulierung vor Umsetzung und Go-live durch Legal/Datenschutz freigeben.";"";"";"ui.coach_handoff.consent_title";"ui";"it-CH";"3";"v1:4c57ada7d55b51436b17bda45c5831ce8e05df24ae9d5f359035e7ea924ebe4f";"21790c8f042c9be03c4e3562797214d5b5cfaad3ccc8adfedc7ecb90e2532691"
"Helsana-Angebote & Versicherung";"Datenschutz & Einwilligung";"Coach-Übergabe";"Begründung / Einordnung";"Technischer Datenschutz-Hinweis zur Übergabe";"Konzept: Die Übergabe erfolgt über einen kurzlebigen, einmaligen Token – Ihre Antworten liegen nicht offen im Link.";"Concetto: la trasmissione avviene mediante un token monouso di breve durata; le Sue risposte non sono visibili nel link.";"";"";"Marketing, Recht";"Prüfung erforderlich";"Technische Datenschutzbehauptung erst nach bestätigter Zielarchitektur durch Legal/Datenschutz freigeben.";"";"";"ui.coach_handoff.note";"ui";"it-CH";"3";"v1:4c57ada7d55b51436b17bda45c5831ce8e05df24ae9d5f359035e7ea924ebe4f";"04170e901aa645d8b341816026086e62e9bb2fb4ac31a4d257e26247c98a3d5e"
"Helsana-Angebote & Versicherung";"Datenschutz & Einwilligung";"Gesundheitsberatung";"Begründung / Einordnung";"Kontaktkarte, Öffnungszeiten und Einwilligungshinweis";"Montag bis Freitag, 8.00 Uhr bis 18.00 Uhr (Lokaltarif). Mit Ihrem Anruf erklären Sie sich mit den Nutzungsbestimmungen und der Datenschutzerklärung der Helsana-Gesundheitsberatung einverstanden.";"Da lunedì a venerdì, dalle ore 8.00 alle 18.00 (tariffa locale). Telefonando dichiara di accettare le condizioni d’utilizzo e la dichiarazione sulla protezione dei dati della consulenza sanitaria Helsana.";"";"";"Marketing, Recht";"Prüfung erforderlich";"Öffnungszeiten, Tarif- und Einwilligungshinweis vor Go-live durch Legal und den Service-Fachbereich freigeben.";"";"";"ui.contact.availability_legal";"ui";"it-CH";"3";"v1:4c57ada7d55b51436b17bda45c5831ce8e05df24ae9d5f359035e7ea924ebe4f";"8e539a0b4e1b90263d3caa855c849941b87196f2fabcbe4cb7f5c7727501f5cd"
"Helsana-Angebote & Versicherung";"Datenschutz & Einwilligung";"Angebote & Kundenkontext";"Beschriftung";"Ergebnisseite, Ersatzname im Kundenkontext-Chip ohne Anzeigenamen";"Angemeldet";"Accesso effettuato";"";"";"Marketing";"Prüfung erforderlich";"";"";"";"ui.customer_context.fallback_name";"ui";"it-CH";"3";"v1:4c57ada7d55b51436b17bda45c5831ce8e05df24ae9d5f359035e7ea924ebe4f";"61a901e56c5c517632e14b5729607d8b686dfe5ffb957758821d03dc4b4e3a9d"
"Helsana-Angebote & Versicherung";"Datenschutz & Einwilligung";"Angebote & Kundenkontext";"Dynamischer Text";"Ergebnisseite, Kundenkontext-Chip für angemeldete Personen";"<b>{{displayName}}</b> – passende Angebote werden mit Blick auf Ihre Versicherungsprodukte eingeordnet.";"<b>{{displayName}}</b> – le offerte adeguate vengono valutate tenendo conto dei Suoi prodotti assicurativi.";"";"";"Marketing, Recht";"Prüfung erforderlich";"Versicherungsbezogene Einordnung und Sichtbarkeit des Login-Chips vor Go-live durch Legal und den zuständigen Fachbereich freigeben.";"{{displayName}}";"";"ui.customer_context.chip";"ui";"it-CH";"3";"v1:4c57ada7d55b51436b17bda45c5831ce8e05df24ae9d5f359035e7ea924ebe4f";"9b4cc651a7abb756b1c0c914240ccdffcfa56b1a8d3efc98396392d4bd9452a0"
"Helsana-Angebote & Versicherung";"Datenschutz & Einwilligung";"Ergebnislink-Dialog";"Rechtlicher Hinweis";"Datenschutzhinweis bei bewusst aktivierter Ergebnis-Link-Funktion";"Dieser Link enthält Ihre Antworten codiert, aber nicht verschlüsselt. Teilen Sie ihn nur mit Personen, denen Sie diese Gesundheitsangaben anvertrauen.";"Questo link contiene le Sue risposte codificate, ma non cifrate. Lo condivida soltanto con persone a cui desidera affidare questi dati sulla salute.";"";"";"Marketing, Recht";"Prüfung erforderlich";"Vor Aktivierung der Ergebnis-Link-Funktion durch Datenschutz/Legal freigeben.";"";"";"ui.share_modal.privacy_warning";"ui";"it-CH";"3";"v1:4c57ada7d55b51436b17bda45c5831ce8e05df24ae9d5f359035e7ea924ebe4f";"724a5cb4cb9313d92e21c193d7c8ecd6492827bce63fa63a577e1ffccc0b43c7"
"Helsana-Angebote & Versicherung";"Leistungs- und Deckungshinweise";"Versicherungs-Hinweise";"Begründung / Einordnung";"COVERAGE_HINTS.bewegung, unverbindlicher Hinweis für passende Produktkategorien";"Präventionsangebote wie dieses können je nach Zusatzversicherung unterstützt werden.";"A seconda dell’assicurazione complementare, offerte di prevenzione come questa possono beneficiare di una partecipazione ai costi.";"";"";"Marketing, Recht";"Prüfung erforderlich";"Deckungsnahe Formulierung vor Go-live durch Legal und den zuständigen Fachbereich freigeben.";"";"";"service.coverage.bewegung.hint";"services";"it-CH";"3";"v1:4c57ada7d55b51436b17bda45c5831ce8e05df24ae9d5f359035e7ea924ebe4f";"461d8d14c9d381c0a1f19774c03d6f63aa8daa2b108d1d09523b9380afd7cdbd"
"Helsana-Angebote & Versicherung";"Leistungs- und Deckungshinweise";"Versicherungs-Hinweise";"Begründung / Einordnung";"COVERAGE_HINTS.ernaehrung, unverbindlicher Hinweis für passende Produktkategorien";"Mit Ihrer Zusatzversicherung potenziell relevant – ob und in welchem Umfang Kosten unterstützt werden, hängt von Ihrem konkreten Produkt ab.";"Potenzialmente rilevante con la Sua assicurazione complementare. L’eventuale partecipazione ai costi e la relativa entità dipendono dal Suo prodotto specifico.";"";"";"Marketing, Recht";"Prüfung erforderlich";"Deckungsnahe Formulierung vor Go-live durch Legal und den zuständigen Fachbereich freigeben.";"";"";"service.coverage.ernaehrung.hint";"services";"it-CH";"3";"v1:4c57ada7d55b51436b17bda45c5831ce8e05df24ae9d5f359035e7ea924ebe4f";"6b34e2b2365be6325d07682387c80db829491cd32b8a09be130a4fbc3fb60e0d"
"Helsana-Angebote & Versicherung";"Leistungs- und Deckungshinweise";"Versicherungs-Hinweise";"Begründung / Einordnung";"COVERAGE_HINTS.kraft, unverbindlicher Hinweis für passende Produktkategorien";"Trainings- und Präventionsangebote können je nach Zusatzversicherung unterstützt werden.";"A seconda dell’assicurazione complementare, le offerte di allenamento e prevenzione possono beneficiare di una partecipazione ai costi.";"";"";"Marketing, Recht";"Prüfung erforderlich";"Deckungsnahe Formulierung vor Go-live durch Legal und den zuständigen Fachbereich freigeben.";"";"";"service.coverage.kraft.hint";"services";"it-CH";"3";"v1:4c57ada7d55b51436b17bda45c5831ce8e05df24ae9d5f359035e7ea924ebe4f";"b94049fc905fcd0f40e3aab9665ff9c5f7ebed9cd2df774420bc4950a2896183"
"Helsana-Angebote & Versicherung";"Leistungs- und Deckungshinweise";"Versicherungs-Hinweise";"Begründung / Einordnung";"COVERAGE_HINTS.mentaleHilfe, unverbindlicher Hinweis für passende Produktkategorien";"Mit Ihrer Zusatzversicherung potenziell relevant – ob und in welchem Umfang Kosten unterstützt werden, hängt von Ihrem konkreten Produkt ab.";"Potenzialmente rilevante con la Sua assicurazione complementare. L’eventuale partecipazione ai costi e la relativa entità dipendono dal Suo prodotto specifico.";"";"";"Marketing, Recht";"Prüfung erforderlich";"Deckungsnahe Formulierung vor Go-live durch Legal und den zuständigen Fachbereich freigeben.";"";"";"service.coverage.mentale_hilfe.hint";"services";"it-CH";"3";"v1:4c57ada7d55b51436b17bda45c5831ce8e05df24ae9d5f359035e7ea924ebe4f";"32ef7b6d99f6873611252f9543fd7b9a1d323292c0221b0d4f7dcecca69194bf"
"Helsana-Angebote & Versicherung";"Leistungs- und Deckungshinweise";"Versicherungs-Hinweise";"Begründung / Einordnung";"COVERAGE_HINTS.rauchstopp, unverbindlicher Hinweis für passende Produktkategorien";"Mit Ihrer Zusatzversicherung potenziell relevant – ob und in welchem Umfang Kosten unterstützt werden, hängt von Ihrem konkreten Produkt ab.";"Potenzialmente rilevante con la Sua assicurazione complementare. L’eventuale partecipazione ai costi e la relativa entità dipendono dal Suo prodotto specifico.";"";"";"Marketing, Recht";"Prüfung erforderlich";"Deckungsnahe Formulierung vor Go-live durch Legal und den zuständigen Fachbereich freigeben.";"";"";"service.coverage.rauchstopp.hint";"services";"it-CH";"3";"v1:4c57ada7d55b51436b17bda45c5831ce8e05df24ae9d5f359035e7ea924ebe4f";"36698d0e93951f7acbcfe3b9bde77e54fea94fc95ad048014f0fc8cdb851c37c"
"Helsana-Angebote & Versicherung";"Leistungs- und Deckungshinweise";"Versicherungs-Hinweise";"Begründung / Einordnung";"COVERAGE_HINTS.stress, unverbindlicher Hinweis für passende Produktkategorien";"Mit Ihrer Zusatzversicherung potenziell relevant – ob und in welchem Umfang Kosten unterstützt werden, hängt von Ihrem konkreten Produkt ab.";"Potenzialmente rilevante con la Sua assicurazione complementare. L’eventuale partecipazione ai costi e la relativa entità dipendono dal Suo prodotto specifico.";"";"";"Marketing, Recht";"Prüfung erforderlich";"Deckungsnahe Formulierung vor Go-live durch Legal und den zuständigen Fachbereich freigeben.";"";"";"service.coverage.stress.hint";"services";"it-CH";"3";"v1:4c57ada7d55b51436b17bda45c5831ce8e05df24ae9d5f359035e7ea924ebe4f";"511b8dbcfd09db9583b0ecfff5d1e1a75b1b70f6c6a3f61d2b0c6888eaf1e888"
"Helsana-Angebote & Versicherung";"Leistungs- und Deckungshinweise";"Versicherungs-Hinweise";"Begründung / Einordnung";"COVERAGE_HINTS.vorsorge, unverbindlicher Hinweis für passende Produktkategorien";"Je nach Zusatzversicherung können Vorsorgeuntersuchungen unterstützt werden – Details klären Sie am besten direkt mit Helsana.";"A seconda dell’assicurazione complementare, gli esami preventivi possono beneficiare di una partecipazione ai costi. Le consigliamo di chiarire i dettagli direttamente con Helsana.";"";"";"Marketing, Recht";"Prüfung erforderlich";"Deckungsnahe Formulierung vor Go-live durch Legal und den zuständigen Fachbereich freigeben.";"";"";"service.coverage.vorsorge.hint";"services";"it-CH";"3";"v1:4c57ada7d55b51436b17bda45c5831ce8e05df24ae9d5f359035e7ea924ebe4f";"dde9accb1ae59d1b2a132e4f9f6c924668df45860921e97dc8177ad38190b3ca"
"Helsana-Angebote & Versicherung";"Service- und Angebotskommunikation";"Gemeinsame Bereichstexte (Fragebogen und Ergebnis)";"Beschriftung";"Gemeinsam in Fragebogen und Ergebnis · Grundversicherung · Kurzlabel für Navigation und Ergebnisvisualisierung";"Grundinfo";"Informazioni di base";"";"";"Marketing";"Prüfung erforderlich";"";"";"";"service.dimension.grund.short";"services";"it-CH";"3";"v1:4c57ada7d55b51436b17bda45c5831ce8e05df24ae9d5f359035e7ea924ebe4f";"1e55cb7490cc73742c501b67cfd185a56ac2a53a890033879a6f038539bb53e5"
"Helsana-Angebote & Versicherung";"Service- und Angebotskommunikation";"Gemeinsame Bereichstexte (Fragebogen und Ergebnis)";"Überschrift";"Gemeinsam in Fragebogen und Ergebnis · Grundversicherung · vollständiger Bereichstitel";"Persönliche Angaben";"Dati personali";"";"";"Marketing, Medizin";"Prüfung erforderlich";"";"";"";"service.dimension.grund.title";"services";"it-CH";"3";"v1:4c57ada7d55b51436b17bda45c5831ce8e05df24ae9d5f359035e7ea924ebe4f";"b19f9e6403942ed7ded1fe07fdab14a2ed13043f3c367afd69fb00ca23c6b72c"
"Helsana-Angebote & Versicherung";"Service- und Angebotskommunikation";"Gemeinsame Bereichstexte (Fragebogen und Ergebnis)";"Begründung / Einordnung";"Gemeinsam in Fragebogen und Ergebnis · Grundversicherung · Einleitung im Fragebogen und in den Ergebnisdetails";"Ihre persönlichen Angaben bilden ein Antwortprofil für diese Orientierung und die individuellen Empfehlungen. Ihre Angaben werden vertraulich behandelt und bleiben anonym.";"I Suoi dati personali creano un profilo delle risposte per questo orientamento e per le raccomandazioni individuali. Le Sue informazioni sono trattate in modo confidenziale e restano anonime.";"";"";"Marketing, Medizin, Recht";"Prüfung erforderlich";"Datenschutz- und Anonymitätsaussage vor Go-live durch Legal/Datenschutz freigeben.";"";"";"service.dimension.grund.intro";"services";"it-CH";"3";"v1:4c57ada7d55b51436b17bda45c5831ce8e05df24ae9d5f359035e7ea924ebe4f";"283935807021a6d51e8fc50640c747b05ea48456aa04b8cd88c714aab50fb323"
"Helsana-Angebote & Versicherung";"Service- und Angebotskommunikation";"Demo-Kundenkontext";"Beschriftung";"Demo-Kundenprofil, nur Grundversicherung";"Demo-Profil «Nur Grundversicherung»";"Profilo demo «Solo assicurazione di base»";"";"";"Marketing";"Prüfung erforderlich";"Nur im expliziten Mock-Modus sichtbar.";"";"";"service.demo_profile.basic.display_name";"services";"it-CH";"3";"v1:4c57ada7d55b51436b17bda45c5831ce8e05df24ae9d5f359035e7ea924ebe4f";"8038eaf57c60d2a372cfb2b1dbb09ab6c8033545a63e1efd892cbc062514e411"
"Helsana-Angebote & Versicherung";"Service- und Angebotskommunikation";"Demo-Kundenkontext";"Beschriftung";"Demo-Kundenprofil, vollständiger Zusatzversicherungs-Mix";"Demo-Profil «Grund + Zusatz ambulant/Spital/Prävention»";"Profilo demo «Base + complementare ambulatoriale/ospedaliera/prevenzione»";"";"";"Marketing";"Prüfung erforderlich";"Nur im expliziten Mock-Modus sichtbar.";"";"";"service.demo_profile.complete.display_name";"services";"it-CH";"3";"v1:4c57ada7d55b51436b17bda45c5831ce8e05df24ae9d5f359035e7ea924ebe4f";"9dc5d40202f77badc69ededc94c4cbdd6207dc682cbc8c614a582696c2942761"
"Helsana-Angebote & Versicherung";"Service- und Angebotskommunikation";"Demo-Kundenkontext";"Beschriftung";"Demo-Kundenprofil, Grundversicherung und Prävention";"Demo-Profil «Grund + Prävention»";"Profilo demo «Base + prevenzione»";"";"";"Marketing";"Prüfung erforderlich";"Nur im expliziten Mock-Modus sichtbar.";"";"";"service.demo_profile.prevention.display_name";"services";"it-CH";"3";"v1:4c57ada7d55b51436b17bda45c5831ce8e05df24ae9d5f359035e7ea924ebe4f";"6fd9b5e66f26dda4093c9ee475e16b42db957411b03942bf442c5162a890011a"
"Helsana-Angebote & Versicherung";"Service- und Angebotskommunikation";"Demo-Kundenkontext";"Beschriftung";"Demo-Produkt, ambulanter Zusatz";"Zusatzversicherung ambulant (Demo)";"Assicurazione complementare ambulatoriale (demo)";"";"";"Marketing";"Prüfung erforderlich";"Nur im expliziten Mock-Modus sichtbar.";"";"";"service.demo_profile.product.ambulant";"services";"it-CH";"3";"v1:4c57ada7d55b51436b17bda45c5831ce8e05df24ae9d5f359035e7ea924ebe4f";"4743a82047007929fc1419a4255caca17295267f62c606fcb6f2a72935d1adc2"
"Helsana-Angebote & Versicherung";"Service- und Angebotskommunikation";"Demo-Kundenkontext";"Beschriftung";"Demo-Produkt, Grundversicherung";"Grundversicherung (Demo)";"Assicurazione di base (demo)";"";"";"Marketing";"Prüfung erforderlich";"Nur im expliziten Mock-Modus sichtbar.";"";"";"service.demo_profile.product.basic";"services";"it-CH";"3";"v1:4c57ada7d55b51436b17bda45c5831ce8e05df24ae9d5f359035e7ea924ebe4f";"3ac4bca992238e2e414655143a6489399bf33cd98adb4286dfe22f556d5a5230"
"Helsana-Angebote & Versicherung";"Service- und Angebotskommunikation";"Demo-Kundenkontext";"Beschriftung";"Demo-Produkt, Präventionszusatz";"Zusatzversicherung Prävention (Demo)";"Assicurazione complementare prevenzione (demo)";"";"";"Marketing";"Prüfung erforderlich";"Nur im expliziten Mock-Modus sichtbar.";"";"";"service.demo_profile.product.prevention";"services";"it-CH";"3";"v1:4c57ada7d55b51436b17bda45c5831ce8e05df24ae9d5f359035e7ea924ebe4f";"3a4ea69180144c63843dc523b7a2c0ce64c69d8ac5a33f4623bdec4f85558c14"
"Helsana-Angebote & Versicherung";"Service- und Angebotskommunikation";"Demo-Kundenkontext";"Beschriftung";"Demo-Produkt, Spitalzusatz";"Spital-Zusatzversicherung (Demo)";"Assicurazione complementare ospedaliera (demo)";"";"";"Marketing";"Prüfung erforderlich";"Nur im expliziten Mock-Modus sichtbar.";"";"";"service.demo_profile.product.hospital";"services";"it-CH";"3";"v1:4c57ada7d55b51436b17bda45c5831ce8e05df24ae9d5f359035e7ea924ebe4f";"2efe18a362a16dad08d87eebec51570c5b6fce68d3f816e5d2c49d8be4986ff8"
"Helsana-Angebote & Versicherung";"Service- und Angebotskommunikation";"Statusbänder";"Beschriftung";"Scoring STATUS_BANDS, sichtbares Label für aufmerksam";"Erhöhte Aufmerksamkeit";"Richiede maggiore attenzione";"";"";"Marketing, Medizin";"Prüfung erforderlich";"";"";"";"service.status_band.aufmerksam.label";"services";"it-CH";"3";"v1:4c57ada7d55b51436b17bda45c5831ce8e05df24ae9d5f359035e7ea924ebe4f";"46d3cac8b25337ceb8e5d2c394e392c36f83d0a66e46865f5e97c5de0769ef2e"
"Helsana-Angebote & Versicherung";"Service- und Angebotskommunikation";"Statusbänder";"Beschriftung";"Scoring STATUS_BANDS, sichtbares Label für ausbau";"Ausbaufähig";"Migliorabile";"";"";"Marketing, Medizin";"Prüfung erforderlich";"";"";"";"service.status_band.ausbau.label";"services";"it-CH";"3";"v1:4c57ada7d55b51436b17bda45c5831ce8e05df24ae9d5f359035e7ea924ebe4f";"134ec55a767e0e8ed47c53d23bffefa0fc3c6b56dce50a561695002a8a804105"
"Helsana-Angebote & Versicherung";"Service- und Angebotskommunikation";"Statusbänder";"Beschriftung";"Scoring STATUS_BANDS, sichtbares Label für solide";"Solide Basis";"Base solida";"";"";"Marketing, Medizin";"Prüfung erforderlich";"";"";"";"service.status_band.solide.label";"services";"it-CH";"3";"v1:4c57ada7d55b51436b17bda45c5831ce8e05df24ae9d5f359035e7ea924ebe4f";"4b7bf11d0bd7aa058157106cbca05eeebf1ddff022012080743b22fdce73107f"
"Helsana-Angebote & Versicherung";"Service- und Angebotskommunikation";"Statusbänder";"Beschriftung";"Scoring STATUS_BANDS, sichtbares Label für stark";"Stark";"Forte";"";"";"Marketing, Medizin";"Prüfung erforderlich";"";"";"";"service.status_band.stark.label";"services";"it-CH";"3";"v1:4c57ada7d55b51436b17bda45c5831ce8e05df24ae9d5f359035e7ea924ebe4f";"37080f89d069953f320646f0d6c47e647a0e758b57d8f127fec5d7ea0082b704"
"Helsana-Angebote & Versicherung";"Weitere Angebote";"Helsana-Angebote";"Beschriftung";"Helsana-Angebot · sichtbarer Platzhalter solange keine echte URL hinterlegt ist";"[Helsana Coach App / Deep-Link verlinken]";"[Inserire il link all’app Helsana Coach o il deep link]";"";"";"Marketing";"Prüfung erforderlich";"";"";"";"service.offer.coach_app.placeholder";"services";"it-CH";"3";"v1:4c57ada7d55b51436b17bda45c5831ce8e05df24ae9d5f359035e7ea924ebe4f";"090acc3a0c4e9881db1ea7810575799a0f776dca58c65976000d85d8b13e3ca6"
"Helsana-Angebote & Versicherung";"Weitere Angebote";"Helsana-Angebote";"Beschriftung";"Helsana-Angebot · sichtbares Linklabel; leere fit-Felder werden nicht katalogisiert, weil sie keinen sichtbaren Text erzeugen";"Helsana Coach öffnen";"Aprire Helsana Coach";"";"";"Marketing";"Prüfung erforderlich";"";"";"";"service.offer.coach_app.label";"services";"it-CH";"3";"v1:4c57ada7d55b51436b17bda45c5831ce8e05df24ae9d5f359035e7ea924ebe4f";"a13d19488da19e79e5400d8b01c1663ead0c2e211d9de96ff7e3cf45b9fa0a5d"
"Helsana-Angebote & Versicherung";"Weitere Angebote";"Helsana-Angebote";"Beschriftung";"Helsana-Angebot · sichtbarer Platzhalter solange keine echte URL hinterlegt ist";"[Feedback-Formular verlinken]";"[Inserire il link al modulo di feedback]";"";"";"Marketing";"Prüfung erforderlich";"";"";"";"service.offer.feedback.placeholder";"services";"it-CH";"3";"v1:4c57ada7d55b51436b17bda45c5831ce8e05df24ae9d5f359035e7ea924ebe4f";"23f48dc8c8190c6472e1b6a2e434a39680713b6736d93a5c7d5b9f74d42bb35a"
"Helsana-Angebote & Versicherung";"Weitere Angebote";"Helsana-Angebote";"Beschriftung";"Helsana-Angebot · sichtbares Linklabel; leere fit-Felder werden nicht katalogisiert, weil sie keinen sichtbaren Text erzeugen";"Zum Formular";"Vai al modulo";"";"";"Marketing";"Prüfung erforderlich";"";"";"";"service.offer.feedback.label";"services";"it-CH";"3";"v1:4c57ada7d55b51436b17bda45c5831ce8e05df24ae9d5f359035e7ea924ebe4f";"2f85cb2efa9fa8b854602503b52a49079d787ab9d47a8b40fcd1d07009bc5b39"
"Helsana-Angebote & Versicherung";"Weitere Angebote";"Helsana-Angebote";"Beschriftung";"Helsana-Angebot · sichtbarer Platzhalter solange keine echte URL hinterlegt ist";"[Helsana+ passendes Partnerangebot verlinken]";"[Inserire il link a un’offerta partner Helsana+ adeguata]";"";"";"Marketing";"Prüfung erforderlich";"";"";"";"service.offer.plus.placeholder";"services";"it-CH";"3";"v1:4c57ada7d55b51436b17bda45c5831ce8e05df24ae9d5f359035e7ea924ebe4f";"1d4e26d4b0d7a9b8049e4ac678d396c9daa2fdc79a1d1afbb26705e56e888b42"
"Helsana-Angebote & Versicherung";"Weitere Angebote";"Helsana-Angebote";"Beschriftung";"Helsana-Angebot · sichtbares Linklabel; leere fit-Felder werden nicht katalogisiert, weil sie keinen sichtbaren Text erzeugen";"Helsana+ Partnerangebote";"Offerte dei partner Helsana+";"";"";"Marketing";"Prüfung erforderlich";"";"";"";"service.offer.plus.label";"services";"it-CH";"3";"v1:4c57ada7d55b51436b17bda45c5831ce8e05df24ae9d5f359035e7ea924ebe4f";"b64a02917e5ea73cdc1ee8939151902515120ab89061b617256a16635c2f3d9a"
"Helsana-Angebote & Versicherung";"Weitere Angebote";"Helsana-Angebote";"Begründung / Einordnung";"Helsana-Angebot · sichtbare Einordnung der Angebots-Passung";"Belohnt aktive Schritte und macht das Dranbleiben leichter.";"Premia le attività svolte e aiuta a mantenere le buone abitudini.";"";"";"Marketing";"Prüfung erforderlich";"";"";"";"service.offer.plus.fit";"services";"it-CH";"3";"v1:4c57ada7d55b51436b17bda45c5831ce8e05df24ae9d5f359035e7ea924ebe4f";"3133d5e116918c1063ad99e9caadddd90b4478367726eff51ad5486d58b8da9a"
"Helsana-Angebote & Versicherung";"Weitere Angebote";"Helsana-Angebote";"Beschriftung";"Helsana-Angebot · sichtbarer Platzhalter solange keine echte URL hinterlegt ist";"[Helsana+ Programmseite verlinken]";"[Inserire il link alla pagina del programma Helsana+]";"";"";"Marketing";"Prüfung erforderlich";"";"";"";"service.offer.plus_entdecken.placeholder";"services";"it-CH";"3";"v1:4c57ada7d55b51436b17bda45c5831ce8e05df24ae9d5f359035e7ea924ebe4f";"8723131ddbf652a9c46b9184d75860422ea09033e9eea859d3d0d054d7b96878"
"Helsana-Angebote & Versicherung";"Weitere Angebote";"Helsana-Angebote";"Beschriftung";"Helsana-Angebot · sichtbares Linklabel; leere fit-Felder werden nicht katalogisiert, weil sie keinen sichtbaren Text erzeugen";"Helsana+ entdecken";"Scoprire Helsana+";"";"";"Marketing";"Prüfung erforderlich";"";"";"";"service.offer.plus_entdecken.label";"services";"it-CH";"3";"v1:4c57ada7d55b51436b17bda45c5831ce8e05df24ae9d5f359035e7ea924ebe4f";"91d5317267448e6cbd2e135d33fedffe9264e4052a3562454c3a83d90e1949b0"
"Medizin & Sicherheit";"Medizinische Hinweise & Notfallrouting";"Coach-Antworten";"Dynamischer Text";"Demo-Coach-Antwort bei Notfall- oder Krisenbegriffen";"Wenn es akut ist, zögern Sie nicht: Bei starken oder plötzlichen Beschwerden wählen Sie den Notruf <b>144</b>, in seelischen Krisen die Dargebotene Hand <b>143</b>. Ich bin nur eine Vorschau und kann keine medizinische Hilfe leisten.";"Se la situazione è urgente, non esiti: in caso di disturbi forti o improvvisi chiami il numero d’emergenza <b>144</b>; in caso di crisi psichica, Telefono Amico <b>143</b>. Sono solo un’anteprima e non posso fornire assistenza medica.";"";"";"Marketing, Medizin";"Prüfung erforderlich";"";"";"144 | 143";"coach.answer.emergency";"coach";"it-CH";"3";"v1:4c57ada7d55b51436b17bda45c5831ce8e05df24ae9d5f359035e7ea924ebe4f";"20f3f84a24a51ab4be2137ea514524c8a27313f747cda88fdfd14539061753b7"
"Medizin & Sicherheit";"Medizinische Hinweise & Notfallrouting";"Medizinischer Hinweis";"Überschrift";"Medizinischer Abschlussblock, Überschrift";"Medizinischer Hinweis & nächste Schritte";"Avvertenza medica e prossimi passi";"";"";"Marketing, Medizin";"Prüfung erforderlich";"";"";"";"ui.medical_notice.title";"ui";"it-CH";"3";"v1:4c57ada7d55b51436b17bda45c5831ce8e05df24ae9d5f359035e7ea924ebe4f";"22d409029e0ccfbc70f7d5ff4082d506b5976c014ada7d80ab88aeb1b3419a5c"
"Medizin & Sicherheit";"Medizinische Hinweise & Notfallrouting";"Medizinischer Hinweis";"Überschrift";"Medizinischer Abschlussblock, Zwischenüberschrift";"Sinnvolle nächste Schritte:";"Prossimi passi utili:";"";"";"Marketing, Medizin";"Prüfung erforderlich";"";"";"";"ui.medical_notice.steps_title";"ui";"it-CH";"3";"v1:4c57ada7d55b51436b17bda45c5831ce8e05df24ae9d5f359035e7ea924ebe4f";"7606bbe6ae9225b802af99169ab3468ca42dfff81d36a3e0b66578c8a87b037d"
"Medizin & Sicherheit";"Medizinische Hinweise & Notfallrouting";"Medizinischer Hinweis";"Begründung / Einordnung";"Medizinischer Abschlussblock, Disclaimer";"Dieser Check ersetzt keine Diagnose, Untersuchung oder Behandlung. Er kann und soll keine medizinische Fachperson ersetzen. Nutzen Sie die Ergebnisse als Gesprächsgrundlage – nicht als abschliessende Beurteilung.";"Questo check non sostituisce una diagnosi, un esame o un trattamento. Non può né deve sostituire un professionista sanitario. Utilizzi i risultati come base per un colloquio, non come valutazione definitiva.";"";"";"Marketing, Medizin";"Prüfung erforderlich";"";"";"";"ui.medical_notice.disclaimer";"ui";"it-CH";"3";"v1:4c57ada7d55b51436b17bda45c5831ce8e05df24ae9d5f359035e7ea924ebe4f";"6b816bdf79ce3e670596d18f7cf2e3ee65a063250b37351d4ea2c5e79dd8f5ba"
"Medizin & Sicherheit";"Medizinische Hinweise & Notfallrouting";"Medizinischer Hinweis";"Nächster Schritt";"Medizinischer Abschlussblock, dritter Listenpunkt";"Wählen Sie aus Ihrem Aktionsplan einen einzigen, kleinen Schritt für diese Woche.";"Scelga dal Suo piano d’azione un unico piccolo passo per questa settimana.";"";"";"Marketing";"Prüfung erforderlich";"";"";"";"ui.medical_notice.step.choose";"ui";"it-CH";"3";"v1:4c57ada7d55b51436b17bda45c5831ce8e05df24ae9d5f359035e7ea924ebe4f";"298de22bd5fd389d35a34f5f36a688f299bf5eca8d738a35d134fc99e0f76ca3"
"Medizin & Sicherheit";"Medizinische Hinweise & Notfallrouting";"Medizinischer Hinweis";"Nächster Schritt";"Medizinischer Abschlussblock, erster Listenpunkt";"Besprechen Sie auffällige Werte, bestehende Diagnosen oder familiäre Vorbelastung mit einer medizinischen Fachperson.";"Discuta valori anomali, diagnosi esistenti o predisposizioni familiari con un professionista sanitario.";"";"";"Marketing, Medizin";"Prüfung erforderlich";"";"";"";"ui.medical_notice.step.discuss";"ui";"it-CH";"3";"v1:4c57ada7d55b51436b17bda45c5831ce8e05df24ae9d5f359035e7ea924ebe4f";"64a148a60ddbe8c0fb6c11f5023ddd1dcd85652eec87f35106a1f36c0d0df6d0"
"Medizin & Sicherheit";"Medizinische Hinweise & Notfallrouting";"Medizinischer Hinweis";"Nächster Schritt";"Medizinischer Abschlussblock, Notfall-Listenpunkt";"Bei akuten, starken oder plötzlichen Beschwerden: Notruf <b>144</b>. In seelischen Krisen: Dargebotene Hand <b>143</b>.";"In caso di disturbi acuti, forti o improvvisi: numero d’emergenza <b>144</b>. In caso di crisi psichica: Telefono Amico <b>143</b>.";"";"";"Marketing, Medizin";"Prüfung erforderlich";"";"";"144 | 143";"ui.medical_notice.step.emergency";"ui";"it-CH";"3";"v1:4c57ada7d55b51436b17bda45c5831ce8e05df24ae9d5f359035e7ea924ebe4f";"f8a5cc10643de476a49896c51a401a7d946e580355a7c9c381523aac63a3ac9f"
"Medizin & Sicherheit";"Medizinische Hinweise & Notfallrouting";"Medizinischer Hinweis";"Nächster Schritt";"Medizinischer Abschlussblock, zweiter Listenpunkt";"Lassen Sie unbekannte Basiswerte (z. B. Blutdruck, Blutzucker/HbA1c, Blutfette) bei Gelegenheit bestimmen.";"Se i valori di base non sono noti, faccia misurare, quando possibile, ad es. pressione arteriosa, glicemia/HbA1c e lipidi nel sangue.";"";"";"Marketing, Medizin";"Prüfung erforderlich";"";"";"";"ui.medical_notice.step.measure";"ui";"it-CH";"3";"v1:4c57ada7d55b51436b17bda45c5831ce8e05df24ae9d5f359035e7ea924ebe4f";"1f87ee7ac5c3fa4793086e36e5b31ffe4fd46ce4801045a91c96ba02a838bd8e"
"Medizin & Sicherheit";"Medizinische Hinweise & Notfallrouting";"Warnhinweis";"Überschrift";"Warnbanner bei dringendem beziehungsweise hohem mentalem Signal";"Bitte zeitnah ärztlich abklären";"Da chiarire tempestivamente con un medico";"";"";"Marketing, Medizin";"Prüfung erforderlich";"";"";"";"ui.urgent.title";"ui";"it-CH";"3";"v1:4c57ada7d55b51436b17bda45c5831ce8e05df24ae9d5f359035e7ea924ebe4f";"6847fe2d76320204f5305329673106a75871a4400e2374fa8ab33050b7e74998"
"Medizin & Sicherheit";"Medizinische Hinweise & Notfallrouting";"Warnhinweis";"Begründung / Einordnung";"Warnbanner bei dringendem beziehungsweise hohem mentalem Signal";"Einige Ihrer Angaben sollten zeitnah mit einer medizinischen Fachperson besprochen werden. Bei akuten, starken Beschwerden wählen Sie den Notruf <b>144</b>; in seelischen Krisen die Dargebotene Hand <b>143</b>.";"Alcune delle Sue indicazioni dovrebbero essere discusse tempestivamente con un professionista sanitario. In caso di disturbi acuti e forti chiami il numero d’emergenza <b>144</b>; in caso di crisi psichica, Telefono Amico <b>143</b>.";"";"";"Marketing, Medizin";"Prüfung erforderlich";"";"";"144 | 143";"ui.urgent.body";"ui";"it-CH";"3";"v1:4c57ada7d55b51436b17bda45c5831ce8e05df24ae9d5f359035e7ea924ebe4f";"8290159cd08709bb6fab61bcebe650f7cc4db17125e8e8871bc72a82e6eb55ed"
"Globale Navigation";"Navigation, Sprache & Installation";"Barrierefreiheit";"Barrierefreie Beschriftung";"Sprunglink zum Hauptinhalt";"Zum Inhalt springen";"Vai al contenuto";"";"";"Marketing";"Prüfung erforderlich";"";"";"";"shell.skip_to_content";"shell";"it-CH";"3";"v1:4c57ada7d55b51436b17bda45c5831ce8e05df24ae9d5f359035e7ea924ebe4f";"88c444779f6e8c61659dc4894f41bc9ea2c73e16f4ac3d1999bddc1b9e6fa64c"
"Globale Navigation";"Navigation, Sprache & Installation";"Fusszeile";"Beschriftung";"Link zur Helsana-Gruppe";"Helsana Gruppe";"Gruppo Helsana";"";"";"Marketing";"Prüfung erforderlich";"";"";"";"shell.footer.helsana_group";"shell";"it-CH";"3";"v1:4c57ada7d55b51436b17bda45c5831ce8e05df24ae9d5f359035e7ea924ebe4f";"1fef0a037cf153b747a48f03e5a9ebce5d261014cc007aac44577458561ef13c"
"Globale Navigation";"Navigation, Sprache & Installation";"Fusszeile";"Beschriftung";"Platzhalter für den Newsletter";"Newsletter";"Newsletter";"";"";"Marketing";"Prüfung erforderlich";"Ziel-Link vor Go-live ergänzen.";"";"";"shell.footer.newsletter";"shell";"it-CH";"3";"v1:4c57ada7d55b51436b17bda45c5831ce8e05df24ae9d5f359035e7ea924ebe4f";"1607a2898d3b0e52f92108e80825207b118ff594a8d8abf05b774d639d4ca2b5"
"Globale Navigation";"Navigation, Sprache & Installation";"Fusszeile";"Beschriftung";"Platzhalter für den Prämienrechner";"Prämienrechner";"Calcolatore dei premi";"";"";"Marketing";"Prüfung erforderlich";"Ziel-Link vor Go-live ergänzen.";"";"";"shell.footer.premium_calculator";"shell";"it-CH";"3";"v1:4c57ada7d55b51436b17bda45c5831ce8e05df24ae9d5f359035e7ea924ebe4f";"5e334b2c85c664f8131c7ae4fe4346c94ca6eda9fe91f146044994b31c406b2b"
"Globale Navigation";"Navigation, Sprache & Installation";"Fusszeile";"Beschriftung";"Platzhalter für Jobs und Karriere";"Jobs & Karriere";"Impieghi & carriera";"";"";"Marketing";"Prüfung erforderlich";"Ziel-Link vor Go-live ergänzen.";"";"";"shell.footer.jobs";"shell";"it-CH";"3";"v1:4c57ada7d55b51436b17bda45c5831ce8e05df24ae9d5f359035e7ea924ebe4f";"81bd9566366294643ed45cad81f0067c3c617ffb51c88ef08b887c647c977ed4"
"Globale Navigation";"Navigation, Sprache & Installation";"Fusszeile";"Beschriftung";"Platzhalter für Medien und Publikationen";"Medien & Publikationen";"Media & pubblicazioni";"";"";"Marketing";"Prüfung erforderlich";"Ziel-Link vor Go-live ergänzen.";"";"";"shell.footer.media";"shell";"it-CH";"3";"v1:4c57ada7d55b51436b17bda45c5831ce8e05df24ae9d5f359035e7ea924ebe4f";"61582e9e05cf1f6fe2b3381aad3ad56479c45b306b7999712f588e7416fb8e9e"
"Globale Navigation";"Navigation, Sprache & Installation";"Fusszeile";"Beschriftung";"Platzhalter für Service Adresse ändern";"Adresse ändern";"Modificare l’indirizzo";"";"";"Marketing";"Prüfung erforderlich";"Ziel-Link vor Go-live ergänzen.";"";"";"shell.footer.change_address";"shell";"it-CH";"3";"v1:4c57ada7d55b51436b17bda45c5831ce8e05df24ae9d5f359035e7ea924ebe4f";"e81caaae96bb667e04a2d54f6a079e0a650d252c6bb0d201a6cdcd5fb3ecd69c"
"Globale Navigation";"Navigation, Sprache & Installation";"Fusszeile";"Beschriftung";"Platzhalter für Service Rechnung einsenden";"Rechnung einsenden";"Inviare una fattura";"";"";"Marketing";"Prüfung erforderlich";"Ziel-Link vor Go-live ergänzen.";"";"";"shell.footer.submit_invoice";"shell";"it-CH";"3";"v1:4c57ada7d55b51436b17bda45c5831ce8e05df24ae9d5f359035e7ea924ebe4f";"2ed8debdf7907ee5486fb34ef832519cef4ebaa396e13321c99f298946768500"
"Globale Navigation";"Navigation, Sprache & Installation";"Fusszeile";"Beschriftung";"Platzhalter für Über uns";"Über uns";"Chi siamo";"";"";"Marketing";"Prüfung erforderlich";"Ziel-Link vor Go-live ergänzen.";"";"";"shell.footer.about";"shell";"it-CH";"3";"v1:4c57ada7d55b51436b17bda45c5831ce8e05df24ae9d5f359035e7ea924ebe4f";"5fbc524f664d1162a67933dd3a80ed555f336a0845cadca54de1081222eedb38"
"Globale Navigation";"Navigation, Sprache & Installation";"Fusszeile";"Beschriftung";"Platzhalter für Übersicht aller Services";"Alle Services";"Tutti i servizi";"";"";"Marketing";"Prüfung erforderlich";"Ziel-Link vor Go-live ergänzen.";"";"";"shell.footer.all_services";"shell";"it-CH";"3";"v1:4c57ada7d55b51436b17bda45c5831ce8e05df24ae9d5f359035e7ea924ebe4f";"870d83e7284fc420d475342e815d0f6a2fc551a9a70a8a95589e3cdddbd1d4b4"
"Globale Navigation";"Navigation, Sprache & Installation";"Fusszeile";"Überschrift";"Spaltenüberschrift Bereiche";"Bereiche";"Sezioni";"";"";"Marketing";"Prüfung erforderlich";"";"";"";"shell.footer.areas_heading";"shell";"it-CH";"3";"v1:4c57ada7d55b51436b17bda45c5831ce8e05df24ae9d5f359035e7ea924ebe4f";"7aeefee3f02a35915c2d704df028d7fe905dd9e9434f582bdd58c8e2184163b5"
"Globale Navigation";"Navigation, Sprache & Installation";"Fusszeile";"Überschrift";"Spaltenüberschrift Helsana";"Helsana";"Helsana";"";"";"Marketing";"Prüfung erforderlich";"Markenname nicht übersetzen.";"";"";"shell.footer.helsana_heading";"shell";"it-CH";"3";"v1:4c57ada7d55b51436b17bda45c5831ce8e05df24ae9d5f359035e7ea924ebe4f";"d91caccf28229cd383676004e59ed0fea4cd3a3d929438cd72439f3d5d2e40c4"
"Globale Navigation";"Navigation, Sprache & Installation";"Fusszeile";"Überschrift";"Spaltenüberschrift Services";"Services";"Servizi";"";"";"Marketing";"Prüfung erforderlich";"";"";"";"shell.footer.services_heading";"shell";"it-CH";"3";"v1:4c57ada7d55b51436b17bda45c5831ce8e05df24ae9d5f359035e7ea924ebe4f";"fcf39bcb7cb4be3239064c46e3e896ecd535d2be2927ad0242b882cdf3a9bc18"
"Globale Navigation";"Navigation, Sprache & Installation";"Barrierefreiheit";"Barrierefreie Beschriftung";"Fusszeile, barrierefreie Bezeichnung der Linknavigation";"Weitere Helsana-Links";"Altri link Helsana";"";"";"Marketing";"Prüfung erforderlich";"";"";"";"shell.footer.nav_aria";"shell";"it-CH";"3";"v1:4c57ada7d55b51436b17bda45c5831ce8e05df24ae9d5f359035e7ea924ebe4f";"c79934a872d5068b3c51443fc130fda6bcbd9dbb2914e1305ebd07e83a87fdd2"
"Globale Navigation";"Navigation, Sprache & Installation";"Fusszeile";"Detailtext";"Erklärung der grau markierten Platzhalter";"Grau markierte Links sind Platzhalter und werden vor Go-live final verlinkt.";"I link contrassegnati in grigio sono segnaposto e verranno collegati definitivamente prima della pubblicazione.";"";"";"Marketing";"Prüfung erforderlich";"Vor Go-live zusammen mit den Platzhaltern entfernen oder aktualisieren.";"";"";"shell.footer.placeholder_note";"shell";"it-CH";"3";"v1:4c57ada7d55b51436b17bda45c5831ce8e05df24ae9d5f359035e7ea924ebe4f";"37f739f78f4bff83288fe8cd184c31862c4ef21de304feaf9e1a60bed237a416"
"Globale Navigation";"Navigation, Sprache & Installation";"Kopfzeile";"Beschriftung";"Bezeichnung des Gesundheitschecks neben dem Logo";"Ihr Gesundheitscheck";"Il Suo check della salute";"";"";"Marketing";"Prüfung erforderlich";"";"";"";"shell.header.tagline";"shell";"it-CH";"3";"v1:4c57ada7d55b51436b17bda45c5831ce8e05df24ae9d5f359035e7ea924ebe4f";"71bc5363be6e72e425f26f5d81555107881724088fc88a7285dc7c05252eb439"
"Globale Navigation";"Navigation, Sprache & Installation";"Barrierefreiheit";"Barrierefreie Beschriftung";"Alternativtext des Helsana-Logos";"Helsana";"Helsana";"";"";"Marketing";"Prüfung erforderlich";"Markenname nicht übersetzen.";"";"";"shell.header.logo_alt";"shell";"it-CH";"3";"v1:4c57ada7d55b51436b17bda45c5831ce8e05df24ae9d5f359035e7ea924ebe4f";"56a9536f27237f642d866205a7190b81e508d37bc24c57fef7b9551cc8d2bb66"
"Globale Navigation";"Navigation, Sprache & Installation";"Barrierefreiheit";"Barrierefreie Beschriftung";"Helsana-Logo als Link zum Gesundheitscheck";"Helsana – Gesundheitscheck";"Helsana – Check della salute";"";"";"Marketing";"Prüfung erforderlich";"";"";"";"shell.header.brand_aria";"shell";"it-CH";"3";"v1:4c57ada7d55b51436b17bda45c5831ce8e05df24ae9d5f359035e7ea924ebe4f";"9cfc11fc9c9c0f1a058aface677210a2ead3357e57be0f3f2c29b0faf1de5959"
"Globale Navigation";"Navigation, Sprache & Installation";"Sprachwahl";"Beschriftung";"Kurzbezeichnung Deutsch";"DE";"DE";"";"";"Marketing";"Prüfung erforderlich";"Nicht übersetzen.";"";"";"shell.language.de_short";"shell";"it-CH";"3";"v1:4c57ada7d55b51436b17bda45c5831ce8e05df24ae9d5f359035e7ea924ebe4f";"dfa5550278cb0e68360beba3fb32aa6dbd8f580dae7efa50b5b048f7c0a07a33"
"Globale Navigation";"Navigation, Sprache & Installation";"Sprachwahl";"Beschriftung";"Kurzbezeichnung Englisch";"EN";"EN";"";"";"Marketing";"Prüfung erforderlich";"Nicht übersetzen.";"";"";"shell.language.en_short";"shell";"it-CH";"3";"v1:4c57ada7d55b51436b17bda45c5831ce8e05df24ae9d5f359035e7ea924ebe4f";"dc2b11943dcbebf542f26927e0bf28377dfcc80a2b563edc9b9fceabefc7586f"
"Globale Navigation";"Navigation, Sprache & Installation";"Sprachwahl";"Beschriftung";"Kurzbezeichnung Französisch";"FR";"FR";"";"";"Marketing";"Prüfung erforderlich";"Nicht übersetzen.";"";"";"shell.language.fr_short";"shell";"it-CH";"3";"v1:4c57ada7d55b51436b17bda45c5831ce8e05df24ae9d5f359035e7ea924ebe4f";"32c651469de091db3bf2f6a9c8bd9e87da7498a2d572947acc2c77cb193ca07a"
"Globale Navigation";"Navigation, Sprache & Installation";"Sprachwahl";"Beschriftung";"Kurzbezeichnung Italienisch";"IT";"IT";"";"";"Marketing";"Prüfung erforderlich";"Nicht übersetzen.";"";"";"shell.language.it_short";"shell";"it-CH";"3";"v1:4c57ada7d55b51436b17bda45c5831ce8e05df24ae9d5f359035e7ea924ebe4f";"7704603bb850f1781ab7c454a210e45821d67f16929d2c6a40c095e084c3eec6"
"Globale Navigation";"Navigation, Sprache & Installation";"Sprachwahl";"Barrierefreie Beschriftung";"Barrierefreie Bezeichnung der Sprachwahl";"Sprache wählen";"Selezione della lingua";"";"";"Marketing";"Prüfung erforderlich";"";"";"";"shell.language.group_aria";"shell";"it-CH";"3";"v1:4c57ada7d55b51436b17bda45c5831ce8e05df24ae9d5f359035e7ea924ebe4f";"13935ae20c501b257b4a3cf8ac2fb70d777042d6f5a9ecfe4a10deab460a5799"
"Globale Navigation";"Navigation, Sprache & Installation";"Sprachwahl";"Barrierefreie Beschriftung";"Barrierefreie Bezeichnung Deutsch";"Deutsch";"Deutsch";"";"";"Marketing";"Prüfung erforderlich";"";"";"";"shell.language.de_label";"shell";"it-CH";"3";"v1:4c57ada7d55b51436b17bda45c5831ce8e05df24ae9d5f359035e7ea924ebe4f";"3feea188a036289dfd3455cb455ca9932a5b6d905ed7e617dedcece17959bb60"
"Globale Navigation";"Navigation, Sprache & Installation";"Sprachwahl";"Barrierefreie Beschriftung";"Barrierefreie Bezeichnung Englisch";"English";"English";"";"";"Marketing";"Prüfung erforderlich";"Eigenbezeichnung beibehalten.";"";"";"shell.language.en_label";"shell";"it-CH";"3";"v1:4c57ada7d55b51436b17bda45c5831ce8e05df24ae9d5f359035e7ea924ebe4f";"292671292de0c27d2b5c9a0802a48ffa7eff17d409710a27409e4f23ac2cc1dc"
"Globale Navigation";"Navigation, Sprache & Installation";"Sprachwahl";"Barrierefreie Beschriftung";"Barrierefreie Bezeichnung Französisch";"Français";"Français";"";"";"Marketing";"Prüfung erforderlich";"Eigenbezeichnung beibehalten.";"";"";"shell.language.fr_label";"shell";"it-CH";"3";"v1:4c57ada7d55b51436b17bda45c5831ce8e05df24ae9d5f359035e7ea924ebe4f";"aeb94061f47a8426e30a84240ea8713858e5eea1e4a3154a8e44bf4e832c4ed4"
"Globale Navigation";"Navigation, Sprache & Installation";"Sprachwahl";"Barrierefreie Beschriftung";"Barrierefreie Bezeichnung Italienisch";"Italiano";"Italiano";"";"";"Marketing";"Prüfung erforderlich";"Eigenbezeichnung beibehalten.";"";"";"shell.language.it_label";"shell";"it-CH";"3";"v1:4c57ada7d55b51436b17bda45c5831ce8e05df24ae9d5f359035e7ea924ebe4f";"be19d66792d16b00fbb5485e1c14a56be3832962185b204875f47e802cad6110"
"Globale Navigation";"Navigation, Sprache & Installation";"Fusszeile";"Rechtlicher Hinweis";"Platzhalter für Cookie-Einstellungen";"Cookie-Einstellungen";"Impostazioni dei cookie";"";"";"Marketing, Recht";"Prüfung erforderlich";"Ziel-Link vor Go-live ergänzen.";"";"";"shell.legal.cookies";"shell";"it-CH";"3";"v1:4c57ada7d55b51436b17bda45c5831ce8e05df24ae9d5f359035e7ea924ebe4f";"c6656c8b0245ad93505439f07d3af5e5a45f5d082b5ad1545e8f4327c4fd3513"
"Globale Navigation";"Navigation, Sprache & Installation";"Fusszeile";"Rechtlicher Hinweis";"Platzhalter für Datenschutz";"Datenschutz";"Protezione dei dati";"";"";"Marketing, Recht";"Prüfung erforderlich";"Ziel-Link vor Go-live ergänzen.";"";"";"shell.legal.privacy";"shell";"it-CH";"3";"v1:4c57ada7d55b51436b17bda45c5831ce8e05df24ae9d5f359035e7ea924ebe4f";"c61161cea63a240244f35b700761a959f897636f2816a84a58ea51d3cb9be395"
"Globale Navigation";"Navigation, Sprache & Installation";"Fusszeile";"Rechtlicher Hinweis";"Platzhalter für Impressum";"Impressum";"Colophon";"";"";"Marketing, Recht";"Prüfung erforderlich";"Ziel-Link vor Go-live ergänzen.";"";"";"shell.legal.imprint";"shell";"it-CH";"3";"v1:4c57ada7d55b51436b17bda45c5831ce8e05df24ae9d5f359035e7ea924ebe4f";"0ea615edcb6fe02de19be2678eb91de97b3aea514d71a96312c961bb58fb9905"
"Globale Navigation";"Navigation, Sprache & Installation";"Fusszeile";"Rechtlicher Hinweis";"Platzhalter für Nutzungsbedingungen";"Nutzungsbedingungen";"Condizioni di utilizzo";"";"";"Marketing, Recht";"Prüfung erforderlich";"Ziel-Link vor Go-live ergänzen.";"";"";"shell.legal.terms";"shell";"it-CH";"3";"v1:4c57ada7d55b51436b17bda45c5831ce8e05df24ae9d5f359035e7ea924ebe4f";"4b2def41e3b63e51d20cd672d43ab36dd34147db25855b96356c84c71eb1043f"
"Globale Navigation";"Navigation, Sprache & Installation";"Fusszeile";"Rechtlicher Hinweis";"Platzhalter für rechtliche Hinweise";"Rechtliche Hinweise";"Avvertenze legali";"";"";"Marketing, Recht";"Prüfung erforderlich";"Ziel-Link vor Go-live ergänzen.";"";"";"shell.legal.legal_notice";"shell";"it-CH";"3";"v1:4c57ada7d55b51436b17bda45c5831ce8e05df24ae9d5f359035e7ea924ebe4f";"14a73bc2da54b5b64eeaa92e1657158e40484911bc3bad00556b0317e4dce472"
"Globale Navigation";"Navigation, Sprache & Installation";"Mobile Installation";"Überschrift";"Vollständiger App-Name auf dem Startbildschirm und in der Installationsansicht";"Helsana Gesundheitscheck";"Check della salute Helsana";"";"";"Marketing";"Prüfung erforderlich";"Wird beim Build automatisch in das sprachspezifische Web-App-Manifest übernommen.";"";"";"shell.manifest.name";"shell";"it-CH";"3";"v1:4c57ada7d55b51436b17bda45c5831ce8e05df24ae9d5f359035e7ea924ebe4f";"0924bf2fa52e42775cf93b5befc944d14b76a4b106fdbb6a80b9ecafc08034c0"
"Globale Navigation";"Navigation, Sprache & Installation";"Mobile Installation";"Detailtext";"Kurzbeschreibung der installierbaren Web-App";"Ihr persönlicher Gesundheitscheck von Helsana.";"Il Suo check personale della salute di Helsana.";"";"";"Marketing, Recht";"Prüfung erforderlich";"Wird beim Build automatisch in das sprachspezifische Web-App-Manifest übernommen.";"";"";"shell.manifest.description";"shell";"it-CH";"3";"v1:4c57ada7d55b51436b17bda45c5831ce8e05df24ae9d5f359035e7ea924ebe4f";"356f0c26e1eebafa35c7ecf2e8fc344b46953d6f29c572032c6d0de272e4b747"
"Globale Navigation";"Navigation, Sprache & Installation";"Seitengerüst";"Überschrift";"Installierte Web-App, Titel auf dem Startbildschirm";"Gesundheitscheck";"Check della salute";"";"";"Marketing";"Prüfung erforderlich";"";"";"";"shell.meta.app_title";"shell";"it-CH";"3";"v1:4c57ada7d55b51436b17bda45c5831ce8e05df24ae9d5f359035e7ea924ebe4f";"0d4539ebb7acdc6d1f00500844eda349e01b4ec02c9bbd4d7e7cb6bfaf9db584"
"Globale Navigation";"Navigation, Sprache & Installation";"Seitengerüst";"Überschrift";"Startseite, Browser-Titel";"Gesundheitscheck";"Check della salute";"";"";"Marketing";"Prüfung erforderlich";"";"";"";"shell.meta.index_title";"shell";"it-CH";"3";"v1:4c57ada7d55b51436b17bda45c5831ce8e05df24ae9d5f359035e7ea924ebe4f";"124a36eaba82d615e27286dad13e06c32207b4bdcbeb17882ae88b83d187f696"
"Globale Navigation";"Navigation, Sprache & Installation";"Seitengerüst";"Detailtext";"Startseite, Meta-Beschreibung";"Digitaler Gesundheitscheck: Ihr persönlicher Healthspan- und Präventions-Check. Keine Diagnose, sondern eine motivierende Standortbestimmung.";"Check digitale della salute: il Suo check personale per l’healthspan e la prevenzione. Non è una diagnosi, bensì una valutazione motivante della situazione attuale.";"";"";"Marketing, Recht";"Prüfung erforderlich";"Meta-Text vor Go-live sprachlich und rechtlich freigeben.";"";"";"shell.meta.index_description";"shell";"it-CH";"3";"v1:4c57ada7d55b51436b17bda45c5831ce8e05df24ae9d5f359035e7ea924ebe4f";"d4ac9a294b709e86275c13b0faefd71f3a1195e9bbf9b0ff3fba39db14300a66"
"Globale Navigation";"Navigation, Sprache & Installation";"Fusszeile";"Barrierefreie Beschriftung";"Hinweistitel eines noch nicht verlinkten Platzhalters";"Platzhalter – echten Link ergänzen";"Segnaposto – aggiungere il link effettivo";"";"";"Marketing";"Prüfung erforderlich";"Wird entfernt, sobald der jeweilige Link produktiv ist.";"";"";"shell.placeholder.link_title";"shell";"it-CH";"3";"v1:4c57ada7d55b51436b17bda45c5831ce8e05df24ae9d5f359035e7ea924ebe4f";"ba9a93701f7b350274a1b75e084fce2702029d000198116427245c900ce3b3e0"
"Globale Navigation";"Navigation, Sprache & Installation";"Barrierefreiheit";"Barrierefreie Beschriftung";"Facebook-Platzhalter in der Fusszeile";"Facebook (Platzhalter)";"Facebook (segnaposto)";"";"";"Marketing";"Prüfung erforderlich";"Ziel-Link vor Go-live ergänzen.";"";"";"shell.social.facebook_aria";"shell";"it-CH";"3";"v1:4c57ada7d55b51436b17bda45c5831ce8e05df24ae9d5f359035e7ea924ebe4f";"c11fbd0180b1fc35c2f783945ed474ca31c6f25fa2d205b6eef374f3c4c6a165"
"Globale Navigation";"Navigation, Sprache & Installation";"Barrierefreiheit";"Barrierefreie Beschriftung";"Instagram-Platzhalter in der Fusszeile";"Instagram (Platzhalter)";"Instagram (segnaposto)";"";"";"Marketing";"Prüfung erforderlich";"Ziel-Link vor Go-live ergänzen.";"";"";"shell.social.instagram_aria";"shell";"it-CH";"3";"v1:4c57ada7d55b51436b17bda45c5831ce8e05df24ae9d5f359035e7ea924ebe4f";"bb9eb149cec0b0b0fbbb27f08be83da565c10709023846bfef677d3bc7ec5aa2"
"Globale Navigation";"Navigation, Sprache & Installation";"Barrierefreiheit";"Barrierefreie Beschriftung";"LinkedIn-Platzhalter in der Fusszeile";"LinkedIn (Platzhalter)";"LinkedIn (segnaposto)";"";"";"Marketing";"Prüfung erforderlich";"Ziel-Link vor Go-live ergänzen.";"";"";"shell.social.linkedin_aria";"shell";"it-CH";"3";"v1:4c57ada7d55b51436b17bda45c5831ce8e05df24ae9d5f359035e7ea924ebe4f";"f9227dcfbfeeed5022246817942921ce1ed7f2661b3f302511585cd2c280b926"
"Globale Navigation";"Navigation, Sprache & Installation";"Barrierefreiheit";"Barrierefreie Beschriftung";"YouTube-Platzhalter in der Fusszeile";"YouTube (Platzhalter)";"YouTube (segnaposto)";"";"";"Marketing";"Prüfung erforderlich";"Ziel-Link vor Go-live ergänzen.";"";"";"shell.social.youtube_aria";"shell";"it-CH";"3";"v1:4c57ada7d55b51436b17bda45c5831ce8e05df24ae9d5f359035e7ea924ebe4f";"f552a1282a758a2e135d953530eb532632b419f3af38e8a2879d95054886dc9d"
"Globale Navigation";"Navigation, Sprache & Installation";"Kopf- und Fusszeile";"Beschriftung";"Link zu myHelsana";"myHelsana";"myHelsana";"";"";"Marketing";"Prüfung erforderlich";"Markenname nicht übersetzen.";"";"";"shell.utility.myhelsana";"shell";"it-CH";"3";"v1:4c57ada7d55b51436b17bda45c5831ce8e05df24ae9d5f359035e7ea924ebe4f";"5d3f1ca42018774f48f15c25a09521e0b41c3ac3e248925ca63aa1d7ee7c7bfd"
"Globale Navigation";"Navigation, Sprache & Installation";"Kopf- und Fusszeile";"Beschriftung";"Link zum Bereich für Privatpersonen";"Für Private";"Per privati";"";"";"Marketing";"Prüfung erforderlich";"";"";"";"shell.utility.private";"shell";"it-CH";"3";"v1:4c57ada7d55b51436b17bda45c5831ce8e05df24ae9d5f359035e7ea924ebe4f";"ae45da37c1712979c022d576f5954ad9be9eec49d59d926866dbe72166b121e8"
"Globale Navigation";"Navigation, Sprache & Installation";"Kopf- und Fusszeile";"Beschriftung";"Link zum Bereich für Unternehmen";"Für Unternehmen";"Per aziende";"";"";"Marketing";"Prüfung erforderlich";"";"";"";"shell.utility.business";"shell";"it-CH";"3";"v1:4c57ada7d55b51436b17bda45c5831ce8e05df24ae9d5f359035e7ea924ebe4f";"dc3fd0196adeeca8edd27db61a386822fdd6e397de5df0e750f121b867d23c07"
"Globale Navigation";"Navigation, Sprache & Installation";"Kopfzeile";"Beschriftung";"Helsana-Gruppenmenü";"Helsana-Gruppe";"Gruppo Helsana";"";"";"Marketing";"Prüfung erforderlich";"";"";"";"shell.utility.group";"shell";"it-CH";"3";"v1:4c57ada7d55b51436b17bda45c5831ce8e05df24ae9d5f359035e7ea924ebe4f";"bc08bad80ca65952e1fe6df44c300b57562792fa6ba3dca92fdc3152cdb7a32a"
"Globale Navigation";"Navigation, Sprache & Installation";"Kopfzeile";"Beschriftung";"Link zum Helsana-Blog";"Blog";"Blog";"";"";"Marketing";"Prüfung erforderlich";"";"";"";"shell.utility.blog";"shell";"it-CH";"3";"v1:4c57ada7d55b51436b17bda45c5831ce8e05df24ae9d5f359035e7ea924ebe4f";"cb2b8d99aa2974c99f5ef971ca726e51cc8b11a5ce80908c162306be6462ef85"
"Globale Navigation";"Navigation, Sprache & Installation";"Barrierefreiheit";"Barrierefreie Beschriftung";"Kopfzeile, barrierefreie Bezeichnung der Helsana-Verweise";"Helsana Verweise";"Link Helsana";"";"";"Marketing";"Prüfung erforderlich";"";"";"";"shell.utility.nav_aria";"shell";"it-CH";"3";"v1:4c57ada7d55b51436b17bda45c5831ce8e05df24ae9d5f359035e7ea924ebe4f";"19c81afe1d366a25fca512759bbcb9115d8ec3ae957784bc1112a0e7869211df"
"Quellen & Transparenz";"Fachquellen & Quellenverzeichnis";"Quellenlinks";"Beschriftung";"Quellenseite, Trennzeichen zwischen mehreren Fachquellen";"·";"·";"";"";"Marketing, Medizin";"Prüfung erforderlich";"Typografisches Trennzeichen; in allen Sprachen unverändert.";"";"";"sources.separator";"sources";"it-CH";"3";"v1:4c57ada7d55b51436b17bda45c5831ce8e05df24ae9d5f359035e7ea924ebe4f";"ccfbd4ed54daa6d8180f9aa6b9d445e21a5e137720bb0426207c790b7c07e41c"
"Quellen & Transparenz";"Fachquellen & Quellenverzeichnis";"Fachliche Freigabe";"Medizinischer Hinweis";"Allgemeine Quellenseite · Prüfhinweis";"Vor produktivem Einsatz sollten die fachlichen Inhalte und Orientierungswerte durch medizinische Fachpersonen von Helsana final geprüft und freigegeben werden.";"Prima che il prodotto venga utilizzato nella pratica, i professionisti medici di Helsana devono completare la revisione finale e l’approvazione dei contenuti specialistici e dei valori di riferimento.";"";"";"Marketing, Medizin";"Prüfung erforderlich";"";"";"";"sources.review_disclaimer";"sources";"it-CH";"3";"v1:4c57ada7d55b51436b17bda45c5831ce8e05df24ae9d5f359035e7ea924ebe4f";"44b805576478ff3bc738956873d3afe62698faa718be1853fbb81792d246c6d4"
"Quellen & Transparenz";"Fachquellen & Quellenverzeichnis";"Navigation";"Detailtext";"Allgemeine Quellenseite · Zurück-Navigation";"← Zurück zum Check";"← Torna al check";"";"";"Marketing, Medizin";"Prüfung erforderlich";"";"";"";"sources.back_to_check";"sources";"it-CH";"3";"v1:4c57ada7d55b51436b17bda45c5831ce8e05df24ae9d5f359035e7ea924ebe4f";"ca24543783a8647481f46ee9ae973e05ec098b62f83c3a04ae36fac4bf1e2e87"
"Quellen & Transparenz";"Fachquellen & Quellenverzeichnis";"Blutdruck und Herz-Kreislauf-Prävention";"Überschrift";"Blutdruck · Überschrift";"Blutdruck & Herz-Kreislauf-Prävention";"Pressione arteriosa e prevenzione cardiovascolare";"";"";"Marketing, Medizin";"Prüfung erforderlich";"";"";"";"sources.blood_pressure.title";"sources";"it-CH";"3";"v1:4c57ada7d55b51436b17bda45c5831ce8e05df24ae9d5f359035e7ea924ebe4f";"f97dbbd7e91ab5771cc3d5ad8794dff9ad4e240a3d645f80427d4163383e2480"
"Quellen & Transparenz";"Fachquellen & Quellenverzeichnis";"Blutdruck und Herz-Kreislauf-Prävention";"Quellenbezeichnung";"Blutdruck · Quellenangabe";"WHO – Hypertension";"OMS – Ipertensione";"";"";"Marketing, Medizin";"Prüfung erforderlich";"";"";"";"sources.blood_pressure.reference";"sources";"it-CH";"3";"v1:4c57ada7d55b51436b17bda45c5831ce8e05df24ae9d5f359035e7ea924ebe4f";"8eb1b52a1e09a3c75edf3354c56d9db86cd07011835a6affdcfcecf5bf90f1bf"
"Quellen & Transparenz";"Fachquellen & Quellenverzeichnis";"Blutdruck und Herz-Kreislauf-Prävention";"Detailtext";"Blutdruck · Fachlicher Punkt";"Bluthochdruck ab 140/90 mmHg (an zwei Tagen gemessen).";"Si parla di ipertensione a partire da 140/90 mmHg, se il valore è misurato in due giorni diversi.";"";"";"Marketing, Medizin";"Prüfung erforderlich";"";"";"";"sources.blood_pressure.point.1";"sources";"it-CH";"3";"v1:4c57ada7d55b51436b17bda45c5831ce8e05df24ae9d5f359035e7ea924ebe4f";"3ed254d37a3ed44d93111906325b35a369b2467e409dce32235edb414cd1689d"
"Quellen & Transparenz";"Fachquellen & Quellenverzeichnis";"Blutdruck und Herz-Kreislauf-Prävention";"Detailtext";"Blutdruck · Fachlicher Punkt";"Sehr hohe Werte (~180/120 mmHg) → zeitnahe ärztliche Abklärung.";"Valori molto elevati (~180/120 mmHg) → tempestiva valutazione medica.";"";"";"Marketing, Medizin";"Prüfung erforderlich";"";"";"";"sources.blood_pressure.point.2";"sources";"it-CH";"3";"v1:4c57ada7d55b51436b17bda45c5831ce8e05df24ae9d5f359035e7ea924ebe4f";"a241a854e2236822b64b4a0bb38fa50007dcfb89a11383d424beca41e87f0108"
"Quellen & Transparenz";"Fachquellen & Quellenverzeichnis";"Blutdruck und Herz-Kreislauf-Prävention";"Detailtext";"Blutdruck · Fachlicher Punkt";"Zielwert oft unter 130/80 mmHg bei erhöhtem Risiko, sonst unter 140/90.";"Per le persone a rischio elevato, l’obiettivo è spesso inferiore a 130/80 mmHg; negli altri casi, inferiore a 140/90.";"";"";"Marketing, Medizin";"Prüfung erforderlich";"";"";"";"sources.blood_pressure.point.3";"sources";"it-CH";"3";"v1:4c57ada7d55b51436b17bda45c5831ce8e05df24ae9d5f359035e7ea924ebe4f";"0970e2034150abd68aaab03198a3e676b16c36c00fc1425861d20eaf61f37a43"
"Quellen & Transparenz";"Fachquellen & Quellenverzeichnis";"Blutdruck und Herz-Kreislauf-Prävention";"Detailtext";"Blutdruck · Fachlicher Punkt";"Lebensstil senkt Blutdruck; Alkohol max. 1 (Frauen) bzw. 2 (Männer) Glas/Tag.";"I cambiamenti dello stile di vita possono ridurre la pressione arteriosa; alcol: non più di 1 bevanda al giorno per le donne o 2 per gli uomini.";"";"";"Marketing, Medizin";"Prüfung erforderlich";"";"";"";"sources.blood_pressure.point.4";"sources";"it-CH";"3";"v1:4c57ada7d55b51436b17bda45c5831ce8e05df24ae9d5f359035e7ea924ebe4f";"b0798ab3dce4347c86e27022f494fb77007182a99c03194f327a9e1d567c6a20"
"Quellen & Transparenz";"Fachquellen & Quellenverzeichnis";"Bereichsnummern";"Überschrift";"Quellenkarte · Inhalt";"1";"1";"";"";"Marketing, Medizin";"Prüfung erforderlich";"";"";"";"sources.card.1.number";"sources";"it-CH";"3";"v1:4c57ada7d55b51436b17bda45c5831ce8e05df24ae9d5f359035e7ea924ebe4f";"1beded58b9b452ab6e90683716886a9664ca067264fac0a83affb2c7742c4331"
"Quellen & Transparenz";"Fachquellen & Quellenverzeichnis";"Bereichsnummern";"Überschrift";"Quellenkarte · Inhalt";"10";"10";"";"";"Marketing, Medizin";"Prüfung erforderlich";"";"";"";"sources.card.10.number";"sources";"it-CH";"3";"v1:4c57ada7d55b51436b17bda45c5831ce8e05df24ae9d5f359035e7ea924ebe4f";"6c20e3a7e363ff2bac45f3683c1178b3411a2d82c80f4c9f4278c14a487df4fe"
"Quellen & Transparenz";"Fachquellen & Quellenverzeichnis";"Bereichsnummern";"Überschrift";"Quellenkarte · Inhalt";"2";"2";"";"";"Marketing, Medizin";"Prüfung erforderlich";"";"";"";"sources.card.2.number";"sources";"it-CH";"3";"v1:4c57ada7d55b51436b17bda45c5831ce8e05df24ae9d5f359035e7ea924ebe4f";"7a704c560df1debd452dbeb63419b1dc218eee10db40cba49fb37037ebf6d683"
"Quellen & Transparenz";"Fachquellen & Quellenverzeichnis";"Bereichsnummern";"Überschrift";"Quellenkarte · Inhalt";"3";"3";"";"";"Marketing, Medizin";"Prüfung erforderlich";"";"";"";"sources.card.3.number";"sources";"it-CH";"3";"v1:4c57ada7d55b51436b17bda45c5831ce8e05df24ae9d5f359035e7ea924ebe4f";"9119e657e773f8c06a65b1ec72fd960793463a4bdc1f536266f9de07841738e5"
"Quellen & Transparenz";"Fachquellen & Quellenverzeichnis";"Bereichsnummern";"Überschrift";"Quellenkarte · Inhalt";"4";"4";"";"";"Marketing, Medizin";"Prüfung erforderlich";"";"";"";"sources.card.4.number";"sources";"it-CH";"3";"v1:4c57ada7d55b51436b17bda45c5831ce8e05df24ae9d5f359035e7ea924ebe4f";"7d8f658fbff507b0d6c446ec6cb6b19df7ba0923a09d9dea073e735db3a10693"
"Quellen & Transparenz";"Fachquellen & Quellenverzeichnis";"Bereichsnummern";"Überschrift";"Quellenkarte · Inhalt";"5";"5";"";"";"Marketing, Medizin";"Prüfung erforderlich";"";"";"";"sources.card.5.number";"sources";"it-CH";"3";"v1:4c57ada7d55b51436b17bda45c5831ce8e05df24ae9d5f359035e7ea924ebe4f";"71c6548379a4c016528caae23b56d6c711b5a8e73a1f9fd8ab2be6100226fa95"
"Quellen & Transparenz";"Fachquellen & Quellenverzeichnis";"Bereichsnummern";"Überschrift";"Quellenkarte · Inhalt";"6";"6";"";"";"Marketing, Medizin";"Prüfung erforderlich";"";"";"";"sources.card.6.number";"sources";"it-CH";"3";"v1:4c57ada7d55b51436b17bda45c5831ce8e05df24ae9d5f359035e7ea924ebe4f";"0ca66626fffcdc2f81a60d0f2c6b643e28e79f7434ea11f3ec124c4bb4346dda"
"Quellen & Transparenz";"Fachquellen & Quellenverzeichnis";"Bereichsnummern";"Überschrift";"Quellenkarte · Inhalt";"7";"7";"";"";"Marketing, Medizin";"Prüfung erforderlich";"";"";"";"sources.card.7.number";"sources";"it-CH";"3";"v1:4c57ada7d55b51436b17bda45c5831ce8e05df24ae9d5f359035e7ea924ebe4f";"ad89d7a3fc46eef5835d537282e18dbe5a4de4ff78f04dfcbebf663f5f6ae3b6"
"Quellen & Transparenz";"Fachquellen & Quellenverzeichnis";"Bereichsnummern";"Überschrift";"Quellenkarte · Inhalt";"8";"8";"";"";"Marketing, Medizin";"Prüfung erforderlich";"";"";"";"sources.card.8.number";"sources";"it-CH";"3";"v1:4c57ada7d55b51436b17bda45c5831ce8e05df24ae9d5f359035e7ea924ebe4f";"532712e90f91a87e7159c833f9e0666e94f64c4eb205c47f9412823ca153910e"
"Quellen & Transparenz";"Fachquellen & Quellenverzeichnis";"Bereichsnummern";"Überschrift";"Quellenkarte · Inhalt";"9";"9";"";"";"Marketing, Medizin";"Prüfung erforderlich";"";"";"";"sources.card.9.number";"sources";"it-CH";"3";"v1:4c57ada7d55b51436b17bda45c5831ce8e05df24ae9d5f359035e7ea924ebe4f";"8802384dbc357d8ed2fbb4ea1436e254878349426f4c971e8fb7ad005812d129"
"Quellen & Transparenz";"Fachquellen & Quellenverzeichnis";"Einstieg";"Überschrift";"Einstieg · Überschrift";"Wissenschaftliche Quellen & Grundlagen";"Fonti scientifiche e basi";"";"";"Marketing, Medizin";"Prüfung erforderlich";"";"";"";"sources.hero.title";"sources";"it-CH";"3";"v1:4c57ada7d55b51436b17bda45c5831ce8e05df24ae9d5f359035e7ea924ebe4f";"b0153d83885fa3797750c6d49280c2198840f056c711a5d1d1acd662d37e8a52"
"Quellen & Transparenz";"Fachquellen & Quellenverzeichnis";"Einstieg";"Detailtext";"Einstieg · Inhalt";"Transparenz & Evidenz";"Trasparenza ed evidenze";"";"";"Marketing, Medizin";"Prüfung erforderlich";"";"";"";"sources.hero.eyebrow";"sources";"it-CH";"3";"v1:4c57ada7d55b51436b17bda45c5831ce8e05df24ae9d5f359035e7ea924ebe4f";"25c97bb9d775b18b6c3fb11a6ea1bc4517f60b5d1a385553746304ef33450387"
"Quellen & Transparenz";"Fachquellen & Quellenverzeichnis";"Einstieg";"Detailtext";"Einstieg · Inhalt";"Die Empfehlungen des Gesundheitschecks orientieren sich an anerkannten Public-Health-Institutionen und medizinischen Fachgesellschaften. Hier finden Sie die fachlichen Grundlagen je Themenbereich.";"Le raccomandazioni del check della salute si basano su istituzioni di sanità pubblica riconosciute e su società mediche specialistiche. Qui trova le basi professionali per ogni ambito tematico.";"";"";"Marketing, Medizin";"Prüfung erforderlich";"";"";"";"sources.hero.lead";"sources";"it-CH";"3";"v1:4c57ada7d55b51436b17bda45c5831ce8e05df24ae9d5f359035e7ea924ebe4f";"bae2ee134d2881108019189f9dc8c1d59d3421014c5d9328c34acc2dd4e502de"
"Quellen & Transparenz";"Fachquellen & Quellenverzeichnis";"Einstieg";"Detailtext";"Einstieg · Stand der Recherche";"Stand der Recherche: Juli 2026";"Ultimo aggiornamento della ricerca: luglio 2026";"";"";"Marketing, Medizin";"Prüfung erforderlich";"";"";"";"sources.hero.research_date";"sources";"it-CH";"3";"v1:4c57ada7d55b51436b17bda45c5831ce8e05df24ae9d5f359035e7ea924ebe4f";"5dfb085574c4d7b24567ba6bee7e2b53d2aa77a04cdb2adaa473457b4ac6d696"
"Quellen & Transparenz";"Fachquellen & Quellenverzeichnis";"Quellenlinks";"Quellenbezeichnung";"Externer Quellenlink · Linkbeschriftung";"cdc.gov";"cdc.gov";"";"";"Marketing, Medizin";"Prüfung erforderlich";"";"";"";"sources.link.cdc";"sources";"it-CH";"3";"v1:4c57ada7d55b51436b17bda45c5831ce8e05df24ae9d5f359035e7ea924ebe4f";"4506ec0db2748753d0d424591650abb9f137a1485fc577adba7c3ac66d7dcdf9"
"Quellen & Transparenz";"Fachquellen & Quellenverzeichnis";"Quellenlinks";"Quellenbezeichnung";"Externer Quellenlink · Linkbeschriftung";"espen.org";"espen.org";"";"";"Marketing, Medizin";"Prüfung erforderlich";"";"";"";"sources.link.espen";"sources";"it-CH";"3";"v1:4c57ada7d55b51436b17bda45c5831ce8e05df24ae9d5f359035e7ea924ebe4f";"322f880b6da0e794f1c844fcf454d6cc7721c31810ad543fbca7bf688a5963c8"
"Quellen & Transparenz";"Fachquellen & Quellenverzeichnis";"Quellenlinks";"Quellenbezeichnung";"Externer Quellenlink · Linkbeschriftung";"jissn.biomedcentral.com";"jissn.biomedcentral.com";"";"";"Marketing, Medizin";"Prüfung erforderlich";"";"";"";"sources.link.jissn";"sources";"it-CH";"3";"v1:4c57ada7d55b51436b17bda45c5831ce8e05df24ae9d5f359035e7ea924ebe4f";"d68c2c59ec2e54f5b5495c9e4a2a39011ca9f8e224406d351936a6cd5b81ff17"
"Quellen & Transparenz";"Fachquellen & Quellenverzeichnis";"Quellenlinks";"Quellenbezeichnung";"Externer Quellenlink · Linkbeschriftung";"pubmed.ncbi.nlm.nih.gov";"pubmed.ncbi.nlm.nih.gov";"";"";"Marketing, Medizin";"Prüfung erforderlich";"";"";"";"sources.link.pubmed";"sources";"it-CH";"3";"v1:4c57ada7d55b51436b17bda45c5831ce8e05df24ae9d5f359035e7ea924ebe4f";"556f3056691a58ecf56ced9a50133e2c49e6160e37846d1ed0f483f4893de9a1"
"Quellen & Transparenz";"Fachquellen & Quellenverzeichnis";"Quellenlinks";"Quellenbezeichnung";"Externer Quellenlink · Linkbeschriftung";"who.int";"who.int";"";"";"Marketing, Medizin";"Prüfung erforderlich";"";"";"";"sources.link.who";"sources";"it-CH";"3";"v1:4c57ada7d55b51436b17bda45c5831ce8e05df24ae9d5f359035e7ea924ebe4f";"f42a7d7a800385747cbb356c3235ba870580d731db62a834eecc80be3b76111e"
"Quellen & Transparenz";"Fachquellen & Quellenverzeichnis";"Blutfette";"Überschrift";"Blutfette · Überschrift";"Blutfette, ApoB, LDL, Non-HDL & Lp(a)";"Lipidi nel sangue, ApoB, LDL, non-HDL e Lp(a)";"";"";"Marketing, Medizin";"Prüfung erforderlich";"";"";"";"sources.lipids.title";"sources";"it-CH";"3";"v1:4c57ada7d55b51436b17bda45c5831ce8e05df24ae9d5f359035e7ea924ebe4f";"c3109b180e99f9b2b7dce393166bbff4d7673a6c93ec94fcf7d31e75771b44fc"
"Quellen & Transparenz";"Fachquellen & Quellenverzeichnis";"Blutfette";"Quellenbezeichnung";"Blutfette · Linkbeschriftung";"Diese Werte müssen Sie kennen";"I valori da conoscere";"";"";"Marketing, Medizin";"Prüfung erforderlich";"";"";"";"sources.lipids.link_label";"sources";"it-CH";"3";"v1:4c57ada7d55b51436b17bda45c5831ce8e05df24ae9d5f359035e7ea924ebe4f";"f54a2c22c44f11a5163e4ab412b2a6fed1bd6d618a657ed990d374f1a0ee893b"
"Quellen & Transparenz";"Fachquellen & Quellenverzeichnis";"Blutfette";"Quellenbezeichnung";"Blutfette · Quellenangabe";"Konsens medizinischer Fachgesellschaften (u. a. ESC/EAS-Leitlinien zur Dyslipidämie) · Schweizerische Herzstiftung –";"Consenso delle società mediche specialistiche (incluse le linee guida ESC/EAS sulle dislipidemie) · Fondazione Svizzera di Cardiologia –";"";"";"Marketing, Medizin";"Prüfung erforderlich";"";"";"";"sources.lipids.reference";"sources";"it-CH";"3";"v1:4c57ada7d55b51436b17bda45c5831ce8e05df24ae9d5f359035e7ea924ebe4f";"1d9cbbb53350d734e812a0cd7ca1cb8765d62d3ff2a301e378369447dabc3f58"
"Quellen & Transparenz";"Fachquellen & Quellenverzeichnis";"Blutfette";"Detailtext";"Blutfette · Fachlicher Punkt";"ApoB ≈ Anzahl gefässschädigender Partikel; bildet Risiko oft genauer ab als LDL allein.";"ApoB ≈ numero di particelle aterogene; spesso riflette il rischio con maggiore precisione rispetto al solo LDL.";"";"";"Marketing, Medizin";"Prüfung erforderlich";"";"";"";"sources.lipids.point.1";"sources";"it-CH";"3";"v1:4c57ada7d55b51436b17bda45c5831ce8e05df24ae9d5f359035e7ea924ebe4f";"84a2813339c17b83f833327c44026a2e76a1551efd47129b5981e29a1986a074"
"Quellen & Transparenz";"Fachquellen & Quellenverzeichnis";"Blutfette";"Detailtext";"Blutfette · Fachlicher Punkt";"LDL-Cholesterin: zentraler Faktor der Atherosklerose; Non-HDL als einfacher Kombinationswert.";"Colesterolo LDL: fattore centrale dell’aterosclerosi; il non-HDL è un semplice valore combinato.";"";"";"Marketing, Medizin";"Prüfung erforderlich";"";"";"";"sources.lipids.point.2";"sources";"it-CH";"3";"v1:4c57ada7d55b51436b17bda45c5831ce8e05df24ae9d5f359035e7ea924ebe4f";"aa0e5814536939f988659f08bf33087631cd906ef9c931eaa8e9bd5cac11a2a3"
"Quellen & Transparenz";"Fachquellen & Quellenverzeichnis";"Blutfette";"Detailtext";"Blutfette · Fachlicher Punkt";"ApoB wünschenswert ca. unter 90–100 mg/dL (grobe Einordnung).";"Un valore ApoB auspicabile è indicativamente inferiore a 90–100 mg/dL.";"";"";"Marketing, Medizin";"Prüfung erforderlich";"";"";"";"sources.lipids.point.3";"sources";"it-CH";"3";"v1:4c57ada7d55b51436b17bda45c5831ce8e05df24ae9d5f359035e7ea924ebe4f";"83f91ba05e660dc0e984200a522b5bb591822c18be383ce011e0a82739f17ab9"
"Quellen & Transparenz";"Fachquellen & Quellenverzeichnis";"Blutfette";"Detailtext";"Blutfette · Fachlicher Punkt";"Lp(a) genetisch bestimmt, einmalige Messung; erhöht über 50 mg/dL bzw. über 125 nmol/L.";"La Lp(a) è determinata geneticamente e di norma viene misurata una volta; è elevata sopra 50 mg/dL o 125 nmol/L.";"";"";"Marketing, Medizin";"Prüfung erforderlich";"";"";"";"sources.lipids.point.4";"sources";"it-CH";"3";"v1:4c57ada7d55b51436b17bda45c5831ce8e05df24ae9d5f359035e7ea924ebe4f";"e72b6565403a2e5c9b9aa94ebf95afeb5c0ca20c91cf8e60d8a96cffc613897a"
"Quellen & Transparenz";"Fachquellen & Quellenverzeichnis";"Mentale Gesundheit";"Überschrift";"Mentale Gesundheit · Überschrift";"Mentale Gesundheit, Stress & soziale Ressourcen";"Salute mentale, stress e risorse sociali";"";"";"Marketing, Medizin";"Prüfung erforderlich";"";"";"";"sources.mental.title";"sources";"it-CH";"3";"v1:4c57ada7d55b51436b17bda45c5831ce8e05df24ae9d5f359035e7ea924ebe4f";"3e93bd70a1e7c6d8c1357acf3a619a28df02a7d55fa2e472d0d7fc8d5c20e117"
"Quellen & Transparenz";"Fachquellen & Quellenverzeichnis";"Mentale Gesundheit";"Quellenbezeichnung";"Mentale Gesundheit · Quellenangabe";"WHO zu mentaler Gesundheit · Evidenz zu sozialer Verbundenheit";"OMS sulla salute mentale · evidenze sui legami sociali";"";"";"Marketing, Medizin";"Prüfung erforderlich";"";"";"";"sources.mental.reference";"sources";"it-CH";"3";"v1:4c57ada7d55b51436b17bda45c5831ce8e05df24ae9d5f359035e7ea924ebe4f";"83d761f51add13dee0bd3bc80d7b9ff3ae6fd17660a99c6b3d3d8eebae31b5f7"
"Quellen & Transparenz";"Fachquellen & Quellenverzeichnis";"Mentale Gesundheit";"Detailtext";"Mentale Gesundheit · Fachlicher Punkt";"Chronischer Stress wirkt auf Schlaf, Blutdruck, Stoffwechsel, Stimmung.";"Lo stress cronico influisce sul sonno, sulla pressione arteriosa, sul metabolismo e sull’umore.";"";"";"Marketing, Medizin";"Prüfung erforderlich";"";"";"";"sources.mental.point.1";"sources";"it-CH";"3";"v1:4c57ada7d55b51436b17bda45c5831ce8e05df24ae9d5f359035e7ea924ebe4f";"94099c5b6f8a27b6cd259f5e728c22c59b6a4c1f293fe0c276e37b89abcedfd0"
"Quellen & Transparenz";"Fachquellen & Quellenverzeichnis";"Mentale Gesundheit";"Detailtext";"Mentale Gesundheit · Fachlicher Punkt";"Soziale Verbundenheit schützt; Einsamkeit ist ein Risikofaktor.";"I legami sociali hanno un effetto protettivo; la solitudine è un fattore di rischio.";"";"";"Marketing, Medizin";"Prüfung erforderlich";"";"";"";"sources.mental.point.2";"sources";"it-CH";"3";"v1:4c57ada7d55b51436b17bda45c5831ce8e05df24ae9d5f359035e7ea924ebe4f";"a4e7ab6a39272067f309cf39a0ac490e455daaa6cb37afb0436c1138f04350da"
"Quellen & Transparenz";"Fachquellen & Quellenverzeichnis";"Mentale Gesundheit";"Detailtext";"Mentale Gesundheit · Fachlicher Punkt";"Akute Krise: CH Tel. 143 (Dargebotene Hand), Notruf 144.";"Crisi acuta in Svizzera: Telefono Amico al 143; numero d’emergenza 144.";"";"";"Marketing, Medizin";"Prüfung erforderlich";"";"";"";"sources.mental.point.3";"sources";"it-CH";"3";"v1:4c57ada7d55b51436b17bda45c5831ce8e05df24ae9d5f359035e7ea924ebe4f";"72969c61504a76a8e7d93c47ea440c45eae3207b20683c4cffa3ffe33e1fc7dd"
"Quellen & Transparenz";"Fachquellen & Quellenverzeichnis";"Seitenmetadaten";"Überschrift";"Seitendaten · Überschrift";"Wissenschaftliche Quellen & Grundlagen – Gesundheitscheck";"Fonti scientifiche e basi – Check della salute";"";"";"Marketing, Medizin";"Prüfung erforderlich";"";"";"";"sources.meta.title";"sources";"it-CH";"3";"v1:4c57ada7d55b51436b17bda45c5831ce8e05df24ae9d5f359035e7ea924ebe4f";"6bfee2b5f71e824d89f4e3b171563de13c3c02fddb159fc4d0c03e8c0eed16d2"
"Quellen & Transparenz";"Fachquellen & Quellenverzeichnis";"Seitenmetadaten";"Detailtext";"Seitendaten · Inhalt";"Wissenschaftliche Quellen und fachliche Grundlagen des Gesundheitschecks: Empfehlungen von WHO, CDC und medizinischen Fachgesellschaften.";"Fonti scientifiche e basi specialistiche del check della salute: raccomandazioni dell’OMS, dei CDC e delle società mediche specialistiche.";"";"";"Marketing, Medizin";"Prüfung erforderlich";"";"";"";"sources.meta.description";"sources";"it-CH";"3";"v1:4c57ada7d55b51436b17bda45c5831ce8e05df24ae9d5f359035e7ea924ebe4f";"4bf22c337cfae369c254f212e8751007155e009eeacc4a4e88ac1e0010e9015e"
"Quellen & Transparenz";"Fachquellen & Quellenverzeichnis";"Metabolische Gesundheit";"Überschrift";"Stoffwechsel · Überschrift";"Metabolische Gesundheit, Blutzucker & HbA1c";"Salute metabolica, glicemia e HbA1c";"";"";"Marketing, Medizin";"Prüfung erforderlich";"";"";"";"sources.metabolic.title";"sources";"it-CH";"3";"v1:4c57ada7d55b51436b17bda45c5831ce8e05df24ae9d5f359035e7ea924ebe4f";"3d6eeb305e7f96ffdc05dcc933c174e75b6f1d37ae45477c9259b347daee97bf"
"Quellen & Transparenz";"Fachquellen & Quellenverzeichnis";"Metabolische Gesundheit";"Quellenbezeichnung";"Stoffwechsel · Quellenangabe";"WHO/ADA-Kriterien zu (Prä-)Diabetes";"Criteri OMS/ADA per il (pre)diabete";"";"";"Marketing, Medizin";"Prüfung erforderlich";"";"";"";"sources.metabolic.reference";"sources";"it-CH";"3";"v1:4c57ada7d55b51436b17bda45c5831ce8e05df24ae9d5f359035e7ea924ebe4f";"c92f91b4f0e4a780e55027c717b14a7fa974983ee3237932f7d629221770f2dd"
"Quellen & Transparenz";"Fachquellen & Quellenverzeichnis";"Metabolische Gesundheit";"Detailtext";"Stoffwechsel · Fachlicher Punkt";"HbA1c: normal unter 5,7 %; Prädiabetes 5,7–6,4 %; Diabetes ab 6,5 %.";"HbA1c: normale sotto 5,7%; prediabete 5,7–6,4%; diabete a partire da 6,5%.";"";"";"Marketing, Medizin";"Prüfung erforderlich";"";"";"";"sources.metabolic.point.1";"sources";"it-CH";"3";"v1:4c57ada7d55b51436b17bda45c5831ce8e05df24ae9d5f359035e7ea924ebe4f";"84a083b92257dae94ba61a6aff5721ba2007f4764cab923c725e62f1e003cc77"
"Quellen & Transparenz";"Fachquellen & Quellenverzeichnis";"Metabolische Gesundheit";"Detailtext";"Stoffwechsel · Fachlicher Punkt";"Nüchternblutzucker: normal unter 5,6; Prädiabetes 5,6–6,9; Diabetes ab 7,0 mmol/L.";"Glicemia a digiuno: normale sotto 5,6; prediabete 5,6–6,9; diabete a partire da 7,0 mmol/L.";"";"";"Marketing, Medizin";"Prüfung erforderlich";"";"";"";"sources.metabolic.point.2";"sources";"it-CH";"3";"v1:4c57ada7d55b51436b17bda45c5831ce8e05df24ae9d5f359035e7ea924ebe4f";"4d6a4c767ffe376a0cbe37913ca6550afcfad0e34e1c75ac0c374876fea0431a"
"Quellen & Transparenz";"Fachquellen & Quellenverzeichnis";"Metabolische Gesundheit";"Detailtext";"Stoffwechsel · Fachlicher Punkt";"Triglyceride: normal unter 1,7 mmol/L (unter 150 mg/dL).";"Trigliceridi: normali sotto 1,7 mmol/L (sotto 150 mg/dL).";"";"";"Marketing, Medizin";"Prüfung erforderlich";"";"";"";"sources.metabolic.point.3";"sources";"it-CH";"3";"v1:4c57ada7d55b51436b17bda45c5831ce8e05df24ae9d5f359035e7ea924ebe4f";"315edc28a2aa6d6451856875fa89ff02d0898e1d3b6d794450e333db866fa80f"
"Quellen & Transparenz";"Fachquellen & Quellenverzeichnis";"Metabolische Gesundheit";"Detailtext";"Stoffwechsel · Fachlicher Punkt";"Prädiabetes oft reversibel durch Bewegung, Gewichtsmanagement, Ernährung.";"Il prediabete può spesso regredire grazie all’attività fisica, alla gestione del peso e all’alimentazione.";"";"";"Marketing, Medizin";"Prüfung erforderlich";"";"";"";"sources.metabolic.point.4";"sources";"it-CH";"3";"v1:4c57ada7d55b51436b17bda45c5831ce8e05df24ae9d5f359035e7ea924ebe4f";"ecd7022da966711c987fe05ad8b47ea24e8bad7f841bb1f3d987305ac471aa33"
"Quellen & Transparenz";"Fachquellen & Quellenverzeichnis";"Medizinischer Hinweis";"Medizinischer Hinweis";"Hinweis · Inhalt";"Hinweis:";"Nota bene:";"";"";"Marketing, Medizin";"Prüfung erforderlich";"";"";"";"sources.notice.label";"sources";"it-CH";"3";"v1:4c57ada7d55b51436b17bda45c5831ce8e05df24ae9d5f359035e7ea924ebe4f";"ced0c5166cd8b88ea744ec667f08cfee3797ceb05f397aff216e16986aeca8ec"
"Quellen & Transparenz";"Fachquellen & Quellenverzeichnis";"Medizinischer Hinweis";"Medizinischer Hinweis";"Hinweis · Inhalt";"Die Inhalte sind präventiv formuliert und stellen keine Diagnose, Therapie oder medizinische Beratung dar. Orientierungswerte sind grobe Richtwerte, keine Diagnosegrenzen.";"I contenuti riguardano la prevenzione e non costituiscono una diagnosi, una terapia o una consulenza medica. I valori di riferimento sono indicazioni generali, non soglie diagnostiche.";"";"";"Marketing, Medizin";"Prüfung erforderlich";"";"";"";"sources.notice.text";"sources";"it-CH";"3";"v1:4c57ada7d55b51436b17bda45c5831ce8e05df24ae9d5f359035e7ea924ebe4f";"c8a075c583a9686ebe1713eea25efd17b65cf767ad4ffc522e1e3feffa7894bd"
"Quellen & Transparenz";"Fachquellen & Quellenverzeichnis";"Ernährung";"Überschrift";"Ernährung · Überschrift";"Ernährung";"Alimentazione";"";"";"Marketing, Medizin";"Prüfung erforderlich";"";"";"";"sources.nutrition.title";"sources";"it-CH";"3";"v1:4c57ada7d55b51436b17bda45c5831ce8e05df24ae9d5f359035e7ea924ebe4f";"1ae8607c17c77df976a33ccd97cc730195d81489144990b2a96287dc248384d1"
"Quellen & Transparenz";"Fachquellen & Quellenverzeichnis";"Ernährung";"Detailtext";"Ernährung · Fachlicher Punkt";"≥ 400 g Gemüse & Früchte/Tag (rund fünf Portionen).";"Almeno 400 g di verdura e frutta al giorno (circa cinque porzioni).";"";"";"Marketing, Medizin";"Prüfung erforderlich";"";"";"";"sources.nutrition.point.1";"sources";"it-CH";"3";"v1:4c57ada7d55b51436b17bda45c5831ce8e05df24ae9d5f359035e7ea924ebe4f";"370809e45fdce853168d0054747d0eec7d8cf2961030cb7976ab767f10119ae4"
"Quellen & Transparenz";"Fachquellen & Quellenverzeichnis";"Ernährung";"Detailtext";"Ernährung · Fachlicher Punkt";"≥ 25 g Ballaststoffe/Tag (Hülsenfrüchte, Vollkorn).";"Almeno 25 g di fibre al giorno (legumi, prodotti integrali).";"";"";"Marketing, Medizin";"Prüfung erforderlich";"";"";"";"sources.nutrition.point.2";"sources";"it-CH";"3";"v1:4c57ada7d55b51436b17bda45c5831ce8e05df24ae9d5f359035e7ea924ebe4f";"9a8fa4e11b0054938b105163140cf90dd53165a19ab410dfe67b2d9934c38d04"
"Quellen & Transparenz";"Fachquellen & Quellenverzeichnis";"Ernährung";"Detailtext";"Ernährung · Fachlicher Punkt";"Freie Zucker unter 10 % der Energie (~50 g), idealerweise unter 5 %.";"Zuccheri liberi inferiori al 10% dell’apporto energetico totale (~50 g), idealmente inferiori al 5%.";"";"";"Marketing, Medizin";"Prüfung erforderlich";"";"";"";"sources.nutrition.point.3";"sources";"it-CH";"3";"v1:4c57ada7d55b51436b17bda45c5831ce8e05df24ae9d5f359035e7ea924ebe4f";"53f36b41318db3b711bbf37ee1e4e6180006924e30de7df62e24101d58a9b498"
"Quellen & Transparenz";"Fachquellen & Quellenverzeichnis";"Ernährung";"Detailtext";"Ernährung · Fachlicher Punkt";"Salz unter 5 g/Tag; gesättigte Fette unter 10 % der Energie.";"Sale inferiore a 5 g/giorno; grassi saturi inferiori al 10% dell’apporto energetico totale.";"";"";"Marketing, Medizin";"Prüfung erforderlich";"";"";"";"sources.nutrition.point.4";"sources";"it-CH";"3";"v1:4c57ada7d55b51436b17bda45c5831ce8e05df24ae9d5f359035e7ea924ebe4f";"0cb93240f30b5fe0ddfb5afd8dd07d0621c77e851dc769991e15e868fdf5ba32"
"Quellen & Transparenz";"Fachquellen & Quellenverzeichnis";"Ernährung";"Detailtext";"Ernährung · Fachlicher Punkt";"Bei regelmässigem Krafttraining sind für gesunde Erwachsene 1,4–1,6 g Protein/kg/Tag eine praktische Orientierung; zusätzliche Vorteile flachen im Mittel ab rund 1,6 g/kg/Tag deutlich ab.";"Per adulti sani che praticano regolarmente allenamento della forza, 1,4–1,6 g di proteine/kg/giorno rappresentano un orientamento pratico; in media, i benefici aggiuntivi si riducono nettamente intorno a 1,6 g/kg/giorno.";"";"";"Marketing, Medizin";"Prüfung erforderlich";"";"";"";"sources.nutrition.point.5";"sources";"it-CH";"3";"v1:4c57ada7d55b51436b17bda45c5831ce8e05df24ae9d5f359035e7ea924ebe4f";"fb46d5326891edc6bbbee70167db12fd4ea177b17e4ec42764432f44f86e7e1d"
"Quellen & Transparenz";"Fachquellen & Quellenverzeichnis";"Ernährung";"Detailtext";"Ernährung · Fachlicher Punkt";"Bis etwa 2,0 g/kg/Tag sind nur ein möglicher individueller Spielraum bei sehr hoher Trainingsbelastung oder gezieltem Energiedefizit – kein allgemeines Ziel und nicht allein durch das Alter begründet.";"Fino a circa 2,0 g/kg/giorno è soltanto un possibile margine individuale in caso di carichi di allenamento molto elevati o di un deficit energetico mirato. Non è un obiettivo generale e l’età da sola non lo giustifica.";"";"";"Marketing, Medizin";"Prüfung erforderlich";"";"";"";"sources.nutrition.point.6";"sources";"it-CH";"3";"v1:4c57ada7d55b51436b17bda45c5831ce8e05df24ae9d5f359035e7ea924ebe4f";"9529b9080fb5683fe2d0a5184db6814d63b1b347727e4b3dffbbdb287ac4c2aa"
"Quellen & Transparenz";"Fachquellen & Quellenverzeichnis";"Ernährung";"Detailtext";"Ernährung · Fachlicher Punkt";"Die Proteinfrage misst die Regelmässigkeit von Proteinquellen, nicht die tatsächliche Tagesmenge.";"La domanda sulle proteine rileva la regolarità con cui vengono incluse fonti proteiche, non la quantità giornaliera effettiva.";"";"";"Marketing, Medizin";"Prüfung erforderlich";"";"";"";"sources.nutrition.point.7";"sources";"it-CH";"3";"v1:4c57ada7d55b51436b17bda45c5831ce8e05df24ae9d5f359035e7ea924ebe4f";"e6b45b92b5864a370bce910745ef931a8cfdfcaae5104cbe0c2ee683e81e766c"
"Quellen & Transparenz";"Fachquellen & Quellenverzeichnis";"Ernährung";"Detailtext";"Ernährung · Fachlicher Punkt";"Mehr pflanzliche und weniger stark verarbeitete Lebensmittel.";"Consumare più alimenti vegetali e meno prodotti altamente trasformati.";"";"";"Marketing, Medizin";"Prüfung erforderlich";"";"";"";"sources.nutrition.point.8";"sources";"it-CH";"3";"v1:4c57ada7d55b51436b17bda45c5831ce8e05df24ae9d5f359035e7ea924ebe4f";"d7a7c753f147019533529b6c02a1378b5d7f008af0f8a3d9772e060f54a812b6"
"Quellen & Transparenz";"Fachquellen & Quellenverzeichnis";"Ernährung";"Quellenbezeichnung";"Ernährung · Inhalt";"Protein im Alter – ESPEN Practical Guideline";"Proteine in età avanzata – Linea guida pratica ESPEN";"";"";"Marketing, Medizin";"Prüfung erforderlich";"";"";"";"sources.nutrition.reference.espen";"sources";"it-CH";"3";"v1:4c57ada7d55b51436b17bda45c5831ce8e05df24ae9d5f359035e7ea924ebe4f";"be64ee4dfb3a0cfd7b4b04e2a7b4543dc13275edefa08d08ff113d8608452efc"
"Quellen & Transparenz";"Fachquellen & Quellenverzeichnis";"Ernährung";"Quellenbezeichnung";"Ernährung · Inhalt";"Protein & Training – ISSN Position Stand";"Proteine e allenamento – Position Stand ISSN";"";"";"Marketing, Medizin";"Prüfung erforderlich";"";"";"";"sources.nutrition.reference.issn";"sources";"it-CH";"3";"v1:4c57ada7d55b51436b17bda45c5831ce8e05df24ae9d5f359035e7ea924ebe4f";"64b0ff205bcbec67c595404fe3aa3417e6ed17c4df45e9864fbe328c050289fb"
"Quellen & Transparenz";"Fachquellen & Quellenverzeichnis";"Ernährung";"Quellenbezeichnung";"Ernährung · Inhalt";"Protein & Krafttraining – Morton et al., Meta-Analyse";"Proteine e allenamento della forza – Morton et al., meta-analisi";"";"";"Marketing, Medizin";"Prüfung erforderlich";"";"";"";"sources.nutrition.reference.morton";"sources";"it-CH";"3";"v1:4c57ada7d55b51436b17bda45c5831ce8e05df24ae9d5f359035e7ea924ebe4f";"a298503935846085286dfd8f3ca638be96524ee03cf85b3dcc3bf87d79ee9a4d"
"Quellen & Transparenz";"Fachquellen & Quellenverzeichnis";"Ernährung";"Quellenbezeichnung";"Ernährung · Inhalt";"WHO – Healthy diet";"OMS – Alimentazione sana";"";"";"Marketing, Medizin";"Prüfung erforderlich";"";"";"";"sources.nutrition.reference.who";"sources";"it-CH";"3";"v1:4c57ada7d55b51436b17bda45c5831ce8e05df24ae9d5f359035e7ea924ebe4f";"6d90011e2cefdf368404dbe48cc9085dd839818a2a42282edff20b095586edab"
"Quellen & Transparenz";"Fachquellen & Quellenverzeichnis";"Bewegung und körperliche Leistungsfähigkeit";"Überschrift";"Körperliche Aktivität · Überschrift";"Bewegung & körperliche Leistungsfähigkeit";"Attività fisica e capacità fisica";"";"";"Marketing, Medizin";"Prüfung erforderlich";"";"";"";"sources.physical.title";"sources";"it-CH";"3";"v1:4c57ada7d55b51436b17bda45c5831ce8e05df24ae9d5f359035e7ea924ebe4f";"e0c3ff24339b693cc02fcf9ab7b35e76e8f527752b443da619b7002d65dce0f2"
"Quellen & Transparenz";"Fachquellen & Quellenverzeichnis";"Bewegung und körperliche Leistungsfähigkeit";"Quellenbezeichnung";"Körperliche Aktivität · Quellenangabe";"WHO – Physical activity · WHO Guidelines on physical activity and sedentary behaviour (2020)";"OMS – Attività fisica · Linee guida OMS sull’attività fisica e sul comportamento sedentario (2020)";"";"";"Marketing, Medizin";"Prüfung erforderlich";"";"";"";"sources.physical.reference";"sources";"it-CH";"3";"v1:4c57ada7d55b51436b17bda45c5831ce8e05df24ae9d5f359035e7ea924ebe4f";"770cb35bd52363f330c779ad23570bf76b1237952b1d618fb861e75033a422ca"
"Quellen & Transparenz";"Fachquellen & Quellenverzeichnis";"Bewegung und körperliche Leistungsfähigkeit";"Detailtext";"Körperliche Aktivität · Fachlicher Punkt";"150–300 Min./Woche moderate oder 75–150 Min./Woche intensive Ausdaueraktivität.";"150–300 min/settimana di attività aerobica di intensità moderata oppure 75–150 min/settimana di attività aerobica intensa.";"";"";"Marketing, Medizin";"Prüfung erforderlich";"";"";"";"sources.physical.point.1";"sources";"it-CH";"3";"v1:4c57ada7d55b51436b17bda45c5831ce8e05df24ae9d5f359035e7ea924ebe4f";"df7bf35e90cd1ff5af4f4e89884ecb839defd332b9a736e587f863f974eaab4d"
"Quellen & Transparenz";"Fachquellen & Quellenverzeichnis";"Bewegung und körperliche Leistungsfähigkeit";"Detailtext";"Körperliche Aktivität · Fachlicher Punkt";"Muskelkräftigung an ≥ 2 Tagen/Woche.";"Attività di rafforzamento muscolare almeno 2 giorni alla settimana.";"";"";"Marketing, Medizin";"Prüfung erforderlich";"";"";"";"sources.physical.point.2";"sources";"it-CH";"3";"v1:4c57ada7d55b51436b17bda45c5831ce8e05df24ae9d5f359035e7ea924ebe4f";"e9703a90d40fbc69fa5e20b824420f821cf4acc18e1e088bdf1f21d741037061"
"Quellen & Transparenz";"Fachquellen & Quellenverzeichnis";"Bewegung und körperliche Leistungsfähigkeit";"Detailtext";"Körperliche Aktivität · Fachlicher Punkt";"Sitzzeit reduzieren – jede Bewegung zählt.";"Ridurre il tempo trascorso seduti: ogni movimento conta.";"";"";"Marketing, Medizin";"Prüfung erforderlich";"";"";"";"sources.physical.point.3";"sources";"it-CH";"3";"v1:4c57ada7d55b51436b17bda45c5831ce8e05df24ae9d5f359035e7ea924ebe4f";"110c48b5891f3e60222594dea1c7f9925210c1880dadddea3ef3fb3be91add42"
"Quellen & Transparenz";"Fachquellen & Quellenverzeichnis";"Bewegung und körperliche Leistungsfähigkeit";"Detailtext";"Körperliche Aktivität · Fachlicher Punkt";"Senkt Risiko für Herz-Kreislauf-Erkrankungen, Typ-2-Diabetes, einige Krebsarten, Stürze; verbessert mentale Gesundheit, Schlaf, Körperzusammensetzung.";"Riduce il rischio di malattie cardiovascolari, diabete di tipo 2, alcuni tumori e cadute; migliora la salute mentale, il sonno e la composizione corporea.";"";"";"Marketing, Medizin";"Prüfung erforderlich";"";"";"";"sources.physical.point.4";"sources";"it-CH";"3";"v1:4c57ada7d55b51436b17bda45c5831ce8e05df24ae9d5f359035e7ea924ebe4f";"9bb5ad6c852711176ebcbdec73de8179b706341f85ead049785173966a34bb70"
"Quellen & Transparenz";"Fachquellen & Quellenverzeichnis";"Scoring";"Überschrift";"Scoring · Überschrift";"Umsetzung im Scoring";"Come funziona il calcolo del punteggio";"";"";"Marketing, Medizin";"Prüfung erforderlich";"";"";"";"sources.scoring.title";"sources";"it-CH";"3";"v1:4c57ada7d55b51436b17bda45c5831ce8e05df24ae9d5f359035e7ea924ebe4f";"2290e97757e1a4eeb1598eebaaf2ad4fc32fa4057ae33cefc28083c25e96f8ed"
"Quellen & Transparenz";"Fachquellen & Quellenverzeichnis";"Scoring";"Detailtext";"Scoring · Fachlicher Punkt";"Jede Dimension erhält einen Score 0–100 (gewichteter Mittelwert der beantworteten Items).";"Ogni dimensione riceve un punteggio da 0 a 100, calcolato come media ponderata degli elementi a cui è stata data una risposta.";"";"";"Marketing, Medizin";"Prüfung erforderlich";"";"";"";"sources.scoring.point.1";"sources";"it-CH";"3";"v1:4c57ada7d55b51436b17bda45c5831ce8e05df24ae9d5f359035e7ea924ebe4f";"37196490a29bcd8d675c94682ae421a9ed67f195c890cd5ee2442d938f0d9b30"
"Quellen & Transparenz";"Fachquellen & Quellenverzeichnis";"Scoring";"Detailtext";"Scoring · Fachlicher Punkt";"Optionale Fitness-Kurztests ergänzen den jeweils passenden Fitness-Teilbereich. Medizinisch freigegeben ist: Liegestütz und Wandsitz bilden gemeinsam die Testhälfte des Teilbereichs Muskulatur; der Wandsitz zählt nicht zur Kondition. Der Einbeinstand bildet die Testhälfte von Balance/Beweglichkeit. Sichtbar wird eine Einordnung nur bei passendem Alter, Geschlecht und Testprotokoll; beim Wandsitz beruht sie ab 18 Jahren auf einer harmonisierten Trainingsorientierung und ist keine klinische Norm.";"I test brevi facoltativi di forma fisica completano il relativo sottoambito. L’attribuzione approvata dal punto di vista medico è la seguente: flessioni e seduta al muro costituiscono insieme la metà basata sui test del sottoambito della forma muscolare; la seduta al muro non rientra nella resistenza cardiovascolare. L’equilibrio su una gamba costituisce la metà basata sui test dell’equilibrio e della mobilità. Una categoria viene mostrata soltanto se età, sesso e protocollo del test corrispondono. Dai 18 anni, la categoria della seduta al muro si basa su una guida armonizzata per l’allenamento e non su una norma clinica.";"";"";"Marketing, Medizin";"Prüfung erforderlich";"";"";"";"sources.scoring.point.2";"sources";"it-CH";"3";"v1:4c57ada7d55b51436b17bda45c5831ce8e05df24ae9d5f359035e7ea924ebe4f";"108be3fddf88095b38265c69612dba05aa02821f8a5fbc71e903f43b2d2a9a76"
"Quellen & Transparenz";"Fachquellen & Quellenverzeichnis";"Scoring";"Detailtext";"Scoring · Fachlicher Punkt";"Statusstufen: 80–100 Stark, 60–79 Solide Basis, 40–59 Ausbaufähig, 0–39 Erhöhte Aufmerksamkeit.";"Livelli di stato: 80–100 Forte, 60–79 Base solida, 40–59 Migliorabile, 0–39 Richiede maggiore attenzione.";"";"";"Marketing, Medizin";"Prüfung erforderlich";"";"";"";"sources.scoring.point.3";"sources";"it-CH";"3";"v1:4c57ada7d55b51436b17bda45c5831ce8e05df24ae9d5f359035e7ea924ebe4f";"ecb0c2e00df2f405d4cd73e9b6d8f417dd8cd0e9ce1b4ae8ffc9cce59656c9a7"
"Quellen & Transparenz";"Fachquellen & Quellenverzeichnis";"Scoring";"Detailtext";"Scoring · Fachlicher Punkt";"Risikosignale werden in Lebensstilpotenzial vs. medizinische Abklärungsrelevanz unterschieden.";"I segnali di rischio sono suddivisi in potenziale legato allo stile di vita e necessità di una valutazione medica.";"";"";"Marketing, Medizin";"Prüfung erforderlich";"";"";"";"sources.scoring.point.4";"sources";"it-CH";"3";"v1:4c57ada7d55b51436b17bda45c5831ce8e05df24ae9d5f359035e7ea924ebe4f";"ac0ae1c9e4784314b0556b8712e6806b0b3603aefe3c4e362d5c782f6e5b87ec"
"Quellen & Transparenz";"Fachquellen & Quellenverzeichnis";"Scoring";"Detailtext";"Scoring · Fachlicher Punkt";"Stärken, Handlungsfelder und die Top-3-Schritte werden aus denselben antwortbasierten Hebeln abgeleitet (inkl. dimensionsübergreifender Risikomuster, z. B. kardiovaskulär); kritische Signale sind immer vorrangig.";"I punti di forza, gli ambiti d’intervento e i 3 passi principali derivano dalle stesse leve basate sulle risposte, inclusi i modelli di rischio trasversali alle dimensioni, come quelli cardiovascolari; i segnali critici hanno sempre la priorità.";"";"";"Marketing, Medizin";"Prüfung erforderlich";"";"";"";"sources.scoring.point.5";"sources";"it-CH";"3";"v1:4c57ada7d55b51436b17bda45c5831ce8e05df24ae9d5f359035e7ea924ebe4f";"f8e191652c8cdfee8dcab29dca72c617038b4a07fa6258413f3781a11df24b92"
"Quellen & Transparenz";"Fachquellen & Quellenverzeichnis";"Schlaf und Regeneration";"Überschrift";"Schlaf · Überschrift";"Schlaf & Regeneration";"Sonno e recupero";"";"";"Marketing, Medizin";"Prüfung erforderlich";"";"";"";"sources.sleep.title";"sources";"it-CH";"3";"v1:4c57ada7d55b51436b17bda45c5831ce8e05df24ae9d5f359035e7ea924ebe4f";"f3b09dcd12568cef59728cb3d1c3b07bb02923250bb034bb2633f1d1ce620bdb"
"Quellen & Transparenz";"Fachquellen & Quellenverzeichnis";"Schlaf und Regeneration";"Quellenbezeichnung";"Schlaf · Quellenangabe";"CDC – About Sleep";"CDC – Informazioni sul sonno";"";"";"Marketing, Medizin";"Prüfung erforderlich";"";"";"";"sources.sleep.reference";"sources";"it-CH";"3";"v1:4c57ada7d55b51436b17bda45c5831ce8e05df24ae9d5f359035e7ea924ebe4f";"b23d90a99907b6d41c660d9d889b2812e04b47170608b8f0765e9185a7dcf517"
"Quellen & Transparenz";"Fachquellen & Quellenverzeichnis";"Schlaf und Regeneration";"Detailtext";"Schlaf · Fachlicher Punkt";"Erwachsene: ≥ 7 Stunden (Orientierung 7–9 Stunden).";"Adulti: almeno 7 ore (valore orientativo: 7–9 ore).";"";"";"Marketing, Medizin";"Prüfung erforderlich";"";"";"";"sources.sleep.point.1";"sources";"it-CH";"3";"v1:4c57ada7d55b51436b17bda45c5831ce8e05df24ae9d5f359035e7ea924ebe4f";"3d98abedb86bd44b45b7da8a407508b03148780a8f86ad73fa1646fcd999da8d"
"Quellen & Transparenz";"Fachquellen & Quellenverzeichnis";"Schlaf und Regeneration";"Detailtext";"Schlaf · Fachlicher Punkt";"Schlafhygiene: feste Zeiten, kühl/dunkel/ruhig, Bildschirme ~30 Min. vorher aus.";"Igiene del sonno: mantenere orari regolari, una stanza fresca/buia/silenziosa e spegnere gli schermi circa 30 minuti prima.";"";"";"Marketing, Medizin";"Prüfung erforderlich";"";"";"";"sources.sleep.point.2";"sources";"it-CH";"3";"v1:4c57ada7d55b51436b17bda45c5831ce8e05df24ae9d5f359035e7ea924ebe4f";"c03ae13dc0834861d3f9778021d1a484d95732165d6cb38c54fc991873d84c0c"
"Quellen & Transparenz";"Fachquellen & Quellenverzeichnis";"Schlaf und Regeneration";"Detailtext";"Schlaf · Fachlicher Punkt";"Anhaltende Probleme, Schnarchen oder Atemaussetzer ärztlich abklären.";"In caso di problemi persistenti, russamento o pause respiratorie, chiedere consiglio al medico.";"";"";"Marketing, Medizin";"Prüfung erforderlich";"";"";"";"sources.sleep.point.3";"sources";"it-CH";"3";"v1:4c57ada7d55b51436b17bda45c5831ce8e05df24ae9d5f359035e7ea924ebe4f";"48f0a237def3acaa9921e5b6a2cb4c8bb7394fbd654502097e47b806cc1aad23"
"Quellen & Transparenz";"Fachquellen & Quellenverzeichnis";"Rauchen und Nikotin";"Überschrift";"Rauchen · Überschrift";"Rauchen / Nikotin";"Fumo e nicotina";"";"";"Marketing, Medizin";"Prüfung erforderlich";"";"";"";"sources.smoking.title";"sources";"it-CH";"3";"v1:4c57ada7d55b51436b17bda45c5831ce8e05df24ae9d5f359035e7ea924ebe4f";"ae1f210a94ce343503a02e19569277070b65ce1fd234e1d34c62c2e2955309c1"
"Quellen & Transparenz";"Fachquellen & Quellenverzeichnis";"Rauchen und Nikotin";"Quellenbezeichnung";"Rauchen · Quellenangabe";"WHO – Herz-Kreislauf-Erkrankungen & Hypertension";"OMS – Malattie cardiovascolari e ipertensione";"";"";"Marketing, Medizin";"Prüfung erforderlich";"";"";"";"sources.smoking.reference";"sources";"it-CH";"3";"v1:4c57ada7d55b51436b17bda45c5831ce8e05df24ae9d5f359035e7ea924ebe4f";"e7d0508465c7c3b0ec97f6e90c17998a967963f682e5db4877c00792491c201e"
"Quellen & Transparenz";"Fachquellen & Quellenverzeichnis";"Rauchen und Nikotin";"Detailtext";"Rauchen · Fachlicher Punkt";"Tabak/Nikotin ist ein zentraler, gut beeinflussbarer Risikofaktor.";"Il tabacco e la nicotina sono importanti fattori di rischio modificabili.";"";"";"Marketing, Medizin";"Prüfung erforderlich";"";"";"";"sources.smoking.point.1";"sources";"it-CH";"3";"v1:4c57ada7d55b51436b17bda45c5831ce8e05df24ae9d5f359035e7ea924ebe4f";"f5c7c5010eedc437a28fd13e11507cd9e141ec88ef8b9b4a51d26d74ebc93f0d"
"Quellen & Transparenz";"Fachquellen & Quellenverzeichnis";"Rauchen und Nikotin";"Detailtext";"Rauchen · Fachlicher Punkt";"Rauchstopp senkt das kardiovaskuläre Risiko bereits nach kurzer Zeit.";"Smettere di fumare riduce il rischio cardiovascolare già in breve tempo.";"";"";"Marketing, Medizin";"Prüfung erforderlich";"";"";"";"sources.smoking.point.2";"sources";"it-CH";"3";"v1:4c57ada7d55b51436b17bda45c5831ce8e05df24ae9d5f359035e7ea924ebe4f";"21681de73932fcc84d8040bd1dc8d80243b1ccfcdab214bcbba7557f535368c1"
"Quellen & Transparenz";"Fachquellen & Quellenverzeichnis";"Krafttraining und gesundes Altern";"Überschrift";"Muskelkraft · Überschrift";"Krafttraining, Muskelmasse & gesundes Altern";"Allenamento della forza, massa muscolare e invecchiamento sano";"";"";"Marketing, Medizin";"Prüfung erforderlich";"";"";"";"sources.strength.title";"sources";"it-CH";"3";"v1:4c57ada7d55b51436b17bda45c5831ce8e05df24ae9d5f359035e7ea924ebe4f";"82ef15af78a8262bdffaca0b4362c7aa6ac172adf0fa0c84a57e5305db2fa9b8"
"Quellen & Transparenz";"Fachquellen & Quellenverzeichnis";"Krafttraining und gesundes Altern";"Quellenbezeichnung";"Muskelkraft · Linkbeschriftung";"EWGSOP2";"EWGSOP2";"";"";"Marketing, Medizin";"Prüfung erforderlich";"";"";"";"sources.strength.link_ewgsop";"sources";"it-CH";"3";"v1:4c57ada7d55b51436b17bda45c5831ce8e05df24ae9d5f359035e7ea924ebe4f";"33cdf1ebf3aa5d237ccd81430e6c64ad2ba742a91f97a844d21ff043e807c1cb"
"Quellen & Transparenz";"Fachquellen & Quellenverzeichnis";"Krafttraining und gesundes Altern";"Quellenbezeichnung";"Muskelkraft · Linkbeschriftung";"Liegestütz-Studie";"Studio sulle flessioni";"";"";"Marketing, Medizin";"Prüfung erforderlich";"";"";"";"sources.strength.link_pushup";"sources";"it-CH";"3";"v1:4c57ada7d55b51436b17bda45c5831ce8e05df24ae9d5f359035e7ea924ebe4f";"948d08e4e62f88c2a39e37f008837a3dd1775eb7d465c58fd33732a22c960e4b"
"Quellen & Transparenz";"Fachquellen & Quellenverzeichnis";"Krafttraining und gesundes Altern";"Quellenbezeichnung";"Muskelkraft · Linkbeschriftung";"Wandsitz-Sicherheit";"Sicurezza del test di seduta al muro";"";"";"Marketing, Medizin";"Prüfung erforderlich";"";"";"";"sources.strength.link_wall_sit";"sources";"it-CH";"3";"v1:4c57ada7d55b51436b17bda45c5831ce8e05df24ae9d5f359035e7ea924ebe4f";"263812f7555fe60ca5f753ec9179a1930edd5f8d4246324eb43c5329dc77b999"
"Quellen & Transparenz";"Fachquellen & Quellenverzeichnis";"Krafttraining und gesundes Altern";"Quellenbezeichnung";"Muskelkraft · Quellenangabe";"WHO-Bewegungsleitlinie · EWGSOP2 zu Muskelkraft und Sarkopenie · Studien zu funktionellen Kurztests";"Linee guida OMS sull’attività fisica · EWGSOP2 su forza muscolare e sarcopenia · studi su brevi test funzionali";"";"";"Marketing, Medizin";"Prüfung erforderlich";"";"";"";"sources.strength.reference";"sources";"it-CH";"3";"v1:4c57ada7d55b51436b17bda45c5831ce8e05df24ae9d5f359035e7ea924ebe4f";"c849441405690b104f07556177a211bf31ed59fde268626587e1bf7fd5102686"
"Quellen & Transparenz";"Fachquellen & Quellenverzeichnis";"Krafttraining und gesundes Altern";"Detailtext";"Muskelkraft · Fachlicher Punkt";"Muskelkraft und körperliche Funktion sind wichtige Bausteine für Belastbarkeit und Selbstständigkeit.";"La forza muscolare e la funzione fisica sono elementi importanti per la resilienza e l’autonomia.";"";"";"Marketing, Medizin";"Prüfung erforderlich";"";"";"";"sources.strength.point.1";"sources";"it-CH";"3";"v1:4c57ada7d55b51436b17bda45c5831ce8e05df24ae9d5f359035e7ea924ebe4f";"65f6bd798ffab6e05514c1571ad4d5f934738ee274df9fe7704d2bb8777e063d"
"Quellen & Transparenz";"Fachquellen & Quellenverzeichnis";"Krafttraining und gesundes Altern";"Detailtext";"Muskelkraft · Fachlicher Punkt";"Einstieg auch mit Körpergewichtsübungen möglich.";"È possibile iniziare anche con esercizi a corpo libero.";"";"";"Marketing, Medizin";"Prüfung erforderlich";"";"";"";"sources.strength.point.2";"sources";"it-CH";"3";"v1:4c57ada7d55b51436b17bda45c5831ce8e05df24ae9d5f359035e7ea924ebe4f";"94d8f16bae59714456db7120c3a83a7bdb9bf14d7156c84dce72d3da7378e1f0"
"Quellen & Transparenz";"Fachquellen & Quellenverzeichnis";"Krafttraining und gesundes Altern";"Detailtext";"Muskelkraft · Fachlicher Punkt";"Einbeinstand, Liegestütze und Wandsitz zeigen nur Teilbereiche der Leistungsfähigkeit; sie sind keine persönlichen Krankheitsrisiko-Tests.";"I test di equilibrio su una gamba, flessioni e seduta al muro mostrano ciascuno soltanto una parte della capacità fisica; non valutano il Suo rischio personale di malattia.";"";"";"Marketing, Medizin";"Prüfung erforderlich";"";"";"";"sources.strength.point.3";"sources";"it-CH";"3";"v1:4c57ada7d55b51436b17bda45c5831ce8e05df24ae9d5f359035e7ea924ebe4f";"16270362069b992bd0cf7cde9b480c5526a2450cbe60824eb782c7fffac7d9bb"
"Quellen & Transparenz";"Fachquellen & Quellenverzeichnis";"Krafttraining und gesundes Altern";"Detailtext";"Muskelkraft · Fachlicher Punkt";"Für den beidbeinigen Wandsitz wird ab 18 Jahren eine harmonisierte Trainingsorientierung verwendet; sie ist keine klinische Norm oder Diagnosegrenze. Ein maximaler Test kann den Blutdruck akut stark erhöhen.";"Dai 18 anni, per il test bilaterale di seduta al muro viene utilizzata una guida armonizzata per l’allenamento; non è una norma clinica né una soglia diagnostica. Un test massimale può causare un marcato aumento acuto della pressione arteriosa.";"";"";"Marketing, Medizin";"Prüfung erforderlich";"";"";"";"sources.strength.point.4";"sources";"it-CH";"3";"v1:4c57ada7d55b51436b17bda45c5831ce8e05df24ae9d5f359035e7ea924ebe4f";"6f5ae26300c269ff18781049ed5264964c76cd797a4c6399f224be1c8c3c1522"
"Quellen & Transparenz";"Fachquellen & Quellenverzeichnis";"Bauchfett und Taillenumfang";"Überschrift";"Taillenumfang · Überschrift";"Bauchfett & Taillenumfang";"Grasso addominale e circonferenza vita";"";"";"Marketing, Medizin";"Prüfung erforderlich";"";"";"";"sources.waist.title";"sources";"it-CH";"3";"v1:4c57ada7d55b51436b17bda45c5831ce8e05df24ae9d5f359035e7ea924ebe4f";"6affff1194734c37196b124231c7c817f26660eb74758d046debbc87094978b9"
"Quellen & Transparenz";"Fachquellen & Quellenverzeichnis";"Bauchfett und Taillenumfang";"Quellenbezeichnung";"Taillenumfang · Linkbeschriftung";"NICE NG246";"NICE NG246";"";"";"Marketing, Medizin";"Prüfung erforderlich";"";"";"";"sources.waist.link_nice";"sources";"it-CH";"3";"v1:4c57ada7d55b51436b17bda45c5831ce8e05df24ae9d5f359035e7ea924ebe4f";"738ec89e81bbbe8d6039aa9475188b98865ad51b78fee0537769bb3f4707cf17"
"Quellen & Transparenz";"Fachquellen & Quellenverzeichnis";"Bauchfett und Taillenumfang";"Quellenbezeichnung";"Taillenumfang · Linkbeschriftung";"WHO-Expert Consultation";"Consultazione di esperti OMS";"";"";"Marketing, Medizin";"Prüfung erforderlich";"";"";"";"sources.waist.link_who";"sources";"it-CH";"3";"v1:4c57ada7d55b51436b17bda45c5831ce8e05df24ae9d5f359035e7ea924ebe4f";"b811a3f915dffedf4b50ca300369ec10f185e071404e0242175aa24b1d7b07cc"
"Quellen & Transparenz";"Fachquellen & Quellenverzeichnis";"Bauchfett und Taillenumfang";"Quellenbezeichnung";"Taillenumfang · Quellenangabe";"WHO/IDF-Schwellenwerte zum Taillenumfang ·";"Soglie OMS/IDF per la circonferenza vita ·";"";"";"Marketing, Medizin";"Prüfung erforderlich";"";"";"";"sources.waist.reference";"sources";"it-CH";"3";"v1:4c57ada7d55b51436b17bda45c5831ce8e05df24ae9d5f359035e7ea924ebe4f";"8dc277d0f7c22b73f262cda8046c3eb28abfba4c5b5ed7c2b5f8a6d7c31cefff"
"Quellen & Transparenz";"Fachquellen & Quellenverzeichnis";"Bauchfett und Taillenumfang";"Detailtext";"Taillenumfang · Fachlicher Punkt";"Normalbereich: Männer unter 94 cm, Frauen unter 80 cm.";"Intervallo normale: uomini sotto 94 cm, donne sotto 80 cm.";"";"";"Marketing, Medizin";"Prüfung erforderlich";"";"";"";"sources.waist.point.1";"sources";"it-CH";"3";"v1:4c57ada7d55b51436b17bda45c5831ce8e05df24ae9d5f359035e7ea924ebe4f";"7b79d27ebcee2822d0f7626e054916dd29b5ef8b172c13dec2061d2c913d6ae4"
"Quellen & Transparenz";"Fachquellen & Quellenverzeichnis";"Bauchfett und Taillenumfang";"Detailtext";"Taillenumfang · Fachlicher Punkt";"Erhöhter Referenzbereich: Männer 94 bis unter 102 cm, Frauen 80 bis unter 88 cm.";"Intervallo di riferimento elevato: uomini da 94 a meno di 102 cm, donne da 80 a meno di 88 cm.";"";"";"Marketing, Medizin";"Prüfung erforderlich";"";"";"";"sources.waist.point.2";"sources";"it-CH";"3";"v1:4c57ada7d55b51436b17bda45c5831ce8e05df24ae9d5f359035e7ea924ebe4f";"b5653b3f580ba2e57864b9a0c2f0109308f3c61b079a6e43b8b2d10eaa3b916b"
"Quellen & Transparenz";"Fachquellen & Quellenverzeichnis";"Bauchfett und Taillenumfang";"Detailtext";"Taillenumfang · Fachlicher Punkt";"Deutlich erhöhter Referenzbereich: Männer ≥ 102 cm, Frauen ≥ 88 cm.";"Intervallo di riferimento nettamente elevato: uomini da 102 cm, donne da 88 cm.";"";"";"Marketing, Medizin";"Prüfung erforderlich";"";"";"";"sources.waist.point.3";"sources";"it-CH";"3";"v1:4c57ada7d55b51436b17bda45c5831ce8e05df24ae9d5f359035e7ea924ebe4f";"cfe28f8514151824dd53490365b3e17af480ebeaba73092dc63cdd627a9e1fc7"
"Quellen & Transparenz";"Fachquellen & Quellenverzeichnis";"Bauchfett und Taillenumfang";"Detailtext";"Taillenumfang · Fachlicher Punkt";"BMI und Taillenumfang sind Orientierungswerte und ergänzen sich.";"L’IMC e la circonferenza vita sono valori orientativi e si completano a vicenda.";"";"";"Marketing, Medizin";"Prüfung erforderlich";"";"";"";"sources.waist.point.4";"sources";"it-CH";"3";"v1:4c57ada7d55b51436b17bda45c5831ce8e05df24ae9d5f359035e7ea924ebe4f";"f2583f17ddb01de5a75ab817e454cff1a72249b0e1538355e2862f2152628220"
"Übergreifende Ergebnisdarstellung";"Navigation, Ergebnis & Bedienung";"Aktionsplan";"Überschrift";"Aufklappbarer 4-Wochen-Plan einer Aktionskarte";"Mein 4-Wochen-Plan";"Il mio piano di 4 settimane";"";"";"Marketing";"Prüfung erforderlich";"";"";"";"ui.action_card.plan_title";"ui";"it-CH";"3";"v1:4c57ada7d55b51436b17bda45c5831ce8e05df24ae9d5f359035e7ea924ebe4f";"d6c911fab75020f540b6a986c6380c339b7f4eaa6456f6edf95db47ba2932e5f"
"Übergreifende Ergebnisdarstellung";"Navigation, Ergebnis & Bedienung";"Aktionsplan";"Dynamischer Text";"Fortschritt innerhalb eines 4-Wochen-Plans";"{{done}}/{{total}}";"{{done}}/{{total}}";"";"";"Marketing";"Prüfung erforderlich";"";"{{done}} | {{total}}";"";"ui.action_card.progress";"ui";"it-CH";"3";"v1:4c57ada7d55b51436b17bda45c5831ce8e05df24ae9d5f359035e7ea924ebe4f";"cd645fd2c36adc51c9a9b88a0e352257e5b0dcd30a4da0ad3f2a9d4235cbeb04"
"Übergreifende Ergebnisdarstellung";"Navigation, Ergebnis & Bedienung";"Aktionsplan";"Beschriftung";"Aktionskarte, Kurzlabel der Begründung";"Warum:";"Perché:";"";"";"Marketing";"Prüfung erforderlich";"";"";"";"ui.action_card.label.why";"ui";"it-CH";"3";"v1:4c57ada7d55b51436b17bda45c5831ce8e05df24ae9d5f359035e7ea924ebe4f";"1b0c57080d76638e09c4928831e2d08d00e565fe0450451f491e7c15a21c8cd5"
"Übergreifende Ergebnisdarstellung";"Navigation, Ergebnis & Bedienung";"Aktionsplan";"Beschriftung";"Aktionskarte, Kurzlabel des Nutzens";"Das bringt es:";"Il beneficio:";"";"";"Marketing";"Prüfung erforderlich";"";"";"";"ui.action_card.label.benefit";"ui";"it-CH";"3";"v1:4c57ada7d55b51436b17bda45c5831ce8e05df24ae9d5f359035e7ea924ebe4f";"6a130d4e2c4c6be59581a9588baf19f787a39977e8aa8627b023bba7ec0f4150"
"Übergreifende Ergebnisdarstellung";"Navigation, Ergebnis & Bedienung";"Aktionsplan";"Beschriftung";"Aktionskarte, Kurzlabel des Startschritts";"Ihr Startschritt:";"Il Suo passo iniziale:";"";"";"Marketing";"Prüfung erforderlich";"";"";"";"ui.action_card.label.step";"ui";"it-CH";"3";"v1:4c57ada7d55b51436b17bda45c5831ce8e05df24ae9d5f359035e7ea924ebe4f";"900db9ebe6b50f48b2dbe482a93e4b8a5505f3171438e547622b38456b3966aa"
"Übergreifende Ergebnisdarstellung";"Navigation, Ergebnis & Bedienung";"Ergebnisbereiche";"Beschriftung";"Aktionsplan-Sektion, Rubrik";"Ihr Aktionsplan";"Il Suo piano d’azione";"";"";"Marketing";"Prüfung erforderlich";"";"";"";"ui.action_plan.eyebrow";"ui";"it-CH";"3";"v1:4c57ada7d55b51436b17bda45c5831ce8e05df24ae9d5f359035e7ea924ebe4f";"75607657820d4989f8cfdc66df322c1ff4ddf62dabf18fa7a752f8245daae26c"
"Übergreifende Ergebnisdarstellung";"Navigation, Ergebnis & Bedienung";"Aktionsplan";"Dynamischer Text";"Gesamtfortschritt über alle abgehakten Planschritte";"{{done}} von {{total}} Schritten erledigt – dranbleiben lohnt sich!";"{{done}} passi su {{total}} completati: vale la pena perseverare!";"";"";"Marketing";"Prüfung erforderlich";"";"{{done}} | {{total}}";"";"ui.action_plan.total_progress";"ui";"it-CH";"3";"v1:4c57ada7d55b51436b17bda45c5831ce8e05df24ae9d5f359035e7ea924ebe4f";"9cc7e1ae44efde5ad75abb19a62b39a8abf18adf299f095c984ac0e69899334c"
"Übergreifende Ergebnisdarstellung";"Navigation, Ergebnis & Bedienung";"Aktionsplan";"Überschrift";"Neutrale Karte ohne eindeutig priorisierten Aktionsschritt, Titel";"Kein eindeutiger Top-Schritt";"Nessun passo prioritario univoco";"";"";"Marketing";"Prüfung erforderlich";"Neutraler Leerzustand ohne unzulässigen Rückschluss auf eine starke Ausgangslage; durch Marketing freigeben.";"";"";"ui.action_plan.empty.title";"ui";"it-CH";"3";"v1:4c57ada7d55b51436b17bda45c5831ce8e05df24ae9d5f359035e7ea924ebe4f";"86c49ee372155b765a1bc6294907b4ab125f91f47abbfe2952bc227c86370d59"
"Übergreifende Ergebnisdarstellung";"Navigation, Ergebnis & Bedienung";"Aktionsplan";"Begründung / Einordnung";"Neutrale Karte ohne eindeutig priorisierten Aktionsschritt, Text";"Ihre Angaben ergeben derzeit keinen einzelnen klar priorisierten Schritt. Behalten Sie Bewährtes bei; wenn Sie etwas verändern möchten, helfen die Dimensionsdetails und der Digital Coach bei der Auswahl.";"Le Sue indicazioni non portano attualmente a un singolo passo chiaramente prioritario. Mantenga ciò che già funziona; se desidera cambiare qualcosa, i dettagli delle dimensioni e il Digital Coach La aiutano nella scelta.";"";"";"Marketing";"Prüfung erforderlich";"Neutraler Leerzustand ohne unzulässigen Rückschluss auf eine starke Ausgangslage; durch Marketing freigeben.";"";"";"ui.action_plan.empty.body";"ui";"it-CH";"3";"v1:4c57ada7d55b51436b17bda45c5831ce8e05df24ae9d5f359035e7ea924ebe4f";"947af80f5cadb8a42739d79ff4eebfec152e7f80d383de49f96e05b9ab0f5aa8"
"Übergreifende Ergebnisdarstellung";"Navigation, Ergebnis & Bedienung";"Aktionsplan";"Überschrift";"Sektionsüberschrift bei drei priorisierten Schritten";"Ihre nächsten drei Schritte";"I Suoi prossimi tre passi";"";"";"Marketing";"Prüfung erforderlich";"";"";"";"ui.action_plan.heading.three";"ui";"it-CH";"3";"v1:4c57ada7d55b51436b17bda45c5831ce8e05df24ae9d5f359035e7ea924ebe4f";"0b4a9bd89a3edfc74544368abfbe1815357650fc7401e08df8ce678e7aafa674"
"Übergreifende Ergebnisdarstellung";"Navigation, Ergebnis & Bedienung";"Aktionsplan";"Überschrift";"Sektionsüberschrift bei genau einem priorisierten Schritt";"Ihr nächster Schritt";"Il Suo prossimo passo";"";"";"Marketing";"Prüfung erforderlich";"";"";"";"ui.action_plan.heading.one";"ui";"it-CH";"3";"v1:4c57ada7d55b51436b17bda45c5831ce8e05df24ae9d5f359035e7ea924ebe4f";"384bff0deb95dca3a810ec45012cd8e67a3a3bb097952fa4dacdac55a8a258cd"
"Übergreifende Ergebnisdarstellung";"Navigation, Ergebnis & Bedienung";"Aktionsplan";"Überschrift";"Sektionsüberschrift bei genau zwei priorisierten Schritten";"Ihre nächsten zwei Schritte";"I Suoi prossimi due passi";"";"";"Marketing";"Prüfung erforderlich";"";"";"";"ui.action_plan.heading.two";"ui";"it-CH";"3";"v1:4c57ada7d55b51436b17bda45c5831ce8e05df24ae9d5f359035e7ea924ebe4f";"8594704a7e16c7951bd91b4c5c6fb546921b9b9cbda7222619cf47ab611a926c"
"Übergreifende Ergebnisdarstellung";"Navigation, Ergebnis & Bedienung";"Aktionsplan";"Überschrift";"Sektionsüberschrift ohne vordringliches Handlungsfeld";"Ihr persönlicher Startpunkt";"Il Suo punto di partenza personale";"";"";"Marketing";"Prüfung erforderlich";"Neutraler Leerzustand ohne unzulässigen Rückschluss auf eine starke Ausgangslage; durch Marketing freigeben.";"";"";"ui.action_plan.heading.empty";"ui";"it-CH";"3";"v1:4c57ada7d55b51436b17bda45c5831ce8e05df24ae9d5f359035e7ea924ebe4f";"643ad226d9fa7816c15bd482141f674f36d49162727af8dd83651d8f4ac46ee0"
"Übergreifende Ergebnisdarstellung";"Navigation, Ergebnis & Bedienung";"Aktionsplan";"Begründung / Einordnung";"Beschreibung bei genau einem priorisierten Schritt";"Klein anfangen, dranbleiben: Dieser Hebel hat für Sie gerade besonders viel Wirkung. Öffnen Sie pro Schritt Ihren 4-Wochen-Plan und haken Sie ab, was Sie geschafft haben.";"Inizi in piccolo e perseveri: questa leva può avere ora un effetto particolarmente importante per Lei. Apra il piano di 4 settimane per il passo e spunti ciò che ha portato a termine.";"";"";"Marketing";"Prüfung erforderlich";"";"";"";"ui.action_plan.intro.one";"ui";"it-CH";"3";"v1:4c57ada7d55b51436b17bda45c5831ce8e05df24ae9d5f359035e7ea924ebe4f";"a3acc1d7e9edad924d7da41d9738c239be99d1a601e08bd6a30223d2968994b2"
"Übergreifende Ergebnisdarstellung";"Navigation, Ergebnis & Bedienung";"Aktionsplan";"Begründung / Einordnung";"Beschreibung bei zwei oder drei priorisierten Schritten";"Klein anfangen, dranbleiben: Diese Hebel haben für Sie gerade besonders viel Wirkung. Öffnen Sie pro Schritt Ihren 4-Wochen-Plan und haken Sie ab, was Sie geschafft haben.";"Inizi in piccolo e perseveri: queste leve possono avere ora un effetto particolarmente importante per Lei. Apra il piano di 4 settimane per ciascun passo e spunti ciò che ha portato a termine.";"";"";"Marketing";"Prüfung erforderlich";"";"";"";"ui.action_plan.intro.multiple";"ui";"it-CH";"3";"v1:4c57ada7d55b51436b17bda45c5831ce8e05df24ae9d5f359035e7ea924ebe4f";"61cb62e6463d321763efb45c608cb7ac19cebc835f19ac021422b30bd18439f0"
"Übergreifende Ergebnisdarstellung";"Navigation, Ergebnis & Bedienung";"Aktionsplan";"Begründung / Einordnung";"Neutrale Beschreibung ohne eindeutig priorisierten Aktionsschritt";"Aktuell hebt sich kein einzelnes Handlungsfeld klar ab. Die fünf Dimensionen unten zeigen, wo Sie Bewährtes erhalten oder einen passenden kleinen Schritt wählen können.";"Attualmente non emerge un singolo ambito d’intervento. Le cinque dimensioni qui sotto mostrano dove può mantenere ciò che già funziona oppure scegliere un piccolo passo adatto.";"";"";"Marketing";"Prüfung erforderlich";"Neutraler Leerzustand ohne unzulässigen Rückschluss auf eine starke Ausgangslage; durch Marketing freigeben.";"";"";"ui.action_plan.intro.empty";"ui";"it-CH";"3";"v1:4c57ada7d55b51436b17bda45c5831ce8e05df24ae9d5f359035e7ea924ebe4f";"ea9dde2a74be0abb5e8a057e09bcc830e5664e062f87e6ebeae44a28041240b7"
"Übergreifende Ergebnisdarstellung";"Navigation, Ergebnis & Bedienung";"Ergebnisbereiche";"Beschriftung";"Dimensionsdetails-Sektion, Rubrik";"Im Detail";"Nel dettaglio";"";"";"Marketing";"Prüfung erforderlich";"";"";"";"ui.details.eyebrow";"ui";"it-CH";"3";"v1:4c57ada7d55b51436b17bda45c5831ce8e05df24ae9d5f359035e7ea924ebe4f";"3ef8e006491f56e6a5918299980892c89afa5594c3f28c9ce9035418af39adaa"
"Übergreifende Ergebnisdarstellung";"Navigation, Ergebnis & Bedienung";"Ergebnisbereiche";"Überschrift";"Dimensionsdetails-Sektion, Überschrift";"Ihre fünf Dimensionen";"Le Sue cinque dimensioni";"";"";"Marketing";"Prüfung erforderlich";"";"";"";"ui.details.title";"ui";"it-CH";"3";"v1:4c57ada7d55b51436b17bda45c5831ce8e05df24ae9d5f359035e7ea924ebe4f";"64b95bfb73af7ad4a63324b3f59ebca3115c227053ecdc45b4cc6f02fba4ac23"
"Übergreifende Ergebnisdarstellung";"Navigation, Ergebnis & Bedienung";"Ergebnisbereiche";"Begründung / Einordnung";"Dimensionsdetails-Sektion, Bedienhinweis";"Tippen Sie auf einen Bereich, um die Einordnung, persönliche Empfehlungen und weitere konkrete Schritte oder medizinische Klärungshinweise zu sehen.";"Selezioni un ambito per vedere la valutazione, le raccomandazioni personali e altri passi concreti o indicazioni per un chiarimento medico.";"";"";"Marketing";"Prüfung erforderlich";"Bedienhinweis an die einheitlich strukturierten Dimensionshinweise angepasst; durch Marketing freigeben.";"";"";"ui.details.description";"ui";"it-CH";"3";"v1:4c57ada7d55b51436b17bda45c5831ce8e05df24ae9d5f359035e7ea924ebe4f";"3db5c06f8dcd1bd48328558625fadf4ef7984dd595018a44f7d5fc6634f9371d"
"Übergreifende Ergebnisdarstellung";"Navigation, Ergebnis & Bedienung";"Einordnung & Metriken";"Begründung / Einordnung";"Dimensionsdetail mit zusätzlichem Risiko- oder Abklärungssignal, unabhängig vom Scorestatus";"Zu diesem Bereich liegt zusätzlich ein Hinweis vor, der bei der Einordnung Vorrang hat.";"Per questo ambito è presente anche un’indicazione che ha la priorità nell’interpretazione.";"";"";"Marketing, Medizin";"Prüfung erforderlich";"Verhindert eine Erfolgseinordnung bei hohem Score und gleichzeitig offenem Signal; durch Marketing und Medizin freigeben.";"";"";"ui.dimension.classification.open_signal";"ui";"it-CH";"3";"v1:4c57ada7d55b51436b17bda45c5831ce8e05df24ae9d5f359035e7ea924ebe4f";"f6074f89edc31d7c0042e6251e88f3c4db92eed633ff46cc269a292bbcfbd9a0"
"Übergreifende Ergebnisdarstellung";"Navigation, Ergebnis & Bedienung";"Einordnung & Metriken";"Begründung / Einordnung";"Dimensionsdetail, Einordnung für Status aufmerksam";"Dieser Bereich verdient gerade etwas mehr Aufmerksamkeit.";"Questo ambito merita attualmente un po’ più di attenzione.";"";"";"Marketing, Medizin";"Prüfung erforderlich";"";"";"";"ui.dimension.classification.aufmerksam";"ui";"it-CH";"3";"v1:4c57ada7d55b51436b17bda45c5831ce8e05df24ae9d5f359035e7ea924ebe4f";"fdbdd056fbc64fa4d0bcbc146ed074fee31a74b943320fbb07e84f03bedace05"
"Übergreifende Ergebnisdarstellung";"Navigation, Ergebnis & Bedienung";"Einordnung & Metriken";"Begründung / Einordnung";"Dimensionsdetail, Einordnung für Status ausbau";"Ausbaufähig – in diesem Bereich gibt es Entwicklungspotenzial.";"Migliorabile: in questo ambito esiste un potenziale di sviluppo.";"";"";"Marketing, Medizin";"Prüfung erforderlich";"Einordnung verspricht keine spezifische Empfehlung, wenn die Regel-Engine keinen eindeutigen Hebel ableitet; durch Marketing und Medizin freigeben.";"";"";"ui.dimension.classification.ausbau";"ui";"it-CH";"3";"v1:4c57ada7d55b51436b17bda45c5831ce8e05df24ae9d5f359035e7ea924ebe4f";"3b4ec03166926fd2bf3fdaf82f8e92c2d26d739c4a96df3cdba06ef2db6dda70"
"Übergreifende Ergebnisdarstellung";"Navigation, Ergebnis & Bedienung";"Einordnung & Metriken";"Begründung / Einordnung";"Dimensionsdetail, Einordnung für Status solide";"Hier sind Sie insgesamt solide aufgestellt.";"Nel complesso, in questo ambito dispone di una base solida.";"";"";"Marketing, Medizin";"Prüfung erforderlich";"Redaktionell von der dimensionsspezifischen Nutzenbotschaft entkoppeln und durch Marketing und Medizin freigeben.";"";"";"ui.dimension.classification.solide";"ui";"it-CH";"3";"v1:4c57ada7d55b51436b17bda45c5831ce8e05df24ae9d5f359035e7ea924ebe4f";"15ba79e744aa3128ad172b0ffac45a16b263e0873582a164d6431baf909e011c"
"Übergreifende Ergebnisdarstellung";"Navigation, Ergebnis & Bedienung";"Einordnung & Metriken";"Begründung / Einordnung";"Dimensionsdetail, Einordnung für Status stark";"Hier zeigt sich eine klare Stärke – schön, das zu sehen.";"Qui emerge un chiaro punto di forza: è bello constatarlo.";"";"";"Marketing, Medizin";"Prüfung erforderlich";"Redaktionell von der dimensionsspezifischen Nutzenbotschaft entkoppeln und durch Marketing und Medizin freigeben.";"";"";"ui.dimension.classification.stark";"ui";"it-CH";"3";"v1:4c57ada7d55b51436b17bda45c5831ce8e05df24ae9d5f359035e7ea924ebe4f";"9411089f33034a438bb40aae2317afb66fddd9da26ad4b63ce05b9fc35d9cc6d"
"Übergreifende Ergebnisdarstellung";"Navigation, Ergebnis & Bedienung";"Dimensionsdetails";"Begründung / Einordnung";"Dimensionsdetail ohne spezifische Empfehlung und ohne soliden Score";"Aus den aktuellen Antworten ergibt sich hier kein einzelner priorisierter Schritt. Nutzen Sie den Orientierungswert als Ausgangspunkt und beobachten Sie, was sich im Alltag verändert.";"Dalle risposte attuali non emerge un singolo passo prioritario. Utilizzi il valore orientativo come punto di partenza e osservi i cambiamenti nella vita quotidiana.";"";"";"Marketing";"Prüfung erforderlich";"Neutraler Fallback ohne räumlich falschen Verweis; durch Marketing freigeben.";"";"";"ui.dimension.empty.neutral";"ui";"it-CH";"3";"v1:4c57ada7d55b51436b17bda45c5831ce8e05df24ae9d5f359035e7ea924ebe4f";"09ceb79addfe25a2e8c43756857131bf4f17367706d3efac6d96f9286872ece4"
"Übergreifende Ergebnisdarstellung";"Navigation, Ergebnis & Bedienung";"Dimensionsdetails";"Begründung / Einordnung";"Dimensionsdetail ohne spezifische Empfehlung, aber mit offenem Risiko- oder Abklärungssignal";"Der Orientierungswert bildet nur die bewerteten Antworten ab. Beziehen Sie den zugehörigen Hinweis in der Ergebnisübersicht zusätzlich ein.";"Il valore orientativo riflette soltanto le risposte valutate. Consideri inoltre l’indicazione associata nella panoramica dei risultati.";"";"";"Marketing, Medizin";"Prüfung erforderlich";"Eigener Fallback für offene Signale statt einer positiven oder pauschal neutralen Aussage; durch Marketing und Medizin freigeben.";"";"";"ui.dimension.empty.open_signal";"ui";"it-CH";"3";"v1:4c57ada7d55b51436b17bda45c5831ce8e05df24ae9d5f359035e7ea924ebe4f";"c6237bdd06df4b2bd1763d48d4b5ababfcd7cb20fa455fd24827735be410d041"
"Übergreifende Ergebnisdarstellung";"Navigation, Ergebnis & Bedienung";"Promo & Feedback";"Beschriftung";"Feedback-Sektion, Rubrik";"Ihr Feedback ist uns wichtig";"Il Suo feedback è importante per noi";"";"";"Marketing";"Prüfung erforderlich";"";"";"";"ui.feedback.eyebrow";"ui";"it-CH";"3";"v1:4c57ada7d55b51436b17bda45c5831ce8e05df24ae9d5f359035e7ea924ebe4f";"83ee4e9515e5177ca36d2279a297a37645850fd8a8b9d2c2dd1f4caa1676b4aa"
"Übergreifende Ergebnisdarstellung";"Navigation, Ergebnis & Bedienung";"Promo & Feedback";"Überschrift";"Feedback-Sektion, Überschrift";"Wie war Ihr Gesundheitscheck?";"Come valuta il Suo check della salute?";"";"";"Marketing";"Prüfung erforderlich";"";"";"";"ui.feedback.title";"ui";"it-CH";"3";"v1:4c57ada7d55b51436b17bda45c5831ce8e05df24ae9d5f359035e7ea924ebe4f";"da5ae15ad1fb45e0b052cc55c3247fa06fa6a40838e560012adb60691b36a0c9"
"Übergreifende Ergebnisdarstellung";"Navigation, Ergebnis & Bedienung";"Promo & Feedback";"Begründung / Einordnung";"Feedback-Sektion, Beschreibung";"Ihre Rückmeldung hilft uns, den Check laufend zu verbessern – das Ausfüllen dauert nur zwei Minuten.";"Il Suo riscontro ci aiuta a migliorare continuamente il check; per compilarlo bastano due minuti.";"";"";"Marketing";"Prüfung erforderlich";"";"";"";"ui.feedback.description";"ui";"it-CH";"3";"v1:4c57ada7d55b51436b17bda45c5831ce8e05df24ae9d5f359035e7ea924ebe4f";"a526b262caed60416f51cfc3635fac92d234aed8ca59db38411595134017c37f"
"Übergreifende Ergebnisdarstellung";"Navigation, Ergebnis & Bedienung";"Ergebnis-Einstieg";"Beschriftung";"Verweis auf die Detailauswertung, wenn kein Aktionsschritt priorisiert wurde";"die Detailauswertung";"la valutazione dettagliata";"";"";"Marketing";"Prüfung erforderlich";"Verhindert einen falschen Verweis auf drei nicht vorhandene Aktionsschritte; durch Marketing freigeben.";"";"";"ui.hero.action_plan_reference.empty";"ui";"it-CH";"3";"v1:4c57ada7d55b51436b17bda45c5831ce8e05df24ae9d5f359035e7ea924ebe4f";"c2eedf9c3c9cd1ad9e6eb40268b0133c9c04b3e6e314cb48bb3f33b607733bf4"
"Übergreifende Ergebnisdarstellung";"Navigation, Ergebnis & Bedienung";"Ergebnis-Einstieg";"Beschriftung";"Verbform beim Verweis auf genau einen priorisierten Schritt";"setzt";"inizia";"";"";"Marketing";"Prüfung erforderlich";"";"";"";"ui.hero.action_plan_verb.singular";"ui";"it-CH";"3";"v1:4c57ada7d55b51436b17bda45c5831ce8e05df24ae9d5f359035e7ea924ebe4f";"fa62d10c7e2d92a19c145f4b9ddd346a422680868c33615565ba4d202d7e5aaf"
"Übergreifende Ergebnisdarstellung";"Navigation, Ergebnis & Bedienung";"Ergebnis-Einstieg";"Beschriftung";"Verbform beim Verweis auf mehrere priorisierte Schritte";"setzen";"iniziano";"";"";"Marketing";"Prüfung erforderlich";"";"";"";"ui.hero.action_plan_verb.plural";"ui";"it-CH";"3";"v1:4c57ada7d55b51436b17bda45c5831ce8e05df24ae9d5f359035e7ea924ebe4f";"e661a927f0d754dce8897be5052a7caab51805185cefb218b16354bf698854ee"
"Übergreifende Ergebnisdarstellung";"Navigation, Ergebnis & Bedienung";"Ergebnis-Einstieg";"Beschriftung";"Hero-Zusammenfassung, Fallback für eine unbekannte Dimension im Nominativ";"diese Dimension";"questa dimensione";"";"";"Marketing";"Prüfung erforderlich";"";"";"";"ui.hero.dimension.fallback.nominative";"ui";"it-CH";"3";"v1:4c57ada7d55b51436b17bda45c5831ce8e05df24ae9d5f359035e7ea924ebe4f";"5c4f0c9ac5fc94cb9794be373664d34d596a7fcbd5f4070f93f572e6e1a571e3"
"Übergreifende Ergebnisdarstellung";"Navigation, Ergebnis & Bedienung";"Ergebnis-Einstieg";"Beschriftung";"Hero-Zusammenfassung, Fallback für eine unbekannte Dimension mit Präposition";"in dieser Dimension";"in questa dimensione";"";"";"Marketing";"Prüfung erforderlich";"";"";"";"ui.hero.dimension.fallback.prepositional";"ui";"it-CH";"3";"v1:4c57ada7d55b51436b17bda45c5831ce8e05df24ae9d5f359035e7ea924ebe4f";"18459bc03942db0d8924527314a024fbd6fdb108d6893e083981772b9c4d6d6e"
"Übergreifende Ergebnisdarstellung";"Navigation, Ergebnis & Bedienung";"Ergebnis-Einstieg";"Dynamischer Text";"Ausgeglichenes Profil, Status ausbaufähig";"«Ausbaufähig» heisst bei Ihnen: ein ausgeglichenes Profil mit Luft nach oben in allen fünf Dimensionen. Wählen Sie den Einstieg, der Sie am meisten motiviert – zum Beispiel <b>{{weakestPrepositional}}</b> ({{weakestScore}} von 100){{topicSuffix}}.";"Per Lei «Migliorabile» significa un profilo equilibrato con possibilità di crescita in tutte e cinque le dimensioni. Scelga il punto di partenza che La motiva di più, ad esempio <b>{{weakestPrepositional}}</b> ({{weakestScore}} su 100){{topicSuffix}}.";"";"";"Marketing, Medizin";"Prüfung erforderlich";"";"{{topicSuffix}} | {{weakestPrepositional}} | {{weakestScore}}";"";"ui.hero.lead.balanced.ausbau";"ui";"it-CH";"3";"v1:4c57ada7d55b51436b17bda45c5831ce8e05df24ae9d5f359035e7ea924ebe4f";"2f54e98d8c7e154d68d4c42bf0f7d4bfa06297334d5e60b1d76cdd97ce3d162a"
"Übergreifende Ergebnisdarstellung";"Navigation, Ergebnis & Bedienung";"Ergebnis-Einstieg";"Dynamischer Text";"Ausgeglichenes Profil, Status erhöhte Aufmerksamkeit";"Ihr Ergebnis verdient jetzt Aufmerksamkeit – über alle Dimensionen hinweg. Verstehen Sie es als Startpunkt, nicht als Urteil. Wählen Sie den Einstieg, der Sie am meisten motiviert – zum Beispiel <b>{{weakestPrepositional}}</b> ({{weakestScore}} von 100){{topicSuffix}}.";"Il Suo risultato merita ora attenzione in tutte le dimensioni. Lo consideri un punto di partenza, non un giudizio. Scelga il punto di partenza che La motiva di più, ad esempio <b>{{weakestPrepositional}}</b> ({{weakestScore}} su 100){{topicSuffix}}.";"";"";"Marketing, Medizin";"Prüfung erforderlich";"";"{{topicSuffix}} | {{weakestPrepositional}} | {{weakestScore}}";"";"ui.hero.lead.balanced.aufmerksam";"ui";"it-CH";"3";"v1:4c57ada7d55b51436b17bda45c5831ce8e05df24ae9d5f359035e7ea924ebe4f";"9037d9224ed4060644f98277c45df885c86d786ec18d46fd57adf668ae019f10"
"Übergreifende Ergebnisdarstellung";"Navigation, Ergebnis & Bedienung";"Ergebnis-Einstieg";"Dynamischer Text";"Ausgeglichenes Profil, Status solide";"«Solide Basis» heisst bei Ihnen: ein bemerkenswert ausgeglichenes Profil, in dem kein Bereich abfällt. Wählen Sie den Einstieg, der Sie am meisten motiviert – zum Beispiel <b>{{weakestPrepositional}}</b> ({{weakestScore}} von 100){{topicSuffix}}.";"Per Lei «Base solida» significa un profilo notevolmente equilibrato, senza ambiti nettamente più deboli. Scelga il punto di partenza che La motiva di più, ad esempio <b>{{weakestPrepositional}}</b> ({{weakestScore}} su 100){{topicSuffix}}.";"";"";"Marketing, Medizin";"Prüfung erforderlich";"";"{{topicSuffix}} | {{weakestPrepositional}} | {{weakestScore}}";"";"ui.hero.lead.balanced.solide";"ui";"it-CH";"3";"v1:4c57ada7d55b51436b17bda45c5831ce8e05df24ae9d5f359035e7ea924ebe4f";"8e289b840662e76fe02b0a050ab0a765f2db06477f74bcbf9ea3b0cc5429f014"
"Übergreifende Ergebnisdarstellung";"Navigation, Ergebnis & Bedienung";"Ergebnis-Einstieg";"Dynamischer Text";"Ausgeglichenes Profil, Status stark; globale Header/Footer aus index.html sind ausgeschlossen, weil sie nicht resultatspezifisch sind";"Stark unterwegs: Ihre Antworten zeichnen über alle fünf Dimensionen ein sehr gutes, auffallend ausgeglichenes Bild. Halten Sie Ihren Kurs – wenn Sie feilen möchten, dann <b>{{weakestPrepositional}}</b> ({{weakestScore}} von 100){{topicSuffix}}.";"Sta procedendo molto bene: le Sue risposte mostrano un quadro ottimo e sorprendentemente equilibrato in tutte e cinque le dimensioni. Mantenga la rotta; se desidera perfezionare qualcosa, inizi <b>{{weakestPrepositional}}</b> ({{weakestScore}} su 100){{topicSuffix}}.";"";"";"Marketing, Medizin";"Prüfung erforderlich";"";"{{topicSuffix}} | {{weakestPrepositional}} | {{weakestScore}}";"";"ui.hero.lead.balanced.stark";"ui";"it-CH";"3";"v1:4c57ada7d55b51436b17bda45c5831ce8e05df24ae9d5f359035e7ea924ebe4f";"d9737ce329ea2916859dbe71b174e6a7e30b3db94a65ad4c0fd3d6b0e85d6b39"
"Übergreifende Ergebnisdarstellung";"Navigation, Ergebnis & Bedienung";"Ergebnis-Einstieg";"Dynamischer Text";"Profil mit deutlichem Unterschied zwischen Dimensionen, Status solide";"«Solide Basis» heisst bei Ihnen: Vieles trägt bereits – allen voran <b>{{strongestNominative}}</b> ({{strongestScore}}). Den grössten Unterschied machen jetzt die nächsten Schritte <b>{{weakestPrepositional}}</b> ({{weakestScore}} von 100){{topicSuffix}}.";"Per Lei «Base solida» significa che molti elementi sono già favorevoli, soprattutto <b>{{strongestNominative}}</b> ({{strongestScore}}). Ora i prossimi passi <b>{{weakestPrepositional}}</b> ({{weakestScore}} su 100){{topicSuffix}} possono fare la maggiore differenza.";"";"";"Marketing, Medizin";"Prüfung erforderlich";"";"{{strongestNominative}} | {{strongestScore}} | {{topicSuffix}} | {{weakestPrepositional}} | {{weakestScore}}";"";"ui.hero.lead.spread.solide";"ui";"it-CH";"3";"v1:4c57ada7d55b51436b17bda45c5831ce8e05df24ae9d5f359035e7ea924ebe4f";"66bbc809159dc050d25cedd04e2b7df2ae02a0505f78e0bc8ad2abea6d0bf4a4"
"Übergreifende Ergebnisdarstellung";"Navigation, Ergebnis & Bedienung";"Ergebnis-Einstieg";"Dynamischer Text";"Profil mit deutlichem Unterschied zwischen Dimensionen, Status stark";"Stark unterwegs: Ihre Antworten zeichnen ein sehr gutes Gesamtbild – allen voran <b>{{strongestNominative}}</b> ({{strongestScore}}). Ihre grösste Reserve liegt <b>{{weakestPrepositional}}</b> ({{weakestScore}} von 100){{topicSuffix}}.";"Sta procedendo molto bene: le Sue risposte mostrano un quadro complessivo ottimo, soprattutto per <b>{{strongestNominative}}</b> ({{strongestScore}}). Il maggiore margine si trova <b>{{weakestPrepositional}}</b> ({{weakestScore}} su 100){{topicSuffix}}.";"";"";"Marketing, Medizin";"Prüfung erforderlich";"";"{{strongestNominative}} | {{strongestScore}} | {{topicSuffix}} | {{weakestPrepositional}} | {{weakestScore}}";"";"ui.hero.lead.spread.stark";"ui";"it-CH";"3";"v1:4c57ada7d55b51436b17bda45c5831ce8e05df24ae9d5f359035e7ea924ebe4f";"84cdfdbb65e82c4d79cebd8aad38a73bcd8c028fa88c3fe8ae09c7afaf266029"
"Übergreifende Ergebnisdarstellung";"Navigation, Ergebnis & Bedienung";"Ergebnis-Einstieg";"Dynamischer Text";"Profil mit erhöhter Aufmerksamkeit ohne ausreichend starke Ankerdimension";"Ihr Ergebnis verdient jetzt etwas Aufmerksamkeit – verstehen Sie es als Startpunkt, nicht als Urteil. Beginnen Sie <b>{{weakestPrepositional}}</b> ({{weakestScore}} von 100){{topicSuffix}}; {{actionPlanReference}} unten {{actionPlanVerb}} genau dort an.";"Il Suo risultato merita ora un po’ di attenzione: lo consideri un punto di partenza, non un giudizio. Inizi <b>{{weakestPrepositional}}</b> ({{weakestScore}} su 100){{topicSuffix}}; {{actionPlanReference}} qui sotto {{actionPlanVerb}} proprio da questo punto.";"";"";"Marketing, Medizin";"Prüfung erforderlich";"";"{{actionPlanReference}} | {{actionPlanVerb}} | {{topicSuffix}} | {{weakestPrepositional}} | {{weakestScore}}";"";"ui.hero.lead.spread.aufmerksam.no_wind";"ui";"it-CH";"3";"v1:4c57ada7d55b51436b17bda45c5831ce8e05df24ae9d5f359035e7ea924ebe4f";"60a9f729b081966bbc9e9bccb4ff61fca61b5fcb845a9aa4b7bace38600a79e8"
"Übergreifende Ergebnisdarstellung";"Navigation, Ergebnis & Bedienung";"Ergebnis-Einstieg";"Dynamischer Text";"Profil mit erhöhter Aufmerksamkeit und grammatisch pluraler Ankerdimension";"Ihr Ergebnis verdient jetzt etwas Aufmerksamkeit – verstehen Sie es als Startpunkt, nicht als Urteil. Beginnen Sie <b>{{weakestPrepositional}}</b> ({{weakestScore}} von 100){{topicSuffix}}; {{actionPlanReference}} unten {{actionPlanVerb}} genau dort an. <b>{{strongestNominative}}</b> ({{strongestScore}}) geben Ihnen dabei Rückenwind.";"Il Suo risultato merita ora un po’ di attenzione: lo consideri un punto di partenza, non un giudizio. Inizi <b>{{weakestPrepositional}}</b> ({{weakestScore}} su 100){{topicSuffix}}; {{actionPlanReference}} qui sotto {{actionPlanVerb}} proprio da questo punto. <b>{{strongestNominative}}</b> ({{strongestScore}}) Le danno una spinta favorevole.";"";"";"Marketing, Medizin";"Prüfung erforderlich";"";"{{actionPlanReference}} | {{actionPlanVerb}} | {{strongestNominative}} | {{strongestScore}} | {{topicSuffix}} | {{weakestPrepositional}} | {{weakestScore}}";"";"ui.hero.lead.spread.aufmerksam.with_wind.plural";"ui";"it-CH";"3";"v1:4c57ada7d55b51436b17bda45c5831ce8e05df24ae9d5f359035e7ea924ebe4f";"9bb619c01680ba2d86a4c41423c9e6a91899d52cd5697a9d95287d28f3dd8417"
"Übergreifende Ergebnisdarstellung";"Navigation, Ergebnis & Bedienung";"Ergebnis-Einstieg";"Dynamischer Text";"Profil mit erhöhter Aufmerksamkeit und grammatisch singulärer Ankerdimension";"Ihr Ergebnis verdient jetzt etwas Aufmerksamkeit – verstehen Sie es als Startpunkt, nicht als Urteil. Beginnen Sie <b>{{weakestPrepositional}}</b> ({{weakestScore}} von 100){{topicSuffix}}; {{actionPlanReference}} unten {{actionPlanVerb}} genau dort an. <b>{{strongestNominative}}</b> ({{strongestScore}}) gibt Ihnen dabei Rückenwind.";"Il Suo risultato merita ora un po’ di attenzione: lo consideri un punto di partenza, non un giudizio. Inizi <b>{{weakestPrepositional}}</b> ({{weakestScore}} su 100){{topicSuffix}}; {{actionPlanReference}} qui sotto {{actionPlanVerb}} proprio da questo punto. <b>{{strongestNominative}}</b> ({{strongestScore}}) Le dà una spinta favorevole.";"";"";"Marketing, Medizin";"Prüfung erforderlich";"";"{{actionPlanReference}} | {{actionPlanVerb}} | {{strongestNominative}} | {{strongestScore}} | {{topicSuffix}} | {{weakestPrepositional}} | {{weakestScore}}";"";"ui.hero.lead.spread.aufmerksam.with_wind.singular";"ui";"it-CH";"3";"v1:4c57ada7d55b51436b17bda45c5831ce8e05df24ae9d5f359035e7ea924ebe4f";"369b49f0af7fa57f3c3bd927adf28f775146951a924361316e8f5e949e448570"
"Übergreifende Ergebnisdarstellung";"Navigation, Ergebnis & Bedienung";"Ergebnis-Einstieg";"Dynamischer Text";"Profil ausbaufähig; stärkste Dimension unter solide und grammatisch plural";"«Ausbaufähig» heisst bei Ihnen: Das Fundament ist da, und es gibt klare Hebel. Am meisten bewirken Sie aktuell <b>{{weakestPrepositional}}</b> ({{weakestScore}} von 100){{topicSuffix}}. Am stabilsten zeigen sich <b>{{strongestNominative}}</b> ({{strongestScore}}) – darauf lässt sich aufbauen.";"Per Lei «Migliorabile» significa che le basi ci sono e che esistono leve chiare. Attualmente può ottenere l’effetto maggiore <b>{{weakestPrepositional}}</b> ({{weakestScore}} su 100){{topicSuffix}}. Gli ambiti più stabili sono <b>{{strongestNominative}}</b> ({{strongestScore}}): può costruire su questa base.";"";"";"Marketing, Medizin";"Prüfung erforderlich";"";"{{strongestNominative}} | {{strongestScore}} | {{topicSuffix}} | {{weakestPrepositional}} | {{weakestScore}}";"";"ui.hero.lead.spread.ausbau.anchor_stable.plural";"ui";"it-CH";"3";"v1:4c57ada7d55b51436b17bda45c5831ce8e05df24ae9d5f359035e7ea924ebe4f";"9d536194020cff86b59620563226e53ea1c334ab3388860b4c7f6dd0b4a53ea8"
"Übergreifende Ergebnisdarstellung";"Navigation, Ergebnis & Bedienung";"Ergebnis-Einstieg";"Dynamischer Text";"Profil ausbaufähig; stärkste Dimension unter solide und grammatisch singular";"«Ausbaufähig» heisst bei Ihnen: Das Fundament ist da, und es gibt klare Hebel. Am meisten bewirken Sie aktuell <b>{{weakestPrepositional}}</b> ({{weakestScore}} von 100){{topicSuffix}}. Am stabilsten zeigt sich <b>{{strongestNominative}}</b> ({{strongestScore}}) – darauf lässt sich aufbauen.";"Per Lei «Migliorabile» significa che le basi ci sono e che esistono leve chiare. Attualmente può ottenere l’effetto maggiore <b>{{weakestPrepositional}}</b> ({{weakestScore}} su 100){{topicSuffix}}. L’ambito più stabile è <b>{{strongestNominative}}</b> ({{strongestScore}}): può costruire su questa base.";"";"";"Marketing, Medizin";"Prüfung erforderlich";"";"{{strongestNominative}} | {{strongestScore}} | {{topicSuffix}} | {{weakestPrepositional}} | {{weakestScore}}";"";"ui.hero.lead.spread.ausbau.anchor_stable.singular";"ui";"it-CH";"3";"v1:4c57ada7d55b51436b17bda45c5831ce8e05df24ae9d5f359035e7ea924ebe4f";"109a43cb3603f9e7c1da83caacc8118ca0947d48b63cdf53ab1410541cf54331"
"Übergreifende Ergebnisdarstellung";"Navigation, Ergebnis & Bedienung";"Ergebnis-Einstieg";"Dynamischer Text";"Profil ausbaufähig; stärkste Dimension mindestens solide und grammatisch plural";"«Ausbaufähig» heisst bei Ihnen: Das Fundament ist da, und es gibt klare Hebel. Am meisten bewirken Sie aktuell <b>{{weakestPrepositional}}</b> ({{weakestScore}} von 100){{topicSuffix}}. Gut zu sehen: <b>{{strongestNominative}}</b> ({{strongestScore}}) stützen Sie dabei bereits.";"Per Lei «Migliorabile» significa che le basi ci sono e che esistono leve chiare. Attualmente può ottenere l’effetto maggiore <b>{{weakestPrepositional}}</b> ({{weakestScore}} su 100){{topicSuffix}}. È positivo vedere che <b>{{strongestNominative}}</b> ({{strongestScore}}) Le offrono già sostegno.";"";"";"Marketing, Medizin";"Prüfung erforderlich";"";"{{strongestNominative}} | {{strongestScore}} | {{topicSuffix}} | {{weakestPrepositional}} | {{weakestScore}}";"";"ui.hero.lead.spread.ausbau.anchor_strong.plural";"ui";"it-CH";"3";"v1:4c57ada7d55b51436b17bda45c5831ce8e05df24ae9d5f359035e7ea924ebe4f";"24e2a991c68ca554710bfa1b85aa31c56b5001c6ccfd015542ad7329033cd095"
"Übergreifende Ergebnisdarstellung";"Navigation, Ergebnis & Bedienung";"Ergebnis-Einstieg";"Dynamischer Text";"Profil ausbaufähig; stärkste Dimension mindestens solide und grammatisch singular";"«Ausbaufähig» heisst bei Ihnen: Das Fundament ist da, und es gibt klare Hebel. Am meisten bewirken Sie aktuell <b>{{weakestPrepositional}}</b> ({{weakestScore}} von 100){{topicSuffix}}. Gut zu sehen: <b>{{strongestNominative}}</b> ({{strongestScore}}) stützt Sie dabei bereits.";"Per Lei «Migliorabile» significa che le basi ci sono e che esistono leve chiare. Attualmente può ottenere l’effetto maggiore <b>{{weakestPrepositional}}</b> ({{weakestScore}} su 100){{topicSuffix}}. È positivo vedere che <b>{{strongestNominative}}</b> ({{strongestScore}}) Le offre già sostegno.";"";"";"Marketing, Medizin";"Prüfung erforderlich";"";"{{strongestNominative}} | {{strongestScore}} | {{topicSuffix}} | {{weakestPrepositional}} | {{weakestScore}}";"";"ui.hero.lead.spread.ausbau.anchor_strong.singular";"ui";"it-CH";"3";"v1:4c57ada7d55b51436b17bda45c5831ce8e05df24ae9d5f359035e7ea924ebe4f";"2afc087244d387f07a3c3eca809959b96e122c4d085e86ab5d4b00179779f77b"
"Übergreifende Ergebnisdarstellung";"Navigation, Ergebnis & Bedienung";"Ergebnis-Einstieg";"Dynamischer Text";"Hero-Zusammenfassung mit genau einem konkreten Defizitthema";" – Stichwort: {{topicOne}}";" – tema: {{topicOne}}";"";"";"Marketing";"Prüfung erforderlich";"";"{{topicOne}}";"";"ui.hero.topic_suffix.one";"ui";"it-CH";"3";"v1:4c57ada7d55b51436b17bda45c5831ce8e05df24ae9d5f359035e7ea924ebe4f";"a979cb9131b1648026eaa692c2023663880a4e9707043fe4ed2b3f2ace077c5d"
"Übergreifende Ergebnisdarstellung";"Navigation, Ergebnis & Bedienung";"Ergebnis-Einstieg";"Dynamischer Text";"Hero-Zusammenfassung mit zwei konkreten Defizitthemen";" – Stichworte: {{topicOne}} und {{topicTwo}}";" – temi: {{topicOne}} e {{topicTwo}}";"";"";"Marketing";"Prüfung erforderlich";"";"{{topicOne}} | {{topicTwo}}";"";"ui.hero.topic_suffix.two";"ui";"it-CH";"3";"v1:4c57ada7d55b51436b17bda45c5831ce8e05df24ae9d5f359035e7ea924ebe4f";"d280f3fae6ffb709d4894b39f1bbeff88e94f1c3a966f6ccfccf66f554b96c38"
"Übergreifende Ergebnisdarstellung";"Navigation, Ergebnis & Bedienung";"Angebote & Kundenkontext";"Beschriftung";"Ergebnisseite, Präfix vor einem noch nicht verlinkten Helsana-Angebot";"Platzhalter: {{placeholder}}";"Segnaposto: {{placeholder}}";"";"";"Marketing";"Prüfung erforderlich";"";"{{placeholder}}";"";"ui.offer.placeholder_prefix";"ui";"it-CH";"3";"v1:4c57ada7d55b51436b17bda45c5831ce8e05df24ae9d5f359035e7ea924ebe4f";"0c75e9d1d9d4809435345af30bef3101785c4d489c396fe9f344f6ea519b7603"
"Übergreifende Ergebnisdarstellung";"Navigation, Ergebnis & Bedienung";"Ergebnisbereiche";"Überschrift";"Handlungsfelder-Karte, Überschrift";"Grösste Handlungsfelder";"Principali ambiti d’intervento";"";"";"Marketing";"Prüfung erforderlich";"";"";"";"ui.overview.fields_title";"ui";"it-CH";"3";"v1:4c57ada7d55b51436b17bda45c5831ce8e05df24ae9d5f359035e7ea924ebe4f";"df48f822f71c890e425b9f81687293086d0ec4a34ac0c114361c0f80bbf1ceec"
"Übergreifende Ergebnisdarstellung";"Navigation, Ergebnis & Bedienung";"Ergebnisbereiche";"Beschriftung";"Stärken-und-Handlungsfelder-Sektion, Rubrik";"Auf einen Blick";"In sintesi";"";"";"Marketing";"Prüfung erforderlich";"";"";"";"ui.overview.eyebrow";"ui";"it-CH";"3";"v1:4c57ada7d55b51436b17bda45c5831ce8e05df24ae9d5f359035e7ea924ebe4f";"6e6912c920a0d5790c39d557a87215a982b0f641cd4079fbf1b30b6b646aa6c5"
"Übergreifende Ergebnisdarstellung";"Navigation, Ergebnis & Bedienung";"Ergebnisbereiche";"Überschrift";"Stärken-und-Handlungsfelder-Sektion, Überschrift";"Ihre Stärken & Handlungsfelder";"I Suoi punti di forza e ambiti d’intervento";"";"";"Marketing";"Prüfung erforderlich";"";"";"";"ui.overview.title";"ui";"it-CH";"3";"v1:4c57ada7d55b51436b17bda45c5831ce8e05df24ae9d5f359035e7ea924ebe4f";"d2fb60ce6f9e0f4cc5b98e61e9c89a2473112400eb60ed922fb610959a47ce86"
"Übergreifende Ergebnisdarstellung";"Navigation, Ergebnis & Bedienung";"Ergebnisbereiche";"Überschrift";"Stärkenkarte, Überschrift";"Ihre Stärken";"I Suoi punti di forza";"";"";"Marketing";"Prüfung erforderlich";"";"";"";"ui.overview.strengths_title";"ui";"it-CH";"3";"v1:4c57ada7d55b51436b17bda45c5831ce8e05df24ae9d5f359035e7ea924ebe4f";"3404c987e4453348a88aae75fcf3e294c1f7a2b0e77b5285cdb50a9406038baa"
"Übergreifende Ergebnisdarstellung";"Navigation, Ergebnis & Bedienung";"Ergebnisbereiche";"Positive Rückmeldung";"Handlungsfelder-Karte ohne dringendes Feld";"Aktuell kein dringendes Handlungsfeld – halten Sie Ihren Kurs.";"Nessun ambito d’intervento urgente al momento: mantenga la rotta.";"";"";"Marketing";"Prüfung erforderlich";"";"";"";"ui.overview.fields_empty";"ui";"it-CH";"3";"v1:4c57ada7d55b51436b17bda45c5831ce8e05df24ae9d5f359035e7ea924ebe4f";"5d1e2f565d9dd3ce79c9c988e122c90bf4e64d46ba624a8844538526e2356e7d"
"Übergreifende Ergebnisdarstellung";"Navigation, Ergebnis & Bedienung";"Ergebnisbereiche";"Positive Rückmeldung";"Stärkenkarte ohne konkrete Stärke";"Jeder Bereich bietet gerade Potenzial – ein guter Startpunkt.";"Ogni ambito offre attualmente un potenziale: un buon punto di partenza.";"";"";"Marketing";"Prüfung erforderlich";"";"";"";"ui.overview.strengths_empty";"ui";"it-CH";"3";"v1:4c57ada7d55b51436b17bda45c5831ce8e05df24ae9d5f359035e7ea924ebe4f";"44bd2b2458f487c7f5e4c6deffcf784e5847138dbecfd0dd355cbdc068b9c801"
"Übergreifende Ergebnisdarstellung";"Navigation, Ergebnis & Bedienung";"Gemeinsame Oberflächentexte";"Beschriftung";"Gemeinsames Periodenlabel aller 4-Wochen-Pläne";"Diese Woche";"Questa settimana";"";"";"Marketing";"Prüfung erforderlich";"";"";"";"ui.plan.period.this_week";"recommendations";"it-CH";"3";"v1:4c57ada7d55b51436b17bda45c5831ce8e05df24ae9d5f359035e7ea924ebe4f";"674017e1df6a224674727f1004204f9d790e662a4d10bfd40e700f94b4bbfa58"
"Übergreifende Ergebnisdarstellung";"Navigation, Ergebnis & Bedienung";"Gemeinsame Oberflächentexte";"Beschriftung";"Gemeinsames Periodenlabel aller 4-Wochen-Pläne";"Woche 4";"Settimana 4";"";"";"Marketing";"Prüfung erforderlich";"";"";"";"ui.plan.period.week_4";"recommendations";"it-CH";"3";"v1:4c57ada7d55b51436b17bda45c5831ce8e05df24ae9d5f359035e7ea924ebe4f";"23d2437e06233d3d2d47cf0c76cd208d21d3ef93df8c5444c16942029f5a43b4"
"Übergreifende Ergebnisdarstellung";"Navigation, Ergebnis & Bedienung";"Gemeinsame Oberflächentexte";"Beschriftung";"Gemeinsames Periodenlabel aller 4-Wochen-Pläne";"Woche 2–3";"Settimane 2–3";"";"";"Marketing";"Prüfung erforderlich";"";"";"";"ui.plan.period.weeks_2_3";"recommendations";"it-CH";"3";"v1:4c57ada7d55b51436b17bda45c5831ce8e05df24ae9d5f359035e7ea924ebe4f";"ab5bc34e3c4923d6c26e9d9c74b6a62f53a4af4d3e9c53066ef8bbb708381429"
"Übergreifende Ergebnisdarstellung";"Navigation, Ergebnis & Bedienung";"Promo & Feedback";"Überschrift";"Helsana-Plus-Promokarte, Überschrift";"Punkte sammeln";"Raccogliere punti";"";"";"Marketing";"Prüfung erforderlich";"";"";"";"ui.promo.title";"ui";"it-CH";"3";"v1:4c57ada7d55b51436b17bda45c5831ce8e05df24ae9d5f359035e7ea924ebe4f";"a62ed10e1baf9150b991452faef715f25f59728ba7c0a0b165f1a9084eaa00a0"
"Übergreifende Ergebnisdarstellung";"Navigation, Ergebnis & Bedienung";"Promo & Feedback";"Begründung / Einordnung";"Helsana-Plus-Promokarte, Beschreibung";"Sammeln Sie mit Ihrem gesundheitsbewussten Lebensstil Pluspunkte und profitieren Sie von attraktiven Rabatten und Barauszahlungen.";"Con il Suo stile di vita attento alla salute può raccogliere punti Plus e beneficiare di sconti interessanti e pagamenti in contanti.";"";"";"Marketing";"Prüfung erforderlich";"";"";"";"ui.promo.description";"ui";"it-CH";"3";"v1:4c57ada7d55b51436b17bda45c5831ce8e05df24ae9d5f359035e7ea924ebe4f";"2c7231e219da409a9d9d5fbef9bffa59573f1d9eeed01d869fee40de07b9cf18"
"Übergreifende Ergebnisdarstellung";"Navigation, Ergebnis & Bedienung";"Fragebogen";"Beschriftung";"Fragebogen, Ersatztitel für eine Hilfe ohne eigenen Titel";"Was bedeutet das?";"Che cosa significa?";"";"";"Marketing";"Prüfung erforderlich";"";"";"";"ui.quiz.help_fallback";"ui";"it-CH";"3";"v1:4c57ada7d55b51436b17bda45c5831ce8e05df24ae9d5f359035e7ea924ebe4f";"6b9d6fe325693fbf07e8927dfdf544d24c000e5c106aee6beb6029010e70fb87"
"Übergreifende Ergebnisdarstellung";"Navigation, Ergebnis & Bedienung";"Fragebogen";"Dynamischer Text";"Fragebogen, Screenreader-Label eines Fortschrittsschritts";"Bereich {{current}} von {{total}}: {{dimensionShort}}{{stateLabel}}";"Ambito {{current}} di {{total}}: {{dimensionShort}}{{stateLabel}}";"";"";"Marketing";"Prüfung erforderlich";"";"{{current}} | {{dimensionShort}} | {{stateLabel}} | {{total}}";"";"ui.quiz.step_aria";"ui";"it-CH";"3";"v1:4c57ada7d55b51436b17bda45c5831ce8e05df24ae9d5f359035e7ea924ebe4f";"243116e5cb788cc48285b59ccdfcb4fe41b7c32bfcf63e7148f6acdd9642f512"
"Übergreifende Ergebnisdarstellung";"Navigation, Ergebnis & Bedienung";"Fragebogen";"Hint";"Fragebogen, Hinweis bei optionalem Zahlenfeld";"Optional – Sie können das Feld auch leer lassen.";"Facoltativo: può anche lasciare vuoto il campo.";"";"";"Marketing";"Prüfung erforderlich";"";"";"";"ui.quiz.optional_hint";"ui";"it-CH";"3";"v1:4c57ada7d55b51436b17bda45c5831ce8e05df24ae9d5f359035e7ea924ebe4f";"73651b669be96f6c09f48ff9000e6bfedd141593661dac375ea3c630cd9f81d0"
"Übergreifende Ergebnisdarstellung";"Navigation, Ergebnis & Bedienung";"Fragebogen";"Validation";"Fragebogen, Pflichtfeldvalidierung beim Bereichswechsel";"Bitte beantworten Sie alle nicht optionalen Fragen in diesem Bereich, um fortzufahren.";"Risponda a tutte le domande non facoltative di questo ambito per poter continuare.";"";"";"Marketing";"Prüfung erforderlich";"";"";"";"ui.quiz.incomplete_hint";"ui";"it-CH";"3";"v1:4c57ada7d55b51436b17bda45c5831ce8e05df24ae9d5f359035e7ea924ebe4f";"132c480a0fe6bf1479b2b8c44b988cf360a03dacbe284608a672a903a43562a3"
"Übergreifende Ergebnisdarstellung";"Navigation, Ergebnis & Bedienung";"Fragebogen";"Aria label";"Fragebogen, Screenreader-Label der Bereichsnavigation";"Fortschritt";"Avanzamento";"";"";"Marketing";"Prüfung erforderlich";"";"";"";"ui.quiz.progress_aria";"ui";"it-CH";"3";"v1:4c57ada7d55b51436b17bda45c5831ce8e05df24ae9d5f359035e7ea924ebe4f";"4d8a9769612144a28f6257f5dabcaa4da0412eccc471e71d9040271d749f6fc6"
"Übergreifende Ergebnisdarstellung";"Navigation, Ergebnis & Bedienung";"Fragebogen";"Dynamischer Text";"Fragebogen, sichtbare Bereichsnummer";"Bereich {{current}} von {{total}}";"Ambito {{current}} di {{total}}";"";"";"Marketing";"Prüfung erforderlich";"";"{{current}} | {{total}}";"";"ui.quiz.dimension_count";"ui";"it-CH";"3";"v1:4c57ada7d55b51436b17bda45c5831ce8e05df24ae9d5f359035e7ea924ebe4f";"25837273527f80911efc16c83b3fb02fd01a729b32865b46e3cff4829e04d2ea"
"Übergreifende Ergebnisdarstellung";"Navigation, Ergebnis & Bedienung";"Fragebogen";"Button";"Fragebogen, Ergebnisse anzeigen";"Auswertung anzeigen";"Mostrare la valutazione";"";"";"Marketing";"Prüfung erforderlich";"";"";"";"ui.quiz.button.results";"ui";"it-CH";"3";"v1:4c57ada7d55b51436b17bda45c5831ce8e05df24ae9d5f359035e7ea924ebe4f";"9446b32c6e4d4f66e881bedae206fcf5454f886993900c83d1dfd2a62083a52f"
"Übergreifende Ergebnisdarstellung";"Navigation, Ergebnis & Bedienung";"Fragebogen";"Button";"Fragebogen, zum nächsten Bereich";"Weiter";"Avanti";"";"";"Marketing";"Prüfung erforderlich";"";"";"";"ui.quiz.button.continue";"ui";"it-CH";"3";"v1:4c57ada7d55b51436b17bda45c5831ce8e05df24ae9d5f359035e7ea924ebe4f";"497a0bb2d97af899520c438926de044ff7640945281f710948aaf1b06694b7f1"
"Übergreifende Ergebnisdarstellung";"Navigation, Ergebnis & Bedienung";"Fragebogen";"Button";"Fragebogen, zum vorherigen Bereich";"Zurück";"Indietro";"";"";"Marketing";"Prüfung erforderlich";"";"";"";"ui.quiz.button.back";"ui";"it-CH";"3";"v1:4c57ada7d55b51436b17bda45c5831ce8e05df24ae9d5f359035e7ea924ebe4f";"9a01c1a787fa0ab8e9fd0c90729acc45bd64c91b4b51bafb01272d4bac24d489"
"Übergreifende Ergebnisdarstellung";"Navigation, Ergebnis & Bedienung";"Fragebogen";"Dynamischer Text";"Fragebogen, ungültiger Zahlenwert mit Höchstwert";"Bitte geben Sie einen gültigen Wert bis {{max}}{{unit}} ein.";"Inserisca un valore valido fino a {{max}}{{unit}}.";"";"";"Marketing";"Prüfung erforderlich";"";"{{max}} | {{unit}}";"";"ui.quiz.number_error.maximum";"ui";"it-CH";"3";"v1:4c57ada7d55b51436b17bda45c5831ce8e05df24ae9d5f359035e7ea924ebe4f";"c7855f46d5b8e0c221a85bb12f6528d48ed4a7266d7f40311a97631767edaa22"
"Übergreifende Ergebnisdarstellung";"Navigation, Ergebnis & Bedienung";"Fragebogen";"Dynamischer Text";"Fragebogen, ungültiger Zahlenwert mit Mindest- und Höchstwert";"Bitte geben Sie einen gültigen Wert zwischen {{min}} und {{max}}{{unit}} ein.";"Inserisca un valore valido tra {{min}} e {{max}}{{unit}}.";"";"";"Marketing";"Prüfung erforderlich";"";"{{max}} | {{min}} | {{unit}}";"";"ui.quiz.number_error.between";"ui";"it-CH";"3";"v1:4c57ada7d55b51436b17bda45c5831ce8e05df24ae9d5f359035e7ea924ebe4f";"604be365c4505147709c9dccacadce2ed03f6f45dcd2de31de1478c4769c1ab1"
"Übergreifende Ergebnisdarstellung";"Navigation, Ergebnis & Bedienung";"Fragebogen";"Dynamischer Text";"Fragebogen, ungültiger Zahlenwert mit Mindestwert";"Bitte geben Sie einen gültigen Wert ab {{min}}{{unit}} ein.";"Inserisca un valore valido a partire da {{min}}{{unit}}.";"";"";"Marketing";"Prüfung erforderlich";"";"{{min}} | {{unit}}";"";"ui.quiz.number_error.minimum";"ui";"it-CH";"3";"v1:4c57ada7d55b51436b17bda45c5831ce8e05df24ae9d5f359035e7ea924ebe4f";"7dd0875d9831c827c3e94123c111bff07965011b48a1a13afc2b1238de273272"
"Übergreifende Ergebnisdarstellung";"Navigation, Ergebnis & Bedienung";"Fragebogen";"Aria label";"Fragebogen, Screenreader-Zusatz für aktuellen Bereich";" (aktuell)";" (attuale)";"";"";"Marketing";"Prüfung erforderlich";"";"";"";"ui.quiz.step_state.current";"ui";"it-CH";"3";"v1:4c57ada7d55b51436b17bda45c5831ce8e05df24ae9d5f359035e7ea924ebe4f";"2823c0798414ae51b01f84b1ca0d7e86ec626d47c6a88fcfbbf3c4fc77d097dc"
"Übergreifende Ergebnisdarstellung";"Navigation, Ergebnis & Bedienung";"Fragebogen";"Aria label";"Fragebogen, Screenreader-Zusatz für erledigten Bereich";" (erledigt)";" (completato)";"";"";"Marketing";"Prüfung erforderlich";"";"";"";"ui.quiz.step_state.done";"ui";"it-CH";"3";"v1:4c57ada7d55b51436b17bda45c5831ce8e05df24ae9d5f359035e7ea924ebe4f";"19d77cafccd0530233d645da591dad52c3ab73351a3520889770889df4ce6879"
"Übergreifende Ergebnisdarstellung";"Navigation, Ergebnis & Bedienung";"Gesundheitsprofil";"Barrierefreie Beschriftung";"Barrierefreie Beschreibung des Radardiagramms auf der Ergebnisseite";"Radardiagramm Ihres Gesundheitsprofils über die bewerteten Dimensionen";"Grafico radar del Suo profilo di salute nelle dimensioni valutate";"";"";"Marketing";"Prüfung erforderlich";"";"";"";"ui.radar.aria_label";"ui";"it-CH";"3";"v1:4c57ada7d55b51436b17bda45c5831ce8e05df24ae9d5f359035e7ea924ebe4f";"deee7ed771b2ddae559b5ec9c53894c49e7d319902622f51653b9745bacfc4d9"
"Übergreifende Ergebnisdarstellung";"Navigation, Ergebnis & Bedienung";"Gesundheitsprofil";"Dynamischer Text";"Barrierefreie Beschriftung einer anklickbaren Dimensionsachse im Radardiagramm";"Zur Detailansicht {{dimensionShort}}";"Vai alla vista dettagliata {{dimensionShort}}";"";"";"Marketing";"Prüfung erforderlich";"";"{{dimensionShort}}";"";"ui.radar.dimension_detail_aria";"ui";"it-CH";"3";"v1:4c57ada7d55b51436b17bda45c5831ce8e05df24ae9d5f359035e7ea924ebe4f";"36ff9ebc9194d11cbde685e9439671e8824fad8843466913f97bb6fbd9fe2bab"
"Übergreifende Ergebnisdarstellung";"Navigation, Ergebnis & Bedienung";"Dimensionsdetails";"Dynamischer Text";"Badge an einer Empfehlung, die identisch im priorisierten Aktionsplan erscheint";"Schritt {{planStep}} in Ihrem Aktionsplan";"Passo {{planStep}} del Suo piano d’azione";"";"";"Marketing";"Prüfung erforderlich";"Neue Orientierung zwischen Aktionsplan und Dimensionsdetails durch Marketing freigeben.";"{{planStep}}";"";"ui.recommendation.action_plan_badge";"ui";"it-CH";"3";"v1:4c57ada7d55b51436b17bda45c5831ce8e05df24ae9d5f359035e7ea924ebe4f";"f06cafedb7e09ea14486dfdd1423a7b68b61f5566f5fc5fbd2847b1171ec8649"
"Übergreifende Ergebnisdarstellung";"Navigation, Ergebnis & Bedienung";"Empfehlungsdarstellung";"Beschriftung";"Detailkarte einer Empfehlung, Label vor dem nächsten Schritt";"Konkreter nächster Schritt:";"Prossimo passo concreto:";"";"";"Marketing";"Prüfung erforderlich";"";"";"";"ui.recommendation.label.step";"ui";"it-CH";"3";"v1:4c57ada7d55b51436b17bda45c5831ce8e05df24ae9d5f359035e7ea924ebe4f";"eabb1257a19cc35f0e3ce0fc8b52023fe8772f3b6ef67937082b369b021060e8"
"Übergreifende Ergebnisdarstellung";"Navigation, Ergebnis & Bedienung";"Empfehlungsdarstellung";"Beschriftung";"Detailkarte einer Empfehlung, Label vor dem Nutzen";"Erwarteter Nutzen:";"Beneficio atteso:";"";"";"Marketing";"Prüfung erforderlich";"";"";"";"ui.recommendation.label.benefit";"ui";"it-CH";"3";"v1:4c57ada7d55b51436b17bda45c5831ce8e05df24ae9d5f359035e7ea924ebe4f";"7b351be666a0a6255eb4060b6ad9684375384bf7d6130d2bb6e91ee7ffce78e3"
"Übergreifende Ergebnisdarstellung";"Navigation, Ergebnis & Bedienung";"Empfehlungsdarstellung";"Beschriftung";"Detailkarte einer Empfehlung, Label vor der Begründung";"Warum das für Sie relevant ist:";"Perché è rilevante per Lei:";"";"";"Marketing";"Prüfung erforderlich";"";"";"";"ui.recommendation.label.why";"ui";"it-CH";"3";"v1:4c57ada7d55b51436b17bda45c5831ce8e05df24ae9d5f359035e7ea924ebe4f";"4131f683c9d6f118e149e660ad6a7a853e0ac5eb10576dd5b604eb9a37d8f6e0"
"Übergreifende Ergebnisdarstellung";"Navigation, Ergebnis & Bedienung";"Ergebnisbereiche";"Beschriftung";"Ergebnis-Hero, Rubrik";"Ergebnis";"Risultato";"";"";"Marketing";"Prüfung erforderlich";"";"";"";"ui.result.eyebrow";"ui";"it-CH";"3";"v1:4c57ada7d55b51436b17bda45c5831ce8e05df24ae9d5f359035e7ea924ebe4f";"aed668030ed77808ee5bc3d659d65e9a050bea562a7bd7acbfce3f02a188f980"
"Übergreifende Ergebnisdarstellung";"Navigation, Ergebnis & Bedienung";"Ergebnisbereiche";"Überschrift";"Ergebnis-Hero, Überschrift";"Ihre Standortbestimmung";"La Sua valutazione attuale";"";"";"Marketing";"Prüfung erforderlich";"";"";"";"ui.result.title";"ui";"it-CH";"3";"v1:4c57ada7d55b51436b17bda45c5831ce8e05df24ae9d5f359035e7ea924ebe4f";"b2fbfb606bd064156864291705ad791b6bb0ffb58aef671b72ad56936258a750"
"Übergreifende Ergebnisdarstellung";"Navigation, Ergebnis & Bedienung";"Ergebnisbereiche";"Beschriftung";"Score-Ring, Nenner";"von 100";"su 100";"";"";"Marketing";"Prüfung erforderlich";"";"";"";"ui.result.score_max";"ui";"it-CH";"3";"v1:4c57ada7d55b51436b17bda45c5831ce8e05df24ae9d5f359035e7ea924ebe4f";"bc641486f90db8ee0baa651d90c6618a4e29309730f7d1275f26ce4218f2b928"
"Übergreifende Ergebnisdarstellung";"Navigation, Ergebnis & Bedienung";"Ergebnis-Einstieg";"Dynamischer Text";"Barrierefreie Beschreibung des Gesamtscores";"Gesamtscore {{overallScore}} von 100";"Punteggio complessivo {{overallScore}} su 100";"";"";"Marketing";"Prüfung erforderlich";"";"{{overallScore}}";"";"ui.result.score_aria";"ui";"it-CH";"3";"v1:4c57ada7d55b51436b17bda45c5831ce8e05df24ae9d5f359035e7ea924ebe4f";"9721595f5dfe29523686b0124c37de00f05d985d35ba629a80fa9a467e793da7"
"Übergreifende Ergebnisdarstellung";"Navigation, Ergebnis & Bedienung";"Ergebnisbereiche";"Dynamischer Text";"Radar-Legende, Statusband mit Mindestwert";"{{statusLabel}} ({{minimumScore}}+)";"{{statusLabel}} ({{minimumScore}}+)";"";"";"Marketing";"Prüfung erforderlich";"";"{{minimumScore}} | {{statusLabel}}";"";"ui.result.legend_item";"ui";"it-CH";"3";"v1:4c57ada7d55b51436b17bda45c5831ce8e05df24ae9d5f359035e7ea924ebe4f";"fcaf92077333edbf52ca3a414ea4e30e24ef4ca55da1550f4515b537c66bf1d4"
"Übergreifende Ergebnisdarstellung";"Navigation, Ergebnis & Bedienung";"Ergebnisaktionen";"Begründung / Einordnung";"Bestätigungsdialog vor dem Löschen der bisherigen Antworten";"Möchten Sie den Check wirklich neu beginnen? Ihre bisherigen Antworten werden gelöscht.";"Desidera davvero ricominciare il check? Le risposte precedenti saranno eliminate.";"";"";"Marketing";"Prüfung erforderlich";"";"";"";"ui.result_action.restart_confirm";"ui";"it-CH";"3";"v1:4c57ada7d55b51436b17bda45c5831ce8e05df24ae9d5f359035e7ea924ebe4f";"1f103565946ed58850d9b58b3138da24547d2a15bbf82e233d532cd8b7247f51"
"Übergreifende Ergebnisdarstellung";"Navigation, Ergebnis & Bedienung";"Ergebnisaktionen";"Nächster Schritt";"Button für einen neuen Check";"Neuer Check";"Nuovo check";"";"";"Marketing";"Prüfung erforderlich";"";"";"";"ui.result_action.restart";"ui";"it-CH";"3";"v1:4c57ada7d55b51436b17bda45c5831ce8e05df24ae9d5f359035e7ea924ebe4f";"875f27f1a4d5b16e8369fc44827c3471b1e7c96799cac3fe1240518281b9eb39"
"Übergreifende Ergebnisdarstellung";"Navigation, Ergebnis & Bedienung";"Ergebnisaktionen";"Nächster Schritt";"Button zum Anpassen der Antworten";"Antworten anpassen";"Modificare le risposte";"";"";"Marketing";"Prüfung erforderlich";"";"";"";"ui.result_action.edit";"ui";"it-CH";"3";"v1:4c57ada7d55b51436b17bda45c5831ce8e05df24ae9d5f359035e7ea924ebe4f";"2bedb276837bceeb2d0a0c9615e8a1c8dd6e58fae92c428cb4a915aedfbc0f55"
"Übergreifende Ergebnisdarstellung";"Navigation, Ergebnis & Bedienung";"Ergebnisaktionen";"Nächster Schritt";"Button zum Speichern des Ergebnis-Links";"Ergebnisse als Link speichern";"Salvare i risultati come link";"";"";"Marketing";"Prüfung erforderlich";"";"";"";"ui.result_action.save_link";"ui";"it-CH";"3";"v1:4c57ada7d55b51436b17bda45c5831ce8e05df24ae9d5f359035e7ea924ebe4f";"5fd3596121385905503a5d25d8d51417964fcffb2e8514033eed106b495ea751"
"Übergreifende Ergebnisdarstellung";"Navigation, Ergebnis & Bedienung";"Ergebnisaktionen";"Überschrift";"Dialog beim Klick auf die Marke während eines laufenden Checks, Titel";"Zurück zur Startseite";"Tornare alla pagina iniziale";"";"";"Marketing";"Prüfung erforderlich";"";"";"";"ui.result_action.home_modal.title";"ui";"it-CH";"3";"v1:4c57ada7d55b51436b17bda45c5831ce8e05df24ae9d5f359035e7ea924ebe4f";"133ea26bc126c54e7c8872b903871e7fd16178827e2ec12fe483229a79a09ab7"
"Übergreifende Ergebnisdarstellung";"Navigation, Ergebnis & Bedienung";"Ergebnisaktionen";"Begründung / Einordnung";"Dialog beim Klick auf die Marke während eines laufenden Checks, Text";"Möchten Sie Ihre bisherigen Eingaben behalten oder den Check von vorne beginnen?";"Desidera conservare i dati inseriti finora o ricominciare il check dall’inizio?";"";"";"Marketing";"Prüfung erforderlich";"";"";"";"ui.result_action.home_modal.message";"ui";"it-CH";"3";"v1:4c57ada7d55b51436b17bda45c5831ce8e05df24ae9d5f359035e7ea924ebe4f";"e830544b958a22f3d68ae90b5ad88cfeaeb10f08db52cb387216bc78b7ea1fce"
"Übergreifende Ergebnisdarstellung";"Navigation, Ergebnis & Bedienung";"Ergebnisaktionen";"Nächster Schritt";"Dialog beim Klick auf die Marke, Eingaben behalten";"Eingaben behalten";"Conservare i dati inseriti";"";"";"Marketing";"Prüfung erforderlich";"";"";"";"ui.result_action.home_modal.keep";"ui";"it-CH";"3";"v1:4c57ada7d55b51436b17bda45c5831ce8e05df24ae9d5f359035e7ea924ebe4f";"bc3f075c0a1c0fd1fba90022b543a90a1cb73a0d38e1f4cb63d98e6d56b74398"
"Übergreifende Ergebnisdarstellung";"Navigation, Ergebnis & Bedienung";"Ergebnisaktionen";"Nächster Schritt";"Dialoge zum Verlassen oder Neustarten eines laufenden Checks, neu beginnen";"Neu beginnen";"Ricominciare";"";"";"Marketing";"Prüfung erforderlich";"";"";"";"ui.result_action.home_modal.restart";"ui";"it-CH";"3";"v1:4c57ada7d55b51436b17bda45c5831ce8e05df24ae9d5f359035e7ea924ebe4f";"c0f58282bce8fd5493b6b9865a4e66ed985a393c3a260d30ac5623b6e061d84c"
"Übergreifende Ergebnisdarstellung";"Navigation, Ergebnis & Bedienung";"Ergebnisaktionen";"Überschrift";"Dialog nach «Neu beginnen» auf der Startseite, Titel";"Check neu beginnen?";"Ricominciare il check?";"";"";"Marketing";"Prüfung erforderlich";"";"";"";"ui.result_action.restart_modal.title";"ui";"it-CH";"3";"v1:4c57ada7d55b51436b17bda45c5831ce8e05df24ae9d5f359035e7ea924ebe4f";"e6a632cde6d38aa32afd7680b160a6d99baf3821144977043bfee91957dfa7b7"
"Übergreifende Ergebnisdarstellung";"Navigation, Ergebnis & Bedienung";"Ergebnisaktionen";"Nächster Schritt";"Dialog nach «Neu beginnen» auf der Startseite, Fortschritt behalten";"Check fortsetzen";"Continuare il check";"";"";"Marketing";"Prüfung erforderlich";"";"";"";"ui.result_action.restart_modal.continue";"ui";"it-CH";"3";"v1:4c57ada7d55b51436b17bda45c5831ce8e05df24ae9d5f359035e7ea924ebe4f";"ad5ba70d54d79bc35b93147510f2896eba7b1a9230480d35012f3bdf26036638"
"Übergreifende Ergebnisdarstellung";"Navigation, Ergebnis & Bedienung";"Ergebnislink-Dialog";"Beschriftung";"Barrierefreie Beschriftung des Ergebnis-Link-Feldes";"Ergebnis-Link";"Link ai risultati";"";"";"Marketing";"Prüfung erforderlich";"";"";"";"ui.share_modal.input_aria";"ui";"it-CH";"3";"v1:4c57ada7d55b51436b17bda45c5831ce8e05df24ae9d5f359035e7ea924ebe4f";"d70eea8eb8dc51e9c09d25532577c7a4845a50967a356e33e83bb5f1e19edc88"
"Übergreifende Ergebnisdarstellung";"Navigation, Ergebnis & Bedienung";"Ergebnislink-Dialog";"Überschrift";"Ergebnis-Link-Dialog, Überschrift";"Ihr persönlicher Ergebnis-Link";"Il link personale ai Suoi risultati";"";"";"Marketing";"Prüfung erforderlich";"";"";"";"ui.share_modal.title";"ui";"it-CH";"3";"v1:4c57ada7d55b51436b17bda45c5831ce8e05df24ae9d5f359035e7ea924ebe4f";"fd6c0bb0325193d0813676b92b819133823e6e6eda68fd5ad633f707a64b162d"
"Übergreifende Ergebnisdarstellung";"Navigation, Ergebnis & Bedienung";"Ergebnislink-Dialog";"Begründung / Einordnung";"Ergebnis-Link-Dialog, Beschreibung";"Speichern oder teilen Sie diesen Link. Sie können Ihr Ergebnis später wieder öffnen, Ihre Antworten anpassen oder einen neuen Check starten.";"Salvi o condivida questo link. Potrà riaprire il risultato in seguito, modificare le risposte o iniziare un nuovo check.";"";"";"Marketing";"Prüfung erforderlich";"";"";"";"ui.share_modal.description";"ui";"it-CH";"3";"v1:4c57ada7d55b51436b17bda45c5831ce8e05df24ae9d5f359035e7ea924ebe4f";"1cdc5c47ccfa76033e086cecc279f52fb0297e5ae53a7987dae27ca39594a853"
"Übergreifende Ergebnisdarstellung";"Navigation, Ergebnis & Bedienung";"Ergebnislink-Dialog";"Nächster Schritt";"Ergebnis-Link-Dialog, Kopierbutton";"Kopieren";"Copiare";"";"";"Marketing";"Prüfung erforderlich";"";"";"";"ui.share_modal.copy";"ui";"it-CH";"3";"v1:4c57ada7d55b51436b17bda45c5831ce8e05df24ae9d5f359035e7ea924ebe4f";"013727e3f62f656235d086d23ee05c1a2421a49bb614741c852224d540795e40"
"Übergreifende Ergebnisdarstellung";"Navigation, Ergebnis & Bedienung";"Ergebnislink-Dialog";"Nächster Schritt";"Ergebnis-Link-Dialog, Schliessen-Button";"Schliessen";"Chiudere";"";"";"Marketing";"Prüfung erforderlich";"";"";"";"ui.share_modal.close";"ui";"it-CH";"3";"v1:4c57ada7d55b51436b17bda45c5831ce8e05df24ae9d5f359035e7ea924ebe4f";"7855c85e90a327de4d7c8e1d18ed7486dd70c40ed956acd018e224ad57ae1c93"
"Übergreifende Ergebnisdarstellung";"Navigation, Ergebnis & Bedienung";"Ergebnislink-Dialog";"Rechtlicher Hinweis";"Ergebnis-Link-Dialog, Hinweis bei lokaler Doppelklick-Nutzung";"Hinweis zur lokalen Nutzung: Der Link enthält den lokalen Dateipfad. Er funktioniert nur auf diesem Gerät und solange die Anwendung am selben Speicherort bleibt.";"Nota per l’utilizzo locale: il link contiene il percorso locale del file. Funziona soltanto su questo dispositivo e finché l’applicazione rimane nella stessa posizione.";"";"";"Marketing, Recht";"Prüfung erforderlich";"Technischer Hinweis für den bewusst aktivierten Standalone-Fallback; vor produktiver Nutzung durch Marketing und Datenschutz/Legal freigeben.";"";"";"ui.share_modal.local_file_warning";"ui";"it-CH";"3";"v1:4c57ada7d55b51436b17bda45c5831ce8e05df24ae9d5f359035e7ea924ebe4f";"7fa26e0e6f58b9abe92aad9ce3d2e7d02d3f374690e0344674b4288922349d5d"
"Übergreifende Ergebnisdarstellung";"Navigation, Ergebnis & Bedienung";"Ergebnislink-Dialog";"Begründung / Einordnung";"Ergebnis-Link-Dialog, Fallback bei fehlgeschlagenem Kopieren";"Bitte den markierten Link manuell kopieren (Strg/Cmd + C).";"Copi manualmente il link selezionato (Ctrl/Cmd + C).";"";"";"Marketing";"Prüfung erforderlich";"";"";"";"ui.share_modal.status.manual";"ui";"it-CH";"3";"v1:4c57ada7d55b51436b17bda45c5831ce8e05df24ae9d5f359035e7ea924ebe4f";"3c5d516c9f15b1af41ccdb3cec11ba0a84bde69aac22b088b2ba3a0221af3c97"
"Übergreifende Ergebnisdarstellung";"Navigation, Ergebnis & Bedienung";"Ergebnislink-Dialog";"Positive Rückmeldung";"Ergebnis-Link-Dialog, Status nach erfolgreichem Kopieren";"Link in die Zwischenablage kopiert.";"Link copiato negli appunti.";"";"";"Marketing";"Prüfung erforderlich";"";"";"";"ui.share_modal.status.copied";"ui";"it-CH";"3";"v1:4c57ada7d55b51436b17bda45c5831ce8e05df24ae9d5f359035e7ea924ebe4f";"067735d329396c3307a33b8483d95e8115fcce2576d5e7740ac82630ba9881f8"
"Übergreifende Ergebnisdarstellung";"Navigation, Ergebnis & Bedienung";"Ergebnislink-Dialog";"Begründung / Einordnung";"Ergebnis-Link-Dialog, Status vor dem Kopieren";"Tippen Sie auf „Kopieren“, um den Link zu sichern.";"Selezioni «Copiare» per salvare il link.";"";"";"Marketing";"Prüfung erforderlich";"";"";"";"ui.share_modal.status.prompt";"ui";"it-CH";"3";"v1:4c57ada7d55b51436b17bda45c5831ce8e05df24ae9d5f359035e7ea924ebe4f";"a69d724c7751737969ace82a9c109fd7c0f3cf73d69c91944275a9ff23413c33"
"Übergreifende Ergebnisdarstellung";"Navigation, Ergebnis & Bedienung";"Startseite";"Beschriftung";"Startseite, Einleitung";"Ihr persönlicher Gesundheitscheck";"Il Suo check personale della salute";"";"";"Marketing";"Prüfung erforderlich";"";"";"";"ui.start.eyebrow";"ui";"it-CH";"3";"v1:4c57ada7d55b51436b17bda45c5831ce8e05df24ae9d5f359035e7ea924ebe4f";"5c52c9a7418b3e305d1afa95f32401b06b1d1b26d66d59b0f07d891b26097002"
"Übergreifende Ergebnisdarstellung";"Navigation, Ergebnis & Bedienung";"Startseite";"Überschrift";"Startseite, Haupttitel";"Verstehen Sie Ihren Gesundheitszustand – und erkennen Sie, wo sich Handeln am meisten lohnt.";"Comprenda il Suo stato di salute e scopra dove vale maggiormente la pena intervenire.";"";"";"Marketing";"Prüfung erforderlich";"";"";"";"ui.start.title";"ui";"it-CH";"3";"v1:4c57ada7d55b51436b17bda45c5831ce8e05df24ae9d5f359035e7ea924ebe4f";"3ff93480199ac1105c9f7aac54890202ffc3d987d23856402fa124bef3be0002"
"Übergreifende Ergebnisdarstellung";"Navigation, Ergebnis & Bedienung";"Startseite";"Begründung / Einordnung";"Startseite, Einleitungstext";"In wenigen Minuten erhalten Sie eine motivierende Standortbestimmung über fünf Gesundheitsdimensionen, persönliche Empfehlungen und Ihre wirkungsvollsten nächsten Schritte.";"In pochi minuti riceve una valutazione motivante di cinque dimensioni della salute, raccomandazioni personali e i prossimi passi più efficaci.";"";"";"Marketing";"Prüfung erforderlich";"";"";"";"ui.start.lead";"ui";"it-CH";"3";"v1:4c57ada7d55b51436b17bda45c5831ce8e05df24ae9d5f359035e7ea924ebe4f";"0d31eb96e046dd0a77676404ff283caf23c97077482e51efce47cea74cfb348e"
"Übergreifende Ergebnisdarstellung";"Navigation, Ergebnis & Bedienung";"Startseite";"Link label";"Startseite, Link zur Quellenseite";"Wissenschaftliche Grundlagen anzeigen";"Mostrare le basi scientifiche";"";"";"Marketing";"Prüfung erforderlich";"";"";"";"ui.start.sources_link";"ui";"it-CH";"3";"v1:4c57ada7d55b51436b17bda45c5831ce8e05df24ae9d5f359035e7ea924ebe4f";"f52dcbf1e61b2da1dd4d3bab4ebb1afd5f2ba13cf0aa89bdd6cd15271813a592"
"Übergreifende Ergebnisdarstellung";"Navigation, Ergebnis & Bedienung";"Startseite";"Button";"Startseite, Check mit vorhandenem Fortschritt fortsetzen";"Check fortsetzen";"Continuare il check";"";"";"Marketing";"Prüfung erforderlich";"";"";"";"ui.start.button.continue";"ui";"it-CH";"3";"v1:4c57ada7d55b51436b17bda45c5831ce8e05df24ae9d5f359035e7ea924ebe4f";"28eb9bbab36207bc520d763f0331d119aeaee71c06b757a7925d287be0249918"
"Übergreifende Ergebnisdarstellung";"Navigation, Ergebnis & Bedienung";"Startseite";"Button";"Startseite, neuen Check starten";"Check starten";"Avviare il check";"";"";"Marketing";"Prüfung erforderlich";"";"";"";"ui.start.button.begin";"ui";"it-CH";"3";"v1:4c57ada7d55b51436b17bda45c5831ce8e05df24ae9d5f359035e7ea924ebe4f";"098c9ce6f6c1994e9789404549a0e7ab09564bfda468b945ce373ec8f3399d45"
"Übergreifende Ergebnisdarstellung";"Navigation, Ergebnis & Bedienung";"Startseite";"Button";"Startseite, vorhandenen Check neu beginnen";"Neu beginnen";"Ricominciare";"";"";"Marketing";"Prüfung erforderlich";"";"";"";"ui.start.button.restart";"ui";"it-CH";"3";"v1:4c57ada7d55b51436b17bda45c5831ce8e05df24ae9d5f359035e7ea924ebe4f";"52b74e6ba3d1d7dbcab73e7058f2d95c91459ed8cba9e38e355735f42ef87fe7"
"Übergreifende Ergebnisdarstellung";"Navigation, Ergebnis & Bedienung";"Startseite";"Beschriftung";"Startseite, medizinischer Hinweis, Label";"Wichtig:";"Importante:";"";"";"Marketing";"Prüfung erforderlich";"";"";"";"ui.start.disclaimer.title";"ui";"it-CH";"3";"v1:4c57ada7d55b51436b17bda45c5831ce8e05df24ae9d5f359035e7ea924ebe4f";"394f61181f6f0ae7c3dd869eea77de4a4339cb63264ae85dbe9b79a5f5caa2bc"
"Übergreifende Ergebnisdarstellung";"Navigation, Ergebnis & Bedienung";"Startseite";"Disclaimer";"Startseite, medizinischer Hinweis";"Dieser Check ist keine medizinische Diagnose und ersetzt keine ärztliche Beratung. Er hilft Ihnen, Stärken und Handlungsfelder zu erkennen. Bei auffälligen Werten empfehlen wir, eine medizinische Fachperson einzubeziehen.";"Questo check non è una diagnosi medica e non sostituisce la consulenza di un medico. La aiuta a riconoscere punti di forza e ambiti d’intervento. In caso di valori anomali, consigliamo di coinvolgere un professionista sanitario.";"";"";"Marketing, Medizin, Recht";"Prüfung erforderlich";"";"";"";"ui.start.disclaimer.body";"ui";"it-CH";"3";"v1:4c57ada7d55b51436b17bda45c5831ce8e05df24ae9d5f359035e7ea924ebe4f";"941ee37362833b47d4404a5238e6729fa16bbbe1f5f16cae22e6cc61f9467140"
"Übergreifende Ergebnisdarstellung";"Navigation, Ergebnis & Bedienung";"Startseite";"Beschriftung";"Startseite, Vorteil evidenzbasiert";"Evidenzbasiert";"Basato sulle evidenze";"";"";"Marketing";"Prüfung erforderlich";"";"";"";"ui.start.point.evidence.title";"ui";"it-CH";"3";"v1:4c57ada7d55b51436b17bda45c5831ce8e05df24ae9d5f359035e7ea924ebe4f";"0297b0cf3865ae2e660154906c7575fd226d748cb054a273cddf0ef0d93f2b6e"
"Übergreifende Ergebnisdarstellung";"Navigation, Ergebnis & Bedienung";"Startseite";"Beschriftung";"Startseite, Vorteil evidenzbasiert, Erläuterung";"Orientiert an anerkannten Empfehlungen";"Orientato a raccomandazioni riconosciute";"";"";"Marketing";"Prüfung erforderlich";"";"";"";"ui.start.point.evidence.detail";"ui";"it-CH";"3";"v1:4c57ada7d55b51436b17bda45c5831ce8e05df24ae9d5f359035e7ea924ebe4f";"dacd80fd6c9a4c6cd8b1378e6bc1c7c5588ab151edf9dce6dbb932a5d6fb49ea"
"Übergreifende Ergebnisdarstellung";"Navigation, Ergebnis & Bedienung";"Startseite";"Beschriftung";"Startseite, Vorteil persönlich";"Persönlich";"Personale";"";"";"Marketing";"Prüfung erforderlich";"";"";"";"ui.start.point.personal.title";"ui";"it-CH";"3";"v1:4c57ada7d55b51436b17bda45c5831ce8e05df24ae9d5f359035e7ea924ebe4f";"68839a6ccef3dff11f45ae8fc1af53bab19c702b01df66beb6cbe8041f2bc654"
"Übergreifende Ergebnisdarstellung";"Navigation, Ergebnis & Bedienung";"Startseite";"Beschriftung";"Startseite, Vorteil persönlich, Erläuterung";"Auswertung auf Basis Ihrer Antworten";"Valutazione basata sulle Sue risposte";"";"";"Marketing";"Prüfung erforderlich";"";"";"";"ui.start.point.personal.detail";"ui";"it-CH";"3";"v1:4c57ada7d55b51436b17bda45c5831ce8e05df24ae9d5f359035e7ea924ebe4f";"464076c55eef2b6a61278fe5eeb716c4524d7b8604feb372e1d633be6aa76e1c"
"Übergreifende Ergebnisdarstellung";"Navigation, Ergebnis & Bedienung";"Startseite";"Beschriftung";"Startseite, Vorteil Datenschutz";"Privat";"Privato";"";"";"Marketing";"Prüfung erforderlich";"";"";"";"ui.start.point.private.title";"ui";"it-CH";"3";"v1:4c57ada7d55b51436b17bda45c5831ce8e05df24ae9d5f359035e7ea924ebe4f";"4ff9388859ea3a480a7704cb609f5fbf0526fd839753b5d845448f92adbd6159"
"Übergreifende Ergebnisdarstellung";"Navigation, Ergebnis & Bedienung";"Startseite";"Beschriftung";"Startseite, Vorteil Datenschutz, Erläuterung";"Antworten bleiben auf Ihrem Gerät";"Le risposte restano sul Suo dispositivo";"";"";"Marketing";"Prüfung erforderlich";"";"";"";"ui.start.point.private.detail";"ui";"it-CH";"3";"v1:4c57ada7d55b51436b17bda45c5831ce8e05df24ae9d5f359035e7ea924ebe4f";"6793ed607b6c0a38cfcf7ea2ca8a2d692f44432d00452f9646bbba2a41055d36"
"Übergreifende Ergebnisdarstellung";"Weitere Empfehlungen";"Stärken";"Detailtext";"Fallback, wenn keine konkrete Stärke ausgewählt werden kann";"Auch wenn gerade vieles Aufmerksamkeit braucht: Hier haben Sie die solideste Grundlage, auf der sich aufbauen lässt.";"Anche se in questo momento molti aspetti richiedono attenzione, qui dispone della base più solida su cui costruire.";"";"";"Marketing, Medizin";"Prüfung erforderlich";"";"";"";"recommendation.strength.fallback.detail";"recommendations";"it-CH";"3";"v1:4c57ada7d55b51436b17bda45c5831ce8e05df24ae9d5f359035e7ea924ebe4f";"0c7e2c933669f052d034ef97e6b6f3a6bcf6b23615c80c287dd6adc7233c952b"
"Übergreifende Ergebnisdarstellung";"Weitere Empfehlungen";"Stärken";"Dynamischer Text";"Fallback, wenn keine konkrete Stärke ausgewählt werden kann";"{{dimensionTitle}} ist Ihr stabilster Bereich";"{{dimensionTitle}} è il Suo ambito più stabile";"";"";"Marketing";"Prüfung erforderlich";"";"{{dimensionTitle}}";"";"recommendation.strength.fallback.label";"recommendations";"it-CH";"3";"v1:4c57ada7d55b51436b17bda45c5831ce8e05df24ae9d5f359035e7ea924ebe4f";"74341568cfae4dfd6fa59fa597bb59089bf6c03f8152ca2d1c990acbb114987f"
